y_test,Linear Regression,Random Forest,XGBoost
16.88,18.9625282088785,17.803301664010927,17.574343
16.59,17.480152110245687,16.40530042621575,16.691374
28.83,27.64168165126131,28.2532423334394,29.26404
16.65,18.119068125870687,18.203043235078198,17.507984
19.27,20.661533335831624,19.474195708589164,18.898945
15.08,16.26190565028475,16.2943027421661,15.793632
10.83,7.941104869034749,10.605692382127385,10.579258
9.38,10.019580821183187,9.556098766801219,9.141452
25.76,25.0323524276285,25.552289112964573,25.93379
16.2,17.082935313370687,15.081212233673199,15.64143
20.83,21.85272596278475,20.944612262559065,21.704685
20.37,19.109714488175374,19.568998794144175,19.597002
20.43,20.068943003800374,19.951556221094858,20.24993
9.16,7.800388316300374,8.38448461828448,8.912154
7.94,10.80853650965975,9.577859007677766,8.187283
18.59,18.834476451066,18.367705750369197,19.116367
31.24,29.642017344620687,31.04229700228179,31.720078
12.22,11.075183848526937,12.505092480712737,12.245123
8.05,5.752262095597249,7.7815151266795874,7.786422
13.15,12.424838999894124,13.006747017271275,12.895181
19.12,20.173740367081624,18.914199645506653,18.872911
13.97,15.314380625870687,14.568141692064573,14.348424
21.97,23.561527232316,23.543574940658193,23.270208
26.55,26.584217051651937,25.942081796879133,26.218521
16.46,19.1717567245035,18.402063001090113,17.2795
7.84,7.450305918839437,8.615068639830668,7.9770656
18.08,19.467929820206624,17.518338093744493,17.999142
12.05,10.68573377528475,12.854605548773403,12.717305
23.49,23.757480601456624,24.09027809940761,23.559216
19.84,18.34369275965975,18.78654717462702,19.270172
22.98,23.348789195206624,23.774733591605887,23.361078
15.02,13.615283946183187,13.928893988945845,14.561818
19.79,19.552494029191,19.050823591299196,19.063637
16.1,18.76375196376131,16.475912646198392,17.149181
18.5,21.489994029191,19.50077573611144,19.501049
17.6,18.143787364151937,17.65285632938354,17.52752
26.0,25.654636363175374,25.743950660563343,26.268959
12.47,13.144931773331624,13.128262360254263,12.687078
15.99,15.773456553605062,15.752586102919413,15.784655
13.14,13.097980479386312,13.905023755923157,13.87946
24.85,24.477054576066,24.645609267586924,24.862093
20.57,19.580326060441,19.250718649410384,19.422846
19.09,20.098148326066,18.781568406129313,18.881683
9.33,10.130329112198812,9.861153842854911,9.621083
12.24,12.575534800675374,13.250720874238988,12.923694
16.55,16.709812144425374,16.630262279249678,16.44178
23.32,23.78595350184725,23.897010662719065,23.924784
18.54,20.86639783778475,18.995767744636115,18.880186
23.2,23.574619273331624,23.79201442526791,23.325106
22.33,23.15533826747225,23.965229985710213,23.472298
9.53,10.766880015519124,9.840065895673101,9.601401
25.22,25.16426465907381,25.527493456804645,25.266745
10.16,9.993503550675374,9.577458497762274,10.096176
19.29,19.866855601456624,18.790045294097503,19.362116
12.62,12.332019786026937,14.041624000683417,14.067499
18.96,18.571643809464437,18.273573868975653,18.53715
21.88,23.10821912684725,23.22415644236809,22.597569
10.01,10.417270640519124,9.85040295602531,9.933951
15.06,16.895114878800374,16.382718599197634,15.684734
8.81,9.984714488175374,8.906523719520495,8.718897
17.78,16.92293165126131,15.651413957023363,17.453812
14.79,14.932208995011312,14.798663085721179,14.542933
22.22,22.661380747941,21.862673052548704,21.779343
19.03,19.45257947840975,18.249694146634,18.764204
17.59,19.88153455653475,19.531943589704092,19.886938
14.31,13.498523692276937,13.400389226786336,13.955914
22.07,21.895969370987874,20.536381813317618,21.71145
27.37,27.946567515519124,29.463559166305696,28.317484
25.35,25.10622022548006,26.306386532786437,25.447962
12.7,14.391208628800374,14.713203051945623,13.63502
9.72,10.979724864151937,9.636367063723071,9.900966
16.12,17.237964610245687,16.13833844193188,15.716172
18.86,18.30842969813631,15.518154268715186,17.148691
20.56,20.358371714737874,20.64986739016145,20.22129
25.6,24.946048716691,26.012473532557433,25.732477
26.1,25.40521619715975,25.05716948956454,25.655724
9.93,9.280902842667562,9.604036119847216,9.789902
12.44,12.265674571183187,12.940295232922395,12.832228
23.19,23.40118787684725,23.859442738598407,23.792048
28.7,27.545764903214437,27.834501801279504,28.805424
26.8,25.60504529872225,25.86120808855653,26.65931
14.0,13.722827891495687,13.22433497508096,13.357365
24.55,23.933567027237874,24.20801124168882,24.188799
17.46,18.360202769425374,19.107396670280316,18.542187
15.58,16.082279185441,16.98452042742926,16.960157
20.42,21.2288856307535,20.708374446831424,20.693583
25.85,25.211276988175374,25.210545349937156,25.899149
19.32,18.216464976456624,17.73944564814362,18.26441
27.9,28.211032847550374,28.625219529585912,28.68767
8.41,8.314716319230062,8.504003215349467,8.171235
23.37,24.105319956925374,25.30308705066776,24.46027
21.02,20.77692029872225,20.612736091207218,21.231852
22.84,22.248538951066,22.801185835382142,22.68086
18.22,18.079074839737874,18.52674046535075,17.672148
15.42,17.460193614151937,16.745056308002578,16.2996
26.0,24.360324839737874,24.156337628484437,25.548035
23.64,23.608997325089437,23.77942302322781,23.53347
9.89,7.858112315323812,9.33986944698605,9.216802
21.72,22.9525184432535,23.228741577674462,22.010288
13.87,12.604282359269124,13.219259519679094,13.2506
20.61,21.468357066300374,20.039562079978847,19.669706
26.66,25.663303355362874,25.74873722449283,26.551702
26.45,26.2083778182535,26.13645922962985,26.758715
20.94,21.53448865809725,22.399263009346036,21.463717
26.41,25.3472938338785,25.573318172303306,25.471466
35.39,32.336673716690996,33.424582216215704,34.407005
16.11,17.544895152237874,16.335801511693028,16.452145
20.46,21.074222544816,20.817108743743397,20.760744
17.1,16.271732310441,17.10143553935157,16.819662
20.18,20.8599891463785,19.574502442919837,20.452059
27.21,26.04449842372225,26.391449029170253,26.700926
14.25,12.084232310441,13.456639442726663,13.659748
10.03,6.528308848526937,9.613138861095473,9.691047
14.03,13.86590955653475,14.633272405677957,14.573921
9.88,11.972827891495687,10.810546233417286,10.215528
22.77,23.299472788956624,23.99152828738572,23.388073
17.49,17.08795545497225,17.611511643473634,17.229832
24.56,24.2589149276285,24.267891252800204,23.472702
23.11,22.5689735213785,22.65043654213218,22.944143
26.28,25.093021372941,26.06619599504038,25.55032
27.22,26.55397413173006,27.8429713673527,27.571997
23.85,23.5301551620035,23.99362540833357,24.163225
26.77,25.4720496932535,23.38327024389283,25.35121
18.85,20.30267713465975,18.645213910811545,18.668356
21.59,21.610843638566,21.70605250411673,21.048489
11.25,12.718097666886312,10.475893538230771,11.537768
13.46,11.634143809464437,13.121670590165337,12.968845
7.39,5.845508555558187,7.66855370672629,7.7885947
20.01,20.16864393153475,19.206204703565426,19.21035
21.57,22.802951792862874,22.69062997934999,22.134623
11.64,11.039051036026937,11.973924699760307,11.804919
24.13,22.985263804581624,23.19190808458271,22.896643
16.39,15.542972544816,14.940930139069163,15.678963
29.61,28.935764292862874,29.67978753072501,30.595993
27.65,25.193943003800374,25.44857545486494,27.442045
23.24,23.854587535050374,24.24185756481948,23.709652
21.39,22.300693492081624,22.048089410640518,22.203596
18.47,18.582675913956624,18.163358036149596,18.067944
14.06,12.810535411026937,13.933091757248503,13.433581
16.32,17.401035288956624,15.631295063732416,15.824615
18.91,18.8072547713785,18.695486769726493,18.89551
17.24,17.969211558487874,17.986994945582595,17.326052
26.98,26.28981397548006,24.562397885991118,25.766878
18.54,17.410556773331624,16.652263691790314,17.664492
23.29,23.10553357997225,22.71024935867906,23.017874
7.22,6.790561656144124,7.693451093523772,7.3021984
17.61,17.2047157088785,17.411151623625443,17.405375
25.76,24.20355604090975,25.419783928940515,25.040142
20.51,21.154514292862874,21.73272415085614,21.524801
18.94,20.65822217860506,19.052454951807942,19.18511
11.87,9.374484995987874,10.740141992114202,11.142855
26.93,26.381870249894124,26.341481989640837,26.690573
8.09,10.231174449112874,9.711716201064878,8.571728
14.33,13.551547984269124,13.691608319797545,13.864285
7.71,7.186969737198812,7.884630065280297,7.4806476
27.66,27.30328748622225,26.66785834227592,26.957201
29.23,28.475559214737874,29.336482004417157,29.430592
17.99,19.55426404872225,18.604706423743362,18.737465
14.77,15.54291150965975,14.854574676336721,14.9396305
12.34,11.349872569230062,12.16993366424211,12.22674
22.52,22.78425977626131,20.764390563598408,21.031006
23.14,23.792758921769124,25.05614700668989,23.790884
22.14,21.083957652237874,21.889149980367893,21.13131
22.04,22.9105262557535,23.86225356384811,22.611084
22.18,21.25812147059725,20.452100536886764,20.959803
26.8,26.3602332870035,27.2304424591449,26.738907
24.85,24.62868116298006,24.601485161853272,24.443323
13.77,13.647479991105062,13.85788420274376,13.972931
10.84,12.253955821183187,10.578652589212762,10.216183
27.12,27.32777784266756,25.467358690915066,28.053267
7.56,4.008502940323812,7.5511032356364804,7.333164
7.51,6.514179209855062,7.567577538966886,7.2457314
18.22,17.953128794816,17.783266198098815,17.93926
15.39,17.26385877528475,16.492251004073754,16.109632
10.66,11.74213025965975,9.71830219598313,9.703788
21.95,23.979465464737874,24.140383030181066,23.44595
17.28,19.00166700282381,17.714294498134475,18.220264
12.28,10.890949229386312,11.838890407045085,11.703098
6.76,5.037860850480062,7.68202195970678,7.5498133
9.42,8.557102183487874,8.741615200899322,9.120206
16.74,18.667453745987874,18.284365536787195,17.304882
21.53,22.52948377528475,21.563483503087717,21.529696
21.31,20.36920545497225,19.350238835358308,19.70388
11.71,14.294849375870687,15.02714717667609,12.836197
17.02,18.30975721278475,16.740191211788506,16.883211
27.43,27.224765757706624,26.515804635314044,25.742373
22.29,21.569858531144124,20.93430767152402,21.787945
23.46,22.9737586776285,23.35404848479098,22.845205
14.34,12.391025523331624,13.146038138740339,13.385216
20.8,23.221164683487874,23.129138963455457,22.643839
20.61,22.323780039933187,20.827992743321914,21.791323
17.26,16.10744092860506,16.72662243466167,16.592773
18.79,19.548435191300374,18.53436888999749,18.71238
19.58,19.417240122941,18.06546194572503,19.119833
19.34,20.33113477626131,20.056462648497398,19.192545
20.6,22.159091929581624,21.30385010432022,20.937284
20.1,20.94905469813631,20.108341459858583,19.847343
17.94,19.57936475673006,18.517824038837507,18.655268
17.33,19.56781385340975,18.635250809246507,17.764355
29.55,27.49623487391756,28.976153544005065,28.045515
19.79,19.0455360213785,17.296034075830438,18.628119
7.72,6.706562022355062,7.667070515729835,7.7565517
17.62,17.422397593644124,17.391968931686332,16.896027
26.05,24.953113536026937,23.4043601855504,24.55539
13.26,12.034275035050374,13.261301637753219,13.139258
19.26,20.839878062394124,19.784376504526662,20.276503
18.28,18.86017225184725,18.59362975749352,18.437855
22.32,22.992221812394124,22.772757027309652,22.812006
22.79,20.567844370987874,19.272855958007852,20.97725
12.94,12.852985362198812,13.845969445769372,13.326935
27.2,27.335178355362874,28.102692062665987,27.70233
15.3,15.121234873917562,15.623364125393145,15.443829
8.79,9.458744029191,8.338057186516034,8.883372
17.82,18.670322398331624,17.873143299671398,18.07847
24.95,24.509555796769124,24.537947103943434,24.969208
24.22,24.79474256434725,24.307199076156657,24.417086
15.67,15.254978160050374,15.127628847816352,15.5340185
23.23,24.192661265519124,24.682134179040936,24.068407
19.14,18.6575965682535,18.597633254833255,18.88352
22.93,23.588657359269124,23.801296083664052,23.010803
18.06,19.24788282313631,18.04786225831708,18.763048
19.46,23.57362745204256,23.943349092685345,23.126595
24.58,22.82330701747225,23.90045392251379,23.431084
13.88,14.1221961776285,13.853416506298712,14.065198
7.9,9.295871714737874,8.854025646290847,8.368763
28.53,27.8216590682535,28.84166927392535,28.795708
17.19,18.109119395401937,17.048422535120093,17.53697
18.84,18.592624644425374,18.13007052799559,18.447662
19.27,20.88373182215975,21.63783951990238,20.092354
29.5,28.339817027237874,30.14701388420502,30.020267
12.11,11.240573863175374,12.330010315167295,12.208536
16.18,16.618747691300374,15.963439525202018,15.830961
24.67,23.896640757706624,24.25225070463589,24.08334
29.26,27.393772105362874,27.40707178464237,28.097105
27.24,26.973621348526937,26.20008035967949,26.932972
14.04,14.374896983292562,14.9793347117274,13.705257
13.46,13.710010508683187,14.590192483622468,13.93462
13.73,13.711521128800374,13.69039391288794,13.194993
24.87,24.704502085831624,25.086515326459676,25.124695
26.93,26.55035779872225,24.91428981844899,26.444948
20.72,22.0601844588785,21.068193408566795,21.455408
14.74,16.433277110245687,16.75697525618572,15.430514
23.72,25.261997203019124,26.14718120006631,25.385235
14.35,14.251712779191,13.543498343730286,13.379696
15.24,17.946811656144124,16.795787694817665,15.910941
16.39,13.97089002528475,13.477984818977077,14.612111
33.53,30.40985486903475,30.810944429314233,31.826765
15.21,15.242267588761312,15.127183449061834,15.631892
17.0,17.101840953019124,17.477818926037145,17.584272
18.8,19.49554822840975,18.54248016300843,18.90915
18.1,18.19356153407381,18.177373949339778,18.742989
20.94,22.391513804581624,20.68445765508553,20.525026
20.6,21.552158335831624,20.353685252548498,20.710518
15.97,18.31239698329256,17.501816806595723,17.848244
20.58,21.28387830653475,19.361584934014004,19.756294
29.85,28.038669566300374,30.257126253220612,30.139977
15.91,16.208728770401937,15.824193136914971,15.293877
13.61,12.04645154872225,13.142637411438743,12.854825
7.14,8.201496104386312,7.9766521723158395,7.194902
22.06,23.212131480362874,23.99097602566824,23.172075
12.61,12.365863780167562,12.769068945667803,12.564318
25.21,24.6470985213785,25.22827351024151,25.75574
29.57,27.03693006434725,27.25865910128969,28.133457
10.81,11.738986949112874,9.525054357943258,10.001328
12.0,12.303989390519124,12.647100452777071,12.196014
17.45,19.60170362391756,18.17282365279761,18.016005
25.78,26.053958872941,26.31487420282097,26.415726
19.76,20.62990186610506,19.589758373669813,20.180809
20.73,21.80463025965975,20.041460304905804,20.682302
24.35,24.50079725184725,24.68700355991874,24.659962
17.9,19.472568492081624,18.032898228351772,18.180944
20.48,21.467288951066,19.586645811094233,20.319754
26.42,26.57172010340975,23.32871909177084,25.132784
18.95,19.040500620987874,18.669323420866345,19.088684
16.35,17.461429576066,16.690833251270586,16.10884
11.12,8.928180674698812,10.914380313286358,10.818248
20.1,21.45746229090975,20.010791107413795,19.845808
16.34,17.759860972550374,15.643636886749318,16.118008
25.02,25.511630992081624,25.32105470457915,25.488272
15.34,16.14332960048006,15.565979980580272,15.116818
17.24,17.75166700282381,17.191495897881133,17.750498
16.18,18.20387647548006,16.829018279189413,16.906841
8.23,6.346668223526937,8.129435695092944,8.124609
21.26,20.986362437394124,20.036051421235793,19.963665
8.12,8.549396495011312,8.394135870912416,8.273734
15.81,16.699329356339437,15.930835671816666,15.954944
17.03,16.653476695206624,17.456745349980306,17.179003
22.87,22.749546031144124,23.19042826088172,23.095371
11.48,10.499805430558187,11.685866681398657,11.584389
21.9,22.338901499894124,21.78594584094272,21.80456
16.8,15.830234507706624,15.148499787066218,16.085892
6.73,7.615085581925374,7.717806819669554,7.0979915
10.03,9.467945078995687,9.539699048920058,9.981746
24.39,25.51080701747225,25.778704277880287,24.567963
15.67,14.50445936122225,14.480572801847277,15.141114
16.56,17.04622266688631,15.372496141385554,15.833355
14.64,13.663745860245687,13.638734430474205,14.194307
22.7,22.470859507706624,23.02900092446527,22.82118
26.75,26.934543589737874,25.014207354081545,25.938824
9.77,8.856342295792562,9.293884875587377,9.515266
12.95,12.591403941300374,13.404226190637257,13.432738
13.01,13.940204600480062,13.896878367883577,13.614161
21.83,20.90179822840975,21.282560760629412,21.060524
20.67,19.08099744715975,19.223644500294846,18.014639
30.67,29.893283824112874,31.33861531465481,31.29659
17.6,18.075473765519124,17.80174682432127,17.28388
29.03,28.268588999894124,27.885897108069784,28.50168
16.3,18.142551402237874,19.062509970605024,17.278458
14.98,14.624973277237874,13.99157615610582,14.439968
25.93,25.298007945206624,25.5900228343164,25.838623
24.63,24.895847300675374,26.603010813856617,25.549265
15.2,16.61494825282381,15.872191194102024,15.905464
18.3,20.021900157120687,19.688726923560825,18.789139
13.95,12.262104014542562,12.926477103255076,13.00388
23.38,22.571140269425374,22.425227646480003,22.61698
14.5,14.410449961808187,15.18090494771854,15.074021
17.16,17.118015269425374,17.742071185731266,17.750868
12.85,13.009494761612874,14.52295427510942,13.6799345
22.73,24.28656385340975,25.32432536973468,24.329468
15.4,16.742359141495687,16.02494785703631,15.655612
18.6,19.425876597550374,19.139033472809995,18.882908
25.13,23.539768199112874,23.997443469177416,23.710424
16.38,17.924655894425374,17.32777707725644,17.293253
24.67,25.75593946376131,26.447439890537748,25.787971
17.51,17.9393348495035,17.846807377426956,17.761784
15.38,17.006824473526937,15.677535326830323,15.706144
23.25,22.66498182215975,23.239458036356336,24.041254
13.47,13.440906504776937,13.354617637060647,13.693789
24.65,25.161106089737874,25.81620830945908,25.691784
17.67,18.506443003800374,19.381690950160944,18.748264
24.39,24.819858531144124,24.570618637892053,24.23018
27.16,26.58746717372225,26.514280987735045,26.55075
26.11,26.261966685441,26.092238028820756,26.806751
10.44,9.419879893448812,10.92526134043989,10.609734
25.77,26.44429395594881,27.174995895880965,26.349808
13.11,13.005390147355062,14.627219209175466,13.461347
11.27,11.604160288956624,11.372380137358917,10.765963
24.51,24.691196421769124,25.49185364126887,25.583185
28.26,25.719272593644124,25.934518574656106,26.59149
27.34,25.94964979090975,25.566006354492526,25.638927
14.72,14.0513953963785,14.441359207595948,14.435071
14.97,15.309055308487874,14.426632549081326,14.379207
16.54,17.70526502528475,16.41447127380718,16.811611
19.99,20.271488169816,19.771743150240358,20.211266
31.43,28.0789832870035,28.17624785449958,30.096048
8.74,9.13068006434725,9.092167542357023,8.736633
19.2,19.117176036026937,18.373955340671568,19.450436
15.6,17.881580332901937,16.399766715040485,15.941819
15.91,18.306125620987874,16.18032987726999,16.03604
15.36,16.458225230362874,16.019022241831856,15.835027
20.29,20.057773570206624,19.88618763468671,20.353312
21.33,23.551181773331624,24.115253988916038,23.763697
18.17,19.18805311122225,17.447829768338092,18.515854
23.44,24.083957652237874,23.79888510817865,23.433182
12.51,13.979984263566,13.371911024284882,12.805923
13.88,14.372272471573812,13.760445360325521,13.780074
7.27,6.509586314347249,7.029098341897752,7.4140625
6.59,6.663852671769124,7.59466397317008,7.0337596
12.98,13.383869151261312,13.948753856883283,13.294289
24.76,23.6749305526285,24.452428409058914,24.145874
23.48,23.047275523331624,23.5682630782553,22.986996
13.06,12.84186170497225,12.481059650121118,12.707039
17.81,16.7762489120035,17.442901997933788,17.474916
17.02,17.619541148331624,16.536586514857834,16.726751
16.46,16.707065562394124,16.54505998052261,16.374788
27.56,25.186496714737874,25.978740211930084,26.06071
25.93,25.225589732316,24.82345084640992,24.899126
23.1,23.59723279872225,24.382849248557513,23.584633
22.57,21.644626597550374,22.446657236849344,22.170698
22.52,23.07233045497225,23.239020619138202,22.999876
26.2,24.557163218644124,23.892719307492683,23.724628
28.14,27.425083140519124,28.606879325932194,28.561945
16.88,18.204212168839437,17.21169446621563,16.899529
12.24,12.512454966691,12.979437408837576,12.468842
28.63,26.93684766688631,27.999525138192578,27.610153
24.47,24.44354627528475,23.768105296549784,23.770666
37.43,33.25302503505037,33.58119798816578,34.777344
22.01,23.18317029872225,23.401657008687508,22.718771
31.53,29.32954786219881,30.885601528999473,30.588846
14.61,14.451068858292562,15.074766183571764,14.785757
14.0,14.762058238175374,13.438300891271037,13.999097
17.06,16.534152964737874,17.14731415739615,16.926907
7.82,7.097080210831624,7.9788126957546845,7.6587224
30.02,29.268283824112874,27.832271632787705,28.568075
16.07,16.520267466691,17.41403665633843,15.866589
23.11,25.345493296769124,25.544996303987393,24.645687
9.91,9.400226573136312,9.891274365350563,9.900504
25.84,26.002445201066,26.440434148443916,26.106268
22.93,21.81366346278475,21.93689450425905,22.213886
18.12,19.01594922938631,18.358297397986863,18.382093
17.74,16.846897105362874,17.728890969000542,17.46206
8.58,8.955478648331624,9.014145129933413,8.792795
21.79,22.187244395401937,21.053430687714528,21.374786
17.81,17.770435313370687,17.410390746886556,17.502102
10.86,8.132404307511312,10.356375205517498,10.344425
26.88,27.249484995987874,26.9641588637438,27.56442
11.79,12.278903941300374,12.73382119003016,12.281163
11.95,11.30694959559725,11.651774442821406,12.092004
21.14,22.224887828019124,20.91097530189213,21.284882
18.32,19.63563917079256,17.789345941041535,18.291899
14.96,15.606540660050374,14.906122215988402,14.7512865
9.5,12.245029429581624,10.032183889521958,10.323085
15.22,15.5877723495035,14.363747564644102,15.042632
24.52,24.902439097550374,24.653983340443858,24.495523
8.8,9.2537879745035,8.979987163888593,8.74569
21.57,20.53656385340975,19.9319437020578,21.297873
19.46,20.24811170497225,19.82848288874441,19.573017
21.05,22.33307264247225,19.405836578511487,20.355911
14.86,14.093402842667562,13.933799042674336,14.5387125
25.9,25.514896372941,26.099695526559223,26.617207
18.04,18.937747935441,18.222050338904904,18.105007
17.56,18.730152110245687,18.22373938898774,17.931774
18.52,20.628665904191,20.44710283586593,19.478443
25.96,26.551258067276937,26.58710850302214,26.7462
13.14,12.531421641495687,14.227066665098015,14.029612
13.29,13.170001963761312,14.080930916525991,14.087373
8.82,10.029056529191,8.975076922619714,9.012684
22.91,23.563281993058187,22.551103918585216,22.440714
10.66,10.16693494715975,11.32769938592424,11.01358
22.62,22.553745249894124,22.441748526076346,22.681711
20.38,21.97291944423006,21.464226927713497,21.422735
18.91,18.941562632706624,18.605433938938805,18.226036
14.84,13.735340098526937,13.661209210468495,13.773389
28.47,26.760501841691,27.652061275559877,28.185305
25.6,23.66437147059725,23.36453438140776,24.875881
18.62,19.22699354090975,18.887807596803576,19.162977
10.83,10.738925913956624,11.32684425214764,11.185624
16.74,17.781162242081624,17.241751768962537,17.01818
24.28,23.911960581925374,24.660846681979972,24.299978
15.78,16.00215528407381,14.91424259919346,15.408996
26.57,25.717777232316,25.630184131848175,26.144459
18.4,19.777347544816,19.09434441449516,18.901638
30.09,28.8514442245035,29.994295315321924,30.004398
24.16,24.264621714737874,24.856382649011753,24.66047
14.95,15.867099742081624,15.49590534310161,15.465959
12.05,12.843906382706624,10.527998712085127,11.225823
18.89,20.53950879969881,19.219291195312664,19.349838
27.97,28.16090772548006,29.18939510691593,29.144108
8.26,8.302997569230062,8.508337147945218,8.203775
18.18,19.198108653214437,17.987236093103125,18.32704
8.47,7.678058604386312,8.356556859225941,7.902821
19.17,18.940433482316,19.792106060738526,19.526903
26.65,26.247714976456624,27.20074778485843,27.250015
13.78,12.630405406144124,13.494888447384753,13.417646
21.38,23.389148692276937,22.2714606585081,22.929907
15.76,16.926761607316,16.97317733141388,16.301874
20.59,21.836887339737874,22.00231678214279,21.175932
18.93,20.011463145401937,17.62249664574637,17.76862
29.65,27.6004676620035,28.1429220519864,28.436836
20.22,21.225681285050374,20.419548365049227,20.403109
16.85,16.759311656144124,17.99234095697316,17.298822
19.8,20.189060191300374,19.731142792460474,19.348873
10.18,12.103031138566,9.62878204955523,10.207038
24.24,23.821781138566,24.684908590005758,25.170145
18.38,19.365146617081624,17.23744559008961,17.912085
18.97,21.121799449112874,20.277572972610184,20.112
6.2,2.719242076065999,6.999958096535817,6.2043552
15.01,17.491214732316,16.388643841529703,15.987313
12.08,12.013690928605062,12.190074236012807,12.1683655
27.39,26.13165662684725,26.878217259342254,27.474716
7.84,7.482578257706624,8.596909589371954,8.097361
22.93,24.444614390519124,24.182805829333095,23.358774
19.79,21.18890760340975,19.244596498216634,19.24563
13.65,14.412311534073812,13.913829226531545,14.07784
16.13,17.686328868058187,15.75869078026362,16.318748
28.45,27.5885047713785,28.387509794033406,28.664751
10.53,9.917652110245687,10.994130316852331,10.793713
14.15,13.228534678605062,14.11788165030603,14.026131
14.64,17.070468882706624,16.988514474244237,16.104023
19.76,19.062107066300374,19.009420957544133,19.57592
17.57,20.449558238175374,17.69262538784292,17.787184
10.0,9.628452281144124,9.404245618713942,9.888111
20.45,21.78839490809725,21.52895471400881,22.006235
15.86,16.383029917862874,14.678320426529872,15.168641
17.26,17.57008741298006,16.842431597421253,16.482767
16.78,15.8863563338785,14.851813817238602,15.2707
16.94,18.070835093644124,17.982215590877008,17.864023
11.22,12.243869761612874,10.453553281304895,10.704976
15.39,18.284946421769124,17.227532367003196,17.07516
19.21,18.1766395370035,17.934803780119662,18.18405
7.77,5.827335337784749,7.689763909768705,7.4762645
14.49,13.15192029872225,13.659044141001495,13.700767
14.36,14.153186778214437,14.486849719574511,14.400948
18.91,20.37164686122225,20.16472428507725,19.825024
18.03,19.33014295497225,17.08593543147584,18.048756
22.88,23.45497510829256,23.961633864468812,22.419048
12.77,12.267169932511312,12.712634774557364,12.918421
14.31,17.07405469813631,15.165798514204958,15.408548
28.27,27.91693494715975,29.31335024841423,29.553415
9.47,10.947559336808187,10.230992021512515,10.255474
13.57,12.332599620011312,13.484672312629463,13.836843
7.95,6.629108409073812,7.817184186545028,8.058628
12.42,11.654987315323812,12.00518773837789,11.887472
24.48,26.54805372157381,26.764045883761842,26.73698
19.36,20.377002696183187,19.12467484756522,19.284443
15.39,14.383151988175374,13.844647532623553,14.11926
19.48,20.05023572840975,18.589170715401256,18.692919
27.01,25.72308729090975,25.73311457426537,25.9897
10.75,10.861438731339437,12.321819665880627,11.411349
13.75,11.749591807511312,12.280565378744212,12.820252
18.01,18.083225230362874,18.00472253117874,18.374763
24.64,24.738254527237874,25.278832762363056,25.258678
11.96,10.706027964737874,12.516045337501055,11.993466
28.75,27.628772715714437,28.760552241360433,28.278181
15.7,15.0360145370035,15.940076150382838,15.757642
17.99,18.404392222550374,19.127887784308015,18.446175
9.79,9.5909461776285,10.660232144603766,10.390876
20.06,18.719638804581624,19.515252325824637,19.704863
14.0,15.159503916886312,15.87858656795711,14.74142
19.85,19.52399061122225,19.42345662965376,19.176138
24.37,24.200687388566,24.498878073324963,23.852222
22.31,22.710544566300374,22.93394341318714,22.342089
12.81,12.301792124894124,13.130886693173379,12.698052
19.08,19.439380625870687,17.89001946293519,17.919222
23.58,24.0745887557535,24.349469135768157,23.913996
18.19,19.591281870987874,19.027886941836137,19.236052
17.58,16.619846324112874,16.58744941876478,16.847567
9.0,12.357654551651937,9.468938987416893,9.020372
19.9,20.6219520370035,20.360596535324483,20.081491
10.46,12.919513682511312,11.039642128615565,10.804998
13.02,11.115222911026937,12.341567296411007,12.718448
26.87,24.949741343644124,24.88130691082474,26.559507
14.11,13.13092420497225,12.027655719234476,13.560709
10.11,11.684162120011312,9.74820119212905,9.893887
25.35,24.796680430558187,23.676378937096153,25.284473
13.48,14.11676404872225,14.381726621274662,14.127181
22.0,21.850559214737874,21.85280740723506,21.936934
21.83,21.053256968644124,20.704684865883802,21.488369
19.17,20.912326792862874,20.253352974510438,20.20173
16.27,19.32880018153475,20.513610937552496,18.747284
16.2,16.866947154191,16.02147359003835,16.583387
19.32,18.6969032088785,19.11508576103393,19.405918
13.72,13.44476697840975,14.06540964953076,13.770272
18.37,20.43678663173006,18.00014657696279,18.007408
21.9,22.969516734269124,22.986871623655023,22.59767
16.44,16.99165723719881,16.297638204364866,16.476664
12.22,13.711750010636312,13.676667988228216,13.013987
31.16,29.024753550675374,29.372404655395925,30.64228
30.42,29.196094493058187,30.032918336015832,31.072823
18.08,17.341342906144124,17.71457934853088,17.530294
29.44,27.469394663956624,27.698195116395777,29.214996
19.79,19.71210096278475,19.412487593758897,19.37988
19.63,21.40877149501131,21.100683669672257,20.389822
8.3,7.425601939347249,8.396317224561926,8.307475
9.24,6.188465098526937,10.04920212730338,9.446153
15.83,16.99811170497225,16.973353084705234,16.105389
14.74,15.869281748917562,14.83851425372572,15.37697
10.55,13.564044932511312,10.24061148738259,10.662868
24.67,22.430698374894124,23.170162609661876,23.228666
17.94,18.68916700282381,17.582954694472914,18.13902
16.26,19.13507459559725,18.649044693291465,17.95693
17.85,17.439670542862874,16.20074157285034,16.745672
18.29,19.565967539933187,17.92441883449646,18.024813
19.07,19.84857557215975,19.337730375428517,19.292755
30.34,29.168979624894124,29.79286849564912,29.728922
24.6,23.8785438338785,24.79153821726345,24.464052
29.8,27.980136851456624,29.024532358948786,28.656754
24.29,22.632480601456624,23.160335177812524,23.500889
26.55,27.715061167862874,28.869330898906245,28.070875
21.85,22.918979624894124,23.267888075172227,22.058632
31.37,29.391086558487874,30.143180879113558,30.231972
10.38,9.173999766495687,11.006540350450207,10.76447
25.4,24.41072462001131,23.20244596221885,24.606339
17.14,18.35870740809725,18.13916450407212,17.954367
13.73,14.152317027237874,13.989642905502226,13.190523
16.4,18.30426404872225,17.381437603846866,16.86657
17.24,17.9464149276285,17.413779990893858,17.121855
11.99,11.048114756730062,12.82044048717995,12.295459
17.87,18.884006480362874,17.21830558710966,17.555672
23.08,23.47491834559725,23.564717135511245,24.035769
26.73,25.87959669032381,26.37909209304404,26.340769
13.79,14.365940074112874,14.332690522613918,14.014251
21.19,22.081150035050374,22.358544198123866,21.64176
17.5,16.052356700089437,15.275367979997435,16.131899
29.29,27.830432871964437,27.748581503266657,28.48897
13.86,13.6463660995035,14.242515563281698,13.996022
17.51,17.428943614151937,15.412513256943278,16.173237
15.06,16.580570201066,16.201944415131646,15.5506525
18.03,19.24824903407381,18.156982164940167,18.122252
26.95,28.643558482316,27.529116441564977,27.835285
9.13,7.927097300675374,8.450786675226219,8.278719
15.77,17.678256968644124,15.94110473870642,16.762041
11.3,10.259326914933187,11.493718475566252,11.290661
6.32,4.643329600480062,6.898452205242549,6.69882
16.97,17.528537730362874,16.78005515282822,16.441298
7.77,6.741611460831624,8.35869657945812,7.8458357
16.52,16.777103404191,16.35135171063291,16.56248
11.84,11.091236094620687,11.900406196681281,12.089152
19.2,19.378452281144124,19.440895506017704,19.317719
21.81,21.885990122941,22.243192040340222,22.07709
13.36,13.509525279191,13.916911012832394,13.429623
29.23,28.918918589737874,28.76757573819971,28.260506
25.5,25.460941294816,26.30642118027823,26.173887
27.28,27.762851695206624,28.190994020657982,27.986628
14.42,12.454685191300374,12.276209647754207,13.080813
10.44,10.7332801620035,10.081808599290568,10.274198
14.71,16.05951307215975,16.502636565522973,16.0611
21.83,23.563480357316,24.270869585594006,23.697273
31.81,31.02618787684725,33.279280314670544,31.531363
20.79,20.424045542862874,20.184807535591176,20.258377
20.69,23.762241343644124,21.500023092699603,21.339708
6.28,4.655399302628499,8.023217437530791,7.0636845
18.85,19.01532361903475,18.702504095363018,18.589346
20.56,22.488498667862874,22.753335845050035,21.264305
18.85,17.910922984269124,18.149622140536437,17.615183
24.05,21.998783091691,22.21730081204155,23.372501
24.41,23.411594370987874,22.964138224709806,23.588848
21.11,22.5894813338785,22.681194520000446,22.514017
12.7,11.603122691300374,12.985086544788482,12.88548
8.04,6.122760752823812,8.176799692251274,7.8665166
23.94,24.70613477626131,23.871336233883216,24.941385
20.96,20.176486949112874,19.713438934347415,20.455956
16.9,14.848636607316,14.525958643274938,15.842315
26.37,25.39007947840975,25.27186306866311,25.941828
9.53,9.9805946151285,9.502199188279903,9.137972
30.95,30.299121836808187,32.18381410162219,31.93936
20.37,20.93208692469881,19.906774454037148,19.952097
5.93,4.278614024308187,7.226677419585775,7.2047896
10.49,10.5179481307535,10.143067368161807,10.365327
13.56,15.421787242081624,13.975536267916056,13.82186
13.92,12.157077769425374,13.225367748403277,13.063533
22.04,20.30377576747225,19.53558403866475,21.299263
33.02,30.6063270370035,30.928005172975173,32.884808
22.19,21.38905713954256,21.47984251584452,21.508247
18.46,18.61909864344881,17.31374425806764,18.307354
24.61,23.48146436610506,22.254172982714802,24.039272
25.16,24.28485486903475,25.39673095094152,25.108404
25.83,24.42267225184725,24.352785138137058,24.860325
15.32,16.21712110438631,14.572223443152847,14.723938
15.35,15.528217295792562,15.135393010489683,15.483141
17.56,19.443408946183187,17.18922281139256,17.967745
23.64,23.28241346278475,20.466800539295523,22.149069
15.44,15.6160926620035,16.069075993211435,15.460939
11.12,9.695850352433187,11.418656035212353,10.710196
26.58,25.665500620987874,26.302583977282428,26.921795
8.95,10.514179209855062,9.312102786026376,9.211126
24.58,24.307224253800374,24.56134871731922,24.416248
13.87,13.133945445206624,13.893561289240788,13.669353
10.16,9.063770274308187,9.957454010676143,9.7251425
11.31,12.46600721278475,10.609988068139014,11.198562
20.84,22.986911753800374,21.82249646887129,21.22106
16.07,16.994113902237874,17.473841052151712,17.070467
22.8,24.530521372941,24.951886328973114,23.607798
23.63,24.050098399308187,21.934886675335694,23.333672
17.97,19.07716749110506,17.306642460317743,17.798971
15.83,16.715198496964437,15.941917804627234,16.497553
25.97,25.049777964737874,24.60712300586115,25.563154
15.01,14.714771250870687,14.61006111182089,14.995495
10.34,10.347812632706624,11.77689178710885,10.366774
14.98,15.783771495011312,14.97937721388418,14.928541
17.11,15.926776866105062,15.639383674489457,16.262726
24.85,23.622074107316,23.218862002677692,23.86152
19.73,20.633304576066,21.607853852309617,20.982565
10.63,9.3140907088785,10.411811669042327,10.982034
21.26,20.747287730362874,20.742886747831644,20.883633
22.83,24.48964307704256,23.950933098390667,22.775517
21.6,22.534671763566,21.12508550957369,21.821522
12.35,10.00348279872225,11.194727251547285,11.73041
24.55,25.809360484269124,24.72406771712143,25.685915
30.29,28.828098277237874,29.243456008517207,29.8533
13.53,11.55768201747225,12.51352482838671,13.047115
26.62,25.113376597550374,25.222629483957157,25.802355
14.86,16.706699351456624,16.025557603322742,15.432774
14.07,15.217426280167562,14.9366116128229,14.152515
25.29,25.4237098495035,24.61810540361282,25.629852
21.9,21.032993296769124,20.52232803782018,21.503864
7.7,7.444538096573812,8.185493975187748,7.812699
6.93,8.396106700089437,8.26604401572744,7.529074
7.27,5.883487681534749,7.612940094250292,7.2885094
14.17,15.1849403182535,15.398776797952442,14.56367
22.24,21.308094004776937,21.0306643455744,21.811861
28.12,27.571506480362874,26.808494527110213,27.608963
26.22,25.98529432215975,26.38992220785437,26.212486
17.43,17.09212110438631,17.667872660778148,17.552803
10.89,10.042621592667562,11.429018980518247,11.208181
15.67,15.618244151261312,14.731606103184655,15.205517
16.25,17.42586133876131,16.889779408862836,17.054106
13.93,16.293949107316,16.29793608530594,14.918541
16.91,16.674289683487874,16.982902122625003,16.315079
26.56,25.7550086776285,26.31593134394209,26.403093
21.1,21.41180799403475,20.749576550319297,21.35109
19.43,19.847324351456624,18.99239603929398,19.6593
18.74,18.442050913956624,19.178146634579324,18.136518
5.9,6.035770396378499,7.12252980404385,6.4812
15.49,18.17610547938631,17.03584370891363,17.231792
27.81,27.52278516688631,28.577761537480097,28.485506
14.69,13.63739393153475,13.835224631760793,13.512857
7.98,4.743152598526937,7.7582105159406005,7.947748
31.97,29.987094859269124,31.64688114045398,32.141968
17.79,17.446689585831624,17.156899837235216,17.46633
13.93,16.49940870204256,14.93468294989602,14.99052
12.34,10.252902964737874,11.692349256685153,11.935702
13.9,15.071216563370687,14.949297603552468,14.277047
26.26,25.43390272059725,24.956350137996886,26.27938
19.03,18.957675913956624,18.693261376769254,19.007835
9.98,11.972644786026937,10.354550889802344,10.237944
16.33,17.92677686610506,16.7794735646271,16.698706
26.36,25.646213511612874,26.7092135066377,27.182177
27.34,27.221103648331624,28.199924813347394,26.982038
13.43,14.799167613175374,15.06709561391179,14.175138
10.23,10.059543589737874,8.997051467147982,9.751651
16.28,16.28767774501131,15.869372321192593,16.673454
16.23,18.448398570206624,17.973242666497125,17.23976
28.28,27.83636854090975,28.47587732892352,28.370945
16.25,16.101856211808187,15.6377022973899,16.29964
18.43,18.71844861903475,18.434327841777964,18.293798
21.11,21.142017344620687,20.359965788683716,20.563972
19.91,19.121128062394124,20.016198339114577,19.383139
18.0,17.04803846278475,17.752499349216293,17.439545
21.09,21.57745740809725,22.354048370008453,22.030035
18.4,18.06830213465975,17.793275156731365,18.032978
8.33,9.135501841691,8.645619809873988,8.539909
10.03,7.130847911026937,9.937086689623152,9.806266
26.53,25.450717906144124,25.81700891762334,26.066221
20.03,20.63685987391756,19.000009220303124,19.107018
17.83,18.46075818934725,17.923901664942303,17.905468
15.98,16.609592417862874,16.013339048127364,15.614767
12.96,12.424671153214437,13.517930302734886,13.9961
33.13,30.86226270594881,32.54686353104483,32.435883
23.0,23.408603648331624,23.991595380508834,23.743834
21.24,22.257572154191,23.152834590250233,22.341602
17.49,17.672641734269124,17.411761383559277,17.183424
17.14,19.23311231532381,17.250806016839917,17.653366
10.87,9.342288951066,10.889021628372337,11.037481
7.79,6.529437998917562,7.625020965253069,7.9673424
19.32,19.75799940028475,18.91492188887495,19.134888
22.71,21.683567027237874,22.836106829936057,22.261278
9.26,9.70318982997225,10.437533914234914,9.0978775
13.1,12.814075450089437,13.464584742292196,13.1539
15.65,15.563724497941,16.0461313468922,15.412397
23.34,23.97760389247225,23.983257938162502,24.563208
24.31,24.565280894425374,24.252684734830783,24.033686
24.54,24.250736216691,23.963528940818772,24.291887
16.91,17.96980665126131,17.484887964595895,16.572184
24.01,23.132328013566,24.57696603220028,24.58063
21.39,20.87848279872225,21.00653857649516,21.010958
19.44,20.027866343644124,18.287063779442413,19.009031
9.39,10.319095591691,10.106350340125708,10.249749
10.85,12.444202403214437,9.93711461099831,10.570125
19.84,20.311511973526937,19.282863555985667,19.59436
14.05,15.477313975480062,15.082404336002764,14.68516
17.75,18.42006299891756,16.629011456660376,17.68874
10.8,8.0816688338785,10.469084640392003,10.773091
24.98,24.3753700057535,24.872906700000524,24.929428
32.92,30.61281202235506,31.164581760514587,31.523949
11.14,11.813678721573812,12.725843368963572,11.627099
14.78,16.174976328995687,15.554654267657789,15.712178
10.35,9.514987925675374,10.86317466772684,10.841626
6.28,4.537403086808187,7.155164459777058,6.3868403
22.01,22.533481578019124,23.01057720784188,21.473818
15.81,14.235065440323812,13.986538597192474,14.647394
25.28,25.713062266495687,24.2071910259781,25.362408
12.8,11.223728160050374,12.087386503041024,12.529959
15.48,16.374973277237874,15.721135048505266,16.165968
22.95,24.63190076747225,24.706681922301343,24.325125
28.67,26.54767225184725,26.73409996943769,28.072834
31.79,29.41046522059725,31.51312075465784,31.674038
22.63,22.860935191300374,22.926796352554003,23.244362
20.94,22.1512489120035,20.942281473154186,21.468096
3.94,2.8250617782144367,6.7938262636920195,5.221623
17.77,18.2799110213785,17.89217169607699,17.58767
15.02,13.499790171769124,14.036494858142403,14.408762
16.5,16.201343516495687,16.761343052590107,16.350836
8.92,9.43048475184725,8.664852550582795,8.715654
14.91,14.012241343644124,14.798961160119873,14.778145
15.55,15.0809364120035,15.057071049479072,15.275532
23.48,23.77669141688631,22.21429609033367,22.26977
14.79,13.811298350480062,14.393344067004694,14.564323
16.54,17.318881968644124,17.472147334111067,16.890009
20.24,21.6939735213785,19.833026017971083,20.232862
32.61,28.85371778407381,30.9525680716706,32.153454
19.88,21.675952891495687,19.583166399426165,20.247036
21.52,22.401889781144124,21.20186907112265,21.791227
28.2,28.567722300675374,29.02156261933985,29.06552
26.28,27.2435340682535,27.795263584229293,27.761114
18.61,18.222934703019124,19.20835691670433,17.757368
12.6,14.540058116105062,14.440909215773479,13.596073
26.0,24.699741343644124,25.36066666908482,25.706476
27.81,25.71246717372225,26.511120694612508,26.924002
28.88,26.97711561122225,28.048708063229192,28.503592
19.6,19.33844373622225,17.300016609162395,18.110966
21.45,22.502689341691,21.702956858898407,21.792591
12.48,9.268238047745687,11.033705512885382,11.544044
14.82,15.587192515519124,15.29112030425537,14.7559185
13.37,15.531085948136312,14.379393596677376,14.201527
10.14,12.273166636612874,10.440096286660115,10.447631
22.72,21.63495252528475,22.041161385652426,22.019348
6.75,6.653552989151937,7.950104007661296,7.016745
16.81,16.727817515519124,15.406076934233946,16.216246
14.23,15.0946082870035,15.335787690702649,15.259006
23.0,23.60103223719881,22.060211673645814,22.504898
22.66,24.556323985245687,27.7640402506181,25.564249
23.86,23.263523081925374,24.07915196222504,23.80133
14.39,14.755649546769124,14.71929884119149,14.158866
13.04,13.749622325089437,13.367921304138912,13.138896
27.51,26.955173472550374,27.060407896724204,27.299627
21.64,22.63190076747225,23.4657480360841,24.517456
11.68,10.760898570206624,12.565711217355485,11.982519
19.19,19.82294080653475,19.65276629108846,20.145208
23.95,23.56464002528475,23.465884370391212,24.05053
19.65,20.844043711808187,18.35760684441104,19.171406
14.72,15.57696912684725,15.252076449429772,14.772023
25.17,26.04744337001131,26.175836511406246,26.161695
15.51,16.116565684464437,15.604479838309407,15.255213
17.01,16.82588575282381,16.35000941228483,16.68656
12.66,12.342044810441,12.868538666237143,12.483504
22.89,22.512119273331624,21.751565855944005,22.47499
29.97,29.117649058487874,30.85698494868696,30.03321
7.97,8.073581675675374,8.4507275404171,8.528283
18.02,18.82147596278475,19.248772613520753,18.426956
15.29,13.833225230362874,13.561285238495167,14.578608
20.84,21.06000135340975,21.995558534145385,21.526754
24.03,23.35382459559725,23.02485479268084,23.446484
7.52,6.706302622940999,7.749525426038681,7.5041676
13.21,13.07684705653475,13.180749078684043,13.447712
15.46,16.336917857316,16.27504149949051,15.686675
17.28,18.78126905360506,17.752938692513926,17.553638
22.93,22.95137403407381,22.661971107055283,22.977562
27.09,27.478931407120687,27.339965460694003,26.918116
13.5,13.413333872941,13.50280351671204,13.757061
17.44,17.37347791590975,17.79362205633191,17.568836
17.97,18.828647593644124,18.64101504835827,17.612194
24.97,24.642307261612874,24.75237331864853,25.086288
10.44,10.552021006730062,10.0319004376261,10.030231
27.57,26.874744395401937,27.15241264043118,27.156336
13.38,13.547138194230062,13.888690361846189,13.438257
12.71,11.589038828995687,12.508594754744452,12.267643
19.17,19.029026011612874,19.094375519986546,19.474049
9.53,7.779956797745687,9.487228001298803,9.674013
20.33,19.563571910050374,17.98534809713789,19.002066
21.37,22.799655894425374,22.366061326938603,22.348429
16.87,16.79243848719881,16.988620261594278,17.072435
20.79,22.1375770370035,23.25251089996194,22.198238
21.25,19.98797986903475,20.24804397317345,20.45995
7.44,8.775363902237874,9.400400889962322,8.23792
15.7,13.946521739151937,14.349496662680709,15.040123
7.79,8.6912879745035,8.560569829973096,8.55861
8.9,8.340869883683187,8.549849476527713,8.481497
24.69,23.637851695206624,23.859595910115253,25.010355
31.17,30.201877574112874,31.11662103226551,31.905523
16.31,18.04616163173006,16.505645081344376,16.682571
22.19,23.066196421769124,23.257451851195967,22.822184
22.56,22.118503550675374,22.181174700071196,22.373358
25.58,25.304782847550374,25.17027552893504,25.287085
9.22,7.765933970597249,9.086100262047758,8.89004
27.91,27.645725230362874,28.43426263608552,28.693928
22.6,21.337802867081624,20.08133518630607,20.893595
26.1,25.547397593644124,25.451123780221973,25.547447
26.96,25.69159315028475,26.514029870937463,26.555086
21.47,22.06842420497225,22.849236540632837,21.781927
7.21,6.328647593644124,7.627578311772081,7.2220383
10.26,10.239292124894124,9.986587393641964,10.465357
7.77,6.495838145401937,8.017258803163209,7.8510556
17.93,19.347522715714437,18.59335276819082,18.605711
12.95,11.183368662980062,12.254824161740983,12.584712
17.16,18.85272596278475,17.153355133410763,17.48163
20.25,21.81483838954256,19.974372403793847,20.776293
17.57,18.169193247941,19.031732422214223,18.030296
16.15,15.67670057215975,13.918200590285897,14.955198
18.23,18.268833140519124,18.9449766363536,18.454414
16.48,16.643070201066,17.732188738117998,17.076012
8.25,7.151981333878499,8.619599108847819,8.005212
17.2,17.45026014247225,17.86409004405147,17.37868
9.35,10.596027354386312,10.00287354532837,9.779265
19.42,19.88971326747225,20.347394375907605,19.983252
11.19,11.049213389542562,12.332107487285942,11.4556
26.66,25.060459117081624,25.342215647450747,25.216433
9.93,11.407566050675374,12.357187648878343,12.00222
11.69,10.124271372941,11.658577779898264,11.581258
17.97,19.229282359269124,18.602347232959378,18.056694
24.55,23.526645640519124,23.707337063212616,23.909863
15.76,16.79976270594881,17.096055311009227,16.407793
19.24,18.42413709559725,19.108756437741217,18.544317
21.31,22.710300425675374,23.28606527122622,22.650293
27.89,27.06105420985506,27.263207178736135,27.188372
24.6,23.538242320206624,21.978592413128272,23.19344
12.19,10.922351817276937,11.642760685337915,11.720053
22.38,22.819065074112874,22.21264820061293,22.492306
13.88,12.942386607316,13.752716669334847,13.858625
12.48,11.464069346573812,12.135343479475305,11.952831
14.64,15.148593882706624,15.156637671589966,14.7910795
17.93,19.59498975673006,18.932054524158318,18.881054
27.74,27.80621717372225,27.257600088609635,27.081856
22.35,21.83368299403475,20.731275641100606,21.841152
26.88,26.47255323329256,26.219626241611646,27.15488
21.95,20.29828260340975,20.02560199297911,20.234978
21.83,22.608249644425374,21.78419127045069,22.740759
8.09,6.839588145401937,7.924568199500598,8.11852
13.86,13.60150525965975,14.48413363711542,14.262541
26.64,25.402347544816,26.053664766559177,25.820456
13.48,13.401859263566,13.394425073209634,13.363959
17.31,17.1966590682535,17.491834440736007,17.149885
18.54,19.49037549891756,17.29660021944917,18.342615
12.85,14.073902110245687,12.613467542944525,12.727753
14.06,12.827503184464437,12.970925847601166,13.386209
23.53,23.6927528182535,23.2964441950568,23.559185
17.31,17.996372203019124,18.49415750407712,18.298725
13.14,15.061038951066,14.904581758141557,13.609798
14.04,14.776203135636312,13.7537230805152,13.438304
10.05,9.532474497941,10.704841553275719,10.966232
32.75,30.532810191300374,31.024296972542057,32.064457
12.81,12.258945445206624,12.88731518278649,13.18726
27.75,24.793460826066,25.103241644013615,26.349598
13.5,12.813037852433187,13.58336178408465,13.279042
27.73,26.940052012589437,28.46039526716474,28.140793
16.29,16.46870801844881,16.019493242858776,16.204685
20.09,20.570590953019124,20.861701150151905,20.77627
14.22,14.408039073136312,13.796595072879203,13.945595
21.3,21.25751111903475,21.020561742280236,20.674309
15.71,15.385898570206624,15.867997870939405,15.835807
15.16,15.452320078995687,15.861787329005,15.655999
21.49,22.21991346278475,20.703076891903386,21.534956
22.23,21.855869273331624,19.884378047290298,21.725885
17.67,18.18805311122225,18.858091327393776,18.800898
9.11,10.374256114151937,9.709331392105202,9.508579
18.59,19.255100230362874,18.39673821944938,18.779634
26.73,26.919788340714437,27.324717215382957,26.499794
17.31,17.385349253800374,17.97068986349225,17.260803
24.95,22.5094032088785,21.876063766568418,23.435474
22.54,22.434665660050374,23.02193832180529,22.431528
7.17,6.800250987198812,7.940836760040799,7.554833
19.18,18.610568980362874,19.57287696200312,19.038258
21.52,21.609622935441,21.493258284521403,21.872978
26.86,25.484592417862874,25.28512540055621,25.478315
7.82,6.560794810440999,8.2432579523717,8.163227
18.74,18.65008924403475,18.702600113332792,18.099424
18.85,19.274326304581624,20.082282848030022,19.297913
22.71,23.085178355362874,21.979525878825044,22.50152
16.13,19.538196543839437,16.993904247604814,16.83953
22.13,22.694187144425374,23.020915419803362,22.168276
26.97,25.62929151454256,25.604801937465844,27.36004
25.34,25.365726451066,25.12772365870168,25.323284
18.9,20.25641248622225,20.057558509531066,20.049702
21.82,23.67726514735506,22.138283775214525,22.479736
24.18,23.847751597550374,23.597513819973784,23.086763
14.47,13.7357215682535,13.963704274513749,14.047924
21.01,20.585483531144124,20.31158332650669,20.633041
29.92,27.760044078019124,29.044526503858926,29.085072
16.63,16.670902232316,16.490271986901337,16.66927
20.22,19.575931529191,19.77857269038743,19.948854
14.09,14.36017225184725,15.699029100738532,14.828967
12.67,14.1661414901285,10.594002161524331,11.671952
23.86,23.0142860213785,23.635962374624743,23.435072
14.99,17.037403086808187,15.816068524084406,15.651963
16.11,13.8472938338785,14.021944523827942,14.805441
14.06,13.559986094620687,13.517413064076377,13.457339
24.98,23.980625132706624,25.18473104539102,24.722378
28.0,25.975254038956624,25.481922664624957,26.585741
28.23,27.985446910050374,28.775632058374207,28.689146
12.77,11.663089732316,12.006519493679985,12.168923
16.75,15.785297373917562,15.739012288697625,15.537361
24.69,23.797885874894124,24.359882384634176,24.703463
11.23,9.355991343644124,9.756933992918844,10.662569
15.52,16.775928477433187,15.982815855721784,16.268604
20.52,20.5262489120035,20.35788270119483,19.998396
14.86,14.726367930558187,14.261357205388622,14.421941
24.3,24.292026499894124,24.494962699536586,24.033163
15.71,16.283237437394124,16.64736864806175,15.91393
29.81,29.23219678798006,29.83622634598516,31.026793
20.84,21.196384410050374,20.852548080496877,21.243881
15.24,16.11659620204256,15.843551012723537,15.972669
21.94,21.444675425675374,20.518991476826674,20.383059
20.21,20.921359995987874,21.89964734437345,21.044456
6.97,6.443454722550374,7.554287666574766,7.3577414
16.16,17.259998301651937,16.40020328508581,16.641865
14.35,15.285938243058187,14.903972382639571,14.540655
24.84,25.62862012782381,24.057871626544376,24.584923
28.19,26.342777232316,26.014637471835105,27.261065
15.02,15.17267225184725,15.304027489853619,15.487529
12.91,10.818073252823812,11.811880713942198,12.221717
31.07,28.768543223526937,30.277902876262882,30.665632
18.66,18.836826304581624,18.298282063677348,18.51984
26.63,25.704257945206624,26.338325702744267,26.338036
25.92,26.221683482316,26.380101861857636,26.418625
18.91,18.60353467860506,16.640116634381414,17.750996
24.5,23.911411265519124,24.22034192572473,24.625961
14.86,15.460422495987874,15.739660068440473,15.941831
11.87,11.623584727433187,12.290581562016994,12.246363
26.69,26.538303355362874,25.947340642059327,26.123165
24.67,23.66522596278475,23.39003113052604,23.722376
12.38,9.297367076066,10.509012119757097,11.067166
21.37,22.0006141463785,22.65591606504938,21.932148
9.07,8.396976451066,11.064704267633802,9.598893
17.59,19.899417857316,19.3210499690831,18.443867
21.64,22.529148081925374,22.160259747231013,22.136553
7.65,7.946430186417562,8.411199696142635,7.439642
15.9,16.335849742081624,15.870171867249237,16.423574
26.49,27.560352305558187,27.475209653210005,26.375904
14.48,14.580738047745687,15.000512987290149,14.316408
11.63,11.841632823136312,12.538490209877414,12.129413
28.32,29.281345347550374,30.343533895608463,30.335466
34.23,30.006870249894124,30.196801239779482,32.749393
25.37,26.20936963954256,27.458325890273052,26.615583
12.75,12.208896617081624,12.642032812683118,12.617648
17.65,17.887790660050374,17.036827017084796,17.46027
23.47,23.74225232997225,23.035488710774597,23.511919
25.59,25.19606397548006,26.00490645386811,25.933643
14.21,14.597995738175374,14.528766671136642,14.522355
22.53,23.708408335831624,24.224687451915596,23.431261
23.63,23.105991343644124,23.12396271938369,23.242329
29.09,29.41949842372225,29.710690367313358,28.996021
20.27,21.079380015519124,20.21995014479977,20.82763
15.6,17.374362925675374,15.792286286789395,15.488756
25.77,24.940402964737874,25.863409037766928,25.651104
18.98,19.32464979090975,18.8685294052822,18.571663
7.77,9.056629161026937,9.169413200035262,8.064486
16.69,16.87445447840975,16.507456747675413,16.220163
24.59,24.397678355362874,23.70517991416126,23.873137
9.59,7.596515635636312,9.517082678516307,9.448919
14.73,13.634967784073812,14.056686417551692,14.410371
20.23,20.780734995987874,20.78663798176958,20.366285
11.81,9.798786143448812,10.950947620587472,11.251214
15.85,17.82735059657381,16.36422592780042,16.673405
18.86,19.958545664933187,18.8842327966717,19.382832
30.44,31.638156870987874,33.616696901331665,33.08641
9.15,9.995288828995687,8.900013112653932,8.817781
20.76,21.503757456925374,22.005206018264662,22.089289
9.0,8.877338389542562,9.057648042103095,8.912991
7.89,7.969776133683187,9.268288069735847,8.363814
19.12,20.95759962001131,18.894681278879062,19.271782
25.74,24.683994273331624,25.005922683656216,24.29864
27.53,27.661609629776937,28.278129212971336,28.48269
24.83,24.095920542862874,24.44635488147503,24.762001
14.23,14.035861949112874,13.82419493531451,13.862662
18.71,18.016117076066,17.925753899090875,18.135836
18.81,18.37677381434725,17.469170389422676,18.536299
21.1,20.541721324112874,20.06159869957867,20.594269
27.36,27.21954725184725,26.65180961262695,26.485817
17.27,17.81695936122225,16.831814871812995,16.855581
13.85,14.952060679581624,15.86083740594946,14.108921
18.02,18.668704966691,18.873838590639846,18.089949
30.2,29.190540293839437,31.032776424570176,31.282034
19.52,19.091587046769124,19.93184979702588,20.155872
17.21,18.70442579188631,18.022054038160903,18.098421
24.58,23.84491346278475,24.360330622297056,24.332932
16.34,15.759204844620687,14.72352738785523,15.817626
16.2,15.530918101456624,16.611903122249455,16.07971
23.14,22.921482066300374,22.818718789170905,23.18933
8.64,8.467182139542562,8.612773313357474,8.739911
11.08,12.069828013566,10.03291342784698,10.27166
14.55,13.595676402237874,14.488991748656975,14.911978
15.13,13.488666514542562,14.049832732937569,13.917966
17.76,19.216480235245687,18.030900350006764,17.682476
19.98,20.1251258651285,20.24379417126991,20.427185
26.33,25.048618296769124,24.297717510203373,24.9433
25.0,27.371005992081624,27.103460586562726,26.361244
25.54,24.8831825057535,24.720035272904408,24.738644
27.58,27.082187632706624,27.196859207097088,27.65211
27.01,26.19733045497225,27.33345862626343,26.7522
21.93,22.8956336776285,21.601368455743238,21.786957
8.28,8.4810828963785,8.582754671210473,8.265633
16.51,16.598972300675374,17.199523770307064,17.184656
26.78,26.618900279191,27.159943371774983,27.18023
23.04,23.35750196376131,23.36643871916619,23.244524
11.43,9.3697547713785,11.357432713100883,11.501014
26.48,26.597995738175374,26.01138159597812,26.230698
16.49,15.7684364120035,15.26089730619181,16.163412
23.93,24.55121229090975,24.46376264528095,24.258768
18.62,20.307971934464437,19.57009706224611,19.435345
17.78,19.124271372941,17.376315165275905,17.830055
22.97,22.87897107997225,21.39940021911125,21.753748
15.96,16.377185801651937,16.336545038711392,15.882553
10.31,9.978122691300374,9.448480331874011,9.662159
16.88,16.92023084559725,16.848063268206086,16.348524
25.09,25.815158824112874,25.459405532216014,25.826263
13.19,14.569599131730062,14.447747404150903,14.16721
17.63,17.678028086808187,16.864477668259003,17.556614
13.83,14.018634776261312,13.999554408894376,13.87741
22.39,22.56903455653475,22.757232170249466,22.647135
29.65,28.260303477433187,29.103452952887594,29.59679
17.09,17.58905408778475,17.26501880224072,17.150303
15.29,15.795917491105062,15.463787652650502,15.642135
10.03,9.43304822840975,11.005917058535157,10.698732
19.7,19.74335096278475,17.97292155083496,18.709204
14.42,14.71551893153475,14.363724004659234,14.426001
21.12,21.937839488175374,22.86363464654435,21.454086
6.34,6.672367076065999,7.762754658192971,7.192157
12.51,12.554798106339437,12.93698325368059,12.808419
18.33,18.725437144425374,18.248257970922108,18.26708
9.25,9.248264292862874,9.243146622853834,9.313279
24.74,24.76655958094881,25.53012534000278,25.22903
11.1,13.15741346278475,10.775265426002445,10.906931
26.67,26.498096446183187,27.21185537814079,26.807783
13.48,14.017124156144124,13.981169028243714,13.652978
18.42,18.44453809657381,17.318295748096393,17.682291
18.65,18.647068003800374,18.651156163733493,18.587997
24.68,23.6295203963785,24.18291740086454,24.027328
16.43,14.356830577042562,13.992420413900108,14.150998
28.53,27.519031504776937,27.810374330830065,28.09874
24.69,24.21173475184725,24.998122131645314,25.088434
25.5,25.00775525965975,25.232922893196545,25.551268
10.36,12.633167246964437,10.420426186589184,10.486752
25.24,25.18988416590975,25.110001201059745,25.252514
31.28,29.898441294816,30.850483310170258,31.340836
16.09,18.073703745987874,15.866957901186133,16.68126
18.28,19.214572886612874,17.387657871289935,18.156338
19.37,20.435794810441,20.126789331144064,20.27342
18.11,18.47211072840975,17.924488333353104,18.412226
8.69,9.725345591691,8.892632000099574,9.0355625
15.09,14.373523692276937,14.330140640955191,14.426472
26.5,25.017124156144124,25.28953572943597,26.163467
23.31,23.111820201066,23.158186949406872,23.330427
23.58,22.801685313370687,22.185387238630753,22.789602
28.06,25.449314097550374,25.880295585545873,26.262983
18.03,19.550510386612874,18.68601759169454,18.217928
29.36,28.140842417862874,28.276145010957105,28.917067
10.64,10.93561170497225,10.04903145210197,10.330718
19.13,19.687992076066,18.931441365342593,18.70971
13.7,11.640186289933187,12.658524379743357,13.199343
17.08,17.115238169816,17.436613757819085,17.153385
18.44,17.95026014247225,17.295316295291062,17.605305
7.66,6.215625743058187,7.855817141067714,7.651419
12.01,13.135028819230062,12.934422370210052,12.810604
14.62,14.168003062394124,14.778125837804994,13.7746315
21.31,21.26411817469881,21.864883046764522,21.61393
13.09,15.517749766495687,14.083852795573746,14.182477
23.69,24.88771436610506,25.011430619373865,24.863945
21.6,23.06561658778475,23.227197200413066,22.514057
16.3,19.507602671769124,19.97548407434313,18.807884
22.81,22.33595655360506,21.833842976395285,22.930183
22.82,21.407321910050374,19.981948253067905,21.129005
18.1,18.52984998622225,18.637722988440707,17.924158
18.05,17.381992320206624,17.444524057936828,17.591082
27.97,27.26959607997225,28.093143935752476,27.952742
20.75,22.08113477626131,20.57466445869248,20.71459
18.05,18.953586558487874,17.8169036309847,18.093153
25.09,25.62958143153475,24.005616706357255,24.904953
16.96,17.24359510340975,17.150342881881766,16.87931
12.62,12.062671641495687,13.116658186083768,12.994948
24.5,24.236560801651937,24.465616669998777,24.257488
15.64,14.597003916886312,14.454817385046875,14.636943
18.21,17.94183729090975,18.0177672228103,18.312098
13.58,15.491321543839437,15.163663660786309,14.5780525
22.0,22.58392713465975,22.24727828320552,22.668642
19.26,17.34259412684725,17.82216073766177,17.505772
20.68,21.38263318934725,20.285511490012397,20.561968
10.78,9.166431407120687,10.985133794126833,10.716061
9.19,10.163349131730062,11.870111920945279,10.877793
24.72,23.529026011612874,23.28595954746125,24.18506
25.47,25.931491831925374,24.576638699039904,25.69887
24.05,23.99884412684725,23.936545763387695,23.49134
17.45,18.27692029872225,16.21699660486687,17.02345
6.6,4.408695201065999,7.1747328425468835,7.0008154
6.53,7.079914073136312,8.051075404615876,7.278073
16.23,15.127735118058187,15.391577642481929,16.022137
20.53,20.130283335831624,20.022124316142918,20.550613
9.36,7.268421153214437,9.839529461685402,9.759092
18.3,20.214939097550374,19.06816905400841,19.880472
18.43,18.516147593644124,17.659819681141137,18.077755
28.39,27.11627576747225,27.114074861809012,28.202286
8.38,8.845859507706624,9.674302647073143,9.348426
17.98,17.242176036026937,17.323321542540842,17.182123
27.12,26.801929453995687,27.274151009962683,26.373594
12.9,13.775745371964437,13.42253801361488,13.163648
17.9,18.59029004969881,16.43001165027955,16.7889
15.34,17.798740367081624,16.896910421172393,16.065264
13.53,14.302722911026937,14.525068467446763,13.908257
14.83,15.841876963761312,15.621158510399663,14.8909855
16.9,17.0736121932535,15.301810064923886,16.187159
10.15,12.169773081925374,10.44598408825294,14.636262
14.43,16.0179481307535,15.499957513638028,14.9883375
16.0,16.55061719813631,16.812326937826985,16.348892
26.25,25.060535411026937,25.590606181217062,26.150553
20.84,20.761722544816,20.681272055858603,20.984539
29.59,28.821094493058187,29.421577414271443,29.6102
28.17,25.149570445206624,25.22210497349828,24.959038
15.7,17.537158946183187,16.313838456409425,16.170935
9.46,9.538501719620687,8.626406758163869,9.010665
30.84,29.19569776454256,30.067532282150108,31.69521
33.32,31.15350721278475,32.573114527577694,33.5984
13.67,15.097797373917562,16.232583088866807,14.650077
12.97,12.148212412980062,13.333792807604329,13.081872
27.34,26.08681104579256,27.024841802764783,27.816462
14.02,15.488681773331624,15.027229559025452,14.478145
13.44,13.55829236903475,13.246202628236604,13.504687
15.55,17.6304969588785,16.00504343589146,15.515474
15.71,15.289066294816,16.218533242581202,15.702273
22.53,22.991184214737874,22.333032190257445,23.020819
14.16,14.65948865809725,14.489448576840395,14.596656
23.7,24.292331675675374,24.11553483692504,22.932568
24.95,24.965671519425374,23.771792738893094,25.084942
21.21,20.208225230362874,19.92878467963445,19.643328
21.39,22.48506544032381,21.91872393454961,21.49404
12.43,11.527683238175374,12.549556798753795,12.153218
18.67,19.157321910050374,19.017827074534672,18.631094
21.78,21.827793101456624,22.10671584234738,21.829699
21.22,18.66705701747225,18.44298752015004,20.012575
13.7,13.888675669816,14.434769815130416,13.803981
14.69,14.261753062394124,14.510544746386797,14.417556
21.87,22.40521619715975,22.830235253708402,21.897526
22.69,23.89947889247225,23.17622439315829,23.636204
19.24,19.4217567245035,19.28526321675985,19.192886
23.55,23.729831675675374,23.25882968949365,23.771458
30.45,28.998203257706624,29.781686470979995,30.147085
16.39,15.24774549403475,16.77973084836116,16.777245
24.21,25.380039195206624,25.48266809473507,25.095531
19.8,19.634616831925374,20.153757301487065,19.882206
18.71,17.70119092860506,17.602531320009216,18.197992
19.11,18.90448377528475,18.469238592121176,19.470726
26.46,26.977786997941,28.069431575471746,27.71065
28.79,27.034915904191,27.98696029090163,27.04745
20.31,20.80011365809725,20.881998424459393,20.51489
20.65,21.346439341691,21.404671586637402,21.034536
13.33,13.0887489120035,13.766375913650517,13.777844
13.83,12.45648572840975,12.762712776454997,13.093893
14.14,14.16962049403475,14.235320725589087,14.321516
8.05,9.701145152237874,8.906832507121692,8.661811
15.64,17.20064161219881,16.137292473846948,16.020784
14.23,13.974826792862874,14.131773354352385,14.457485
20.07,20.93329236903475,19.389373026506547,20.081404
19.26,17.933017710831624,18.078454653255246,18.111761
26.59,27.116672495987874,28.07923484280848,27.761854
19.49,21.05963514247225,19.443098441422087,19.400108
14.56,14.173252085831624,13.32238595599104,13.695632
8.96,10.708835581925374,9.014642851136378,9.170622
15.97,17.086154917862874,15.934619928105302,16.03602
28.05,26.74737928309725,28.022064387298432,27.589905
22.56,23.228763560441,24.54407692757951,25.033308
32.0,29.243335703995687,29.1093174036238,30.684202
14.88,15.3502235213785,16.56003317841239,15.423215
20.47,22.026279429581624,19.84419353725465,20.586708
22.76,22.309726695206624,22.496186686730542,22.211554
7.47,8.749896983292562,8.254689481988597,7.7573805
27.22,25.729709605362874,26.004434991208687,26.899124
24.2,23.665866831925374,23.98205910970854,24.533813
20.01,20.33748243251131,18.82573812907423,18.335098
8.08,9.433917979386312,9.112489944231221,8.457241
12.08,9.749057749894124,11.432004593579368,11.68854
23.18,21.288913706925374,22.64205494579778,22.557972
8.6,10.583591441300374,9.126854071161905,8.830732
15.29,16.268360118058187,15.539184644250094,15.149317
28.24,26.539844493058187,27.04317421487377,27.184069
27.9,26.94318006434725,27.754797183798576,28.060621
14.12,15.497608164933187,14.58971314797403,14.561468
24.78,24.935947398331624,25.670039382025642,24.816227
25.58,25.635303477433187,26.64507167832854,26.42135
14.27,15.568103770401937,15.894205041929817,15.081044
35.64,32.76579664149568,32.74393186528887,34.666264
14.36,15.560550669816,16.284555443281683,15.490097
21.67,22.3909950057535,22.124251541842206,21.848282
25.83,25.026645640519124,24.58746290528458,25.085726
15.4,15.504230479386312,15.04986062302486,15.249241
22.86,22.910449961808187,20.93804741287586,21.625237
10.09,9.226306895401937,10.660312314110655,10.171366
17.89,17.7684364120035,17.666401979410217,17.07472
23.98,24.303226451066,25.205226380475544,25.024647
18.08,19.10719678798006,17.463188957719705,17.856499
21.67,23.029453257706624,22.50242835653825,21.85091
13.66,13.786243418839437,13.952343802051413,13.962005
11.89,13.380969981339437,12.798827356584473,12.600385
21.09,20.4600868026285,21.17806993057378,21.361336
18.7,18.089817027237874,18.23851581208457,18.318419
17.74,19.685276011612874,18.424393248510576,18.127714
7.61,5.156513194230062,8.106020446201402,8.665263
26.45,25.628086070206624,26.356011350861678,26.77024
24.15,22.44282911219881,21.667375393386752,22.643322
22.6,24.44342420497225,24.973483072283546,23.608921
22.97,25.2100868026285,24.664794193196446,23.918861
25.66,24.155551890519124,23.78838769649173,24.962965
18.28,18.09064100184725,17.2239640317762,17.838228
20.54,20.705326060441,21.275363395340865,20.826376
21.63,22.3519325057535,20.795762826695565,20.33175
15.89,16.26155469813631,15.554386710329494,16.365692
30.37,29.242053965714437,30.349722739009344,30.556606
29.92,29.35060499110506,31.114385274673023,30.536861
14.32,14.7415809432535,14.802126513184964,14.067162
14.29,13.914020518448812,13.9584294779345,14.470898
12.25,10.772052745011312,12.165744116603356,11.950457
22.34,23.64667127528475,23.676806556100708,23.367523
13.09,13.7374305526285,12.730285580206832,13.140793
16.86,20.339359263566,18.526666352251123,18.164274
27.46,25.765232066300374,26.58878167384388,27.255604
20.87,22.27496717372225,24.776913294037836,24.100033
17.26,18.513156870987874,17.610099285614552,17.71192
21.14,22.414066294816,22.345239699382603,22.361807
18.37,19.4740028182535,18.89006566059973,18.600174
21.25,21.766651133683187,20.990021209914516,21.708355
18.7,17.332279185441,17.59626915062334,18.435726
20.37,20.225009898331624,19.940532574544026,20.054922
21.61,22.796726206925374,22.31903499590637,21.960293
18.38,19.68500135340975,19.678244640630414,19.567596
15.3,13.962497691300374,14.382769537669649,14.891097
14.51,13.447757701066,13.714391223902652,13.98269
8.17,6.837436656144124,10.532087284700223,9.918728
14.88,15.91351697840975,15.149162160776184,14.727049
13.98,12.24689100184725,13.022978517233028,13.423311
19.45,19.9979285995035,19.29658830749336,19.500849
20.43,21.169773081925374,21.302599752698235,20.69662
17.15,17.774143199112874,17.570396667133327,17.597242
19.27,20.1883582870035,18.850638683034063,19.387718
14.51,12.684131602433187,13.398496005400906,14.187267
16.54,17.263584117081624,17.325127102871683,16.78521
26.61,26.51204297938631,26.916372954238025,26.811543
11.21,11.094211558487874,12.867973879103095,12.203571
28.62,27.164234141495687,28.39208280688266,27.62606
18.32,18.509525279191,18.669118335039535,18.412163
16.39,15.466205577042562,15.177169933006342,15.503275
26.43,25.649631480362874,26.4922523007257,26.215384
9.28,11.799243907120687,9.194330474652926,9.40491
23.46,23.5577430526285,24.16050487838002,23.970049
26.74,25.445102671769124,25.438036641773156,26.084715
6.3,6.873432139542562,7.615036406953609,6.702869
10.63,12.475055674698812,10.13038948365675,10.2299385
19.64,21.323780039933187,19.496367203421652,19.000904
22.5,23.30719373622225,22.957807196515578,23.293333
20.68,20.639499644425374,20.140978297172122,20.592539
9.08,8.585453013566,8.142388389287735,8.520038
17.73,18.386585215714437,17.053286646150692,17.658682
24.2,25.49530408778475,25.44633577805345,24.600594
21.78,20.7752723495035,21.725951120107307,20.615076
20.5,22.68025587001131,20.732334452047297,21.234962
12.58,9.51984022059725,11.300943175279023,11.917051
24.0,23.97821424403475,23.76633380483038,23.941092
18.82,19.436939219620687,18.39904579931592,18.509651
31.39,30.06390760340975,29.65321737822641,30.426037
14.01,13.253574351456624,13.762370078149186,13.91652
17.78,16.635349253800374,16.92963515777685,16.9144
18.53,19.0914344588785,17.962607042472005,18.372252
23.09,22.76617811122225,22.29972071288727,22.414003
9.68,10.38275525965975,9.723147532750186,9.99762
12.21,11.587161997941,12.911777882059033,12.67865
26.22,26.333042124894124,26.336370829872823,27.114122
8.14,10.263141612198812,11.045793476957916,12.335107
25.28,24.647708872941,25.326623318072333,25.150257
19.57,21.34920118251131,19.335221019734956,19.446531
14.13,11.576343516495687,13.882173691065981,13.914139
18.23,17.518787364151937,17.54938103646994,17.82252
29.36,29.130222300675374,28.977936586586996,29.834707
11.16,8.811420420792562,10.880692275524323,10.96019
14.4,15.306262950089437,14.711994121558059,14.978368
26.66,27.97725294032381,29.159097553114417,27.971321
26.93,25.480869273331624,26.416743172939068,26.46734
19.75,19.1070594588785,18.917971255885465,19.731407
8.26,7.102909068253499,8.078005212740186,8.112281
21.78,22.552783946183187,22.133900231774387,22.238548
19.76,17.56378553309725,17.768452557447254,18.586666
24.25,24.534824351456624,24.721176238664157,25.268784
25.28,25.779087046769124,26.229907101908378,25.744217
25.17,25.825962046769124,26.436175696398042,26.226292
22.69,22.299289683487874,21.323553558599322,22.095427
8.87,8.954105357316,9.478444202090335,9.042682
9.55,10.702106455948812,10.094154147120223,9.797073
12.08,11.70111463465975,11.612398510925642,11.843
14.23,12.163547495987874,12.950343164074617,13.381418
19.86,21.025424937394124,20.143034948551485,19.806538
22.74,23.4871864120035,22.20293080812705,23.532707
25.83,25.796176890519124,25.44148711331003,26.055098
19.21,20.147739390519124,19.204603149655618,19.322777
12.93,13.478488902237874,13.81592982514189,13.019388
15.32,13.445514659073812,14.314321483884827,14.496596
25.34,24.771732310441,24.999146991973074,25.765419
16.69,17.2362098495035,15.80214194754291,16.455456
9.23,11.198093394425374,9.747459163815256,9.40338
15.67,16.817737559464437,15.857205751872964,15.598976
17.51,17.353870371964437,16.90517140432021,17.109686
9.26,11.020862559464437,9.90564629254919,9.524604
5.97,4.332340220597249,8.111457521895316,8.113051
14.07,13.652683238175374,13.757667753451315,14.138374
17.63,18.58998487391756,18.217098599220574,17.919024
21.82,21.841892222550374,22.300390524512984,21.42495
24.74,25.35884473719881,25.8828624681698,26.392885
23.72,25.007053355362874,23.90064352093565,24.05795
18.09,18.977573374894124,18.875435382256445,18.750326
11.68,11.260959605362874,12.520601097966082,12.207534
21.07,21.086032847550374,21.108120928057236,20.654888
22.51,24.899585703995687,26.362397735722883,25.038015
11.32,11.344257334855062,12.500991695709978,11.974624
14.99,15.492771128800374,15.694183892750852,15.448231
18.88,17.7552528182535,17.445212700023944,18.030397
9.68,9.233509043839437,9.469902363332391,9.7764635
14.96,14.797214488175374,14.486192523794289,14.3846245
11.45,10.205860118058187,12.04410319790232,11.430397
22.34,22.26198194423006,21.512861403642063,22.163176
21.71,22.55548475184725,22.711174776735415,22.164404
20.45,20.334720591691,19.32977644600184,20.032118
20.66,20.963840464737874,20.48206004344896,20.880259
30.1,28.53670118251131,29.53693003248442,30.348625
17.47,17.54083631434725,15.827788282923068,16.863628
24.79,24.087573985245687,22.971585952306643,23.915411
21.94,20.933597544816,19.859329872859117,21.143698
16.45,18.922367076066,17.990558366718698,17.353117
16.13,16.727817515519124,15.537519866782699,15.945727
17.29,19.443042735245687,17.997333310730678,17.527302
32.35,30.90655897059725,30.47851476872256,31.057554
22.66,22.855808238175374,23.014626267043088,22.614687
19.72,21.642795542862874,20.13950602742171,20.00102
20.0,20.267673472550374,20.287642842818297,20.491291
10.4,10.308505992081624,11.956912053167688,10.822224
14.42,12.462924937394124,13.04350459533686,13.156767
16.84,17.41548536219881,17.06863216794414,16.638693
25.41,26.003635386612874,25.984817977046713,25.798534
21.83,21.56268690028475,21.397179419774087,21.259377
13.34,11.774936656144124,12.509530866041711,12.948848
30.42,29.22589490809725,30.230423838675996,30.332058
24.12,24.969242076066,25.28595477862697,24.542309
14.29,16.744358042862874,15.585871331292774,15.409463
23.62,23.4676551620035,24.169667351588366,24.138105
22.47,22.401279429581624,21.954416774191557,22.451551
10.11,9.739978770401937,9.175401821615202,9.496697
20.61,21.87428663173006,19.84985499034698,20.55593
23.86,26.04060743251131,28.329815427137795,28.161264
31.42,29.507480601456624,30.635138716925187,30.266531
10.24,11.061313609269124,9.883209482987773,10.182906
13.39,11.676486949112874,13.02232735937136,13.036874
9.22,7.560337046769124,8.687504730075144,8.781956
15.77,17.62410352626131,16.289418134307876,16.083792
18.77,18.118991831925374,18.010002585051257,18.881784
24.66,26.040195445206624,25.981619821623894,25.646248
19.51,19.32623670497225,20.012184431082105,19.36215
9.05,8.074024180558187,8.595505303183653,8.709089
31.75,30.275318125870687,32.71084484874616,32.136868
29.25,27.90765760340975,30.072047353858725,29.290655
19.11,19.91986463465975,18.24021116258669,18.6902
22.96,22.415805796769124,22.600640300114065,22.57492
10.7,11.88837049403475,10.287994615029518,10.1011305
18.36,18.43829725184725,18.818856069539997,18.671507
24.42,24.98309705653475,25.617355021232132,25.190014
20.94,20.433689097550374,20.07106065055516,20.810724
10.49,11.59759900965975,10.200136781523439,10.088922
23.69,24.975345591691,25.711262302720584,24.127384
9.32,9.730335215714437,9.616302069761305,9.44499
19.51,20.351047495987874,19.00629648490976,19.390287
15.55,16.10394666590975,15.981105642431457,15.744177
23.48,23.988315562394124,25.758868836477717,24.998697
30.61,28.425693492081624,29.959167241528686,30.059414
25.75,24.978244761612874,26.032602961601874,25.520195
26.4,23.87982557215975,23.300012894106548,25.047491
17.85,17.163608531144124,17.33011240107759,17.162788
21.49,21.258701304581624,20.513708754519637,20.817999
19.22,20.41627881923006,18.1514312584983,18.557474
14.59,14.2183875838785,13.836823032471624,13.737989
24.22,24.849582652237874,25.52712805940734,25.018406
17.5,17.589527110245687,16.749061153406693,17.181273
22.53,22.526370982316,23.28568783446173,23.15936
21.31,22.79201124110506,22.486560856733544,22.529932
29.98,30.108997325089437,31.6219851399033,31.138338
21.74,22.076450328019124,21.5534940915,21.790604
32.24,29.87543104090975,32.36650353957558,31.133448
27.28,26.95587537684725,26.16622645160637,26.873838
25.47,25.571689585831624,25.18425563167343,25.178928
11.3,10.5863075057535,11.844288828407576,11.0294895
13.64,12.645847300675374,13.51492419873971,13.727334
15.55,14.957187632706624,14.11399594270748,15.279802
29.76,28.391818980362874,28.892692115281235,29.292027
14.58,15.924915293839437,14.709994731421697,15.097957
17.4,17.082065562394124,16.744783470854728,16.908356
17.77,19.808338145401937,18.588516590257584,18.497324
18.59,19.4766883651285,19.71134634127282,19.24481
16.39,15.4605750838785,16.372583017903448,16.141058
7.32,4.826984385636312,7.520271282976577,7.3366995
11.92,12.375644663956624,12.562566979067748,12.21207
10.66,13.106784800675374,10.141489051769817,10.242941
20.12,18.858554820206624,18.47275267440204,19.000315
16.08,16.829135874894124,15.62422011601373,15.745614
23.75,24.2366981307535,25.100968640455676,24.596022
9.69,8.992328623917562,9.567341490300489,9.689538
14.28,15.074863413956624,14.520782817303738,14.531128
15.58,17.214267710831624,17.01307008054281,16.374704
26.76,23.946536997941,25.184557032987627,25.01787
12.37,11.684040049698812,12.286622658521685,12.078301
28.38,27.173084239151937,27.500906803685115,27.928185
21.73,21.750034312394124,21.424639203357767,21.528744
14.06,14.512454966691,15.799844288908261,15.250472
13.59,14.072803477433187,14.376882350705424,14.146239
12.12,10.947238902237874,13.197937058907867,12.196743
18.66,19.027835826066,18.29813931043837,18.664616
28.58,27.564701060441,28.147004781210786,28.23408
29.24,27.907581309464437,27.85265764029814,28.787907
27.84,27.69636915126131,28.113524222981244,28.163483
18.66,17.01947400965975,18.126064191725195,18.876572
25.98,25.772220591691,26.170738994623584,26.270073
14.63,13.1737098495035,13.200364922270174,14.360576
16.72,18.00177381434725,17.47110648174301,17.350655
21.3,23.163425425675374,20.97699010379463,21.232536
27.53,25.771091441300374,25.548355047249977,26.250654
17.02,18.201755503800374,17.70266590468965,17.107325
27.42,25.375095347550374,24.81127487669657,25.446169
15.84,15.985248545792562,15.261381421708585,15.725991
15.58,17.490772227433187,17.235578689295888,16.349676
25.9,25.963870982316,26.354505232360378,26.444563
18.87,19.9801063338785,19.227153913319746,19.039953
24.05,24.047519663956624,24.288532309828824,23.98005
7.66,7.241748789933187,8.172973745250848,7.815523
18.08,17.359897593644124,16.6521795284056,17.048077
20.45,21.457309703019124,19.954049589541977,20.6665
19.96,19.35260389247225,18.096532033927634,18.536934
16.1,17.312168101456624,16.92175126804096,16.716799
23.85,23.786960581925374,24.123688885116803,23.923223
12.63,12.930179576066,13.318170595660979,12.962242
18.57,19.35858533778475,18.83994025132108,18.552881
13.18,13.339954356339437,13.861129833912646,13.777092
10.19,9.932468394425374,9.040859040273022,9.275478
16.33,16.52533338465975,16.24199736179746,16.023014
13.68,14.191379527237874,14.136659334971531,13.169026
22.75,22.990879038956624,23.442751227032346,23.189468
18.74,17.290744761612874,17.394143237001217,17.559399
17.78,16.75734327235506,15.857486301420952,16.563808
25.45,24.569675425675374,25.062576476116057,25.150486
25.9,26.11005018153475,26.117438135578606,26.092455
27.61,28.525241831925374,28.56798801937272,28.33871
23.81,23.76141736903475,23.423998889428134,23.445965
7.79,8.946674327042562,8.917435141923209,8.078046
13.53,15.126453379776937,14.837263669029765,14.416299
23.67,24.383090953019124,23.122303717607856,23.97975
26.37,26.558322886612874,26.959301568259885,27.415762
25.18,24.685535411026937,24.168213924706482,24.66156
14.94,15.605518321183187,14.94154299814664,15.093999
21.31,21.545413951066,21.758984922327524,21.34274
13.88,13.643039683487874,13.432830550513007,13.4393215
14.9,16.1861610213785,15.681517056733401,15.283354
20.47,20.48126600184725,19.75611843670763,20.718092
19.11,19.601413706925374,18.740937721612767,18.83028
24.42,23.866687754776937,22.701952851550118,23.117563
23.0,22.792163828995687,22.201408432049686,22.703445
19.82,19.622287730362874,20.15147875843775,19.634123
9.16,8.138401011612874,10.201380459081257,9.877605
18.85,17.493686656144124,17.712364586311594,18.40056
24.26,23.810398081925374,24.420782910082718,23.989819
13.11,14.325473765519124,14.230891260779876,13.620657
20.92,21.061527232316,21.345810026919068,20.663786
25.18,26.219486216691,24.98768644126914,25.912006
29.5,30.37636182704256,29.514290432327385,30.45759
16.72,18.4874305526285,17.502970628776975,17.064093
17.57,19.867237071183187,17.567285663998316,18.2554
22.81,23.594898203995687,24.367968072211116,23.58706
8.15,7.304264048722249,8.213904320599994,8.153345
14.73,14.6412391463785,14.621165037453238,14.757723
15.63,16.657566050675374,16.411939908667037,15.901648
9.88,9.91058729090975,9.473079568554367,9.577739
13.04,12.854282359269124,13.223996967346388,12.532643
10.13,9.13483045497225,11.250043772704435,10.724915
22.83,23.042880992081624,23.024854351049914,22.931292
11.61,11.803073863175374,12.422654599092214,12.079863
22.6,23.380100230362874,23.953254623385487,22.746061
18.38,18.999256114151937,17.37629152439704,17.899471
10.27,9.86920545497225,10.009173993611052,10.044143
12.9,11.357761363175374,11.9389930669355,13.067993
27.7,25.092533091691,25.890252183415765,26.889687
12.27,11.294330577042562,12.153212206024262,12.115323
19.87,20.019535044816,20.446567746326867,19.736609
7.84,5.325427989151937,7.345017707217906,7.7513103
22.15,22.352085093644124,22.001453054289108,21.602175
7.05,7.693927745011312,8.62650359261653,7.5009522
11.6,9.075550059464437,11.03437821183603,11.096979
18.82,20.20729444423006,19.632029232576212,19.277437
11.25,9.2843055526285,10.979551506289399,11.069362
30.04,30.206211070206624,30.58483562959642,30.451077
12.64,11.515277842667562,12.5081115530439,12.22276
8.92,7.389682749894124,7.503218013005726,8.327772
31.08,30.05733106532381,30.75271094707629,31.681229
25.46,25.696079234269124,25.75795087405436,25.724276
14.73,16.641345957901937,15.860780529885833,15.070496
13.2,13.464817027237874,13.72813117613795,13.343731
11.5,13.708301524308187,10.896831533896245,11.175402
13.85,15.785556773331624,14.566290169457455,14.529029
18.98,20.7030067245035,19.82717639690487,19.395615
12.94,12.55658338465975,13.537244709761923,13.174903
26.1,24.373294810441,24.184106708456085,25.486458
19.82,18.947177867081624,18.033577064458015,19.303808
11.96,11.25775525965975,11.685011934298931,11.864252
16.7,16.758945445206624,17.291647137743386,16.819431
16.26,14.488925913956624,14.338968040315521,14.907063
26.96,25.64833448329256,26.218116035653342,26.34245
11.03,11.987964610245687,10.549520696055037,11.063415
16.52,16.654346446183187,15.603804873523059,16.282743
19.79,22.385013560441,21.858344192402136,21.287756
21.4,21.21290967860506,21.54022067938935,20.91401
27.31,26.078159312394124,26.406307734012913,26.409613
22.16,22.61944959559725,23.419041799760706,22.942638
26.34,25.48695753016756,24.443639662032194,26.037327
15.57,17.361820201066,18.182600882782214,16.968248
11.17,11.513690928605062,12.57980178287484,11.803303
5.67,1.6302833358316242,6.88929414705665,6.4215727
12.01,10.692615489151937,11.431323407023113,11.85523
30.94,29.33258436122225,29.611948054831306,30.075548
21.34,23.012134532120687,18.68044508265985,20.398333
14.71,13.9212684432535,13.847658251939093,14.186144
17.43,19.667041758683187,17.03609674663772,17.599081
16.94,16.589603404191,17.312193609943332,16.956553
20.63,20.625766734269124,20.193995640791773,20.474922
16.34,16.52913282313631,16.245886931611846,16.145884
9.1,6.719074229386312,8.541608950596325,8.454235
17.54,17.042026499894124,18.075362356787164,17.870365
25.95,26.15570447840975,27.3608579047166,26.147757
13.54,13.546253184464437,13.7206447061053,13.873272
27.48,25.133289317276937,25.225083097765523,26.536053
27.01,26.060459117081624,26.600805693950743,27.043484
13.12,14.304889659073812,14.448747873326647,13.37755
10.0,11.618671397355062,10.615228479619374,10.181256
7.83,8.908191661026937,8.278804095360115,7.8328567
18.65,19.304965953019124,21.739367177270136,19.994196
24.31,23.41119764247225,24.172505422621175,24.48332
20.04,20.24347303309725,20.265436689890272,20.495697
29.31,28.146732310441,28.278088491173325,29.142899
11.38,13.420871714737874,10.865879175375856,11.66039
25.08,24.31500623622225,24.404869700809833,24.267466
25.62,24.18292615809725,25.028862614539964,25.536785
19.73,21.842136363175374,20.903331620596024,21.453377
24.01,23.833713511612874,21.26429400674187,22.768162
33.8,31.786609629776937,33.85452754432256,33.804066
19.49,18.84601209559725,18.488800057626733,19.25374
10.3,10.860736827042562,10.1271455674905,10.240409
26.75,27.51137159266756,28.39399380072061,27.867327
21.67,22.430332163956624,22.709393474015766,23.135056
25.44,24.790286997941,23.090000429321993,24.772486
16.35,17.751010874894124,16.91699329757443,16.49162
18.7,18.42230604090975,18.63767770384809,18.231728
15.63,15.965244273331624,16.765824625741377,16.311102
20.09,19.643314341691,19.18740417068548,19.634752
24.46,24.83465955653475,25.737809488184922,25.303785
20.0,19.633762339737874,19.18725736548491,20.153511
25.97,24.855335215714437,24.541428201526497,25.150637
30.94,27.543704966691,28.860264737687704,29.16744
13.94,14.465793589737874,14.256669263890574,14.127299
12.75,12.934604624894124,10.758699889919452,11.359376
14.29,16.507495860245687,16.446015978030104,15.513753
17.97,19.17523572840975,18.675494372042014,19.164576
20.25,19.961704234269124,19.688112437516942,19.620293
20.1,20.023975352433187,18.872639259359815,19.535128
30.17,28.69984815516756,29.42139049219329,29.474276
8.32,8.617206553605062,9.40464396905926,9.049779
22.75,22.572986582901937,21.819496703993444,22.502539
30.86,28.677219370987874,29.627265153644082,31.0599
30.64,29.020847300675374,30.383161307792626,31.04528
24.65,23.979984263566,24.3698424574393,23.765488
12.07,11.272235850480062,12.200362535935287,12.339291
15.88,17.169712046769124,16.663927443560922,16.572128
26.29,26.162113169816,25.807462176694603,26.232368
21.12,20.700199107316,20.001690562977,20.917856
25.25,23.667453745987874,23.803141479154313,24.66799
18.4,19.23041150965975,19.183221645873918,18.498653
17.55,17.982913951066,18.19086611045547,17.858938
23.66,23.836704234269124,27.72854465551432,24.162073
33.75,31.379383067276937,32.909798976512526,33.65937
23.78,23.971897105362874,24.52832062082315,24.578684
17.41,17.278736094620687,16.940263313249226,17.313078
27.3,25.435535411026937,23.85680007939128,25.776312
21.68,22.377902964737874,20.762462286108438,21.357199
26.67,25.380619029191,24.726318765210145,25.072197
21.83,23.64459607997225,23.544163680432202,22.78621
14.64,15.496265391495687,15.120506387804229,14.886154
8.3,7.900333384659749,9.723018231970846,9.190443
15.28,15.852008799698812,14.930216550868002,14.609328
15.95,17.879917124894124,16.915180068262686,16.24928
21.98,23.044651011612874,22.550906825455442,22.86494
18.81,19.349460581925374,19.538757718425305,19.174574
36.42,33.20419691005037,34.30241606668129,34.626667
26.5,26.808032969620687,27.414002302269235,27.15235
19.35,20.336170176651937,19.28063272618745,19.632801
18.55,19.82892225184725,17.14060406284633,18.19167
17.69,17.65144727626131,17.64402267981176,18.295496
25.15,24.371372203019124,25.068889406502446,25.270271
20.69,20.89752576747225,21.37599284736451,20.630363
4.8,2.5263252059488117,6.735263886537808,5.402101
17.18,16.483371714737874,17.954199011350635,16.89653
27.24,26.4329871932535,24.371159231904638,26.472301
27.42,26.575000743058187,27.829981755713906,27.432096
15.17,16.11078260340975,14.931788825193253,15.048372
18.37,18.151584605362874,18.77677019966918,18.376066
10.67,10.172931651261312,12.21756675473303,10.814272
13.9,13.259601573136312,14.046448364497698,13.946661
16.86,17.110385874894124,17.201787075475345,16.855492
6.4,5.393039683487874,6.926437460065878,6.5331564
19.5,20.389194468644124,19.39805215639702,19.555214
30.02,28.45611951747225,29.079966201663883,29.106249
25.22,23.36529920497225,23.62609305034804,24.656174
21.82,23.262729624894124,20.405149068104397,20.463871
25.38,25.728794078019124,27.184534323112246,27.001398
8.16,5.904911021378499,7.253545468481902,7.694123
22.28,23.071262339737874,21.730467798154585,21.575907
29.92,29.34614942469881,30.203982340527133,30.366156
20.74,21.5374793807535,21.818357255898935,21.435135
21.0,21.193637828019124,20.740251009458234,21.233274
15.13,14.810321787980062,14.844624215480946,14.701342
19.37,19.07098768153475,19.034561058405973,18.92
16.84,17.472415904191,16.31186644729439,16.792965
10.5,11.618579844620687,9.302294568585019,9.112265
11.43,9.2840614120035,10.709312723752419,10.955929
17.27,17.59759900965975,18.03829167116752,17.57819
29.88,27.137485484269124,28.772104088520578,27.337072
20.54,21.151157359269124,21.10661079605668,21.326996
28.64,26.887454966691,27.552194706263364,28.104542
22.4,23.066089610245687,20.433747012767782,21.45047
16.82,17.46319959559725,16.773355858387355,16.689398
20.11,19.52008436122225,19.640326967604953,20.395935
20.21,20.93819044032381,19.081039634091823,19.65538
20.58,21.970874766495687,19.99391652007486,20.666864
9.12,9.754077891495687,9.210540330457011,9.345195
18.17,17.06270215907381,16.12205034961655,16.858042
19.9,18.63116834559725,19.514526537722702,18.914322
14.13,15.673450450089437,15.800277703233654,14.752794
16.18,14.964740733292562,14.633080856420259,15.498194
11.82,9.855014781144124,11.849971433148605,11.524284
14.06,13.721958140519124,13.702266166871475,13.996082
15.81,16.44014356532381,15.205586283520907,15.4855385
20.25,21.46138379969881,22.205974882061973,20.997612
12.21,11.830158213761312,13.489085228489106,12.961007
26.18,26.732288340714437,27.485539110636832,27.066345
17.86,18.568347911026937,17.445121636325368,17.389517
15.79,15.584445933487874,13.895682888864952,14.918577
27.17,26.948780039933187,26.826578958955707,26.929386
12.19,13.324207286026937,13.721007680857708,12.648829
9.14,8.975315074112874,8.75309768555447,9.211422
11.76,11.199436167862874,12.683761824879628,12.439096
23.83,24.588047007706624,25.067806776136752,24.667416
23.64,23.674594859269124,23.4217156296274,23.476614
13.13,12.394885996964437,12.91054386471701,13.131212
22.03,22.6910438338785,22.310088987511968,22.732988
24.78,24.0328407088785,23.38918201164845,23.907087
19.26,19.595737437394124,19.16991121253842,18.981213
19.19,20.36554334559725,18.385499378199967,18.414377
24.14,25.86188123622225,26.099080757346655,24.869886
15.72,16.08491895594881,16.176053962679482,15.915187
7.48,6.826129893448812,8.125884901008579,7.3640447
22.61,22.951419810441,23.025562227507,23.095814
13.99,12.91193006434725,13.1629266308982,13.153303
20.52,20.81561658778475,21.139337541031903,20.952265
19.8,20.366199473526937,19.856716511879952,20.172869
21.35,20.65399549403475,20.252800627340633,19.723858
21.45,21.206302622941,23.382730117184728,21.22854
13.39,12.502704600480062,13.402538465532349,13.14005
18.87,20.261508921769124,18.672783493778997,19.20912
22.91,24.11285779872225,24.665853437779553,24.02001
23.49,23.1434364120035,23.201370124744336,23.418478
9.86,7.531406382706624,10.967605234467818,10.925398
17.7,18.389163951066,17.727450809400093,17.453362
16.44,15.202259043839437,14.165904537841579,15.49337
7.75,5.850147227433187,7.083303939370173,8.08935
25.33,24.7232703963785,25.161923474590644,24.586952
15.67,16.634616831925374,15.822822110566158,15.575785
7.03,7.809467295792562,7.775881785504806,7.2908964
24.65,24.7384071151285,25.048271965258735,24.564432
11.8,10.669345835831624,11.453238073169377,11.622788
12.69,13.230625132706624,12.895987705016717,12.759218
17.98,19.546909312394124,17.218059489508565,18.184593
22.3,22.12677381434725,21.970566383022987,22.117588
21.09,20.46869275965975,21.360004041964636,21.711025
16.46,19.192539195206624,18.24970899623525,18.042555
22.42,22.898532847550374,23.145372747222424,22.816845
7.96,9.160800913956624,8.658329598655696,8.471135
26.02,26.14203260340975,25.74455271022937,26.101582
15.08,14.51422498622225,16.003090303550508,14.813353
11.2,11.755878428605062,10.791496630377997,11.375608
11.39,9.579685191300374,11.327372406931303,11.56459
11.81,9.21600721278475,11.255489088895857,11.453717
24.03,24.272006968644124,25.117230968196157,24.102213
32.75,29.94557569423006,32.04354937824158,32.02936
13.38,14.240726451066,13.836152241495672,14.028397
14.23,15.663074473526937,14.205617300097478,14.449207
21.34,21.369876841691,21.779931230333712,21.369095
14.39,12.811038951066,13.414768530816163,13.871766
28.29,28.99061963954256,29.821991325134544,30.303015
15.55,16.080905894425374,15.415631334761304,16.221025
24.97,23.761234263566,23.37042640895034,23.906498
14.49,14.733356455948812,14.709548709220122,14.60695
26.27,25.89119337001131,27.557562638924264,26.236141
21.2,22.354404429581624,22.786773683576765,22.257584
12.77,13.76398084559725,13.728458719319946,13.774804
26.67,25.720432261612874,24.49774572103824,25.802053
13.87,11.432666758683187,11.93374774760915,12.356112
32.58,30.61983106532381,31.324714536912026,32.766193
30.6,29.57403943934725,30.046943940240755,30.813803
10.85,13.623676280167562,13.087726677502207,11.901171
19.87,21.1209754745035,20.4904082577725,20.382666
25.76,25.224613169816,25.242323448608186,25.584093
25.89,25.141818980362874,25.683132267861964,25.910107
22.29,21.907031993058187,20.83813063493284,20.946905
26.23,26.922534922745687,27.58730754860055,27.235046
32.34,30.11183545985506,30.225680242387675,30.914297
15.64,15.726810435441,15.431945995078907,15.251151
13.17,13.782962779191,14.332777512691273,13.922772
24.91,25.15948865809725,24.71903415590329,24.940018
10.13,11.041248301651937,10.235795360229194,10.283427
24.08,24.250736216691,25.12498397364127,24.292171
18.86,18.07916639247225,17.684740029899537,17.72406
17.26,17.814121226456624,17.212245240297918,17.565542
21.53,21.439136485245687,21.110570561162657,21.26652
13.3,15.14923475184725,15.159243939130338,14.653431
12.78,13.023593882706624,13.588322541925173,12.726239
18.44,17.997074107316,17.90936531474632,18.174015
15.17,16.874805430558187,16.559105356099728,16.828478
17.46,17.499118785050374,16.52740414589698,17.10967
20.0,20.86737440028475,21.9641175237854,20.448586
22.64,24.0521278182535,24.39577559445399,23.351978
6.69,4.881534556534749,7.309386842272655,7.046275
11.43,10.911624888566,11.278148320883911,11.550432
18.86,18.8927039901285,17.45529595803506,18.162205
16.24,16.751865367081624,17.02903243151892,16.655262
10.19,10.871814707901937,10.122171422778576,10.433926
19.24,20.15900037684725,20.141275673944776,19.786655
13.87,13.052814463761312,12.980475737521374,13.132984
11.0,10.720355967667562,11.628493216560114,11.418423
25.16,25.042102793839437,25.781432745666226,25.779697
25.27,25.613193492081624,26.332905506160543,25.760532
27.36,26.140598277237874,26.17122394345778,26.5848
18.42,18.56842420497225,19.092117168981066,18.428242
8.83,8.824634532120687,7.951828631458411,8.384941
10.18,12.663730601456624,10.21227187212183,10.082548
12.7,12.513187388566,13.281705525261774,12.89052
13.86,14.7723426620035,14.708058962013599,14.207952
13.81,11.520893077042562,12.827331970980664,12.758972
28.57,28.82509229579256,29.736320581208457,29.334112
20.54,22.76631544032381,21.891506138344994,20.874622
14.29,14.22833631434725,14.449442925720513,14.153587
32.73,31.38618848719881,32.33289285551784,33.598103
12.25,12.126636485245687,12.799753030354701,12.664109
8.49,11.114475230362874,10.098906572217851,9.094845
9.58,9.135578135636312,9.18105301142241,9.115001
30.95,28.387256602433187,30.030518134904298,29.517273
28.06,26.496326426651937,25.95080814304124,26.788576
10.02,10.707279185441,9.796725120187546,10.025666
20.77,19.98736951747225,19.41463676985004,20.231625
17.37,17.4864539901285,16.11435345137448,15.685545
17.97,17.97858045497225,17.92289384868446,17.876781
14.09,14.509738902237874,14.124169617870068,14.335184
18.98,18.7750282088785,18.662334483946378,18.298677
26.5,27.487293223526937,27.779920377704517,27.428377
14.24,14.607944468644124,14.342101150737744,13.6568
22.34,22.62897107997225,24.131497816232717,22.567175
15.28,15.697162608292562,15.249511906631964,15.511478
11.98,13.842258433487874,10.512414659319507,11.725502
7.45,8.692523936417562,8.377002416238444,7.8253174
24.91,25.322620371964437,26.22157871535413,25.525335
27.64,27.694492320206624,29.212791448956455,29.07598
27.71,25.9993934432535,26.08551381504832,27.4475
13.12,11.068851451066,11.764222264690648,12.08099
24.37,24.12189100184725,22.150301342869408,24.101242
26.94,27.224124888566,26.592527912007892,28.015085
20.52,21.134311656144124,20.33266431202858,20.60363
26.01,25.045200328019124,24.492509617260936,25.206907
27.92,27.2720985213785,27.72271607582989,28.608425
25.91,25.19757459559725,25.652712662904676,25.552998
17.8,19.257785777237874,17.493599235037845,16.925423
26.58,25.4979285995035,25.612557922829303,27.04364
17.89,20.83778760829256,17.552948235912854,18.446365
21.17,21.37349317469881,21.038927924129126,21.333412
16.6,16.10284803309725,16.871278223090293,16.893644
10.07,11.236194590714437,10.181849339347448,10.369655
16.8,17.005100230362874,16.312930040456468,16.24249
11.76,10.380817393448812,11.924577214038116,11.664347
14.42,12.922214488175374,13.302460551533958,13.638612
13.54,13.458713511612874,14.269408224501527,14.415417
26.99,26.71297071376131,27.20897402045267,26.654602
13.93,14.128101328995687,13.882574274893425,14.018657
16.18,17.172885874894124,17.31210584016474,16.563812
20.25,22.563465098526937,21.21404517942571,21.33533
8.68,8.760303477433187,8.715946693472212,8.562649
9.02,9.231723765519124,12.208337006406762,10.77053
18.93,19.15411756434725,19.62621858914129,19.242273
16.33,18.04779432215975,17.475852292965726,17.25357
29.63,29.09015272059725,29.5741998159977,29.79048
8.51,8.846302012589437,8.761262710316913,8.604788
19.57,19.46388624110506,17.62744049301734,18.984898
11.75,10.497150401261312,10.9632182569065,11.581574
21.93,22.839038828995687,20.704387649885277,21.168404
13.71,12.399311045792562,13.40600138952853,13.736806
19.24,19.998813609269124,19.566946704619035,19.362476
25.55,25.090793589737874,25.269084149142376,24.607399
12.5,12.48236463465975,13.073418103057357,12.698836
22.21,23.528110484269124,21.763674400294683,22.684362
15.0,14.946933726456624,13.925459157304255,14.975574
19.41,19.081699351456624,18.422015056574978,18.703362
21.67,22.592197398331624,22.341372370536195,22.30897
21.44,22.6314735213785,22.56646137082296,22.451498
24.23,24.027988413956624,23.74822910786066,23.697193
22.81,22.69879529872225,23.000751387727963,22.542631
13.87,12.15484998622225,12.572749390505145,13.282356
14.79,14.154193858292562,14.070056126551048,14.287633
26.04,26.01764295497225,26.408620360805273,25.328632
25.1,24.950473765519124,25.773370846450113,25.141535
7.89,6.587757090714437,7.5015937656727605,7.809773
22.04,24.087192515519124,23.74064931494282,22.519026
13.0,12.70477674403475,13.457255215687022,13.03247
17.3,15.559787730362874,17.111747982998914,16.565254
24.15,23.820407847550374,23.996287221967215,23.799587
25.23,23.628391245987874,24.45629267598963,24.31094
21.87,22.022006968644124,22.186655993279693,22.743484
20.57,22.279636363175374,22.05360546277911,20.850813
24.1,24.19240186610506,24.328725110098418,23.958687
16.17,16.0604285995035,15.138374532382162,15.819464
20.04,21.12787244715975,21.48253537006295,20.615686
21.28,19.850070933487874,20.101905799356313,20.326424
17.13,18.242343882706624,17.487025419321995,17.367897
16.53,16.556369761612874,16.307637579716904,16.034962
29.3,30.501010874894124,31.00893923332843,30.418358
5.78,1.4930763045816242,7.732242254526518,7.5558343
22.73,22.2513465682535,22.101098626119597,21.907948
19.69,21.327976206925374,19.559726716624013,20.971128
21.48,22.213169078019124,20.73101295548373,21.729254
17.99,18.92340467372225,18.484378530298336,17.78281
19.55,19.66791150965975,19.90685260440843,19.891275
18.46,20.421787242081624,18.281102670116237,18.46109
19.19,20.53339002528475,20.943194001242258,20.149815
13.29,13.302478770401937,13.145278717406796,13.157983
21.66,22.795902232316,23.05991422853195,22.469017
11.83,10.972125987198812,12.721616090116752,12.15933
9.22,9.116016368058187,9.023382778494447,8.855266
21.06,20.060031870987874,21.361553847562128,20.9158
16.09,16.689701060441,16.745427839703726,16.734068
11.28,13.572177867081624,10.736960088306942,11.313459
19.7,19.515979746964437,18.22810359086751,18.973095
11.47,10.0113563338785,11.667657276628606,11.647024
24.22,24.144535044816,22.443701143677526,22.865627
24.39,23.155551890519124,23.752128974393962,23.414095
30.54,28.855335215714437,29.262946948286505,30.180412
13.96,13.531024912980062,14.540500770074802,14.093792
13.74,13.186847666886312,13.845122067528063,13.780288
21.54,21.645847300675374,21.506975001299523,21.438938
9.88,12.503162364151937,10.352347418006836,9.986498
17.52,19.67242811122225,18.963726838827434,18.20334
29.55,27.26497266688631,28.139675797987437,28.250126
18.14,19.39845655360506,17.872282362949406,17.872995
17.43,17.326084117081624,17.77400230696683,17.538105
22.88,23.000583628800374,23.059437296918208,22.653797
10.71,12.495716075089437,12.452025333188052,12.541465
11.82,9.57538221278475,12.158674044296264,11.700121
22.94,23.28297803798006,23.101032123425334,23.24559
27.1,26.52740857997225,28.074201688383376,27.105543
15.31,14.237720469620687,15.01242761438888,15.030395
20.81,21.277835826066,20.1254437109177,20.431625
18.08,19.204990367081624,18.25033560563325,18.079563
22.41,21.68788526454256,20.376800039459873,21.35705
12.18,11.054798106339437,12.04421604671126,12.532555
23.9,23.768527964737874,22.520915774972682,23.935377
20.71,20.75897596278475,20.981828897408317,20.452986
9.57,7.778598765519124,10.525775712387023,9.766081
32.53,30.35921094813631,31.846824027397197,32.788784
8.13,7.455844859269124,8.145004360943496,8.140808
14.55,15.520023326066,15.403633362722937,14.894551
21.62,22.99867628016756,22.42127094893934,21.937521
31.24,29.567630747941,27.41603187218827,28.211805
12.98,12.482532481339437,13.538701269558075,13.412669
20.27,22.310886363175374,21.68113042420417,20.883251
15.25,16.166172007706624,17.373474873722667,16.952278
17.74,18.65864942469881,17.425708662823673,17.978031
25.49,26.173191050675374,23.598243536193618,24.751488
21.64,22.78583143153475,22.411740010928852,22.110481
22.84,23.222019175675374,23.3925423560621,23.072767
8.19,9.780063609269124,9.111856037472634,8.826034
23.85,23.638034800675374,25.00796001924778,24.533882
9.63,11.153964976456624,9.934428717411471,9.7694025
12.17,9.8592567245035,12.819695733970343,11.774711
12.73,10.836872080948812,12.086349100613862,11.902378
26.7,25.811496714737874,26.36679076543602,26.651514
21.9,22.329013804581624,22.434054088860208,22.014442
24.8,25.100986460831624,25.245786115440275,25.227087
12.51,11.817279795792562,12.650398255052302,12.297282
23.16,23.506198863175374,23.073829993608214,23.319208
12.85,11.594318370011312,13.209656399502098,12.86414
18.02,19.149204234269124,18.37444493437838,18.573288
15.64,14.842914561417562,14.455723640869218,14.546052
28.46,28.095005015519124,27.907087272952953,27.545359
16.29,18.348010996964437,17.04202278582626,16.621754
28.87,28.33075330653475,30.471582952043445,30.877747
23.07,23.404819468644124,23.11582052805294,22.922157
23.61,23.88702772059725,24.418642583144646,24.264072
10.03,10.639896372941,9.536195041213803,9.952609
28.67,28.165988902237874,26.691596536806266,27.037107
22.92,22.858676890519124,23.43524193444712,22.954805
25.35,24.90010450282381,25.074007208377136,26.262705
10.14,8.940708140519124,10.769864113702203,10.668253
16.23,18.851657847550374,17.94679210279636,16.876183
22.34,22.86993787684725,22.04976410096712,20.267765
13.17,13.595630625870687,14.27263390580151,13.518537
8.24,6.944141368058187,8.12130292332123,8.215458
11.33,10.449634532120687,12.666283449820158,11.909505
17.36,17.8455848495035,18.57659904240267,17.166164
20.01,20.17560193934725,20.543025492423496,20.24094
11.18,11.400440196183187,12.615781761996171,11.504006
15.07,16.640308360245687,15.388591700330965,15.651417
16.48,17.15472791590975,16.53969048084443,16.644886
17.22,18.65315626063631,17.53600318512597,17.163568
17.12,16.8778114120035,17.649923261748473,17.181322
21.76,23.521152476456624,23.714452105383614,22.550325
17.02,18.33546827235506,16.496159930827396,16.576561
18.02,20.177585581925374,18.53644527230663,17.941715
22.13,22.16949842372225,21.264959352459577,21.527802
12.49,11.665637950089437,11.978570739665734,12.19214
16.24,17.4085731307535,18.291020787747005,17.330145
12.76,10.912326792862874,11.403607406702639,11.847924
25.61,23.5360145370035,22.900391593600915,24.494453
15.88,16.145008067276937,14.828637632369345,14.81969
29.48,27.81178663173006,28.648727822226785,28.36167
28.65,26.863819102433187,27.31652149429403,26.954954
18.75,20.25983045497225,20.519425265251588,19.557802
18.15,19.324466685441,19.688047869920574,19.115183
28.69,28.585941294816,28.395279852081195,29.01359
20.3,21.099597911026937,19.682645874044756,20.897818
27.7,28.032886485245687,28.1817034916206,27.727167
21.84,21.332248667862874,22.120958476733197,22.071594
18.65,18.874027232316,17.170313772196568,17.810293
13.79,14.169330577042562,13.85554583599861,13.672675
18.87,19.105014781144124,19.081259537480047,18.566877
12.77,14.322589854386312,13.965091400923445,13.630458
24.17,24.818393687394124,25.00613235482394,24.757036
22.42,24.1519813338785,23.324430448478243,23.917028
16.12,15.1075477401285,15.189348454093988,15.422187
18.02,19.571872691300374,18.020773784660754,18.114525
16.55,16.77858350673006,14.758940215299985,15.738155
16.66,17.037708262589437,16.825014148201976,16.343796
27.26,27.238986949112874,27.337415919975115,27.455122
14.54,14.187152842667562,13.960181276720716,14.012016
30.93,29.778812388566,31.724822356745698,31.097418
19.39,19.756809214737874,19.76479665510414,19.958088
14.92,15.449314097550374,16.295353049062708,14.428789
18.59,20.25148389735506,20.61570190279207,19.827438
26.37,26.825534800675374,26.47051870005958,26.923216
12.72,13.582416514542562,14.05233907455834,13.286456
8.06,7.824802378800374,7.558623988937256,7.7466674
9.22,9.9942664901285,9.57257367785594,9.149533
13.12,12.229022959855062,12.956252622519655,12.739745
25.82,24.679111460831624,24.59404815371365,25.640272
20.0,20.600589732316,20.328480176906385,20.159674
13.45,13.439792613175374,13.106859127827079,13.165923
18.22,18.641849497941,18.50947018115861,18.775002
20.45,21.14032361903475,20.843569680628118,21.296156
23.43,23.7730750838785,23.34978759638865,23.414799
14.89,14.312778453019124,14.805461083461738,14.881028
18.74,19.1846961776285,18.592281719961516,18.953896
17.31,18.91316602626131,18.365160287939176,17.998621
31.39,29.5137977401285,30.324127801984215,30.979753
30.05,29.54957960048006,31.608780352827427,30.296284
13.64,17.20961378016756,16.500814227283264,15.692829
26.5,26.00104139247225,25.57452191928757,26.020473
13.45,13.478931407120687,13.654024652497307,13.640545
10.1,9.905475596573812,11.67296342154277,11.249713
14.89,16.029087046769124,14.420313490134582,14.759092
12.91,11.219333628800374,13.184427317195336,13.034922
27.77,27.23848340907381,27.63068236962054,28.258823
16.94,18.927829722550374,17.156801939813995,17.696712
19.64,19.021656016495687,17.98232423307559,19.002075
7.23,7.670749644425374,7.455130239186631,7.7125144
21.94,21.883792857316,21.598109141643185,22.147947
16.19,16.98756788173006,16.182867449761208,15.855302
22.63,23.38568494715975,23.52184255074275,23.282461
20.98,21.6165809432535,22.281298244354556,21.789238
16.22,18.089389781144124,16.730991731667167,17.197273
31.64,29.471103648331624,30.506323368783068,30.954872
13.25,14.126239756730062,14.66242188330717,13.95245
13.08,11.583744029191,12.441111864370587,12.596792
17.47,18.320651988175374,17.54199105149991,17.352825
26.13,25.0555457870035,24.63490072299491,25.304796
8.83,7.158084849503499,8.273574304905344,8.480133
11.52,10.180927256730062,12.08148124602751,11.458634
26.75,25.288578013566,24.74628983386938,25.367998
12.88,11.53241346278475,13.324585401099448,13.241846
16.91,15.008472422745687,14.708088136888282,15.84353
17.43,19.493259410050374,17.775236309121837,17.646374
30.46,28.6993446151285,30.39987906088736,31.200947
13.94,16.31569288173006,15.753970398087223,15.159923
21.95,22.138645152237874,22.457951727872523,22.389374
14.39,15.084323863175374,15.302416223280648,14.671142
13.54,13.103305796769124,13.580121630309428,13.654434
14.83,12.767490367081624,12.737100659439873,13.726896
22.99,22.561771372941,22.0789700927593,22.559212
25.62,25.111576060441,25.2606108261135,25.79429
28.87,27.976413706925374,27.913649163913487,29.334475
11.19,11.093189219620687,11.592323916630749,11.322179
24.01,22.846103648331624,23.18069570300913,23.292536
9.44,8.552814463761312,10.00595558503902,10.351862
13.06,12.298053721573812,13.201949232778219,12.912709
24.46,23.774387339737874,23.831300928624206,24.629091
21.87,21.9281043807535,21.85254281462847,21.8732
21.64,23.548923472550374,21.859411307026306,22.66576
8.95,10.708789805558187,9.614191264503035,9.625396
17.14,17.33319471278475,16.77116171377656,17.116388
29.04,28.564945201066,29.62124150981444,29.690346
22.9,22.969333628800374,22.4356474626735,22.270483
8.69,9.508792857316,8.90173276649277,8.948394
13.14,13.405139903214437,14.022362862625556,13.505944
11.93,11.9293250838785,12.846727514955367,12.610194
17.19,15.968997935441,16.085677822888915,15.797415
16.15,16.772312144425374,17.42815242199681,17.713232
12.83,12.327564219620687,13.161188007804737,13.181951
15.51,16.479740122941,15.344918391313904,15.222764
18.52,18.559726695206624,18.163778188003093,18.710222
10.37,11.538791636612874,10.052202056504864,10.696292
11.39,11.59369275965975,12.944150362665372,12.172098
6.82,5.265338877823812,6.789515735115642,6.6860433
12.45,12.654636363175374,12.412197561902904,12.291019
25.27,25.23256299891756,25.450439258162874,25.69738
7.77,7.300678233292562,8.084199786018074,7.837182
26.8,24.98738477626131,24.76854382785574,25.902287
14.61,15.528858164933187,15.353610464840177,14.8294735
15.06,17.679111460831624,17.448358341444195,16.594952
9.98,10.377246836808187,9.386674602288261,9.936937
20.36,19.718555430558187,19.98506052893976,19.513805
14.75,15.984424571183187,15.36022710826512,14.866378
14.79,15.988040904191,16.469979045509245,15.597952
9.3,9.020786265519124,10.13365377776391,9.628818
23.73,23.233310679581624,22.993021056042622,23.982786
11.35,10.778034190323812,12.520025943899013,11.833098
24.73,24.278354624894124,23.930436704053374,25.492638
20.96,22.564487437394124,22.037040233218757,22.09413
27.76,25.539554576066,25.31470796335752,26.435417
20.95,22.028049449112874,21.820527579286505,21.410154
28.9,28.176761607316,28.13713663423897,29.26666
12.98,15.843219737198812,15.163946470849263,14.5862665
8.94,6.572574595597249,8.442372222374729,8.698481
17.75,19.86934278407381,20.11961261125831,18.025011
14.09,12.514087657120687,13.898450394531656,13.873606
21.55,22.559482554581624,23.03534221383742,21.822025
27.8,26.9515418807535,26.304586158156983,26.877108
30.38,28.121799449112874,27.74370243457456,29.660963
19.59,20.2095985213785,19.699965255289392,19.99401
22.94,24.228977183487874,24.684572493575804,23.93611
27.22,26.522190074112874,27.51582344189351,27.130274
9.07,9.476612071183187,8.966201798885251,8.853407
17.15,19.116550425675374,17.557932888837243,18.118204
25.65,25.609409312394124,24.15457861452022,24.731539
23.93,22.72272107997225,22.54800673428574,22.746033
16.9,17.210666636612874,15.438112111515075,16.05701
20.35,21.78949354090975,21.54575708451704,20.86665
13.57,12.533954600480062,13.16820710300728,13.461436
12.96,13.4537391463785,13.951202972560347,13.639938
20.88,20.340549449112874,18.55141496547757,19.799404
7.09,8.64508436122225,8.449298569200401,7.5453005
32.86,30.01312635340975,32.27145010836189,32.45414
28.48,27.410678843644124,28.349400214637473,28.049313
7.7,8.413501719620687,8.396632096892755,8.111644
15.16,14.995319346573812,14.206642891553463,14.936615
13.42,14.582843760636312,14.618311996723177,14.310111
24.78,26.1973914901285,26.086087261194628,24.530024
26.52,26.46039197840975,25.957438935522084,25.819881
27.05,26.78670118251131,27.01705660372366,27.199608
18.35,18.287143687394124,17.861419259260455,17.862703
17.1,15.92255018153475,16.603806862123083,16.770983
19.69,19.27692029872225,18.752239627551383,18.888044
21.19,21.371677378800374,21.940989266002653,21.765732
16.35,18.092075328019124,16.657636252027988,16.529575
15.84,17.05311963954256,16.76807276349515,16.064613
19.21,21.384250620987874,21.628329098100608,20.59708
13.89,14.834644297745687,14.617025512772122,13.766297
21.71,23.538074473526937,23.7886234099205,22.76844
25.66,25.332279185441,25.179914851485197,26.60541
25.45,26.57257459559725,26.99705648273183,26.207987
25.82,25.310794810441,26.526474704891964,25.476892
12.78,13.27301404872225,13.293390117453928,13.521623
16.79,16.7579383651285,16.250973805975214,16.612955
25.43,25.160007456925374,24.446381210480943,25.136232
15.71,14.847919444230062,14.851042649406688,14.847217
14.55,13.9996375838785,15.178261726260017,14.486684
22.38,23.438877085831624,22.079246796316134,22.973736
16.21,16.964832286026937,15.915187552446126,16.374117
13.7,14.184299449112874,14.130913930473044,14.092311
23.41,22.130771617081624,23.68167795434076,23.662376
15.66,15.402484873917562,15.828424430026889,15.891733
16.61,18.503177622941,17.832156584222414,17.12724
18.18,18.338428477433187,16.46161432637639,17.337688
22.66,23.04217908778475,23.522523866322498,23.496502
20.97,22.48053357997225,23.30580588669026,22.569519
27.8,26.874301890519124,27.529203763702185,27.238066
23.51,25.160755137589437,23.856122313345686,23.398016
7.79,8.568042735245687,8.798351625945003,8.07396
14.89,17.645236949112874,17.591110583224104,16.94462
13.31,15.132068614151937,14.136135065525574,13.546149
20.27,20.134372691300374,19.56102765795021,19.986797
14.54,17.01080701747225,16.8072384463896,15.496453
23.74,23.195896128800374,22.908064847837334,24.57978
18.62,17.788852671769124,18.34457851879439,17.895205
21.19,21.93585584559725,21.313323608702053,21.10825
26.8,24.344211558487874,25.057365894180332,26.111786
16.81,17.026096324112874,17.123612205824625,16.35056
20.83,22.18976209559725,22.790308839934873,22.095163
20.79,19.405063609269124,19.931922265297885,19.819426
17.53,16.10304639735506,15.144134207051112,16.046793
25.04,25.475833872941,24.19098630620693,24.091974
19.91,19.118320445206624,19.101276857498593,19.625353
12.8,12.688404063370687,13.19754528869536,12.616768
23.2,23.699436167862874,24.280015854856206,23.618853
15.33,14.507114390519124,13.965741388956904,14.785757
17.84,18.226596812394124,19.122561983056094,17.745995
23.98,23.45624158778475,24.05395024267557,23.922153
9.63,10.508686045792562,9.547352673835453,9.7918
21.66,20.8983192245035,20.871268450064477,20.497492
18.08,19.2501258651285,18.976431296256276,19.107046
16.54,16.393222788956624,16.070945875580446,16.513735
30.28,29.562732676651937,30.087057009250415,29.583454
10.8,12.382373789933187,10.846996039165514,10.802602
11.5,10.07086561122225,11.733536026299543,11.389465
23.2,24.64801404872225,25.527036717237987,25.006618
11.77,10.28485486903475,11.14444172408775,11.63032
22.27,22.270420054581624,21.683235444497488,21.982195
29.39,27.791660288956624,27.74961931880723,28.496874
31.02,29.915760020401937,32.46792428347537,32.19951
25.98,26.009738902237874,26.0609315563614,26.033188
29.76,27.930149058487874,29.475872597315696,29.7981
27.96,26.915210703995687,27.304559255581772,27.512074
15.6,16.031406382706624,15.543283722908358,15.093482
22.38,23.482944468644124,22.89833622359814,23.190292
33.67,32.369449595597246,33.593823311381726,32.898605
9.96,10.447620371964437,10.428009991359183,10.396416
24.31,24.180393199112874,24.691969764950315,24.714851
24.11,25.248218516495687,24.09000495446531,24.501503
9.03,9.069049815323812,8.709969820479081,9.051151
22.53,21.553195933487874,21.273573968532826,21.689081
22.72,23.870517710831624,24.433840382176587,23.31932
27.42,26.15338514247225,26.036643134962535,27.126326
11.59,8.610706309464437,11.020580345129439,10.868512
8.37,6.180744151261312,8.246461387428651,8.011905
12.54,12.979343394425374,14.071912154026364,13.199334
19.74,19.4566688338785,19.778573091117128,19.94562
26.99,26.873752574112874,27.908158247233175,27.868351
20.97,20.0433387557535,18.809237951264546,19.836926
15.26,13.445667246964437,13.563924361052035,14.591503
27.34,25.489963511612874,26.617664519698987,27.36265
14.03,15.943454722550374,15.06495019968322,14.58137
17.51,18.21539686122225,16.785955223189546,17.012316
21.99,21.950473765519124,22.220610619387767,22.107296
29.64,29.72894666590975,30.580881707260584,31.327667
26.48,25.676746348526937,25.447728922286387,26.418217
16.91,19.610813120987874,18.245628069210916,17.388319
30.19,27.615756968644124,28.57842009350125,29.26366
19.53,17.880420664933187,16.907799416999556,17.710094
18.51,19.041355113175374,19.248794822522708,18.850918
8.14,7.488529185440999,8.584096471537718,8.834158
27.41,27.136707286026937,27.47504714429032,27.819187
11.48,12.189670542862874,13.474589771971512,13.269333
17.44,16.8529090682535,15.318027471276437,16.221714
34.44,31.25911329188631,32.28950375611216,32.89013
14.7,15.065204600480062,14.987572876471098,14.849604
13.72,12.232700328019124,12.633042007760645,12.839018
11.42,10.989994029191,11.147965135726837,11.059647
15.74,15.723392466691,16.197805662146042,15.66019
7.47,5.067340830948812,7.794651142820602,7.4621763
13.47,12.010257701066,13.196820421219158,13.270154
27.85,27.11725232997225,28.152960656158577,28.455475
12.41,10.447254161026937,11.501483485791196,11.963817
17.58,17.929538706925374,17.976453288907948,17.573814
20.06,20.293247203019124,19.56099098247055,19.981367
21.1,22.047458628800374,21.039306410886784,21.756136
9.64,8.425540904191,10.975078544848683,10.421478
12.26,13.953693370011312,13.70006620565536,12.633297
17.13,19.41963575282381,17.428545959628607,17.041622
22.69,24.44061658778475,24.781833986209573,23.61955
10.02,11.214847544816,9.771855776965408,9.469263
22.41,21.54669568934725,22.392548871703045,22.455507
12.74,10.752933482316,12.003407318187923,12.003401
16.33,17.441806773331624,16.94398938485143,16.906
27.31,27.21211622157381,26.956806250855674,27.371027
23.02,21.700199107316,22.210237707856756,22.051035
21.47,22.49837110438631,21.208121137882312,21.47592
24.49,25.451450328019124,26.212390721286464,25.551382
22.5,22.899906138566,22.32404234935603,22.563047
11.84,11.688632945206624,12.999497296917909,12.275117
10.41,7.340381602433187,9.605591097747713,10.027914
19.12,18.16644666590975,18.261845144972337,18.291483
25.01,25.493656138566,25.200995684388193,25.14289
30.66,29.87959669032381,30.511394087031665,30.851173
25.91,25.68964002528475,26.015693619380674,26.328934
30.18,29.21673963465975,31.04121086752843,31.459942
10.79,11.53729627528475,12.995539752450995,11.178394
12.93,13.708499888566,13.29595447628189,13.035343
14.01,15.959873179581624,15.631142145954012,14.828538
18.59,19.659183482316,18.418172274329468,18.563122
22.89,22.296848277237874,22.64634790413465,22.475124
31.13,29.12379835048006,30.351452053858157,31.152817
9.51,9.897876719620687,10.45823471658071,9.478035
20.89,21.605319956925374,21.98858805922385,21.79939
18.14,18.922946910050374,16.92500562524421,18.318377
9.56,8.383167246964437,8.721610887037086,9.582014
27.97,27.806735972550374,28.256448650241126,27.970152
21.8,21.70088575282381,20.732477650665885,20.927608
21.93,21.754505137589437,18.68882184603278,20.59277
19.53,20.8970985213785,19.991201205287027,19.731222
18.79,20.918979624894124,20.24024982567635,19.431047
23.8,23.425540904191,23.203826193314608,23.632303
15.77,16.31354139247225,16.273449834292165,16.07516
19.76,20.44411085048006,19.727805658938337,19.795357
25.7,25.257419566300374,24.894193149875214,25.218998
19.97,18.348300913956624,17.693291317769194,18.620504
17.96,17.6199989120035,17.790308252078685,18.09422
20.87,21.652866343644124,19.964806369557767,20.636395
19.1,17.998996714737874,18.762066041126634,18.99575
14.23,16.84724805751131,15.758217000279844,14.927965
14.99,16.593799571183187,16.103411611189497,15.897117
16.95,18.15834424891756,17.91584063866852,17.228573
25.07,24.934665660050374,24.399048193798183,25.23373
15.09,16.54524610438631,15.536526061478934,15.490517
11.27,12.824619273331624,11.590440089403044,11.810339
8.47,9.846439341691,9.114074311980588,8.878301
19.95,19.542209605362874,19.188823576450705,19.387411
15.7,16.31679151454256,15.496927750411645,14.981382
12.66,12.622119883683187,13.029996008499722,12.840731
35.14,31.871677378800374,32.9957024970765,34.712868
18.42,19.235355357316,18.176180578970886,18.236696
21.1,21.37762830653475,21.949054736015146,21.139652
19.56,18.64007947840975,19.29357488996342,19.043331
24.72,24.94952772059725,25.42841052098935,25.864151
22.27,22.721363047745687,22.089088523959152,22.043934
10.86,10.85663221278475,12.25378619756402,11.956051
16.92,17.9554481307535,16.994794778864648,17.246876
23.36,22.002536753800374,21.29196801860027,21.968153
17.11,17.344486216691,16.838941237053785,17.343948
13.61,14.299289683487874,13.511262950312636,13.460825
25.53,25.380725840714437,25.999875292258746,25.315708
23.74,23.7733192245035,25.18529868038665,24.803493
17.54,16.2095985213785,16.663531983494718,16.48822
30.92,30.29793165126131,32.076898746895225,31.83556
27.67,26.22334669032381,25.963018565872783,25.779484
16.12,16.229785899308187,14.87998262435435,15.507028
27.6,25.729160288956624,26.63865199493554,27.128927
9.56,10.716587046769124,10.238400871484185,10.030732
18.55,17.9610633651285,18.151411257743526,18.392143
6.16,3.580234507706624,7.751559839272924,7.5696783
21.75,22.519016245987874,22.526318729998923,22.505333
10.67,8.94733045497225,10.545644892670675,10.419666
16.68,17.46962354579256,15.994935985115823,16.12534
14.53,13.88238904872225,13.435289126089055,14.338428
14.41,14.332294444230062,13.744289085894097,13.646059
21.83,21.842807749894124,22.091762316594064,22.438097
19.24,18.796054820206624,19.074719803119716,19.745975
27.87,27.005893687394124,25.22797186348561,26.394167
8.42,10.543170909073812,9.54642973262633,9.233336
14.2,16.066501597550374,15.244654979449585,14.598755
28.76,27.73231885829256,27.493188937277605,28.053867
33.38,30.988773326066,32.56021980623045,32.66438
7.58,7.877124766495687,7.367049208549736,7.83687
13.35,13.068927745011312,13.301612442770177,13.369768
6.22,5.261157969620687,9.556206418551495,7.919886
12.21,12.833042124894124,13.370621809747973,12.700742
15.62,15.87311170497225,15.220126467711294,16.044384
16.39,15.043918589737874,16.180469523198088,15.981549
18.57,18.94293592372225,18.35615737804631,18.42137
19.32,21.247425059464437,19.931076094255523,20.464
17.55,17.540683726456624,18.031598211274748,17.486765
21.6,23.197132090714437,21.414702163136933,21.06438
9.84,8.459674815323812,9.27229889416139,9.835406
13.23,12.216220835831624,13.184909969844105,13.018675
16.35,16.970554331925374,17.4458724787355,17.332966
14.99,15.842258433487874,14.432865950660098,14.915471
13.93,12.962192515519124,14.099079459136998,14.204698
27.45,25.759189585831624,25.554787931709214,26.7884
10.01,9.444904307511312,8.338289792329125,8.730458
20.1,19.325778941300374,18.43593057968447,19.247816
25.4,24.519260386612874,24.413109656906464,25.087875
22.17,21.560214976456624,21.80533327622853,22.44456
28.48,27.3890418807535,27.199755644286295,27.707277
21.62,22.63641736903475,23.51369221694834,22.485033
20.33,21.271961192276937,20.408765206443153,20.312511
17.98,18.37347791590975,16.60620690431885,17.535648
26.08,24.685062388566,25.839341653525448,25.68191
23.99,24.96796033778475,24.413659322303953,25.384209
18.67,18.819370249894124,19.797009344783525,19.295546
17.79,18.289096812394124,18.320208116619597,17.973976
15.2,14.823093394425374,14.702726973479226,14.849347
20.68,22.119388560441,22.152274724637724,21.528502
20.73,19.76459119715975,19.797930236467423,19.707518
9.31,9.936084727433187,9.909915106241511,9.614514
19.51,20.99843213954256,18.41917390936051,19.29516
34.14,29.998889903214437,31.898998665863704,32.223557
20.98,22.254367808487874,20.689085609395914,21.101759
7.91,6.694843272355062,8.383330662001397,8.380536
13.81,12.780536631730062,13.492723363743798,13.616226
10.84,11.117847422745687,10.373775261263255,10.925936
11.83,11.202182749894124,12.544113897948458,12.591961
12.13,12.284381846573812,11.713453018578962,11.952106
27.57,25.96564100184725,25.92292268925688,26.733473
16.23,16.80524061122225,16.904856964602153,16.550274
10.9,11.078845957901937,9.92407933925466,10.70985
20.74,22.06825635829256,20.929254502701756,21.407843
18.31,19.501804331925374,18.471081836056605,18.581959
9.9,9.559802989151937,10.867148446662268,9.887399
7.57,5.642749766495687,7.594991540126971,7.506186
22.28,23.499973277237874,23.71221197070031,23.65955
31.23,30.083530406144124,30.39736707425264,30.673086
20.04,20.029331187394124,19.91050634339923,19.395216
12.05,11.810901621964437,12.759576116207345,12.269017
25.43,25.691883067276937,25.091292377031934,25.570272
26.62,27.339405039933187,27.731649540719566,27.661995
10.45,11.823703745987874,10.262519118986338,10.350192
12.88,13.501270274308187,13.704873619899358,13.428403
14.91,15.341144541886312,14.08285650675391,14.208369
7.41,10.666645030167562,9.209412376805782,8.5073805
16.51,17.817905406144124,17.193306779083397,16.947851
22.04,22.794681529191,22.8262618942461,22.694365
18.8,18.16485975184725,18.37505169645842,18.49089
20.75,19.220920542862874,17.92474009254724,19.489311
14.69,15.987338999894124,15.044643175089307,14.880513
16.65,17.848422984269124,17.46313255089237,16.610142
17.83,17.18196485438631,17.180111163800934,17.539906
14.76,17.019321421769124,16.24060423780194,15.6228895
15.27,16.375980357316,17.44185016919355,16.804316
21.79,23.005283335831624,22.926032711017363,22.674957
22.25,22.9483680526285,23.02709672317672,22.029364
13.31,11.957736949112874,12.986467898184683,13.084672
11.66,12.2515907088785,10.29102684140206,10.72031
11.6,13.899524668839437,13.880212729561036,12.02832
22.42,23.2279090682535,23.297968553667193,22.98004
24.77,23.707797984269124,24.500218892249944,24.765787
11.5,11.900196055558187,10.865304122348242,11.47778
21.49,22.039798716691,22.294629721182954,20.484804
19.05,19.823352793839437,19.4780450280851,19.760204
18.37,20.000400523331624,18.804752662568227,19.503662
12.88,14.309741953995687,14.496497335186472,13.611353
14.78,15.388660411026937,14.429940261705697,14.619759
7.21,7.878772715714437,9.19109127060676,7.8038125
27.38,26.262943247941,26.567912962025737,27.301622
17.65,17.014743785050374,17.127680708821643,17.406275
11.83,11.857013682511312,11.79328338416214,11.840477
17.75,17.59454725184725,17.956978686748982,17.847347
31.44,30.089023570206624,30.595982513698004,31.470821
17.99,18.902317027237874,18.689234573543523,19.014057
13.21,14.878101328995687,14.379316448973062,13.688143
9.17,8.185077647355062,8.316349775279466,8.401695
11.77,11.305500010636312,12.710134135680862,12.020869
22.89,20.83063123622225,21.290809058260166,21.081388
18.22,17.921375254776937,17.064796447344268,17.701591
15.13,15.937595347550374,15.719858396298932,15.499983
20.75,21.277454356339437,20.328416038418904,20.93204
19.82,20.713840464737874,19.85066412078142,19.707026
9.39,7.838306407120687,9.177853645126232,8.79698
6.62,7.970752696183187,8.768523929058174,7.0107636
18.5,18.87947462001131,19.001759456966145,18.553669
20.73,22.95038221278475,22.20029087171189,22.00907
20.31,21.495334605362874,21.17382402356495,21.029036
19.11,19.348361949112874,18.49471334177505,18.328785
17.01,16.440586070206624,16.90083801434154,16.22144
23.97,23.9876746932535,23.290303114658574,24.136265
7.78,7.120410899308187,8.215688707339412,8.597387
31.2,30.26283643641756,30.73287641725621,31.786612
22.0,24.471591929581624,25.761238124948516,24.10948
11.51,11.833301524308187,12.232429365986915,11.990182
5.5,5.273731211808187,7.229067857280176,6.2637043
23.0,23.44891736903475,23.856835490696824,24.047958
22.82,22.79664991298006,21.22057520342015,21.986338
6.92,4.839664439347249,7.280118616742164,6.9876537
14.24,15.2469520370035,14.648818864694597,14.675766
20.82,21.307132701066,20.78701667552167,21.289331
10.59,11.64569471278475,10.271711071839244,11.626998
26.77,24.57818982997225,24.32871732471717,25.515862
13.67,12.817829112198812,13.621069772018569,13.647884
23.7,23.142322520401937,23.256446625273732,23.2168
8.39,9.982654551651937,9.192260779786805,8.186659
27.29,24.71429822840975,24.510534777134538,26.481592
21.57,22.630863169816,21.386071166344376,21.444277
7.55,7.765720347550374,7.683147608334358,7.608828
16.28,15.697101573136312,15.482077027208785,15.85124
25.53,25.51556775965975,26.30799363693975,25.894016
18.88,19.215854624894124,18.52884934035054,18.76695
17.87,18.006931285050374,15.571569235775117,16.798374
18.82,19.3660926620035,19.825823793595458,19.38589
21.89,21.301486949112874,21.254827519618402,21.325218
15.6,12.645420054581624,13.005693366380358,14.130105
22.91,23.976718882706624,24.162152978811875,23.616938
12.28,12.267169932511312,13.820361365058115,12.802194
26.0,26.08917615809725,26.9639607675096,26.341942
17.83,16.694690684464437,15.290434967915207,15.997398
9.28,9.236118296769124,9.363485318212348,9.344127
10.66,10.528247813370687,11.811147571837209,11.690024
25.34,25.39923475184725,24.396430041372756,25.481766
23.98,23.1422157088785,22.251614478522097,23.407816
15.58,17.843006114151937,17.063572488604574,16.959553
12.12,13.178333262589437,13.81651155956339,12.848979
19.51,17.729495982316,16.7536311568839,18.061115
14.42,13.687366465714437,14.453446905610715,14.522711
13.19,11.793735484269124,12.841388008181616,12.796157
24.18,24.866947154191,25.10992824581695,25.295958
8.99,10.302219370987874,9.715173646913666,9.151547
17.66,17.972446421769124,16.551890848731873,17.222174
12.69,11.88531873622225,12.92834569933335,13.038996
26.95,24.80194471278475,25.040993182056173,25.732435
10.17,9.809711436417562,11.414197245152213,10.907175
15.43,13.835041026261312,14.42121830330188,14.633861
26.42,26.242038706925374,27.79307509620831,27.821274
22.56,22.76495740809725,22.582951054913277,23.045813
34.94,32.28816602626131,34.05666012642499,34.468243
23.89,23.894748667862874,24.37247624373048,24.307934
21.58,22.612155894425374,24.012385755133145,22.941254
30.47,29.425266245987874,30.482684388430176,30.370445
25.56,26.190586070206624,25.89890102217082,26.251743
13.79,12.913913706925374,13.085528402124652,13.03911
26.89,24.7235145370035,24.813052314111236,26.431124
7.31,6.681644419815999,8.220029211006857,7.402495
9.89,9.070056895401937,10.628158721977956,10.006402
34.81,31.270267466691,32.864994647063305,34.66318
26.6,26.74335096278475,27.25788093650311,26.676498
9.68,8.480152110245687,9.482602175083693,9.351455
15.51,15.948474864151937,16.210683069565974,15.380845
21.56,22.8084754745035,21.638191512596713,21.638021
16.76,18.0164832870035,17.205394064096463,17.199734
25.09,23.658786753800374,24.57408082573023,24.550928
17.0,18.342441538956624,17.543494462337655,16.53691
12.67,11.687900523331624,12.059642863005447,12.455642
16.34,16.466541270401937,15.731012870445396,16.24704
22.28,22.54364393153475,21.822546700975145,21.910122
34.44,31.690967539933187,31.588098081862377,33.490112
31.79,28.736911753800374,30.048195361343435,30.227156
24.15,24.509372691300374,25.12219160765377,25.005033
20.8,22.261081675675374,21.997296706188695,20.95073
22.8,22.270999888566,22.06242427206465,22.391705
11.15,10.251972178605062,12.380824229558575,11.836648
16.72,17.36183545985506,17.001728402293434,17.172947
25.54,25.648227671769124,25.967391820585334,25.306042
26.58,25.079257945206624,26.165035378123086,25.498877
14.48,14.063388804581624,12.98957666051269,14.110453
18.36,18.099170664933187,17.780422984555383,18.226948
31.59,29.647556285050374,31.411781023405688,32.577667
29.53,28.024143199112874,29.25981052723447,28.895517
8.54,10.3790321151285,8.930845773242119,8.398956
12.02,11.178638438370687,12.851630121903801,12.384861
15.19,16.664310435441,14.741651278658795,14.079398
10.97,12.571552256730062,13.063925548373197,12.425326
24.0,24.866214732316,25.505875993918366,25.348726
27.02,27.505771617081624,27.219600655087337,27.479399
12.21,9.955799082901937,11.800974087890376,11.750132
20.35,20.179050425675374,19.751472282373076,19.997654
10.66,12.501682261612874,9.510087216150016,9.9860935
25.14,26.47816846766756,27.54760450861246,26.369392
17.92,18.327182749894124,18.158528549571987,17.8177
19.05,20.142734507706624,20.10965220666482,19.638798
21.25,22.54132459559725,21.958415359219188,21.770588
13.85,13.240024546769124,13.868112330716665,13.998814
18.21,18.272678355362874,17.547006761193426,17.82726
19.48,18.658542613175374,18.81289119589346,19.081276
26.78,25.798694590714437,27.058662067260084,26.619957
13.5,13.56305311122225,14.387922936473705,14.095371
24.91,24.6290321151285,23.481125977174077,23.971087
15.24,18.1612586776285,16.766975466493005,16.37635
21.42,21.053470591691,21.84572425182671,21.592583
