Well_ID,Depth_m,WOB_klbs,RPM,Flow_Rate_gpm,Torque_kftlbs,Mud_Weight_ppg,Formation,Bit_Hours,ROP_m_hr
VOLVE_15_9_F1,2200.82,17.85,71.4,443.1,3.52,10.2,Shale,0.02,21.66
VOLVE_15_9_F1,2201.37,13.56,74.8,475.4,4.52,9.89,Shale,0.04,23.01
VOLVE_15_9_F1,2202.26,20.91,91.9,463.4,7.02,10.22,Shale,0.07,26.58
VOLVE_15_9_F1,2203.02,22.4,75.1,432.7,7.49,10.39,Shale,0.11,25.01
VOLVE_15_9_F1,2203.29,22.54,,377.0,5.74,10.48,Shale,0.13,23.66
VOLVE_15_9_F1,2204.27,19.71,83.7,459.7,4.82,9.95,Shale,0.16,24.38
VOLVE_15_9_F1,2205.08,18.94,62.3,416.3,5.52,10.11,Shale,0.2,21.96
VOLVE_15_9_F1,2205.91,22.14,108.7,431.3,7.25,10.11,Shale,0.22,26.09
VOLVE_15_9_F1,2206.21,23.03,87.1,473.6,2.97,10.26,Shale,0.26,27.56
VOLVE_15_9_F1,2206.77,21.66,70.9,511.1,6.79,10.05,Shale,0.31,27.93
VOLVE_15_9_F1,2207.27,16.48,74.0,452.9,3.94,10.49,Shale,0.32,20.77
VOLVE_15_9_F1,2208.21,19.34,56.1,476.6,3.94,10.24,Shale,0.36,21.73
VOLVE_15_9_F1,2208.92,19.93,68.0,396.6,4.39,10.22,Shale,0.41,23.13
VOLVE_15_9_F1,2209.78,14.32,99.7,464.2,5.17,10.48,Shale,0.44,22.73
VOLVE_15_9_F1,2210.34,20.01,118.0,452.0,4.24,10.23,Shale,0.49,26.69
VOLVE_15_9_F1,2210.72,24.53,95.4,503.6,5.3,10.3,Shale,0.51,27.93
VOLVE_15_9_F1,2211.36,20.45,83.1,432.8,5.72,10.12,Shale,0.54,25.58
VOLVE_15_9_F1,2211.61,22.53,78.0,444.8,5.46,10.03,Shale,0.56,24.8
VOLVE_15_9_F1,2212.48,19.31,70.1,496.8,5.25,10.15,Shale,0.57,24.58
VOLVE_15_9_F1,2213.18,18.67,115.4,450.7,5.02,10.57,Shale,0.62,24.55
VOLVE_15_9_F1,2213.99,19.81,81.6,410.1,5.84,10.33,Shale,0.64,23.95
VOLVE_15_9_F1,2214.47,16.82,116.2,556.5,6.52,10.28,Shale,0.69,25.26
VOLVE_15_9_F1,2215.45,16.45,105.4,411.3,6.26,10.09,Shale,0.73,24.11
VOLVE_15_9_F1,2216.36,22.03,58.3,451.8,5.37,10.38,Shale,0.78,23.05
VOLVE_15_9_F1,2217.19,22.3,74.5,468.3,6.25,10.04,Shale,0.82,26.59
VOLVE_15_9_F1,2217.54,16.39,74.4,465.1,5.64,10.0,Shale,0.86,23.12
VOLVE_15_9_F1,2218.11,21.29,83.3,446.8,8.38,10.16,Shale,0.91,26.18
VOLVE_15_9_F1,2218.35,18.66,83.5,447.0,6.39,10.53,Shale,0.95,24.31
VOLVE_15_9_F1,2218.67,19.72,129.4,445.0,5.61,10.52,Shale,0.98,24.83
VOLVE_15_9_F1,2219.42,20.03,68.3,409.8,3.73,10.17,Shale,1.01,20.98
VOLVE_15_9_F1,2220.22,21.37,87.9,540.4,4.93,10.14,Shale,1.03,26.49
VOLVE_15_9_F1,2221.19,19.09,93.7,445.6,4.73,9.99,Shale,1.04,25.54
VOLVE_15_9_F1,2221.65,22.41,84.4,478.3,5.9,10.25,Shale,1.06,25.98
VOLVE_15_9_F1,2222.15,19.66,86.1,441.1,4.22,10.27,Shale,1.09,23.58
VOLVE_15_9_F1,2222.72,20.45,68.8,440.3,6.3,10.36,Shale,1.11,23.69
VOLVE_15_9_F1,2223.07,16.81,86.0,436.2,3.14,10.38,Shale,1.14,22.42
VOLVE_15_9_F1,2223.38,24.29,92.1,392.5,3.61,10.21,Shale,1.18,26.51
VOLVE_15_9_F1,2223.96,20.07,89.4,448.0,4.98,10.32,Shale,1.21,25.85
VOLVE_15_9_F1,2224.34,20.68,93.0,438.2,4.24,10.14,Shale,1.26,24.71
VOLVE_15_9_F1,2225.08,14.88,105.6,501.3,3.41,10.32,Shale,1.31,23.7
VOLVE_15_9_F1,2225.62,16.85,98.5,406.6,4.23,10.17,Shale,1.35,23.89
VOLVE_15_9_F1,2226.49,22.0,85.5,431.4,4.35,10.31,Shale,1.39,25.45
VOLVE_15_9_F1,2227.25,19.63,66.9,418.5,4.78,10.3,Shale,1.41,24.48
VOLVE_15_9_F1,2227.7,14.13,75.4,512.2,3.66,10.25,Shale,1.45,21.9
VOLVE_15_9_F1,2228.57,21.51,81.1,419.7,4.51,10.36,Shale,1.47,25.61
VOLVE_15_9_F1,2229.41,17.56,88.2,477.0,4.9,10.01,Shale,1.49,23.28
VOLVE_15_9_F1,2229.92,22.45,77.3,493.3,6.4,10.08,Shale,1.51,25.53
VOLVE_15_9_F1,2230.35,18.7,70.4,448.6,6.5,10.2,Shale,1.54,21.33
VOLVE_15_9_F1,2231.1,19.44,66.6,399.4,4.93,10.03,Shale,1.58,22.81
VOLVE_15_9_F1,2231.41,21.87,59.7,399.9,5.13,10.18,Shale,1.59,23.67
VOLVE_15_9_F1,2231.77,16.68,80.9,488.9,4.5,10.19,Shale,1.63,20.8
VOLVE_15_9_F1,2231.98,16.45,62.4,404.0,4.99,10.44,Shale,1.65,21.16
VOLVE_15_9_F1,2232.8,18.44,69.4,470.1,5.17,10.27,Shale,1.67,23.69
VOLVE_15_9_F1,2233.54,21.0,78.5,459.0,6.66,10.4,Shale,1.69,25.46
VOLVE_15_9_F1,2234.3,15.61,,469.6,2.1,10.29,Shale,1.72,19.59
VOLVE_15_9_F1,2235.13,14.77,90.1,473.3,4.4,10.16,Shale,1.76,23.53
VOLVE_15_9_F1,2235.69,21.0,95.5,417.1,5.73,10.27,Shale,1.77,25.31
VOLVE_15_9_F1,2236.35,17.44,76.2,415.5,4.68,10.35,Shale,1.79,22.92
VOLVE_15_9_F1,2236.66,17.97,77.9,483.1,3.66,10.42,Shale,1.8,23.02
VOLVE_15_9_F1,2236.95,14.31,92.5,429.3,3.12,10.23,Shale,1.84,22.01
VOLVE_15_9_F1,2237.69,17.25,73.7,344.5,5.63,10.0,Shale,1.89,22.9
VOLVE_15_9_F1,2238.26,18.93,72.7,480.4,3.89,9.99,Shale,1.92,23.46
VOLVE_15_9_F1,2238.91,21.28,102.4,413.0,3.34,10.2,Shale,1.96,25.53
VOLVE_15_9_F1,2239.73,17.03,97.7,473.2,6.03,9.9,Shale,2.0,26.01
VOLVE_15_9_F1,2240.43,23.11,93.4,510.2,6.03,10.52,Shale,2.02,26.76
VOLVE_15_9_F1,2241.08,17.25,98.3,455.2,4.89,10.34,Shale,2.04,22.86
VOLVE_15_9_F1,2241.72,17.26,54.7,494.3,3.28,10.15,Shale,2.07,21.98
VOLVE_15_9_F1,2242.17,22.81,104.7,460.6,5.49,10.08,Shale,2.09,28.53
VOLVE_15_9_F1,2242.39,19.5,90.3,518.0,6.57,10.4,Shale,2.12,26.86
VOLVE_15_9_F1,2242.94,17.59,99.6,412.0,3.14,10.08,Shale,2.14,24.31
VOLVE_15_9_F1,2243.31,18.59,90.2,454.2,3.15,10.1,Shale,2.17,21.83
VOLVE_15_9_F1,2243.84,22.36,85.1,481.4,4.54,10.13,Shale,2.2,24.98
VOLVE_15_9_F1,2244.72,22.64,80.3,446.9,5.21,10.27,Shale,2.22,24.48
VOLVE_15_9_F1,2245.11,16.94,89.9,500.6,4.28,10.34,Shale,2.24,23.85
VOLVE_15_9_F1,2245.36,18.88,79.7,437.2,5.67,10.43,Shale,2.28,25.07
VOLVE_15_9_F1,2245.78,19.21,97.4,537.3,6.5,10.41,Shale,2.32,24.83
VOLVE_15_9_F1,2246.22,16.52,60.6,539.4,4.73,10.25,Shale,2.33,24.25
VOLVE_15_9_F1,2246.95,18.85,76.3,465.8,5.51,10.4,Shale,2.34,23.18
VOLVE_15_9_F1,2247.59,19.0,115.1,476.6,5.76,10.15,Shale,2.36,25.43
VOLVE_15_9_F1,2248.42,21.84,75.0,502.2,5.1,9.98,Shale,2.37,26.08
VOLVE_15_9_F1,2249.15,22.02,80.8,407.0,3.64,10.15,Shale,2.38,25.09
VOLVE_15_9_F1,2249.68,18.18,71.1,402.0,3.47,10.13,Shale,2.4,22.56
VOLVE_15_9_F1,2250.53,18.47,89.4,504.8,3.38,10.16,Shale,2.44,23.56
VOLVE_15_9_F1,2250.86,20.66,73.3,465.5,4.78,10.11,Limestone,2.49,18.17
VOLVE_15_9_F1,2251.08,17.54,81.6,445.4,5.08,10.18,Limestone,2.53,16.1
VOLVE_15_9_F1,2251.35,20.48,97.1,454.9,3.56,10.34,Limestone,2.56,17.57
VOLVE_15_9_F1,2252.13,18.79,73.9,359.1,4.89,10.51,Limestone,2.6,16.1
VOLVE_15_9_F1,2252.7,16.59,96.2,446.9,3.89,9.99,Limestone,2.64,16.44
VOLVE_15_9_F1,2253.03,16.62,96.7,424.4,3.66,10.06,Limestone,2.69,18.14
VOLVE_15_9_F1,2253.63,22.63,100.2,491.2,4.79,10.13,Limestone,2.73,19.07
VOLVE_15_9_F1,2253.95,18.62,86.5,494.3,3.63,10.37,Limestone,2.77,17.4
VOLVE_15_9_F1,2254.71,23.12,133.0,,6.8,10.22,Limestone,2.81,20.47
VOLVE_15_9_F1,2255.26,17.74,100.2,470.3,4.9,10.14,Limestone,2.84,19.11
VOLVE_15_9_F1,2255.77,19.75,89.2,394.6,6.09,10.36,Limestone,2.86,16.89
VOLVE_15_9_F1,2256.21,25.01,71.2,478.1,4.79,10.4,Limestone,2.87,19.59
VOLVE_15_9_F1,2256.91,16.38,82.9,479.7,4.23,10.25,Limestone,2.9,17.75
VOLVE_15_9_F1,2257.4,14.29,105.8,504.3,7.12,10.13,Limestone,2.91,17.13
VOLVE_15_9_F1,2257.67,22.25,110.0,539.2,3.7,10.29,Limestone,2.93,20.15
VOLVE_15_9_F1,2257.97,16.96,106.5,386.8,6.67,10.22,Limestone,2.94,17.0
VOLVE_15_9_F1,2258.94,18.98,96.1,439.0,7.14,10.22,Limestone,2.96,18.93
VOLVE_15_9_F1,2259.86,17.57,65.5,424.8,5.48,10.18,Limestone,3.01,15.89
VOLVE_15_9_F1,2260.62,19.71,91.7,461.4,4.75,10.39,Limestone,3.04,17.56
VOLVE_15_9_F1,2261.04,16.67,65.7,455.1,6.2,10.29,Limestone,3.06,16.13
VOLVE_15_9_F1,2262.01,18.6,62.0,445.2,4.22,10.41,Limestone,3.08,14.31
VOLVE_15_9_F1,2262.84,20.18,87.9,495.6,4.29,10.45,Limestone,3.1,18.11
VOLVE_15_9_F1,2263.61,16.53,92.2,410.5,4.4,10.32,Limestone,3.14,17.21
VOLVE_15_9_F1,2264.17,17.31,97.9,412.9,4.34,10.18,Limestone,3.18,17.29
VOLVE_15_9_F1,2264.59,18.19,91.8,413.6,3.88,10.41,Limestone,3.19,17.9
VOLVE_15_9_F1,2264.86,15.49,92.3,440.1,6.11,10.32,Limestone,3.22,16.41
VOLVE_15_9_F1,2265.79,18.01,69.6,405.4,3.74,10.65,Limestone,3.23,15.23
VOLVE_15_9_F1,2266.35,19.36,82.8,452.6,4.95,10.3,Limestone,3.27,16.18
VOLVE_15_9_F1,2266.71,18.07,61.7,447.9,2.82,10.36,Limestone,3.31,15.19
VOLVE_15_9_F1,2267.16,18.39,54.3,423.1,4.51,10.3,Limestone,3.36,17.13
VOLVE_15_9_F1,2267.82,19.02,95.4,489.5,3.76,10.24,Limestone,3.38,18.32
VOLVE_15_9_F1,2268.16,17.43,73.0,452.2,3.25,10.22,Limestone,3.42,15.6
VOLVE_15_9_F1,2269.05,20.8,97.4,497.0,5.2,10.3,Limestone,3.46,17.89
VOLVE_15_9_F1,2269.85,22.67,101.0,446.7,6.82,10.33,Limestone,3.5,17.81
VOLVE_15_9_F1,2270.63,17.92,75.0,453.6,5.27,10.43,Limestone,3.52,15.82
VOLVE_15_9_F1,2271.17,20.3,93.2,432.0,5.84,10.3,Limestone,3.55,18.83
VOLVE_15_9_F1,2271.88,18.49,74.4,454.3,4.62,10.19,Limestone,3.57,16.31
VOLVE_15_9_F1,2272.54,20.0,56.6,483.0,4.25,10.21,Limestone,3.58,15.33
VOLVE_15_9_F1,2273.26,23.01,86.2,438.1,6.31,10.06,Limestone,3.62,17.86
VOLVE_15_9_F1,2273.53,20.37,77.3,475.3,4.32,10.51,Limestone,3.65,17.95
VOLVE_15_9_F1,2274.06,14.66,77.7,422.0,5.49,10.18,Limestone,3.67,15.6
VOLVE_15_9_F1,2274.3,20.23,113.9,484.9,7.01,10.4,Limestone,3.71,18.73
VOLVE_15_9_F1,2274.89,22.18,61.4,431.4,3.91,10.3,Limestone,3.74,16.25
VOLVE_15_9_F1,2275.36,18.55,90.1,488.6,4.19,10.3,Limestone,3.79,19.78
VOLVE_15_9_F1,2275.67,21.59,69.4,457.0,4.33,10.24,Limestone,3.83,18.59
VOLVE_15_9_F1,2275.95,17.38,97.9,515.4,3.27,10.14,Limestone,3.88,19.17
VOLVE_15_9_F1,2276.62,15.39,88.8,408.4,4.15,10.11,Limestone,3.92,14.22
VOLVE_15_9_F1,2276.96,19.46,90.0,395.5,6.66,10.52,Limestone,3.93,17.11
VOLVE_15_9_F1,2277.9,14.72,70.1,429.9,3.12,10.28,Limestone,3.94,14.2
VOLVE_15_9_F1,2278.57,18.51,72.8,399.2,6.35,10.43,Limestone,3.99,16.86
VOLVE_15_9_F1,2279.04,22.33,98.2,399.2,4.96,10.47,Limestone,4.01,19.19
VOLVE_15_9_F1,2279.72,14.34,110.9,479.4,7.49,10.2,Limestone,4.03,17.8
VOLVE_15_9_F1,2279.93,15.92,91.5,454.4,3.99,10.32,Limestone,4.07,15.6
VOLVE_15_9_F1,2280.9,16.54,70.8,435.4,4.38,10.27,Limestone,4.08,15.08
VOLVE_15_9_F1,2281.49,18.97,89.4,439.1,3.96,10.09,Limestone,4.1,17.95
VOLVE_15_9_F1,2282.31,18.21,120.7,430.7,4.62,10.23,Limestone,4.13,18.92
VOLVE_15_9_F1,2282.58,22.63,85.8,520.6,6.93,10.35,Limestone,4.16,19.31
VOLVE_15_9_F1,2283.17,21.52,106.2,425.1,6.1,10.19,Limestone,4.19,19.12
VOLVE_15_9_F1,2283.76,20.37,73.2,401.7,6.17,10.21,Limestone,4.21,16.97
VOLVE_15_9_F1,2284.71,19.5,83.7,486.4,3.43,10.24,Limestone,4.24,17.68
VOLVE_15_9_F1,2285.37,20.12,93.6,445.9,6.0,10.58,Limestone,4.25,18.54
VOLVE_15_9_F1,2285.95,16.99,90.2,536.1,3.72,9.99,Limestone,4.29,18.13
VOLVE_15_9_F1,2286.36,21.29,72.8,433.5,3.4,10.34,Limestone,4.3,16.86
VOLVE_15_9_F1,2286.83,16.37,72.1,488.4,4.84,10.22,Limestone,4.32,16.14
VOLVE_15_9_F1,2287.44,21.24,99.1,497.9,5.67,10.17,Limestone,4.36,18.94
VOLVE_15_9_F1,2287.99,22.12,102.2,433.7,5.59,10.22,Limestone,4.38,18.03
VOLVE_15_9_F1,2288.21,19.68,107.0,424.9,6.24,10.36,Limestone,4.42,17.45
VOLVE_15_9_F1,2289.07,18.72,111.3,484.2,6.4,10.37,Limestone,4.44,19.19
VOLVE_15_9_F1,2289.99,20.16,86.3,477.6,6.87,10.29,Limestone,4.46,17.29
VOLVE_15_9_F1,2290.3,12.01,79.6,398.2,2.85,10.43,Limestone,4.48,14.53
VOLVE_15_9_F1,2290.95,19.92,104.5,409.4,7.16,10.45,Limestone,4.53,17.99
VOLVE_15_9_F1,2291.23,18.88,95.0,353.1,7.38,10.39,Limestone,4.55,17.89
VOLVE_15_9_F1,2291.97,19.04,69.5,478.4,4.32,10.18,Limestone,4.57,17.18
VOLVE_15_9_F1,2292.39,20.94,68.8,444.1,2.91,10.34,Limestone,4.61,17.26
VOLVE_15_9_F1,2293.12,18.99,91.6,448.1,3.42,10.34,Limestone,4.63,16.57
VOLVE_15_9_F1,2293.9,16.33,81.6,386.9,4.14,10.14,Limestone,4.67,16.04
VOLVE_15_9_F1,2294.72,18.83,83.9,410.7,7.37,10.03,Limestone,4.72,17.94
VOLVE_15_9_F1,2295.0,19.35,100.4,435.5,5.27,9.96,Limestone,4.75,16.53
VOLVE_15_9_F1,2295.94,19.47,95.6,427.7,4.45,10.28,Limestone,4.78,19.17
VOLVE_15_9_F1,2296.32,19.59,104.2,459.3,4.5,10.31,Limestone,4.81,20.32
VOLVE_15_9_F1,2296.55,21.78,55.3,477.9,3.2,10.09,Limestone,4.85,17.15
VOLVE_15_9_F1,2297.2,16.47,88.1,545.4,5.85,10.42,Limestone,4.88,17.91
VOLVE_15_9_F1,2297.69,19.63,94.7,453.8,5.08,10.29,Limestone,4.9,18.29
VOLVE_15_9_F1,2298.56,22.42,61.4,499.2,7.46,10.47,Limestone,4.95,16.97
VOLVE_15_9_F1,2299.4,14.86,74.4,421.4,5.21,10.32,Limestone,5.0,15.0
VOLVE_15_9_F1,2299.86,19.65,71.6,387.6,5.84,10.11,Limestone,5.03,17.37
VOLVE_15_9_F1,2300.82,17.74,84.6,440.5,4.57,10.34,Limestone,5.05,15.55
VOLVE_15_9_F1,2301.25,18.28,108.7,390.7,3.97,10.37,Limestone,5.09,16.07
VOLVE_15_9_F1,2301.86,16.95,114.6,455.2,4.2,10.19,Limestone,5.13,17.06
VOLVE_15_9_F1,2302.27,18.79,72.0,423.4,3.13,10.05,Limestone,5.16,16.63
VOLVE_15_9_F1,2303.22,23.82,92.1,376.4,6.62,10.28,Limestone,5.18,17.43
VOLVE_15_9_F1,2303.55,16.05,92.6,524.0,4.37,10.12,Limestone,5.2,16.81
VOLVE_15_9_F1,2303.78,16.29,90.1,433.1,5.96,10.44,Limestone,5.23,16.2
VOLVE_15_9_F1,2304.33,15.96,90.2,389.1,4.95,10.21,Limestone,5.24,14.99
VOLVE_15_9_F1,2305.33,23.54,88.8,490.5,5.1,10.53,Limestone,5.28,16.13
VOLVE_15_9_F1,2306.24,18.07,109.5,425.5,3.87,9.95,Limestone,5.3,16.48
VOLVE_15_9_F1,2307.04,19.16,100.8,498.2,5.6,10.29,Limestone,5.32,18.4
VOLVE_15_9_F1,2307.95,18.22,68.3,425.3,4.4,10.48,Limestone,5.37,16.13
VOLVE_15_9_F1,2308.87,16.87,96.2,433.0,6.04,10.14,Limestone,5.39,17.43
VOLVE_15_9_F1,2309.48,18.65,97.6,468.4,4.28,10.25,Limestone,5.42,18.06
VOLVE_15_9_F1,2309.93,25.39,88.9,478.3,6.36,10.21,Limestone,5.46,18.7
VOLVE_15_9_F1,2310.75,22.72,101.2,485.4,7.53,10.17,Limestone,5.48,18.7
VOLVE_15_9_F1,2311.48,17.11,87.0,451.0,5.17,10.31,Limestone,5.52,16.91
VOLVE_15_9_F1,2311.98,20.87,87.2,475.8,6.13,10.08,Limestone,5.54,17.96
VOLVE_15_9_F1,2312.26,17.17,86.0,484.4,5.52,10.25,Limestone,5.56,17.75
VOLVE_15_9_F1,2313.05,14.81,53.9,462.6,6.42,10.35,Limestone,5.6,14.69
VOLVE_15_9_F1,2313.46,21.8,83.0,448.9,5.65,10.24,Limestone,5.62,18.94
VOLVE_15_9_F1,2314.41,22.16,74.2,396.8,5.95,10.12,Limestone,5.65,16.7
VOLVE_15_9_F1,2314.81,21.87,66.4,478.6,4.92,10.43,Limestone,5.67,17.8
VOLVE_15_9_F1,2315.1,18.09,105.7,456.3,4.28,10.38,Limestone,5.71,19.37
VOLVE_15_9_F1,2315.97,18.85,91.8,438.1,3.62,10.12,Limestone,5.72,16.9
VOLVE_15_9_F1,2316.29,21.14,83.8,505.7,6.68,10.08,Limestone,5.76,18.8
VOLVE_15_9_F1,2316.63,20.25,75.7,397.5,3.75,10.13,Limestone,5.8,15.31
VOLVE_15_9_F1,2317.31,18.29,88.6,520.4,5.87,10.35,Limestone,5.82,18.39
VOLVE_15_9_F1,2318.21,15.23,99.1,453.7,5.36,10.31,Limestone,5.84,17.45
VOLVE_15_9_F1,2318.57,19.56,71.8,467.3,5.94,10.39,Limestone,5.87,16.03
VOLVE_15_9_F1,2319.02,21.97,84.1,438.8,4.62,10.22,Limestone,5.9,18.07
VOLVE_15_9_F1,2319.84,16.29,97.2,388.0,3.98,10.13,Limestone,5.92,16.35
VOLVE_15_9_F1,2320.82,20.88,55.2,449.1,5.16,10.41,Limestone,5.96,15.92
VOLVE_15_9_F1,2321.42,20.11,83.3,468.0,4.71,10.19,Limestone,5.97,17.99
VOLVE_15_9_F1,2321.73,21.16,77.8,481.7,3.59,10.3,Limestone,5.99,17.66
VOLVE_15_9_F1,2321.95,21.47,82.2,446.7,7.49,10.04,Limestone,6.03,17.78
VOLVE_15_9_F1,2322.33,17.55,76.7,366.9,3.78,10.19,Limestone,6.04,16.12
VOLVE_15_9_F1,2322.63,15.25,86.3,393.0,3.47,10.43,Limestone,6.06,16.16
VOLVE_15_9_F1,2323.38,17.96,113.0,536.7,5.02,10.17,Limestone,6.1,17.76
VOLVE_15_9_F1,2323.67,21.52,79.3,410.9,6.63,10.4,Limestone,6.14,17.03
VOLVE_15_9_F1,2324.28,17.94,88.6,511.7,2.34,9.93,Limestone,6.15,15.13
VOLVE_15_9_F1,2325.03,17.57,114.1,417.3,6.7,10.19,Limestone,6.17,18.08
VOLVE_15_9_F1,2325.7,14.75,75.9,447.4,3.37,10.25,Limestone,6.19,16.15
VOLVE_15_9_F1,2326.06,23.69,111.4,479.7,6.12,10.54,Limestone,6.23,18.93
VOLVE_15_9_F1,2326.9,21.37,84.3,421.8,4.38,10.1,Limestone,6.26,17.21
VOLVE_15_9_F1,2327.67,,110.9,518.3,7.97,10.38,Limestone,6.29,19.12
VOLVE_15_9_F1,2328.47,21.73,95.4,457.7,5.54,10.43,Limestone,6.33,17.68
VOLVE_15_9_F1,2328.77,20.76,88.8,,4.35,10.17,Limestone,6.38,17.74
VOLVE_15_9_F1,2329.07,18.71,83.2,444.0,4.57,10.22,Limestone,6.4,15.7
VOLVE_15_9_F1,2330.01,18.91,74.8,481.0,4.93,10.3,Limestone,6.42,16.11
VOLVE_15_9_F1,2330.53,18.25,85.3,517.8,5.14,10.05,Limestone,6.44,16.32
VOLVE_15_9_F1,2330.97,25.91,97.6,449.4,6.32,10.21,Limestone,6.46,19.89
VOLVE_15_9_F1,2331.56,20.72,84.0,523.9,5.12,10.47,Limestone,6.48,17.87
VOLVE_15_9_F1,2332.29,18.17,79.4,430.2,3.17,10.36,Limestone,6.53,15.31
VOLVE_15_9_F1,2333.26,20.5,80.4,485.2,4.64,10.25,Limestone,6.55,17.07
VOLVE_15_9_F1,2333.69,16.81,99.1,474.2,5.73,10.29,Limestone,6.57,16.65
VOLVE_15_9_F1,2334.63,23.1,102.5,411.9,4.81,10.37,Limestone,6.6,19.2
VOLVE_15_9_F1,2334.85,17.69,74.2,463.2,5.51,10.39,Limestone,6.65,15.4
VOLVE_15_9_F1,2335.49,20.59,74.1,455.0,5.0,10.2,Limestone,6.67,17.37
VOLVE_15_9_F1,2336.2,22.01,89.8,420.5,5.07,10.51,Limestone,6.71,16.62
VOLVE_15_9_F1,2336.48,20.31,107.1,469.0,6.87,10.48,Limestone,6.75,19.0
VOLVE_15_9_F1,2336.79,19.58,101.3,460.5,3.2,10.38,Limestone,6.78,18.28
VOLVE_15_9_F1,2337.33,,65.4,451.8,3.91,10.15,Limestone,6.81,16.79
VOLVE_15_9_F1,2338.3,19.21,80.2,451.9,6.41,10.13,Limestone,6.84,18.38
VOLVE_15_9_F1,2338.98,17.91,70.2,451.1,6.86,10.23,Limestone,6.86,16.39
VOLVE_15_9_F1,2339.93,18.24,80.1,440.0,7.59,10.29,Limestone,6.89,17.67
VOLVE_15_9_F1,2340.77,23.06,108.2,460.3,5.76,10.01,Limestone,6.9,20.71
VOLVE_15_9_F1,2341.34,19.09,62.8,428.9,5.21,10.35,Limestone,6.94,14.32
VOLVE_15_9_F1,2342.17,17.4,59.9,561.0,5.45,10.47,Limestone,6.98,14.94
VOLVE_15_9_F1,2342.38,18.08,71.7,398.3,6.23,10.37,Limestone,7.0,13.93
VOLVE_15_9_F1,2342.67,22.12,88.5,431.3,5.69,10.18,Limestone,7.04,18.6
VOLVE_15_9_F1,2343.54,21.06,93.5,434.5,6.41,10.16,Limestone,7.05,16.16
VOLVE_15_9_F1,2344.37,20.78,90.7,536.3,5.78,10.33,Limestone,7.07,16.3
VOLVE_15_9_F1,2344.76,18.74,101.8,401.9,5.84,10.26,Limestone,7.11,15.81
VOLVE_15_9_F1,2345.38,20.81,57.7,471.7,3.64,10.35,Limestone,7.12,13.82
VOLVE_15_9_F1,2346.07,17.78,102.0,464.6,4.73,10.37,Limestone,7.16,17.02
VOLVE_15_9_F1,2346.96,18.74,79.5,468.0,4.25,10.45,Limestone,7.18,14.99
VOLVE_15_9_F1,2347.65,21.82,95.1,504.1,3.96,10.11,Limestone,7.23,16.46
VOLVE_15_9_F1,2348.18,21.58,64.3,503.3,2.92,10.32,Limestone,7.25,16.2
VOLVE_15_9_F1,2348.67,16.94,84.2,436.7,4.28,10.23,Limestone,7.28,15.67
VOLVE_15_9_F1,2349.22,17.26,87.7,462.5,4.55,10.27,Limestone,7.32,14.34
VOLVE_15_9_F1,2349.94,19.67,101.5,380.1,5.42,10.41,Limestone,7.35,16.14
VOLVE_15_9_F1,2350.83,23.72,60.3,458.7,5.71,10.43,Limestone,7.36,16.34
VOLVE_15_9_F1,2351.39,14.62,84.6,422.9,4.81,10.49,Limestone,7.41,14.34
VOLVE_15_9_F1,2351.79,20.1,67.8,447.2,4.52,10.35,Limestone,7.43,15.55
VOLVE_15_9_F1,2352.18,15.97,91.7,387.3,3.71,10.27,Limestone,7.45,16.5
VOLVE_15_9_F1,2352.98,17.83,95.8,470.9,6.09,10.25,Limestone,7.47,19.03
VOLVE_15_9_F1,2353.83,18.5,103.4,386.8,5.09,10.02,Limestone,7.51,16.42
VOLVE_15_9_F1,2354.12,18.37,76.1,460.6,4.27,10.49,Limestone,7.54,14.48
VOLVE_15_9_F1,2354.37,18.08,98.0,405.6,4.87,10.24,Limestone,7.58,16.15
VOLVE_15_9_F1,2355.04,19.44,104.5,420.7,4.44,10.36,Limestone,7.62,17.02
VOLVE_15_9_F1,2355.36,18.08,59.5,500.9,3.88,10.39,Limestone,7.63,15.02
VOLVE_15_9_F1,2356.22,15.77,93.3,478.2,4.14,10.1,Limestone,7.66,16.54
VOLVE_15_9_F1,2356.67,21.38,98.5,500.7,5.06,10.15,Limestone,7.67,20.27
VOLVE_15_9_F1,2356.98,21.31,80.2,517.1,5.91,10.52,Limestone,7.71,15.49
VOLVE_15_9_F1,2357.92,21.54,65.9,423.8,5.42,10.33,Limestone,7.72,15.53
VOLVE_15_9_F1,2358.25,15.58,98.2,514.7,6.73,10.2,Limestone,7.76,18.18
VOLVE_15_9_F1,2358.68,20.18,66.1,396.1,6.26,10.27,Limestone,7.79,15.09
VOLVE_15_9_F1,2359.0,21.13,81.4,484.6,7.47,10.45,Limestone,7.83,18.18
VOLVE_15_9_F1,2359.3,16.86,83.5,435.0,5.44,10.43,Limestone,7.85,16.22
VOLVE_15_9_F1,2359.51,19.46,94.8,417.5,5.83,10.07,Limestone,7.86,18.2
VOLVE_15_9_F1,2359.76,19.15,74.7,479.3,4.26,10.53,Limestone,7.91,17.84
VOLVE_15_9_F1,2360.1,24.05,73.8,492.5,6.26,10.43,Limestone,7.94,17.85
VOLVE_15_9_F1,2360.34,24.25,85.6,491.3,4.68,10.26,Limestone,7.97,16.18
VOLVE_15_9_F1,2361.01,15.28,99.2,463.3,3.1,10.11,Limestone,8.01,14.93
VOLVE_15_9_F1,2361.76,25.68,118.4,460.0,7.92,10.45,Limestone,8.06,21.93
VOLVE_15_9_F1,2362.27,17.16,61.5,475.8,2.97,10.36,Limestone,8.08,13.11
VOLVE_15_9_F1,2362.73,21.9,88.8,466.9,5.83,10.07,Limestone,8.12,18.21
VOLVE_15_9_F1,2363.33,21.88,67.8,476.4,3.93,10.25,Limestone,8.14,13.83
VOLVE_15_9_F1,2364.23,16.97,99.4,462.9,6.37,10.76,Limestone,8.19,14.95
VOLVE_15_9_F1,2365.11,20.69,70.0,488.4,6.43,10.29,Limestone,8.2,17.38
VOLVE_15_9_F1,2365.35,19.19,74.0,389.6,5.47,10.18,Limestone,8.22,15.43
VOLVE_15_9_F1,2365.69,20.85,75.2,449.5,6.5,10.14,Limestone,8.24,16.24
VOLVE_15_9_F1,2366.08,20.04,82.9,399.4,5.06,10.55,Limestone,8.28,15.02
VOLVE_15_9_F1,2366.48,22.46,88.9,465.8,8.04,10.42,Limestone,8.33,15.82
VOLVE_15_9_F1,2367.14,19.66,91.3,520.4,6.03,10.5,Limestone,8.35,18.01
VOLVE_15_9_F1,2367.67,19.05,84.0,435.8,3.89,10.33,Limestone,8.37,15.67
VOLVE_15_9_F1,2367.91,22.21,64.1,459.8,5.04,10.48,Limestone,8.4,14.58
VOLVE_15_9_F1,2368.41,20.92,95.0,485.0,5.13,10.16,Limestone,8.41,17.65
VOLVE_15_9_F1,2369.03,21.31,83.3,372.0,4.87,10.31,Limestone,8.45,16.84
VOLVE_15_9_F1,2369.31,17.82,101.5,433.9,3.14,10.33,Limestone,8.47,15.96
VOLVE_15_9_F1,2370.18,16.87,73.5,469.3,5.08,10.5,Limestone,8.51,15.34
VOLVE_15_9_F1,2370.42,18.06,60.0,338.9,2.86,10.34,Limestone,8.56,13.68
VOLVE_15_9_F1,2371.36,17.93,83.6,415.7,1.84,10.2,Limestone,8.58,14.43
VOLVE_15_9_F1,2371.64,21.45,103.5,498.8,5.07,10.3,Limestone,8.61,18.03
VOLVE_15_9_F1,2372.51,21.93,86.5,494.9,4.36,10.04,Limestone,8.66,18.19
VOLVE_15_9_F1,2373.43,19.11,81.1,469.7,3.9,9.94,Limestone,8.7,17.27
VOLVE_15_9_F1,2374.42,23.07,71.0,490.0,1.42,10.42,Limestone,8.74,16.89
VOLVE_15_9_F1,2375.26,22.92,110.4,463.4,4.7,10.24,Limestone,8.75,17.62
VOLVE_15_9_F1,2376.08,20.11,68.6,477.0,4.63,10.25,Limestone,8.76,16.43
VOLVE_15_9_F1,2376.8,17.45,73.2,442.1,3.91,10.42,Limestone,8.81,15.29
VOLVE_15_9_F1,2377.62,23.45,92.6,459.4,5.96,10.5,Limestone,8.83,16.88
VOLVE_15_9_F1,2377.93,19.36,56.2,429.5,6.26,10.37,Limestone,8.87,14.27
VOLVE_15_9_F1,2378.56,19.83,103.2,505.3,5.95,10.58,Limestone,8.91,18.08
VOLVE_15_9_F1,2379.17,18.67,93.4,515.6,6.31,10.37,Limestone,8.93,18.42
VOLVE_15_9_F1,2380.05,17.3,97.5,510.0,6.35,10.34,Limestone,8.95,15.01
VOLVE_15_9_F1,2380.62,15.85,92.4,438.4,3.59,10.33,Limestone,8.97,16.86
VOLVE_15_9_F1,2381.13,21.11,81.6,416.6,5.65,10.1,Limestone,9.02,17.61
VOLVE_15_9_F1,2381.84,17.57,68.1,505.8,5.8,10.44,Limestone,9.04,15.48
VOLVE_15_9_F1,2382.26,27.18,81.9,476.5,5.15,9.93,Limestone,9.06,18.06
VOLVE_15_9_F1,2382.57,16.82,69.4,467.9,3.61,10.21,Limestone,9.1,15.21
VOLVE_15_9_F1,2383.15,16.39,91.3,429.4,5.48,10.3,Limestone,9.14,14.93
VOLVE_15_9_F1,2383.68,20.81,96.1,471.8,3.54,10.18,Limestone,9.17,16.88
VOLVE_15_9_F1,2384.07,23.36,106.2,411.4,4.39,10.23,Limestone,9.22,16.22
VOLVE_15_9_F1,2384.56,19.7,89.6,480.1,4.32,10.57,Limestone,9.24,14.77
VOLVE_15_9_F1,2385.06,20.97,97.9,509.9,5.9,10.46,Limestone,9.29,19.9
VOLVE_15_9_F1,2385.52,14.93,79.6,520.0,4.8,10.19,Limestone,9.34,15.31
VOLVE_15_9_F1,2386.02,17.85,76.9,483.1,6.0,10.22,Limestone,9.36,16.01
VOLVE_15_9_F1,2386.77,16.86,91.1,399.5,3.78,10.1,Limestone,9.38,15.29
VOLVE_15_9_F1,2387.21,14.81,78.2,462.7,3.34,10.4,Limestone,9.4,13.53
VOLVE_15_9_F1,2388.17,19.85,88.1,,5.74,10.26,Limestone,9.44,16.78
VOLVE_15_9_F1,2389.1,13.95,68.1,420.0,3.32,10.0,Limestone,9.47,13.53
VOLVE_15_9_F1,2389.69,16.25,70.8,452.4,3.8,10.31,Limestone,9.51,14.17
VOLVE_15_9_F1,2390.15,18.22,93.6,511.3,2.81,10.36,Limestone,9.55,15.33
VOLVE_15_9_F1,2390.78,17.48,97.3,479.5,5.38,10.44,Limestone,9.58,16.77
VOLVE_15_9_F1,2391.66,20.56,69.2,554.0,6.74,10.29,Limestone,9.62,17.03
VOLVE_15_9_F1,2392.38,20.33,94.1,425.5,4.01,10.24,Limestone,9.66,16.76
VOLVE_15_9_F1,2393.22,21.81,76.0,415.2,6.33,10.6,Limestone,9.69,16.76
VOLVE_15_9_F1,2393.85,21.46,84.3,503.8,5.12,10.3,Limestone,9.7,16.93
VOLVE_15_9_F1,2394.55,22.43,105.3,407.0,3.48,10.41,Limestone,9.74,16.76
VOLVE_15_9_F1,2394.98,19.58,96.1,446.9,4.13,10.22,Limestone,9.78,17.92
VOLVE_15_9_F1,2395.77,20.34,95.9,452.2,4.12,10.4,Limestone,9.79,15.58
VOLVE_15_9_F1,2396.13,20.86,112.6,496.2,5.19,10.08,Limestone,9.83,16.18
VOLVE_15_9_F1,2396.89,19.94,73.4,479.4,5.4,10.23,Limestone,9.86,16.59
VOLVE_15_9_F1,2397.78,18.6,69.2,473.1,6.93,10.12,Limestone,9.88,15.06
VOLVE_15_9_F1,2398.08,18.76,73.2,438.7,3.07,10.21,Limestone,9.93,13.97
VOLVE_15_9_F1,2398.78,17.55,80.2,503.4,4.2,10.49,Limestone,9.95,16.34
VOLVE_15_9_F1,2399.05,20.65,48.7,615.8,3.51,10.21,Limestone,9.99,15.02
VOLVE_15_9_F1,2399.83,19.36,80.9,482.5,3.43,10.41,Limestone,10.02,14.55
VOLVE_15_9_F1,2400.1,17.94,75.8,458.8,4.87,10.53,Limestone,10.03,16.96
VOLVE_15_9_F1,2401.05,17.95,95.8,402.9,5.05,10.3,Limestone,10.06,14.1
VOLVE_15_9_F1,2401.36,16.58,89.3,429.3,2.65,10.45,Limestone,10.08,14.75
VOLVE_15_9_F1,2402.33,22.06,75.0,446.3,5.13,10.38,Limestone,10.1,14.14
VOLVE_15_9_F1,2403.17,19.81,92.8,433.4,3.73,10.32,Limestone,10.13,16.28
VOLVE_15_9_F1,2403.84,17.46,94.8,454.2,5.01,10.41,Limestone,10.14,15.28
VOLVE_15_9_F1,2404.67,21.64,72.5,525.9,6.56,10.58,Limestone,10.19,17.36
VOLVE_15_9_F1,2405.5,18.22,76.6,504.7,5.34,10.21,Limestone,10.22,15.68
VOLVE_15_9_F1,2406.46,16.11,50.6,448.5,4.42,10.16,Limestone,10.24,14.69
VOLVE_15_9_F1,2406.86,22.18,67.6,406.5,4.38,10.15,Limestone,10.29,14.96
VOLVE_15_9_F1,2407.54,18.29,72.8,508.3,4.82,10.45,Limestone,10.32,13.65
VOLVE_15_9_F1,2407.81,18.61,85.1,452.9,5.63,10.47,Limestone,10.35,15.99
VOLVE_15_9_F1,2408.5,19.74,69.8,385.8,5.38,10.22,Limestone,10.39,14.62
VOLVE_15_9_F1,2408.84,22.49,76.3,483.3,5.05,9.98,Limestone,10.43,14.93
VOLVE_15_9_F1,2409.49,19.69,65.6,495.8,5.02,10.2,Limestone,10.45,14.33
VOLVE_15_9_F1,2410.15,16.64,86.5,357.8,3.22,10.39,Limestone,10.46,13.54
VOLVE_15_9_F1,2410.72,21.0,90.4,421.8,4.36,10.29,Limestone,10.51,17.76
VOLVE_15_9_F1,2411.34,18.43,90.0,450.4,5.86,10.33,Limestone,10.52,16.46
VOLVE_15_9_F1,2412.15,24.37,84.2,484.2,6.47,10.23,Limestone,10.56,17.23
VOLVE_15_9_F1,2412.99,19.65,60.9,434.2,4.79,10.46,Limestone,10.59,14.97
VOLVE_15_9_F1,2413.59,14.07,74.7,421.5,6.16,10.36,Limestone,10.63,11.85
VOLVE_15_9_F1,2414.27,20.55,77.9,483.9,5.63,10.39,Limestone,10.67,15.57
VOLVE_15_9_F1,2415.21,24.52,77.9,436.1,5.1,10.33,Limestone,10.72,17.02
VOLVE_15_9_F1,2415.51,23.6,85.1,476.5,3.94,10.38,Limestone,10.73,16.92
VOLVE_15_9_F1,2415.8,24.24,105.3,410.4,7.49,10.37,Limestone,10.76,17.18
VOLVE_15_9_F1,2416.07,17.11,96.1,400.7,5.91,10.17,Limestone,10.8,15.42
VOLVE_15_9_F1,2416.8,21.95,,485.0,7.17,10.36,Limestone,10.82,16.54
VOLVE_15_9_F1,2417.33,17.86,94.1,464.9,7.62,10.42,Limestone,10.87,16.25
VOLVE_15_9_F1,2418.15,20.23,93.6,491.7,3.68,10.48,Limestone,10.9,17.19
VOLVE_15_9_F1,2418.89,16.49,71.9,433.5,3.02,10.37,Limestone,10.92,14.24
VOLVE_15_9_F1,2419.36,18.07,96.7,423.0,1.64,10.16,Limestone,10.96,15.71
VOLVE_15_9_F1,2420.27,17.99,81.5,509.3,5.94,10.19,Limestone,11.01,17.68
VOLVE_15_9_F1,2421.08,21.93,62.8,393.9,5.7,10.24,Limestone,11.02,15.83
VOLVE_15_9_F1,2421.5,21.69,90.8,504.9,5.43,10.34,Limestone,11.06,18.75
VOLVE_15_9_F1,2421.99,20.38,87.2,507.7,3.67,10.29,Limestone,11.08,15.73
VOLVE_15_9_F1,2422.44,16.31,80.5,489.2,4.57,10.14,Limestone,11.09,13.37
VOLVE_15_9_F1,2422.77,18.91,83.4,427.3,5.17,10.14,Limestone,11.11,15.22
VOLVE_15_9_F1,2423.09,17.83,73.2,422.2,5.64,9.99,Limestone,11.15,14.61
VOLVE_15_9_F1,2424.04,21.87,93.1,446.4,5.69,9.84,Limestone,11.17,18.54
VOLVE_15_9_F1,2424.59,22.64,83.3,403.0,6.08,10.29,Limestone,11.19,15.09
VOLVE_15_9_F1,2425.09,22.34,86.4,416.4,5.16,10.66,Limestone,11.23,15.82
VOLVE_15_9_F1,2425.88,17.82,89.3,480.6,6.36,10.58,Limestone,11.25,16.18
VOLVE_15_9_F1,2426.52,12.86,,480.8,4.91,10.16,Limestone,11.27,13.32
VOLVE_15_9_F1,2427.47,15.29,70.5,412.9,3.01,10.33,Limestone,11.29,13.27
VOLVE_15_9_F1,2428.29,23.27,50.8,481.9,6.52,10.09,Limestone,11.33,15.66
VOLVE_15_9_F1,2428.88,18.71,92.4,473.0,6.54,10.11,Limestone,11.36,17.31
VOLVE_15_9_F1,2429.38,17.84,65.7,515.3,5.15,10.13,Limestone,11.4,16.52
VOLVE_15_9_F1,2430.37,23.83,85.9,477.6,5.77,10.28,Limestone,11.42,17.19
VOLVE_15_9_F1,2431.14,22.89,89.5,497.2,7.39,10.28,Limestone,11.45,16.71
VOLVE_15_9_F1,2432.1,19.79,93.0,473.9,3.22,10.35,Limestone,11.49,17.53
VOLVE_15_9_F1,2432.4,19.0,65.9,494.1,6.19,10.41,Limestone,11.51,14.03
VOLVE_15_9_F1,2433.28,19.4,82.9,403.4,4.42,10.26,Limestone,11.53,16.83
VOLVE_15_9_F1,2433.99,20.3,109.0,450.0,6.78,10.32,Limestone,11.55,18.35
VOLVE_15_9_F1,2434.28,23.74,109.6,453.3,5.93,10.15,Limestone,11.57,19.29
VOLVE_15_9_F1,2434.96,20.8,98.7,445.1,3.86,10.11,Limestone,11.59,17.19
VOLVE_15_9_F1,2435.7,21.56,89.0,472.6,4.68,10.09,Limestone,11.64,14.54
VOLVE_15_9_F1,2435.91,22.67,68.8,480.2,6.3,10.41,Limestone,11.67,14.86
VOLVE_15_9_F1,2436.48,16.82,94.7,470.6,4.68,10.26,Limestone,11.7,15.69
VOLVE_15_9_F1,2437.34,21.64,81.5,447.8,4.42,10.03,Limestone,11.72,15.4
VOLVE_15_9_F1,2437.77,19.01,92.3,425.4,4.34,10.3,Limestone,11.75,15.24
VOLVE_15_9_F1,2438.34,13.46,74.4,498.8,5.1,10.13,Limestone,11.78,14.32
VOLVE_15_9_F1,2438.89,14.44,81.3,468.9,6.62,10.56,Limestone,11.83,13.86
VOLVE_15_9_F1,2439.34,17.21,86.4,414.1,2.28,10.23,Limestone,11.86,13.23
VOLVE_15_9_F1,2440.27,21.09,87.6,447.1,8.57,10.42,Limestone,11.9,17.23
VOLVE_15_9_F1,2441.1,20.05,91.3,385.2,5.42,10.48,Limestone,11.92,15.95
VOLVE_15_9_F1,2441.38,20.23,75.2,456.3,5.64,10.17,Limestone,11.95,15.34
VOLVE_15_9_F1,2442.38,24.65,63.7,446.9,4.65,10.33,Limestone,12.0,16.36
VOLVE_15_9_F1,2443.29,16.6,108.3,431.9,5.11,10.4,Limestone,12.04,15.44
VOLVE_15_9_F1,2443.71,19.71,121.2,518.3,5.82,10.33,Limestone,12.08,18.83
VOLVE_15_9_F1,2444.58,20.54,90.6,408.6,3.95,10.37,Limestone,12.12,15.7
VOLVE_15_9_F1,2444.87,17.94,64.0,483.1,3.61,10.12,Limestone,12.17,15.55
VOLVE_15_9_F1,2445.87,19.85,72.3,542.4,6.29,10.4,Limestone,12.19,14.02
VOLVE_15_9_F1,2446.6,15.79,91.5,498.0,2.93,10.24,Limestone,12.2,15.28
VOLVE_15_9_F1,2447.32,23.31,104.0,453.6,6.19,10.37,Limestone,12.24,16.85
VOLVE_15_9_F1,2447.59,18.09,65.7,409.5,4.17,10.45,Limestone,12.29,12.95
VOLVE_15_9_F1,2448.51,24.87,82.0,400.4,4.32,10.42,Limestone,12.32,17.13
VOLVE_15_9_F1,2448.73,19.71,86.8,438.4,7.44,10.37,Limestone,12.34,16.79
VOLVE_15_9_F1,2449.13,22.37,96.8,427.4,4.32,10.41,Limestone,12.37,14.23
VOLVE_15_9_F1,2449.44,19.66,78.7,426.1,3.59,10.42,Limestone,12.38,15.54
VOLVE_15_9_F1,2450.26,19.72,60.4,441.8,4.46,10.54,Limestone,12.4,14.63
VOLVE_15_9_F1,2450.62,18.34,93.2,450.8,4.13,10.31,Limestone,12.42,14.56
VOLVE_15_9_F1,2451.55,20.1,100.7,474.3,5.33,10.34,Limestone,12.43,15.59
VOLVE_15_9_F1,2452.27,20.6,82.6,405.4,5.28,10.46,Limestone,12.47,13.58
VOLVE_15_9_F1,2452.5,17.85,89.9,427.6,5.24,10.24,Limestone,12.49,14.84
VOLVE_15_9_F1,2452.71,19.5,76.8,448.5,4.76,10.12,Limestone,12.51,15.03
VOLVE_15_9_F1,2452.95,18.29,71.2,447.1,3.87,10.39,Limestone,12.54,15.05
VOLVE_15_9_F1,2453.63,25.56,99.3,528.4,6.56,10.29,Limestone,12.56,18.54
VOLVE_15_9_F1,2454.47,19.59,89.7,464.2,4.97,10.14,Limestone,12.58,14.73
VOLVE_15_9_F1,2454.86,23.68,91.2,390.4,4.9,10.39,Limestone,12.61,16.21
VOLVE_15_9_F1,2455.74,19.33,106.4,471.6,7.11,10.53,Limestone,12.62,16.18
VOLVE_15_9_F1,2455.99,20.47,68.0,476.7,4.72,10.07,Limestone,12.65,14.23
VOLVE_15_9_F1,2456.83,16.52,75.6,449.9,5.93,10.47,Limestone,12.67,12.7
VOLVE_15_9_F1,2457.77,18.71,86.2,406.4,6.45,9.94,Limestone,12.69,16.0
VOLVE_15_9_F1,2458.59,20.36,75.4,525.2,6.51,10.26,Limestone,12.71,16.49
VOLVE_15_9_F1,2459.35,23.8,95.6,412.1,6.41,10.6,Limestone,12.73,16.99
VOLVE_15_9_F1,2460.22,20.4,81.0,481.4,5.05,10.27,Limestone,12.75,14.94
VOLVE_15_9_F1,2460.45,23.3,69.0,462.9,5.05,10.33,Limestone,12.77,15.86
VOLVE_15_9_F1,2460.81,21.45,84.8,479.0,4.91,10.43,Limestone,12.79,14.43
VOLVE_15_9_F1,2461.11,23.91,86.4,523.2,2.85,10.06,Limestone,12.8,15.79
VOLVE_15_9_F1,2461.72,19.7,97.9,477.4,6.1,10.33,Limestone,12.85,16.21
VOLVE_15_9_F1,2462.51,25.83,89.7,432.6,5.96,10.33,Limestone,12.87,17.17
VOLVE_15_9_F1,2463.22,18.64,90.8,499.2,6.03,10.6,Limestone,12.88,14.01
VOLVE_15_9_F1,2464.1,17.94,88.6,429.7,4.8,10.14,Limestone,12.91,14.0
VOLVE_15_9_F1,2464.42,16.83,81.0,461.5,5.53,10.26,Limestone,12.93,14.3
VOLVE_15_9_F1,2465.21,25.69,73.1,403.2,3.76,10.18,Limestone,12.97,16.51
VOLVE_15_9_F1,2465.56,21.91,88.2,413.6,3.89,10.17,Limestone,12.98,14.81
VOLVE_15_9_F1,2465.98,19.03,78.8,457.0,1.92,10.49,Limestone,13.01,14.59
VOLVE_15_9_F1,2466.75,22.99,109.2,469.7,5.55,10.33,Limestone,13.06,17.53
VOLVE_15_9_F1,2467.73,21.59,104.0,386.8,4.58,10.24,Limestone,13.07,15.91
VOLVE_15_9_F1,2468.42,24.79,93.3,474.8,4.55,10.25,Limestone,13.09,17.29
VOLVE_15_9_F1,2468.67,16.01,89.5,422.2,5.18,10.24,Limestone,13.13,12.97
VOLVE_15_9_F1,2469.36,19.21,82.5,506.1,4.46,10.25,Limestone,13.18,14.8
VOLVE_15_9_F1,2469.59,18.72,64.9,440.9,2.94,10.13,Limestone,13.2,15.39
VOLVE_15_9_F1,2470.5,14.95,80.6,410.0,7.61,10.28,Limestone,13.24,15.39
VOLVE_15_9_F1,2471.27,22.54,85.3,458.0,5.26,10.27,Limestone,13.25,16.98
VOLVE_15_9_F1,2471.61,19.21,87.3,418.3,3.74,10.21,Limestone,13.29,15.86
VOLVE_15_9_F1,2471.88,21.74,90.9,505.7,4.52,10.35,Limestone,13.31,14.54
VOLVE_15_9_F1,2472.23,25.79,97.6,455.0,5.58,10.36,Limestone,13.34,16.22
VOLVE_15_9_F1,2473.21,19.01,73.4,448.9,4.6,10.24,Limestone,13.36,14.29
VOLVE_15_9_F1,2473.78,18.84,73.6,478.6,6.36,10.3,Limestone,13.39,17.5
VOLVE_15_9_F1,2474.6,20.2,105.6,414.8,5.31,10.65,Limestone,13.41,15.29
VOLVE_15_9_F1,2475.31,22.37,95.4,403.4,7.67,10.64,Limestone,13.44,16.87
VOLVE_15_9_F1,2475.97,18.49,77.9,471.3,4.31,10.17,Limestone,13.48,15.24
VOLVE_15_9_F1,2476.29,18.33,82.2,411.0,5.39,10.19,Limestone,13.53,15.02
VOLVE_15_9_F1,2477.24,22.55,82.3,411.0,6.49,10.17,Limestone,13.58,15.66
VOLVE_15_9_F1,2477.69,20.86,84.3,488.4,6.58,10.48,Limestone,13.61,14.77
VOLVE_15_9_F1,2478.35,14.8,90.9,476.0,6.27,10.27,Limestone,13.64,11.73
VOLVE_15_9_F1,2479.11,16.85,121.8,404.8,5.02,10.36,Limestone,13.65,16.52
VOLVE_15_9_F1,2479.83,23.67,86.6,430.2,5.42,10.63,Limestone,13.7,15.23
VOLVE_15_9_F1,2480.78,20.93,93.7,418.8,2.31,10.33,Limestone,13.73,13.29
VOLVE_15_9_F1,2481.1,18.02,58.5,526.0,4.26,10.43,Limestone,13.76,14.22
VOLVE_15_9_F1,2481.7,19.5,76.5,491.2,6.21,10.41,Limestone,13.79,15.62
VOLVE_15_9_F1,2482.23,19.96,102.2,438.1,6.41,10.24,Limestone,13.83,16.76
VOLVE_15_9_F1,2482.81,21.77,89.8,478.0,5.2,10.49,Limestone,13.87,17.13
VOLVE_15_9_F1,2483.1,16.54,40.0,400.7,6.13,10.2,Limestone,13.91,10.97
VOLVE_15_9_F1,2483.41,17.83,93.9,428.1,4.55,10.53,Limestone,13.95,13.9
VOLVE_15_9_F1,2483.83,20.62,112.6,459.2,4.68,10.24,Limestone,13.97,16.06
VOLVE_15_9_F1,2484.28,19.69,53.9,473.1,4.02,10.26,Limestone,14.02,14.43
VOLVE_15_9_F1,2484.82,21.37,106.6,451.1,4.17,10.16,Limestone,14.05,14.07
VOLVE_15_9_F1,2485.51,16.87,42.2,464.9,4.9,10.19,Limestone,14.09,12.59
VOLVE_15_9_F1,2486.21,20.84,97.9,458.1,5.69,10.26,Limestone,14.12,17.04
VOLVE_15_9_F1,2486.74,22.68,83.7,448.4,6.03,9.96,Limestone,14.15,16.94
VOLVE_15_9_F1,2487.27,21.17,48.5,443.1,4.14,10.29,Limestone,14.19,14.21
VOLVE_15_9_F1,2487.65,20.3,90.5,437.9,5.11,10.25,Limestone,14.22,16.57
VOLVE_15_9_F1,2488.32,19.71,101.0,464.3,2.68,10.45,Limestone,14.27,12.5
VOLVE_15_9_F1,2488.77,17.87,89.2,471.4,5.4,10.39,Limestone,14.31,16.49
VOLVE_15_9_F1,2489.0,19.78,92.5,462.9,5.29,10.22,Limestone,14.34,15.89
VOLVE_15_9_F1,2489.53,23.11,77.6,407.8,3.92,10.26,Limestone,14.36,16.33
VOLVE_15_9_F1,2490.11,19.66,55.9,415.0,4.48,10.29,Limestone,14.39,12.19
VOLVE_15_9_F1,2490.49,17.74,94.2,470.9,4.7,10.55,Limestone,14.43,13.14
VOLVE_15_9_F1,2491.15,18.73,110.0,513.8,7.45,10.21,Limestone,14.46,18.27
VOLVE_15_9_F1,2491.8,20.47,100.7,461.1,4.08,10.22,Limestone,14.5,14.89
VOLVE_15_9_F1,2492.57,19.04,54.0,438.5,4.92,10.16,Limestone,14.52,13.15
VOLVE_15_9_F1,2493.28,21.19,61.0,464.0,3.51,10.11,Limestone,14.54,14.81
VOLVE_15_9_F1,2494.01,21.28,71.1,409.5,4.31,10.38,Limestone,14.58,15.12
VOLVE_15_9_F1,2494.46,22.2,59.9,507.3,5.23,10.36,Limestone,14.63,15.79
VOLVE_15_9_F1,2495.29,23.54,84.4,462.5,5.13,10.52,Limestone,14.66,16.08
VOLVE_15_9_F1,2495.93,22.47,89.7,428.2,5.36,10.49,Limestone,14.68,14.44
VOLVE_15_9_F1,2496.47,17.65,62.3,448.3,4.92,10.69,Limestone,14.7,13.97
VOLVE_15_9_F1,2497.17,17.73,95.4,433.9,4.43,10.32,Limestone,14.73,15.39
VOLVE_15_9_F1,2497.66,19.8,92.8,507.5,6.23,10.29,Limestone,14.76,14.17
VOLVE_15_9_F1,2498.27,18.87,75.5,446.9,4.46,10.14,Limestone,14.78,15.77
VOLVE_15_9_F1,2499.06,17.15,81.2,461.2,4.64,10.44,Limestone,14.8,11.6
VOLVE_15_9_F1,2499.97,18.9,54.5,477.9,4.95,10.35,Limestone,14.84,14.41
VOLVE_15_9_F1,2500.91,18.82,78.8,425.4,5.15,10.43,Limestone,14.88,13.66
VOLVE_15_9_F1,2501.51,18.33,83.9,462.8,5.68,10.16,Limestone,14.91,15.51
VOLVE_15_9_F1,2502.13,19.22,86.3,466.0,5.4,10.39,Limestone,14.94,15.44
VOLVE_15_9_F1,2502.97,22.96,89.4,392.8,5.97,10.37,Limestone,14.96,15.42
VOLVE_15_9_F1,2503.42,20.51,87.4,465.1,4.77,10.36,Limestone,14.98,15.74
VOLVE_15_9_F1,2504.29,26.2,79.8,453.2,4.27,10.23,Limestone,15.03,15.83
VOLVE_15_9_F1,2504.88,20.45,88.0,460.2,3.45,10.51,Limestone,15.06,15.56
VOLVE_15_9_F1,2505.18,19.3,98.8,456.4,3.21,10.64,Limestone,15.09,17.12
VOLVE_15_9_F1,2505.43,20.03,82.3,465.4,7.15,10.17,Limestone,15.12,14.02
VOLVE_15_9_F1,2506.31,20.67,88.5,508.5,2.53,10.44,Limestone,15.17,12.09
VOLVE_15_9_F1,2506.55,21.11,80.9,407.8,6.55,9.9,Limestone,15.19,14.77
VOLVE_15_9_F1,2506.98,25.22,74.0,441.3,4.4,10.44,Limestone,15.22,14.83
VOLVE_15_9_F1,2507.44,,91.6,481.7,6.41,10.06,Limestone,15.26,14.87
VOLVE_15_9_F1,2507.78,22.18,75.4,474.3,2.48,10.26,Limestone,15.28,14.02
VOLVE_15_9_F1,2508.23,20.55,89.5,473.4,4.91,10.14,Limestone,15.31,16.45
VOLVE_15_9_F1,2509.03,16.11,84.2,565.2,6.46,10.3,Limestone,15.34,13.55
VOLVE_15_9_F1,2509.24,21.96,79.2,479.6,6.02,10.46,Limestone,15.39,15.78
VOLVE_15_9_F1,2510.1,23.21,78.8,500.3,4.87,10.06,Limestone,15.43,16.41
VOLVE_15_9_F1,2510.99,17.9,76.1,442.7,2.42,10.28,Limestone,15.44,14.02
VOLVE_15_9_F1,2511.48,20.02,59.0,415.3,3.1,10.26,Limestone,15.48,13.83
VOLVE_15_9_F1,2511.81,15.73,89.5,442.5,6.42,10.57,Limestone,15.52,14.94
VOLVE_15_9_F1,2512.49,16.9,87.2,483.5,4.41,10.4,Limestone,15.55,14.32
VOLVE_15_9_F1,2512.78,22.67,96.5,471.3,5.4,10.16,Limestone,15.57,15.91
VOLVE_15_9_F1,2513.28,18.89,75.7,471.2,5.18,10.27,Limestone,15.59,14.96
VOLVE_15_9_F1,2514.24,17.28,112.1,446.5,3.67,10.57,Limestone,15.62,15.29
VOLVE_15_9_F1,2515.24,20.63,78.0,440.1,5.52,10.45,Limestone,15.65,15.53
VOLVE_15_9_F1,2516.06,18.76,70.6,447.8,4.24,10.2,Limestone,15.7,12.19
VOLVE_15_9_F1,2516.5,18.89,68.8,484.0,5.08,10.3,Limestone,15.72,13.89
VOLVE_15_9_F1,2517.25,21.92,57.7,488.7,4.14,10.3,Limestone,15.75,12.97
VOLVE_15_9_F1,2518.02,17.17,106.7,414.8,3.26,10.26,Limestone,15.77,14.88
VOLVE_15_9_F1,2518.53,17.81,104.3,485.5,4.65,10.08,Limestone,15.81,15.88
VOLVE_15_9_F1,2519.24,20.46,92.7,,6.0,10.24,Limestone,15.82,14.98
VOLVE_15_9_F1,2519.45,22.5,70.3,473.8,5.55,10.55,Limestone,15.85,14.07
VOLVE_15_9_F1,2519.82,23.17,110.9,447.4,5.79,10.28,Limestone,15.86,17.17
VOLVE_15_9_F1,2520.44,18.42,78.4,517.7,5.91,10.32,Limestone,15.9,14.68
VOLVE_15_9_F1,2520.77,22.43,79.7,438.3,4.97,10.36,Limestone,15.92,16.5
VOLVE_15_9_F1,2521.1,18.12,105.3,462.2,5.28,10.67,Limestone,15.96,16.78
VOLVE_15_9_F1,2521.97,24.65,93.6,479.3,5.05,10.34,Limestone,15.97,17.24
VOLVE_15_9_F1,2522.96,17.26,116.7,420.1,6.45,10.51,Limestone,16.01,15.08
VOLVE_15_9_F1,2523.61,23.42,87.4,452.1,5.77,10.25,Limestone,16.04,17.65
VOLVE_15_9_F1,2524.48,18.46,77.7,444.4,4.16,10.3,Limestone,16.05,14.29
VOLVE_15_9_F1,2525.47,25.13,74.5,434.5,3.59,10.34,Limestone,16.06,14.64
VOLVE_15_9_F1,2525.78,21.58,56.0,437.5,6.11,10.23,Limestone,16.09,13.17
VOLVE_15_9_F1,2526.34,17.57,79.5,499.5,3.88,10.31,Limestone,16.12,13.26
VOLVE_15_9_F1,2526.86,18.8,100.9,431.1,5.29,10.48,Limestone,16.17,14.82
VOLVE_15_9_F1,2527.12,22.06,92.7,477.7,8.2,10.22,Limestone,16.18,16.71
VOLVE_15_9_F1,2527.92,22.74,84.0,467.6,6.27,10.34,Limestone,16.22,14.24
VOLVE_15_9_F1,2528.47,19.94,68.8,399.2,6.76,10.45,Limestone,16.26,13.47
VOLVE_15_9_F1,2529.05,20.23,87.1,475.8,4.48,10.22,Limestone,16.29,15.27
VOLVE_15_9_F1,2529.37,22.01,98.9,398.5,6.75,10.51,Limestone,16.33,16.0
VOLVE_15_9_F1,2529.71,20.45,90.1,480.2,5.22,10.35,Limestone,16.37,15.1
VOLVE_15_9_F1,2530.64,16.89,86.2,434.8,5.25,10.32,Limestone,16.4,14.16
VOLVE_15_9_F1,2530.87,18.09,71.7,455.4,7.13,10.04,Limestone,16.45,12.85
VOLVE_15_9_F1,2531.26,20.71,96.7,403.3,4.98,10.29,Limestone,16.47,14.12
VOLVE_15_9_F1,2531.69,23.17,40.0,460.0,4.71,10.4,Limestone,16.51,12.58
VOLVE_15_9_F1,2532.29,24.17,89.4,492.1,4.43,10.61,Limestone,16.56,16.27
VOLVE_15_9_F1,2532.96,22.08,122.2,422.8,6.89,10.43,Limestone,16.61,16.56
VOLVE_15_9_F1,2533.55,20.85,61.0,430.8,4.12,10.51,Limestone,16.63,12.52
VOLVE_15_9_F1,2533.82,22.01,80.0,473.3,6.41,10.16,Limestone,16.67,15.02
VOLVE_15_9_F1,2534.21,18.47,83.5,474.3,2.94,10.33,Limestone,16.69,15.44
VOLVE_15_9_F1,2535.09,19.76,76.7,357.7,5.59,10.53,Limestone,16.72,14.07
VOLVE_15_9_F1,2535.8,18.08,99.2,535.7,4.34,10.21,Limestone,16.75,14.99
VOLVE_15_9_F1,2536.52,17.02,90.7,476.2,5.77,10.49,Limestone,16.78,13.29
VOLVE_15_9_F1,2537.25,20.98,85.9,483.0,5.16,10.46,Limestone,16.81,14.24
VOLVE_15_9_F1,2538.06,20.62,95.6,449.3,4.65,10.39,Limestone,16.82,15.05
VOLVE_15_9_F1,2538.31,21.87,83.9,380.9,4.76,10.3,Limestone,16.84,14.62
VOLVE_15_9_F1,2538.8,21.52,131.4,482.1,4.89,10.2,Limestone,16.85,17.26
VOLVE_15_9_F1,2539.43,20.76,85.9,432.5,6.16,10.61,Limestone,16.88,14.87
VOLVE_15_9_F1,2539.9,21.55,86.6,476.8,3.98,10.44,Limestone,16.92,14.7
VOLVE_15_9_F1,2540.78,20.06,58.0,446.3,4.35,10.4,Limestone,16.96,12.66
VOLVE_15_9_F1,2541.37,21.2,75.5,464.6,5.45,10.29,Limestone,17.0,16.45
VOLVE_15_9_F1,2542.18,18.35,100.9,424.1,7.1,10.35,Limestone,17.05,14.16
VOLVE_15_9_F1,2543.06,21.1,63.6,489.7,4.84,10.37,Limestone,17.07,12.67
VOLVE_15_9_F1,2543.67,21.85,51.3,407.6,4.44,10.41,Limestone,17.1,11.19
VOLVE_15_9_F1,2544.59,18.5,84.1,544.9,5.26,10.46,Limestone,17.13,14.33
VOLVE_15_9_F1,2545.26,20.31,104.2,544.6,2.9,10.23,Limestone,17.15,16.55
VOLVE_15_9_F1,2546.14,18.63,84.3,520.4,3.5,10.13,Limestone,17.18,13.89
VOLVE_15_9_F1,2546.62,18.87,78.6,506.1,4.43,10.36,Limestone,17.22,15.64
VOLVE_15_9_F1,2547.22,17.38,55.8,451.7,3.54,10.09,Limestone,17.25,12.56
VOLVE_15_9_F1,2547.84,23.36,,501.8,3.54,10.3,Limestone,17.29,16.75
VOLVE_15_9_F1,2548.13,22.86,93.5,451.2,6.49,10.27,Limestone,17.31,14.88
VOLVE_15_9_F1,2548.64,21.54,56.9,393.0,5.1,10.42,Limestone,17.35,12.34
VOLVE_15_9_F1,2549.58,25.13,100.6,515.2,5.94,10.65,Limestone,17.37,16.51
VOLVE_15_9_F1,2550.28,19.73,95.1,500.3,4.37,10.06,Limestone,17.41,15.66
VOLVE_15_9_F1,2550.62,27.78,100.6,453.8,6.1,10.69,Limestone,17.43,16.32
VOLVE_15_9_F1,2551.1,19.64,92.4,406.1,5.77,10.32,Limestone,17.46,14.7
VOLVE_15_9_F1,2551.45,20.84,93.4,431.7,4.96,10.4,Limestone,17.49,15.36
VOLVE_15_9_F1,2551.67,19.21,91.4,382.3,5.63,10.14,Limestone,17.51,12.81
VOLVE_15_9_F1,2552.61,21.14,96.6,,4.4,10.5,Limestone,17.53,14.78
VOLVE_15_9_F1,2553.17,22.3,56.3,391.0,4.97,10.36,Limestone,17.55,12.72
VOLVE_15_9_F1,2553.62,19.93,61.1,466.6,6.08,10.34,Limestone,17.59,13.09
VOLVE_15_9_F1,2554.29,24.66,72.6,421.4,6.79,10.06,Limestone,17.63,15.54
VOLVE_15_9_F1,2554.5,20.82,81.7,398.0,6.69,10.36,Limestone,17.65,13.82
VOLVE_15_9_F1,2554.92,20.9,89.4,464.6,5.56,10.48,Limestone,17.68,12.97
VOLVE_15_9_F1,2555.68,17.95,88.5,441.8,4.98,10.32,Limestone,17.73,13.81
VOLVE_15_9_F1,2556.39,21.27,100.4,488.6,4.88,10.53,Limestone,17.76,14.27
VOLVE_15_9_F1,2557.38,19.89,100.8,404.4,3.13,10.52,Limestone,17.8,14.63
VOLVE_15_9_F1,2558.07,18.71,70.5,424.8,3.13,10.26,Limestone,17.83,13.87
VOLVE_15_9_F1,2558.66,18.29,87.2,359.6,4.75,10.59,Limestone,17.86,11.11
VOLVE_15_9_F1,2559.46,26.92,70.9,367.7,5.36,10.36,Limestone,17.87,13.73
VOLVE_15_9_F1,2560.39,19.58,80.8,527.0,6.67,10.36,Limestone,17.89,15.12
VOLVE_15_9_F1,2561.16,16.6,88.4,538.5,6.4,10.37,Limestone,17.92,13.0
VOLVE_15_9_F1,2562.13,18.5,40.0,458.8,3.44,10.36,Limestone,17.96,12.29
VOLVE_15_9_F1,2562.96,20.12,119.8,422.2,6.59,9.96,Limestone,17.98,16.81
VOLVE_15_9_F1,2563.85,21.62,92.1,443.2,4.75,10.33,Limestone,18.03,14.6
VOLVE_15_9_F1,2564.14,21.64,74.7,490.1,5.89,10.15,Limestone,18.05,14.03
VOLVE_15_9_F1,2564.93,21.95,112.5,434.6,6.63,10.6,Limestone,18.08,13.3
VOLVE_15_9_F1,2565.48,18.65,78.4,464.6,6.34,10.59,Limestone,18.12,14.74
VOLVE_15_9_F1,2566.13,21.12,85.6,454.6,4.59,10.48,Limestone,18.17,16.49
VOLVE_15_9_F1,2566.85,18.08,76.3,432.4,5.99,10.32,Limestone,18.2,15.29
VOLVE_15_9_F1,2567.82,18.72,108.4,434.1,3.06,10.2,Limestone,18.22,14.21
VOLVE_15_9_F1,2568.81,17.98,82.0,466.9,6.4,10.26,Limestone,18.24,13.04
VOLVE_15_9_F1,2569.24,17.31,85.8,416.1,4.81,10.65,Limestone,18.26,14.03
VOLVE_15_9_F1,2570.03,22.94,,473.2,5.58,10.25,Limestone,18.3,15.67
VOLVE_15_9_F1,2570.83,22.0,92.4,436.3,2.92,10.0,Limestone,18.32,15.19
VOLVE_15_9_F1,2571.31,22.73,82.8,460.2,4.82,10.51,Limestone,18.36,14.82
VOLVE_15_9_F1,2571.61,20.38,100.2,510.5,6.96,10.58,Limestone,18.38,15.39
VOLVE_15_9_F1,2571.84,22.23,121.6,448.4,5.31,10.61,Limestone,18.41,16.77
VOLVE_15_9_F1,2572.66,15.89,88.3,491.9,5.61,10.51,Limestone,18.43,14.66
VOLVE_15_9_F1,2573.25,22.45,85.3,383.5,5.34,10.54,Limestone,18.46,13.7
VOLVE_15_9_F1,2574.24,20.74,86.1,436.3,6.43,10.37,Limestone,18.5,13.64
VOLVE_15_9_F1,2574.81,21.87,103.2,456.3,5.75,10.05,Limestone,18.55,13.07
VOLVE_15_9_F1,2575.8,21.25,74.6,532.1,,10.36,Limestone,18.59,14.0
VOLVE_15_9_F1,2576.32,17.84,79.4,376.8,4.86,10.45,Limestone,18.63,11.86
VOLVE_15_9_F1,2577.16,16.56,60.5,451.3,6.32,10.34,Limestone,18.65,12.92
VOLVE_15_9_F1,2577.43,18.53,65.8,513.4,5.25,10.33,Limestone,18.69,13.08
VOLVE_15_9_F1,2578.07,21.72,75.8,423.8,4.95,10.21,Limestone,18.74,13.83
VOLVE_15_9_F1,2578.91,22.04,82.7,446.6,7.93,10.21,Limestone,18.78,15.75
VOLVE_15_9_F1,2579.85,16.9,110.1,468.4,6.56,10.64,Limestone,18.81,14.66
VOLVE_15_9_F1,2580.71,17.87,91.6,462.5,5.96,10.64,Limestone,18.83,13.75
VOLVE_15_9_F1,2580.94,18.52,69.9,517.8,5.1,10.36,Limestone,18.87,15.38
VOLVE_15_9_F1,2581.44,19.43,72.6,473.1,5.71,10.4,Limestone,18.89,14.53
VOLVE_15_9_F1,2581.68,16.92,104.2,508.3,6.0,10.21,Limestone,18.92,14.16
VOLVE_15_9_F1,2581.97,16.77,100.4,440.8,2.4,10.46,Limestone,18.94,12.98
VOLVE_15_9_F1,2582.71,18.28,84.0,425.5,5.38,10.62,Limestone,18.98,14.07
VOLVE_15_9_F1,2583.48,20.55,76.9,446.1,4.81,10.13,Limestone,19.0,14.28
VOLVE_15_9_F1,2584.29,17.39,100.4,408.8,4.47,10.43,Limestone,19.04,12.52
VOLVE_15_9_F1,2585.19,20.05,68.6,474.5,4.6,10.44,Limestone,19.07,14.4
VOLVE_15_9_F1,2585.98,22.99,89.4,439.7,3.54,10.44,Limestone,19.1,15.6
VOLVE_15_9_F1,2586.82,17.09,,428.3,3.14,10.61,Limestone,19.12,14.96
VOLVE_15_9_F1,2587.06,19.83,86.6,475.1,6.58,10.67,Limestone,19.16,15.78
VOLVE_15_9_F1,2587.45,22.91,71.9,409.4,5.7,10.33,Limestone,19.19,16.04
VOLVE_15_9_F1,2588.14,19.31,89.7,486.0,2.19,10.46,Limestone,19.22,15.53
VOLVE_15_9_F1,2589.03,18.92,76.5,436.0,4.16,10.38,Limestone,19.25,13.57
VOLVE_15_9_F1,2589.23,23.27,62.6,501.5,6.09,10.27,Limestone,19.27,14.05
VOLVE_15_9_F1,2589.85,19.59,94.0,439.5,4.84,10.4,Limestone,19.31,12.22
VOLVE_15_9_F1,2590.59,23.12,100.3,480.5,7.08,10.46,Limestone,19.32,15.6
VOLVE_15_9_F1,2590.81,21.44,78.9,462.4,6.37,10.4,Limestone,19.36,14.83
VOLVE_15_9_F1,2591.33,19.51,77.9,484.9,3.3,10.23,Limestone,19.38,13.82
VOLVE_15_9_F1,2592.25,21.57,69.1,459.6,4.81,10.29,Limestone,19.43,11.89
VOLVE_15_9_F1,2592.99,21.17,81.3,388.7,4.59,10.3,Limestone,19.46,13.44
VOLVE_15_9_F1,2593.38,22.93,75.1,495.5,3.52,10.24,Limestone,19.47,14.98
VOLVE_15_9_F1,2594.26,19.01,68.3,451.7,2.99,10.41,Limestone,19.51,11.88
VOLVE_15_9_F1,2594.74,20.48,111.9,486.8,4.55,10.43,Limestone,19.53,15.11
VOLVE_15_9_F1,2595.62,20.23,90.5,482.8,4.41,10.51,Limestone,19.58,14.81
VOLVE_15_9_F1,2596.06,22.14,92.1,424.3,5.71,10.24,Limestone,19.62,15.9
VOLVE_15_9_F1,2596.73,17.82,96.8,418.6,6.31,10.28,Limestone,19.65,15.57
VOLVE_15_9_F1,2597.25,22.93,95.1,481.4,6.11,10.6,Limestone,19.68,14.79
VOLVE_15_9_F1,2597.67,21.56,77.3,443.1,6.0,10.34,Limestone,19.73,14.22
VOLVE_15_9_F1,2598.58,17.1,87.6,492.7,4.53,10.37,Limestone,19.76,13.71
VOLVE_15_9_F1,2598.93,23.42,79.5,448.1,6.02,10.34,Limestone,19.79,15.11
VOLVE_15_9_F1,2599.2,25.98,90.1,496.1,5.51,10.54,Limestone,19.82,16.06
VOLVE_15_9_F1,2599.67,22.9,88.6,472.1,4.86,10.54,Limestone,19.84,16.1
VOLVE_15_9_F1,2600.44,23.97,77.8,466.7,7.6,10.53,Limestone,19.88,12.44
VOLVE_15_9_F1,2601.29,20.62,63.6,440.2,2.01,10.37,Limestone,19.91,13.22
VOLVE_15_9_F1,2602.29,16.26,85.7,464.5,2.5,10.24,Limestone,19.96,13.33
VOLVE_15_9_F1,2602.73,15.8,80.4,502.9,5.09,10.66,Limestone,19.99,12.51
VOLVE_15_9_F1,2603.25,21.05,55.1,453.0,4.4,10.5,Limestone,20.02,10.45
VOLVE_15_9_F1,2603.56,18.93,91.1,476.5,3.35,10.3,Limestone,20.05,13.65
VOLVE_15_9_F1,2604.22,18.13,98.0,457.1,3.84,10.58,Limestone,20.09,12.85
VOLVE_15_9_F1,2605.22,20.26,121.4,460.2,4.54,10.29,Limestone,20.12,16.73
VOLVE_15_9_F1,2605.98,21.96,77.6,524.1,6.21,10.58,Limestone,20.16,14.86
VOLVE_15_9_F1,2606.66,16.79,75.4,503.3,6.1,10.59,Limestone,20.19,12.15
VOLVE_15_9_F1,2607.17,,66.8,458.4,6.71,10.23,Limestone,20.22,11.15
VOLVE_15_9_F1,2608.1,24.21,86.6,463.8,3.57,10.46,Limestone,20.27,15.0
VOLVE_15_9_F1,2608.7,17.75,86.5,427.1,3.25,10.49,Limestone,20.31,13.63
VOLVE_15_9_F1,2609.01,22.61,71.3,448.3,3.38,10.76,Limestone,20.33,13.17
VOLVE_15_9_F1,2609.5,19.23,80.9,467.6,6.49,10.26,Limestone,20.37,14.33
VOLVE_15_9_F1,2609.75,21.8,53.8,489.2,5.27,10.58,Limestone,20.39,12.58
VOLVE_15_9_F1,2610.11,23.18,97.4,485.2,5.64,10.37,Limestone,20.4,16.3
VOLVE_15_9_F1,2610.33,22.29,71.9,410.9,5.36,10.18,Limestone,20.45,14.54
VOLVE_15_9_F1,2610.89,22.72,83.0,494.3,5.22,10.35,Limestone,20.49,12.77
VOLVE_15_9_F1,2611.6,17.57,62.1,451.7,3.17,10.37,Limestone,20.5,10.59
VOLVE_15_9_F1,2612.07,23.23,74.7,415.7,5.83,10.21,Limestone,20.55,15.93
VOLVE_15_9_F1,2612.61,18.32,79.3,508.7,4.61,10.42,Limestone,20.57,14.47
VOLVE_15_9_F1,2613.58,21.1,83.3,513.8,3.71,10.51,Limestone,20.62,12.77
VOLVE_15_9_F1,2614.38,21.1,90.7,465.8,5.95,10.41,Limestone,20.66,12.7
VOLVE_15_9_F1,2615.01,21.67,105.0,483.6,5.02,10.29,Limestone,20.71,15.2
VOLVE_15_9_F1,2615.44,21.3,94.5,485.9,5.61,10.35,Limestone,20.75,13.39
VOLVE_15_9_F1,2616.36,18.36,97.9,511.1,4.97,10.37,Limestone,20.8,13.84
VOLVE_15_9_F1,2616.74,17.09,105.1,484.4,6.19,10.4,Limestone,20.84,13.86
VOLVE_15_9_F1,2617.21,22.65,92.0,402.1,5.68,10.54,Limestone,20.85,13.96
VOLVE_15_9_F1,2618.13,20.94,82.9,535.6,4.07,10.41,Limestone,20.88,15.33
VOLVE_15_9_F1,2618.76,23.35,98.6,497.9,5.97,10.16,Limestone,20.92,17.35
VOLVE_15_9_F1,2619.55,20.37,99.5,434.9,5.75,10.29,Limestone,20.94,13.93
VOLVE_15_9_F1,2620.22,16.97,93.2,414.1,5.54,10.4,Limestone,20.98,11.82
VOLVE_15_9_F1,2620.95,22.9,61.6,475.4,6.23,10.54,Limestone,21.0,13.76
VOLVE_15_9_F1,2621.38,19.56,70.8,444.1,4.08,10.57,Limestone,21.05,14.39
VOLVE_15_9_F1,2621.78,21.34,79.3,468.4,5.91,10.64,Limestone,21.08,13.44
VOLVE_15_9_F1,2622.24,18.87,95.1,485.0,3.06,10.39,Limestone,21.12,14.35
VOLVE_15_9_F1,2622.56,24.6,83.1,432.6,5.32,10.49,Limestone,21.17,13.43
VOLVE_15_9_F1,2623.46,18.3,100.5,410.6,4.83,10.16,Limestone,21.2,13.54
VOLVE_15_9_F1,2623.89,19.65,103.2,470.7,7.05,10.44,Limestone,21.23,13.17
VOLVE_15_9_F1,2624.54,20.77,101.4,433.9,5.2,10.21,Limestone,21.25,14.21
VOLVE_15_9_F1,2625.37,17.77,101.5,461.1,5.85,10.37,Limestone,21.29,13.61
VOLVE_15_9_F1,2626.2,21.33,67.9,401.5,2.82,10.83,Limestone,21.34,12.95
VOLVE_15_9_F1,2626.75,24.54,90.7,445.2,5.15,10.42,Limestone,21.36,16.44
VOLVE_15_9_F1,2627.33,19.28,74.3,483.9,3.83,10.25,Limestone,21.37,12.76
VOLVE_15_9_F1,2628.32,21.5,58.7,479.5,7.79,10.44,Limestone,21.4,11.27
VOLVE_15_9_F1,2629.06,13.64,79.1,423.7,3.61,10.3,Limestone,21.41,11.28
VOLVE_15_9_F1,2629.91,20.42,103.3,408.5,5.48,10.23,Limestone,21.46,14.32
VOLVE_15_9_F1,2630.84,19.74,90.3,455.9,5.28,10.69,Limestone,21.48,13.73
VOLVE_15_9_F1,2631.67,18.48,113.7,477.7,3.46,10.54,Limestone,21.52,13.8
VOLVE_15_9_F1,2632.02,23.23,86.1,471.5,4.75,10.43,Limestone,21.57,15.82
VOLVE_15_9_F1,2632.66,19.72,120.1,434.8,6.06,10.32,Limestone,21.62,14.67
VOLVE_15_9_F1,2632.95,20.09,86.1,467.2,5.2,10.33,Limestone,21.65,13.54
VOLVE_15_9_F1,2633.67,19.59,83.8,515.4,2.26,10.61,Limestone,21.67,12.52
VOLVE_15_9_F1,2634.63,15.75,64.2,463.5,3.7,10.42,Limestone,21.72,9.89
VOLVE_15_9_F1,2635.24,17.71,100.1,389.9,6.32,9.92,Limestone,21.75,13.87
VOLVE_15_9_F1,2635.79,22.95,75.9,463.4,5.91,10.74,Limestone,21.8,13.88
VOLVE_15_9_F1,2636.02,15.27,73.7,537.0,5.94,10.41,Limestone,21.83,11.41
VOLVE_15_9_F1,2636.99,18.63,102.6,403.8,4.03,10.43,Limestone,21.84,13.26
VOLVE_15_9_F1,2637.27,19.55,100.8,456.5,6.81,10.54,Limestone,21.89,13.86
VOLVE_15_9_F1,2637.5,24.91,100.4,446.2,5.69,10.45,Limestone,21.93,14.26
VOLVE_15_9_F1,2637.9,22.47,78.0,459.1,7.1,10.49,Limestone,21.95,13.21
VOLVE_15_9_F1,2638.15,19.16,82.6,463.0,4.97,10.32,Limestone,21.99,13.57
VOLVE_15_9_F1,2638.71,23.82,82.5,500.9,2.92,10.2,Limestone,22.0,14.13
VOLVE_15_9_F1,2639.33,18.71,95.1,458.7,6.13,10.42,Limestone,22.04,13.0
VOLVE_15_9_F1,2639.78,23.08,106.7,506.4,5.15,10.59,Limestone,22.06,14.19
VOLVE_15_9_F1,2640.02,17.16,88.9,450.6,4.43,10.28,Limestone,22.08,12.73
VOLVE_15_9_F1,2640.31,23.24,113.0,441.3,4.04,10.27,Limestone,22.1,15.72
VOLVE_15_9_F1,2640.82,19.55,96.9,428.5,7.16,10.56,Limestone,22.13,13.9
VOLVE_15_9_F1,2641.06,17.99,79.9,382.6,4.19,10.31,Limestone,22.15,12.12
VOLVE_15_9_F1,2641.82,20.02,95.8,466.3,7.13,10.32,Limestone,22.17,14.44
VOLVE_15_9_F1,2642.19,21.26,109.0,537.4,5.03,10.32,Limestone,22.2,16.34
VOLVE_15_9_F1,2642.63,19.33,113.4,473.6,4.33,10.37,Limestone,22.24,14.76
VOLVE_15_9_F1,2643.14,21.96,101.2,482.8,7.08,10.15,Limestone,22.27,15.19
VOLVE_15_9_F1,2643.68,19.12,83.8,438.8,4.89,10.3,Limestone,22.31,13.67
VOLVE_15_9_F1,2643.88,22.13,80.1,445.5,5.12,10.42,Limestone,22.33,13.29
VOLVE_15_9_F1,2644.17,21.68,92.0,494.7,3.79,10.41,Limestone,22.34,14.35
VOLVE_15_9_F1,2645.06,20.43,108.5,535.6,4.92,10.56,Limestone,22.39,14.07
VOLVE_15_9_F1,2645.26,19.48,89.9,514.8,5.62,10.66,Limestone,22.43,12.3
VOLVE_15_9_F1,2645.87,20.96,90.2,487.5,3.68,10.61,Limestone,22.48,14.0
VOLVE_15_9_F1,2646.46,21.96,84.2,456.7,4.59,10.52,Limestone,22.53,13.93
VOLVE_15_9_F1,2646.92,25.74,78.5,463.7,4.99,10.36,Limestone,22.56,13.92
VOLVE_15_9_F1,2647.47,22.94,80.9,425.2,5.36,10.29,Limestone,22.61,14.84
VOLVE_15_9_F1,2648.29,23.03,85.4,397.4,7.13,10.39,Limestone,22.64,12.94
VOLVE_15_9_F1,2649.17,28.32,109.1,410.2,5.83,10.47,Limestone,22.68,13.56
VOLVE_15_9_F1,2649.58,21.89,79.8,457.3,4.34,10.51,Limestone,22.73,12.62
VOLVE_15_9_F1,2650.03,21.81,84.2,443.6,8.52,10.48,Limestone,22.77,12.39
VOLVE_15_9_F1,2650.43,22.36,70.4,396.5,4.55,10.37,Limestone,22.8,13.11
VOLVE_15_9_F1,2651.01,18.08,94.1,453.8,4.81,10.5,Limestone,22.82,12.28
VOLVE_15_9_F1,2651.76,19.5,103.9,442.6,4.88,10.57,Limestone,22.84,14.54
VOLVE_15_9_F1,2652.14,19.34,107.7,408.4,5.02,10.52,Limestone,22.87,14.4
VOLVE_15_9_F1,2652.61,22.23,86.4,440.5,5.39,10.38,Limestone,22.91,12.69
VOLVE_15_9_F1,2653.55,20.18,92.0,442.5,6.3,10.26,Limestone,22.95,12.89
VOLVE_15_9_F1,2653.79,20.96,81.1,430.6,5.59,10.26,Limestone,22.97,13.87
VOLVE_15_9_F1,2654.36,23.34,91.3,492.4,6.76,10.28,Limestone,23.01,15.59
VOLVE_15_9_F1,2655.13,22.78,88.1,379.2,6.62,10.42,Limestone,23.03,11.68
VOLVE_15_9_F1,2655.45,20.22,84.2,375.9,5.33,10.46,Limestone,23.06,13.12
VOLVE_15_9_F1,2655.68,18.95,85.4,455.4,5.44,10.17,Limestone,23.09,11.04
VOLVE_15_9_F1,2656.0,23.46,90.1,459.2,6.79,10.31,Limestone,23.12,13.88
VOLVE_15_9_F1,2656.93,22.56,78.9,471.5,3.88,10.42,Limestone,23.16,14.51
VOLVE_15_9_F1,2657.14,16.61,79.7,433.8,7.69,10.25,Limestone,23.2,15.6
VOLVE_15_9_F1,2657.49,19.85,109.0,418.6,4.81,10.45,Limestone,23.24,13.45
VOLVE_15_9_F1,2657.71,21.04,124.0,455.0,5.33,10.34,Limestone,23.26,13.4
VOLVE_15_9_F1,2658.0,22.58,65.3,437.7,3.56,10.28,Limestone,23.3,12.1
VOLVE_15_9_F1,2658.7,22.91,64.5,517.4,3.61,10.39,Limestone,23.32,13.15
VOLVE_15_9_F1,2659.09,21.35,69.0,442.3,6.12,10.45,Limestone,23.35,12.21
VOLVE_15_9_F1,2659.75,22.1,81.8,453.2,7.94,10.26,Limestone,23.38,13.02
VOLVE_15_9_F1,2660.42,20.8,96.8,554.3,4.64,10.35,Limestone,23.42,13.88
VOLVE_15_9_F1,2661.3,18.96,92.2,447.5,5.51,10.46,Limestone,23.47,13.49
VOLVE_15_9_F1,2661.5,19.99,85.9,477.6,5.35,10.27,Limestone,23.49,13.35
VOLVE_15_9_F1,2662.38,20.7,91.3,,6.43,10.14,Limestone,23.53,13.01
VOLVE_15_9_F1,2663.08,20.57,73.0,484.6,7.61,10.16,Limestone,23.56,12.68
VOLVE_15_9_F1,2663.41,15.94,79.7,466.9,6.45,10.33,Limestone,23.59,11.77
VOLVE_15_9_F1,2664.23,19.66,83.0,463.1,4.73,10.19,Limestone,23.63,12.02
VOLVE_15_9_F1,2665.11,20.8,59.6,459.3,5.4,10.34,Limestone,23.67,11.69
VOLVE_15_9_F1,2665.52,19.96,65.9,432.3,5.54,10.64,Limestone,23.71,12.88
VOLVE_15_9_F1,2666.45,20.05,66.5,468.4,4.78,10.18,Limestone,23.76,12.3
VOLVE_15_9_F1,2667.02,21.89,94.8,536.5,4.08,10.35,Limestone,23.78,12.48
VOLVE_15_9_F1,2667.7,17.97,87.0,503.8,3.96,10.71,Limestone,23.83,13.71
VOLVE_15_9_F1,2668.69,16.6,92.5,467.5,6.26,10.45,Limestone,23.87,13.05
VOLVE_15_9_F1,2669.17,19.81,55.7,489.6,6.12,10.33,Limestone,23.9,10.91
VOLVE_15_9_F1,2670.03,22.59,61.1,420.6,4.7,10.37,Limestone,23.91,12.05
VOLVE_15_9_F1,2670.48,24.9,93.3,444.9,5.95,10.45,Limestone,23.94,13.48
VOLVE_15_9_F1,2671.32,22.64,41.6,493.3,6.1,10.64,Limestone,23.98,12.22
VOLVE_15_9_F1,2672.0,17.02,101.7,514.8,3.01,10.31,Limestone,24.03,12.62
VOLVE_15_9_F1,2672.37,20.11,56.0,424.5,4.11,10.28,Limestone,24.07,11.49
VOLVE_15_9_F1,2672.9,21.33,96.0,436.0,7.78,10.18,Limestone,24.1,13.8
VOLVE_15_9_F1,2673.36,21.14,70.0,542.6,5.31,10.41,Limestone,24.11,11.75
VOLVE_15_9_F1,2673.62,22.04,99.0,459.2,4.11,10.18,Limestone,24.14,15.26
VOLVE_15_9_F1,2673.84,18.4,131.4,528.3,5.77,10.32,Limestone,24.16,15.06
VOLVE_15_9_F1,2674.32,20.86,49.2,463.6,5.84,10.26,Limestone,24.18,11.18
VOLVE_15_9_F1,2674.54,21.75,93.7,465.2,2.31,10.55,Limestone,24.19,13.45
VOLVE_15_9_F1,2674.87,22.76,56.2,443.1,5.1,10.32,Limestone,24.21,13.26
VOLVE_15_9_F1,2675.65,18.69,89.7,493.1,4.58,10.45,Limestone,24.23,13.02
VOLVE_15_9_F1,2676.42,19.84,80.2,509.7,3.02,10.15,Limestone,24.27,14.42
VOLVE_15_9_F1,2677.21,13.95,85.3,414.0,4.63,10.41,Limestone,24.29,14.16
VOLVE_15_9_F1,2677.66,19.16,69.6,441.3,4.6,10.21,Limestone,24.32,12.03
VOLVE_15_9_F1,2678.57,19.4,95.0,492.0,5.14,10.33,Limestone,24.36,12.89
VOLVE_15_9_F1,2679.25,18.17,61.6,450.2,4.14,10.72,Limestone,24.4,10.45
VOLVE_15_9_F1,2679.55,21.13,101.9,435.6,4.21,10.53,Limestone,24.44,11.22
VOLVE_15_9_F1,2679.86,20.58,77.2,495.7,3.26,10.37,Limestone,24.48,14.11
VOLVE_15_9_F1,2680.62,15.07,62.3,499.5,3.46,10.87,Limestone,24.52,10.59
VOLVE_15_9_F1,2680.96,21.26,107.2,437.4,6.55,10.26,Limestone,24.56,14.9
VOLVE_15_9_F1,2681.56,18.41,82.3,463.9,5.17,10.57,Limestone,24.6,13.61
VOLVE_15_9_F1,2682.56,21.94,111.9,407.0,5.57,10.16,Limestone,24.63,12.92
VOLVE_15_9_F1,2682.76,,101.6,419.5,3.85,10.36,Limestone,24.66,11.45
VOLVE_15_9_F1,2682.97,20.81,71.3,460.3,4.49,10.19,Limestone,24.69,14.34
VOLVE_15_9_F1,2683.97,20.03,82.0,456.6,5.92,10.43,Limestone,24.71,12.75
VOLVE_15_9_F1,2684.63,21.5,85.1,416.7,5.82,10.4,Limestone,24.73,12.38
VOLVE_15_9_F1,2684.94,21.05,106.2,426.7,4.91,10.35,Limestone,24.76,12.45
VOLVE_15_9_F1,2685.85,20.11,89.8,412.8,2.02,10.56,Limestone,24.78,12.23
VOLVE_15_9_F1,2686.76,16.91,85.9,473.6,4.0,10.31,Limestone,24.82,13.81
VOLVE_15_9_F1,2687.39,17.06,80.3,376.7,4.16,10.44,Limestone,24.85,12.26
VOLVE_15_9_F1,2688.08,19.29,82.5,414.9,3.89,10.52,Limestone,24.86,12.47
VOLVE_15_9_F1,2688.5,20.73,102.8,380.9,4.91,10.17,Limestone,24.89,14.63
VOLVE_15_9_F1,2688.74,19.23,83.3,472.1,5.96,10.28,Limestone,24.91,14.2
VOLVE_15_9_F1,2689.42,22.32,77.4,383.3,5.12,10.4,Limestone,24.95,13.09
VOLVE_15_9_F1,2689.85,20.06,74.8,456.6,6.12,10.49,Limestone,24.97,15.4
VOLVE_15_9_F1,2690.59,18.35,75.0,521.0,2.97,10.61,Limestone,24.98,11.91
VOLVE_15_9_F1,2691.45,20.07,62.2,522.3,4.37,10.36,Limestone,25.0,13.36
VOLVE_15_9_F1,2691.67,21.33,72.0,383.1,2.67,10.35,Limestone,25.03,11.51
VOLVE_15_9_F1,2692.35,21.58,105.7,467.3,5.02,10.27,Limestone,25.04,14.66
VOLVE_15_9_F1,2692.73,25.47,80.2,415.8,4.24,10.45,Limestone,25.07,12.91
VOLVE_15_9_F1,2693.63,19.1,93.8,407.7,6.66,10.35,Limestone,25.11,13.26
VOLVE_15_9_F1,2694.03,20.59,46.1,450.8,5.04,10.36,Limestone,25.15,13.49
VOLVE_15_9_F1,2694.72,21.84,91.8,504.5,6.56,10.38,Limestone,25.19,14.78
VOLVE_15_9_F1,2695.36,20.72,80.8,479.4,4.56,10.48,Limestone,25.2,13.46
VOLVE_15_9_F1,2695.88,19.53,76.0,426.8,3.67,10.31,Limestone,25.23,11.28
VOLVE_15_9_F1,2696.62,16.91,86.0,483.6,3.55,10.28,Limestone,25.27,12.37
VOLVE_15_9_F1,2697.4,19.51,75.8,365.6,5.21,10.46,Limestone,25.29,10.81
VOLVE_15_9_F1,2698.06,18.11,51.4,425.3,6.57,9.95,Limestone,25.34,12.11
VOLVE_15_9_F1,2698.86,16.48,97.1,422.4,5.43,10.31,Limestone,25.37,13.05
VOLVE_15_9_F1,2699.85,18.81,86.9,458.5,4.55,10.23,Limestone,25.38,12.5
VOLVE_15_9_F1,2700.39,18.18,78.5,447.3,4.59,10.58,Limestone,25.4,13.64
VOLVE_15_9_F1,2701.0,22.26,68.8,449.7,5.0,10.33,Limestone,25.45,13.95
VOLVE_15_9_F1,2701.21,22.31,61.2,448.4,7.36,10.32,Limestone,25.5,12.6
VOLVE_15_9_F1,2702.04,18.55,86.6,456.3,6.45,10.39,Limestone,25.54,13.18
VOLVE_15_9_F1,2702.66,20.16,107.4,477.0,5.74,10.31,Limestone,25.56,13.06
VOLVE_15_9_F1,2703.19,16.17,86.3,461.4,4.88,10.34,Limestone,25.6,11.69
VOLVE_15_9_F1,2703.46,19.58,62.5,444.0,5.06,10.42,Limestone,25.62,10.64
VOLVE_15_9_F1,2704.37,21.81,86.6,471.5,5.86,10.34,Limestone,25.65,12.87
VOLVE_15_9_F1,2704.89,22.88,82.4,488.5,4.8,10.34,Limestone,25.69,13.24
VOLVE_15_9_F1,2705.64,19.04,96.2,433.2,4.14,10.25,Limestone,25.74,10.98
VOLVE_15_9_F1,2705.96,23.45,92.3,453.0,6.73,10.23,Limestone,25.76,14.25
VOLVE_15_9_F1,2706.93,17.04,40.0,501.9,4.16,10.41,Limestone,25.79,11.22
VOLVE_15_9_F1,2707.27,17.71,91.4,411.3,6.1,10.45,Limestone,25.81,12.22
VOLVE_15_9_F1,2707.63,22.6,68.2,527.6,7.03,10.19,Limestone,25.84,10.5
VOLVE_15_9_F1,2708.51,25.01,61.9,401.9,5.8,10.52,Limestone,25.85,12.05
VOLVE_15_9_F1,2709.44,22.07,80.4,441.6,5.62,10.52,Limestone,25.89,11.43
VOLVE_15_9_F1,2709.81,20.74,89.4,417.4,9.05,10.55,Limestone,25.91,12.55
VOLVE_15_9_F1,2710.39,15.35,58.6,542.9,4.51,10.45,Limestone,25.94,12.47
VOLVE_15_9_F1,2711.18,15.79,93.8,435.3,3.52,10.5,Limestone,25.96,9.19
VOLVE_15_9_F1,2712.08,21.17,94.7,435.4,4.99,10.73,Limestone,25.99,12.07
VOLVE_15_9_F1,2712.58,19.96,83.9,440.6,6.92,10.36,Limestone,26.01,13.51
VOLVE_15_9_F1,2713.2,18.09,70.2,459.3,3.13,10.25,Limestone,26.04,10.88
VOLVE_15_9_F1,2713.99,21.02,68.5,442.3,4.02,10.17,Limestone,26.07,11.26
VOLVE_15_9_F1,2714.78,21.15,98.6,450.1,6.71,10.67,Limestone,26.11,15.35
VOLVE_15_9_F1,2715.6,23.22,60.5,314.3,4.67,10.67,Limestone,26.15,11.45
VOLVE_15_9_F1,2716.26,21.21,99.2,457.7,5.26,10.27,Limestone,26.18,14.33
VOLVE_15_9_F1,2716.54,23.94,80.7,456.1,6.65,10.3,Limestone,26.21,13.87
VOLVE_15_9_F1,2717.46,20.89,81.8,497.0,4.25,10.36,Limestone,26.26,13.01
VOLVE_15_9_F1,2718.36,20.59,57.6,507.8,2.95,10.59,Limestone,26.28,12.73
VOLVE_15_9_F1,2719.2,23.54,81.0,447.9,3.67,10.21,Limestone,26.32,14.82
VOLVE_15_9_F1,2719.48,18.43,92.4,488.1,5.74,10.11,Limestone,26.37,11.17
VOLVE_15_9_F1,2719.84,27.92,63.2,411.4,5.77,10.73,Limestone,26.42,12.55
VOLVE_15_9_F1,2720.63,21.82,90.7,486.1,4.49,10.45,Limestone,26.45,13.0
VOLVE_15_9_F1,2720.85,21.84,84.5,432.5,3.84,10.48,Limestone,26.49,12.12
VOLVE_15_9_F1,2721.84,22.2,73.5,408.1,4.78,10.38,Limestone,26.52,13.04
VOLVE_15_9_F1,2722.34,25.58,96.0,448.0,7.08,10.48,Limestone,26.55,14.2
VOLVE_15_9_F1,2723.11,22.87,50.2,511.5,3.81,10.18,Limestone,26.6,13.57
VOLVE_15_9_F1,2724.02,16.88,88.4,462.7,4.05,10.28,Limestone,26.62,13.06
VOLVE_15_9_F1,2724.54,24.41,107.5,515.3,4.38,10.42,Limestone,26.66,15.61
VOLVE_15_9_F1,2724.99,20.05,104.8,425.5,4.94,10.07,Limestone,26.69,11.85
VOLVE_15_9_F1,2725.68,21.17,89.0,497.4,5.65,10.36,Limestone,26.71,12.45
VOLVE_15_9_F1,2726.35,17.71,78.7,429.4,7.31,10.35,Limestone,26.74,11.15
VOLVE_15_9_F1,2726.87,22.22,73.6,464.5,5.37,10.36,Limestone,26.79,13.91
VOLVE_15_9_F1,2727.55,19.28,78.6,464.1,4.85,10.33,Limestone,26.82,11.17
VOLVE_15_9_F1,2728.5,21.16,91.3,481.9,6.31,10.26,Limestone,26.86,12.29
VOLVE_15_9_F1,2729.08,20.21,71.1,465.5,5.72,10.14,Limestone,26.89,11.19
VOLVE_15_9_F1,2729.43,25.73,94.5,425.9,5.04,10.43,Limestone,26.93,16.39
VOLVE_15_9_F1,2729.94,25.88,115.2,490.7,8.82,10.36,Limestone,26.97,14.91
VOLVE_15_9_F1,2730.45,21.04,82.2,524.7,5.1,10.2,Limestone,27.01,13.6
VOLVE_15_9_F1,2730.76,21.08,63.0,432.1,5.13,10.42,Limestone,27.03,10.51
VOLVE_15_9_F1,2731.09,19.99,63.0,382.1,5.41,10.37,Limestone,27.06,12.19
VOLVE_15_9_F1,2731.83,23.69,94.8,475.4,5.97,10.34,Limestone,27.11,11.86
VOLVE_15_9_F1,2732.31,20.11,82.3,442.2,6.87,10.09,Limestone,27.12,11.59
VOLVE_15_9_F1,2733.27,19.88,96.3,450.2,4.53,10.51,Limestone,27.15,11.54
VOLVE_15_9_F1,2733.66,23.38,75.2,477.7,6.17,10.23,Limestone,27.19,13.29
VOLVE_15_9_F1,2733.94,19.59,95.6,437.2,5.39,10.42,Limestone,27.23,11.67
VOLVE_15_9_F1,2734.75,20.84,80.8,444.7,6.27,10.29,Limestone,27.27,14.0
VOLVE_15_9_F1,2735.65,16.99,72.2,451.5,4.35,10.35,Limestone,27.31,11.69
VOLVE_15_9_F1,2736.07,22.7,77.1,514.3,4.78,10.58,Limestone,27.36,12.0
VOLVE_15_9_F1,2736.44,25.8,65.2,456.7,6.18,10.49,Limestone,27.39,13.62
VOLVE_15_9_F1,2736.78,22.75,113.0,406.0,6.17,10.58,Limestone,27.42,12.94
VOLVE_15_9_F1,2737.4,24.6,81.7,407.6,4.46,10.46,Limestone,27.47,11.95
VOLVE_15_9_F1,2737.98,18.84,92.8,461.0,6.7,10.47,Limestone,27.5,13.39
VOLVE_15_9_F1,2738.38,21.54,75.1,410.3,5.94,10.15,Limestone,27.52,9.74
VOLVE_15_9_F1,2738.62,18.6,67.4,393.0,4.6,10.37,Limestone,27.54,11.82
VOLVE_15_9_F1,2739.21,20.39,79.6,480.9,4.47,10.38,Limestone,27.58,11.45
VOLVE_15_9_F1,2740.17,22.89,99.7,482.9,5.99,10.6,Limestone,27.62,12.65
VOLVE_15_9_F1,2740.89,21.22,75.3,440.8,5.83,10.34,Limestone,27.65,14.2
VOLVE_15_9_F1,2741.49,17.43,70.1,467.2,2.71,10.45,Limestone,27.69,10.44
VOLVE_15_9_F1,2741.78,17.68,85.5,463.0,5.32,10.45,Limestone,27.73,12.73
VOLVE_15_9_F1,2742.18,17.52,90.6,,5.72,10.59,Limestone,27.75,12.25
VOLVE_15_9_F1,2742.62,22.2,107.8,479.7,2.79,10.39,Limestone,27.79,13.54
VOLVE_15_9_F1,2743.43,26.13,88.4,351.3,5.91,10.54,Limestone,27.82,12.49
VOLVE_15_9_F1,2744.33,24.38,92.8,445.9,6.42,10.16,Limestone,27.84,13.16
VOLVE_15_9_F1,2745.25,16.24,93.9,476.2,5.57,10.17,Limestone,27.87,13.41
VOLVE_15_9_F1,2746.24,24.54,65.8,439.1,6.16,10.07,Limestone,27.9,13.44
VOLVE_15_9_F1,2747.23,23.33,68.7,456.9,4.74,10.53,Limestone,27.94,11.68
VOLVE_15_9_F1,2748.19,17.13,66.9,,3.3,10.52,Limestone,27.97,9.72
VOLVE_15_9_F1,2748.45,20.24,63.1,458.7,2.61,10.55,Limestone,27.98,10.41
VOLVE_15_9_F1,2748.76,23.73,95.1,515.8,6.87,10.31,Limestone,28.01,14.86
VOLVE_15_9_F1,2749.2,22.37,87.5,500.6,6.17,10.33,Limestone,28.06,14.41
VOLVE_15_9_F1,2749.84,17.73,84.3,450.8,6.26,10.4,Limestone,28.09,12.2
VOLVE_15_9_F1,2750.12,22.53,44.2,447.6,3.82,10.63,Limestone,28.11,8.97
VOLVE_15_9_F1,2751.0,15.66,114.0,341.5,6.08,10.67,Limestone,28.16,12.17
VOLVE_15_9_F1,2751.69,20.45,69.7,442.4,3.08,10.54,Limestone,28.18,12.58
VOLVE_15_9_F1,2752.32,23.85,113.9,401.4,4.81,10.47,Limestone,28.2,13.52
VOLVE_15_9_F1,2752.66,21.06,61.4,464.4,4.97,10.62,Limestone,28.23,13.35
VOLVE_15_9_F1,2753.06,19.76,70.9,461.6,5.64,10.38,Limestone,28.27,10.41
VOLVE_15_9_F1,2753.39,23.24,50.1,483.3,6.86,10.36,Limestone,28.31,12.2
VOLVE_15_9_F1,2754.27,23.45,88.5,511.4,5.15,10.4,Limestone,28.32,12.24
VOLVE_15_9_F1,2754.93,24.29,66.6,454.5,4.15,10.27,Limestone,28.36,13.23
VOLVE_15_9_F1,2755.72,23.21,67.0,546.7,3.99,10.39,Limestone,28.4,13.13
VOLVE_15_9_F1,2756.16,23.73,62.5,464.8,4.25,10.25,Limestone,28.45,13.81
VOLVE_15_9_F1,2756.66,22.86,94.8,403.1,8.14,10.57,Limestone,28.49,13.35
VOLVE_15_9_F1,2757.18,21.69,93.8,433.0,6.27,10.5,Limestone,28.54,12.43
VOLVE_15_9_F1,2757.99,21.26,110.3,440.6,6.9,10.63,Limestone,28.55,12.63
VOLVE_15_9_F1,2758.81,20.44,72.8,479.2,4.65,10.18,Limestone,28.58,11.71
VOLVE_15_9_F1,2759.17,18.01,86.4,417.6,4.91,10.7,Limestone,28.62,10.75
VOLVE_15_9_F1,2760.13,18.65,63.8,443.6,5.47,10.18,Limestone,28.66,12.36
VOLVE_15_9_F1,2760.42,20.34,78.1,449.1,4.39,10.24,Limestone,28.69,13.02
VOLVE_15_9_F1,2761.34,21.65,75.3,437.6,4.73,10.33,Limestone,28.74,10.34
VOLVE_15_9_F1,2761.62,24.65,90.1,488.0,4.76,10.62,Limestone,28.78,13.16
VOLVE_15_9_F1,2762.03,20.94,98.4,481.2,4.82,10.45,Limestone,28.82,12.78
VOLVE_15_9_F1,2762.91,23.56,98.0,502.2,5.65,10.38,Limestone,28.86,12.57
VOLVE_15_9_F1,2763.25,23.75,70.4,442.3,4.21,10.3,Limestone,28.88,12.43
VOLVE_15_9_F1,2763.78,20.48,98.1,503.6,5.66,10.21,Limestone,28.92,14.37
VOLVE_15_9_F1,2764.34,22.54,82.4,401.0,5.61,10.59,Limestone,28.97,12.95
VOLVE_15_9_F1,2764.74,20.45,78.2,400.0,4.8,10.54,Limestone,28.98,12.73
VOLVE_15_9_F1,2765.51,24.37,72.5,407.0,4.29,10.62,Limestone,29.0,11.1
VOLVE_15_9_F1,2766.39,22.66,74.7,455.9,5.29,10.48,Limestone,29.04,12.13
VOLVE_15_9_F1,2767.29,18.09,109.2,503.6,4.66,10.03,Limestone,29.07,11.84
VOLVE_15_9_F1,2767.76,21.47,87.7,431.4,5.3,10.24,Limestone,29.08,12.64
VOLVE_15_9_F1,2768.38,25.19,85.7,436.5,6.87,10.49,Limestone,29.11,13.21
VOLVE_15_9_F1,2768.78,20.62,79.1,446.9,3.54,10.37,Limestone,29.13,12.56
VOLVE_15_9_F1,2769.18,22.2,119.8,478.5,8.4,10.34,Limestone,29.15,15.26
VOLVE_15_9_F1,2769.51,22.44,102.7,436.4,5.47,10.26,Limestone,29.2,13.59
VOLVE_15_9_F1,2770.46,18.49,72.3,434.2,5.24,10.57,Limestone,29.23,10.22
VOLVE_15_9_F1,2771.37,22.36,79.0,401.7,4.29,10.49,Limestone,29.27,10.27
VOLVE_15_9_F1,2772.19,17.6,79.9,432.7,6.15,10.5,Limestone,29.28,11.81
VOLVE_15_9_F1,2772.81,19.53,85.3,502.6,4.89,10.33,Limestone,29.31,13.76
VOLVE_15_9_F1,2773.4,23.78,72.5,459.2,4.76,10.45,Limestone,29.33,11.96
VOLVE_15_9_F1,2774.02,21.99,89.6,426.0,4.63,10.22,Limestone,29.38,10.76
VOLVE_15_9_F1,2774.65,20.34,104.8,505.0,5.08,10.41,Limestone,29.42,14.83
VOLVE_15_9_F1,2775.2,22.22,63.4,432.1,5.45,10.05,Limestone,29.45,12.24
VOLVE_15_9_F1,2775.5,20.95,66.1,512.3,5.09,10.19,Limestone,29.5,12.05
VOLVE_15_9_F1,2775.8,21.13,75.8,511.7,4.99,10.38,Limestone,29.51,10.94
VOLVE_15_9_F1,2776.77,22.75,76.5,457.8,4.34,10.78,Limestone,29.53,11.73
VOLVE_15_9_F1,2777.35,19.29,113.0,395.6,4.51,10.16,Limestone,29.58,12.79
VOLVE_15_9_F1,2778.31,21.21,98.1,547.1,4.83,10.24,Limestone,29.6,13.61
VOLVE_15_9_F1,2778.65,20.33,97.2,471.0,5.84,10.46,Limestone,29.65,11.64
VOLVE_15_9_F1,2779.29,17.15,79.1,442.6,5.52,10.69,Limestone,29.67,10.79
VOLVE_15_9_F1,2779.66,18.82,78.8,493.8,5.83,10.46,Limestone,29.71,11.06
VOLVE_15_9_F1,2780.06,25.04,61.3,483.7,5.17,10.53,Limestone,29.73,13.53
VOLVE_15_9_F1,2780.28,22.08,94.8,508.0,5.87,10.38,Limestone,29.74,13.83
VOLVE_15_9_F1,2780.58,17.81,90.4,429.1,4.76,10.35,Limestone,29.77,10.84
VOLVE_15_9_F1,2781.51,17.28,102.3,468.3,3.0,10.44,Limestone,29.82,10.45
VOLVE_15_9_F1,2781.97,20.85,79.9,408.1,4.82,10.33,Limestone,29.85,11.76
VOLVE_15_9_F1,2782.65,25.03,80.9,482.2,5.02,10.54,Limestone,29.89,12.12
VOLVE_15_9_F1,2783.23,20.67,85.6,454.6,3.9,10.19,Limestone,29.9,11.5
VOLVE_15_9_F1,2783.75,24.4,96.4,466.8,4.96,10.56,Limestone,29.91,11.76
VOLVE_15_9_F1,2784.37,22.02,61.0,449.7,5.06,10.43,Limestone,29.92,10.28
VOLVE_15_9_F1,2784.72,22.32,94.1,445.5,4.06,10.4,Limestone,29.97,12.42
VOLVE_15_9_F1,2785.71,17.8,82.7,420.8,3.99,10.18,Limestone,29.99,10.77
VOLVE_15_9_F1,2786.57,23.49,67.2,487.2,6.98,10.28,Limestone,30.01,14.55
VOLVE_15_9_F1,2787.36,20.31,51.8,515.2,2.68,10.61,Limestone,30.04,10.94
VOLVE_15_9_F1,2787.94,23.31,81.0,433.3,5.09,10.4,Limestone,30.08,10.9
VOLVE_15_9_F1,2788.26,19.12,104.7,477.7,3.89,10.47,Limestone,30.1,10.53
VOLVE_15_9_F1,2789.19,21.6,108.1,472.9,4.66,10.3,Limestone,30.11,13.11
VOLVE_15_9_F1,2789.67,22.04,88.4,455.9,5.07,,Limestone,30.14,11.74
VOLVE_15_9_F1,2789.91,20.77,112.5,394.5,4.37,10.22,Limestone,30.18,13.7
VOLVE_15_9_F1,2790.38,22.17,82.4,403.5,5.92,10.45,Limestone,30.2,12.15
VOLVE_15_9_F1,2791.22,20.5,97.3,424.3,6.93,10.49,Limestone,30.24,10.09
VOLVE_15_9_F1,2791.92,19.55,76.3,370.0,5.91,10.48,Limestone,30.25,9.9
VOLVE_15_9_F1,2792.72,25.18,75.3,511.9,6.63,10.3,Limestone,30.29,12.14
VOLVE_15_9_F1,2793.55,23.8,72.9,470.3,3.58,10.38,Limestone,30.34,12.24
VOLVE_15_9_F1,2793.92,19.27,52.1,454.4,4.22,10.51,Limestone,30.35,9.07
VOLVE_15_9_F1,2794.86,22.6,102.3,368.0,6.13,10.4,Limestone,30.38,12.37
VOLVE_15_9_F1,2795.41,19.32,73.4,382.6,5.89,10.39,Limestone,30.41,9.63
VOLVE_15_9_F1,2796.12,18.22,71.0,455.5,6.81,10.72,Limestone,30.45,11.01
VOLVE_15_9_F1,2796.32,23.77,65.3,534.4,6.4,10.29,Limestone,30.48,12.54
VOLVE_15_9_F1,2797.32,16.93,79.9,427.6,5.8,10.59,Limestone,30.52,12.25
VOLVE_15_9_F1,2797.74,23.51,109.5,490.1,8.92,10.26,Limestone,30.54,13.96
VOLVE_15_9_F1,2797.99,20.56,114.4,436.4,5.68,10.53,Limestone,30.55,11.54
VOLVE_15_9_F1,2798.56,20.67,58.1,457.8,4.38,10.54,Limestone,30.59,12.13
VOLVE_15_9_F1,2798.86,22.22,77.7,504.2,5.38,10.36,Limestone,30.62,11.84
VOLVE_15_9_F1,2799.18,22.65,67.5,441.8,3.95,10.25,Limestone,30.66,12.2
VOLVE_15_9_F1,2799.89,19.13,97.8,428.0,5.27,10.14,Limestone,30.71,11.32
VOLVE_15_9_F1,2800.4,23.0,87.3,512.3,3.31,10.34,Limestone,30.74,12.41
VOLVE_15_9_F1,2801.34,21.49,73.4,457.4,4.4,10.51,Limestone,30.78,10.53
VOLVE_15_9_F1,2801.8,18.07,84.1,499.3,4.75,10.27,Limestone,30.82,11.86
VOLVE_15_9_F1,2802.58,20.79,75.8,428.2,6.15,10.45,Limestone,30.86,12.27
VOLVE_15_9_F1,2803.15,24.67,107.2,511.9,7.16,10.21,Limestone,30.91,13.13
VOLVE_15_9_F1,2803.87,25.41,91.2,466.6,4.5,10.4,Limestone,30.96,12.08
VOLVE_15_9_F1,2804.55,23.01,93.0,473.0,7.96,10.26,Limestone,30.99,13.19
VOLVE_15_9_F1,2805.13,18.24,43.0,460.9,4.46,10.42,Limestone,31.02,8.62
VOLVE_15_9_F1,2806.09,22.45,82.0,435.4,5.54,10.36,Limestone,31.06,10.35
VOLVE_15_9_F1,2806.57,23.35,114.2,455.5,3.87,10.26,Limestone,31.08,13.14
VOLVE_15_9_F1,2806.91,23.04,102.9,437.9,4.87,10.34,Limestone,31.11,12.33
VOLVE_15_9_F1,2807.65,23.19,55.3,494.0,6.18,10.3,Limestone,31.14,11.16
VOLVE_15_9_F1,2808.53,22.14,78.3,447.5,5.37,10.24,Limestone,31.17,12.17
VOLVE_15_9_F1,2808.76,21.05,65.0,395.8,5.0,10.6,Limestone,31.19,11.13
VOLVE_15_9_F1,2809.32,19.72,108.6,388.4,5.68,10.38,Limestone,31.23,11.69
VOLVE_15_9_F1,2810.23,16.5,86.6,386.6,3.05,10.11,Limestone,31.26,9.27
VOLVE_15_9_F1,2811.03,22.09,71.5,480.3,4.94,10.34,Limestone,31.3,11.07
VOLVE_15_9_F1,2812.03,21.71,83.5,409.6,6.9,10.57,Limestone,31.31,12.34
VOLVE_15_9_F1,2812.65,22.64,43.9,467.6,6.0,10.32,Limestone,31.34,10.48
VOLVE_15_9_F1,2813.38,17.91,66.7,461.1,4.46,10.66,Limestone,31.36,9.97
VOLVE_15_9_F1,2813.82,22.87,83.5,453.0,7.19,10.31,Limestone,31.38,11.48
VOLVE_15_9_F1,2814.78,26.4,95.6,473.2,4.3,10.51,Limestone,31.41,13.34
VOLVE_15_9_F1,2815.27,21.46,53.8,462.0,3.57,10.59,Limestone,31.45,9.94
VOLVE_15_9_F1,2816.06,21.11,77.2,347.2,7.29,10.51,Limestone,31.48,11.81
VOLVE_15_9_F1,2816.59,22.04,98.1,442.7,6.15,10.23,Limestone,31.51,13.2
VOLVE_15_9_F1,2817.24,26.35,61.2,472.6,4.94,10.3,Limestone,31.56,11.39
VOLVE_15_9_F1,2818.01,18.71,86.4,521.2,4.91,10.61,Limestone,31.58,12.41
VOLVE_15_9_F1,2818.62,21.78,83.9,523.1,4.25,10.32,Limestone,31.63,12.09
VOLVE_15_9_F1,2819.54,19.28,108.7,401.1,5.7,10.59,Limestone,31.64,11.83
VOLVE_15_9_F1,2820.08,19.91,79.5,441.7,5.22,10.38,Limestone,31.67,9.06
VOLVE_15_9_F1,2820.8,21.16,80.4,393.0,5.13,10.46,Limestone,31.68,10.13
VOLVE_15_9_F1,2821.27,24.65,95.8,516.4,4.26,10.23,Limestone,31.72,11.9
VOLVE_15_9_F1,2821.8,25.79,63.1,496.2,5.58,10.35,Limestone,31.76,11.38
VOLVE_15_9_F1,2822.35,22.41,79.6,469.7,4.58,10.31,Limestone,31.8,11.82
VOLVE_15_9_F1,2822.65,20.35,76.1,462.3,3.79,10.47,Limestone,31.84,11.12
VOLVE_15_9_F1,2822.92,27.52,80.9,510.9,7.21,10.45,Limestone,31.86,13.3
VOLVE_15_9_F1,2823.66,20.23,95.7,504.1,7.86,10.51,Limestone,31.9,11.52
VOLVE_15_9_F1,2824.38,19.87,91.3,502.0,7.49,10.37,Limestone,31.93,12.74
VOLVE_15_9_F1,2825.11,16.86,71.7,473.9,5.37,10.3,Limestone,31.95,12.48
VOLVE_15_9_F1,2825.33,24.79,85.0,441.7,5.19,10.47,Limestone,32.0,11.65
VOLVE_15_9_F1,2825.79,23.72,105.3,486.3,5.63,10.29,Limestone,32.03,12.15
VOLVE_15_9_F1,2826.15,27.35,70.5,488.3,6.01,10.6,Limestone,32.05,11.5
VOLVE_15_9_F1,2826.97,17.83,85.1,448.0,4.38,10.43,Limestone,32.07,10.78
VOLVE_15_9_F1,2827.86,24.96,80.0,441.6,7.03,10.39,Limestone,32.08,11.68
VOLVE_15_9_F1,2828.26,21.49,82.0,501.0,2.72,10.51,Limestone,32.13,9.77
VOLVE_15_9_F1,2828.99,23.33,58.5,522.2,4.62,10.43,Limestone,32.15,9.75
VOLVE_15_9_F1,2829.29,17.2,104.1,425.7,6.07,10.19,Limestone,32.2,12.1
VOLVE_15_9_F1,2829.71,24.99,71.3,445.1,4.3,10.28,Limestone,32.22,12.82
VOLVE_15_9_F1,2830.03,23.29,98.3,469.7,5.28,10.6,Limestone,32.25,13.75
VOLVE_15_9_F1,2830.45,21.22,73.6,475.1,5.73,10.46,Limestone,32.29,11.6
VOLVE_15_9_F1,2831.19,22.94,73.5,434.8,6.99,10.19,Limestone,32.32,10.68
VOLVE_15_9_F1,2832.12,19.41,101.1,531.0,3.71,10.5,Limestone,32.36,11.42
VOLVE_15_9_F1,2832.48,19.88,97.8,472.5,3.62,10.36,Limestone,32.39,9.99
VOLVE_15_9_F1,2833.12,20.17,86.0,476.9,3.97,10.31,Limestone,32.43,9.95
VOLVE_15_9_F1,2833.88,16.7,94.3,526.0,3.07,10.27,Limestone,32.47,11.33
VOLVE_15_9_F1,2834.84,23.49,78.6,437.7,3.53,10.59,Limestone,32.49,11.93
VOLVE_15_9_F1,2835.53,24.32,82.8,452.1,4.26,10.15,Limestone,32.52,13.87
VOLVE_15_9_F1,2835.93,19.59,73.0,405.5,6.34,10.32,Limestone,32.56,10.66
VOLVE_15_9_F1,2836.63,22.22,96.5,448.8,5.07,10.46,Limestone,32.58,10.48
VOLVE_15_9_F1,2837.09,20.68,72.5,396.1,4.99,10.68,Limestone,32.6,10.5
VOLVE_15_9_F1,2838.07,22.17,105.2,485.6,4.43,10.53,Limestone,32.65,11.93
VOLVE_15_9_F1,2838.59,19.79,78.2,472.5,5.71,10.32,Sandstone,32.66,17.4
VOLVE_15_9_F1,2839.34,19.15,83.2,444.6,7.22,10.68,Sandstone,32.68,17.92
VOLVE_15_9_F1,2839.56,23.99,94.3,451.7,4.51,10.24,Sandstone,32.72,18.03
VOLVE_15_9_F1,2840.08,21.2,83.3,486.1,7.23,10.49,Sandstone,32.73,18.81
VOLVE_15_9_F1,2840.98,26.42,78.4,410.3,5.99,10.52,Sandstone,32.74,19.48
VOLVE_15_9_F1,2841.66,21.48,82.4,463.9,5.19,10.32,Sandstone,32.76,19.75
VOLVE_15_9_F1,2842.22,19.05,96.3,483.7,5.64,10.55,Sandstone,32.77,18.55
VOLVE_15_9_F1,2843.17,24.44,72.9,384.4,5.76,10.37,Sandstone,32.8,18.65
VOLVE_15_9_F1,2844.05,22.95,81.0,483.1,7.51,10.55,Sandstone,32.84,18.52
VOLVE_15_9_F1,2844.51,23.2,83.0,388.7,5.96,10.17,Sandstone,32.86,17.78
VOLVE_15_9_F1,2845.14,24.36,95.9,451.0,6.28,10.5,Sandstone,32.89,20.81
VOLVE_15_9_F1,2845.74,19.75,81.4,409.2,4.49,10.39,Sandstone,32.93,15.65
VOLVE_15_9_F1,2846.44,21.07,110.0,512.9,6.55,10.62,Sandstone,32.95,19.12
VOLVE_15_9_F1,2846.91,,80.5,409.4,3.95,10.44,Sandstone,32.97,18.33
VOLVE_15_9_F1,2847.3,18.16,79.3,389.7,4.96,10.64,Sandstone,33.0,16.22
VOLVE_15_9_F1,2848.23,20.73,80.3,461.0,8.53,10.53,Sandstone,33.02,17.9
VOLVE_15_9_F1,2849.17,24.74,63.1,439.2,2.17,10.43,Sandstone,33.05,16.81
VOLVE_15_9_F1,2850.05,21.99,67.3,395.5,5.27,10.57,Sandstone,33.06,17.06
VOLVE_15_9_F1,2851.03,18.04,74.9,476.7,5.07,10.57,Sandstone,33.11,17.85
VOLVE_15_9_F1,2851.83,17.52,99.9,376.0,4.8,10.52,Sandstone,33.15,17.62
VOLVE_15_9_F1,2852.64,25.57,82.4,414.3,5.29,10.11,Sandstone,33.2,18.81
VOLVE_15_9_F1,2853.45,21.19,75.6,432.7,5.15,10.3,Sandstone,33.21,18.53
VOLVE_15_9_F1,2854.03,19.8,101.3,487.8,5.0,10.66,Sandstone,33.25,18.81
VOLVE_15_9_F1,2854.6,20.73,106.1,507.5,5.72,10.26,Sandstone,33.28,20.37
VOLVE_15_9_F1,2854.99,,101.7,499.8,4.54,10.58,Sandstone,33.3,16.46
VOLVE_15_9_F1,2855.71,24.98,70.1,449.6,7.73,10.56,Sandstone,33.34,19.96
VOLVE_15_9_F1,2856.14,20.44,75.4,358.6,4.67,10.34,Sandstone,33.38,16.64
VOLVE_15_9_F1,2856.54,24.84,110.1,471.3,6.57,10.15,Sandstone,33.4,17.65
VOLVE_15_9_F1,2857.21,21.56,86.5,514.5,4.43,10.37,Sandstone,33.45,19.75
VOLVE_15_9_F1,2857.74,25.0,78.8,505.1,6.55,10.76,Sandstone,33.46,18.82
VOLVE_15_9_F1,2858.12,22.07,93.6,474.2,6.27,10.32,Sandstone,33.49,18.53
VOLVE_15_9_F1,2858.97,23.57,98.0,408.1,6.09,10.33,Sandstone,33.51,18.18
VOLVE_15_9_F1,2859.86,23.24,74.3,434.7,3.97,10.3,Sandstone,33.52,17.87
VOLVE_15_9_F1,2860.19,23.0,86.1,533.1,4.46,10.64,Sandstone,33.57,17.84
VOLVE_15_9_F1,2860.4,22.31,96.7,399.1,7.48,10.42,Sandstone,33.61,18.0
VOLVE_15_9_F1,2860.87,20.86,65.4,409.8,3.94,10.36,Sandstone,33.63,15.61
VOLVE_15_9_F1,2861.7,26.24,83.0,493.4,6.38,10.67,Sandstone,33.67,19.1
VOLVE_15_9_F1,2862.58,19.18,66.1,438.5,3.58,10.54,Sandstone,33.71,15.33
VOLVE_15_9_F1,2862.89,21.46,68.1,408.5,6.16,10.32,Sandstone,33.76,17.6
VOLVE_15_9_F1,2863.71,21.49,74.4,516.8,4.23,10.27,Sandstone,33.81,17.93
VOLVE_15_9_F1,2864.0,22.46,90.0,474.2,4.22,10.63,Sandstone,33.85,18.52
VOLVE_15_9_F1,2864.51,20.38,78.0,440.5,4.15,10.46,Sandstone,33.89,17.61
VOLVE_15_9_F1,2865.51,22.25,73.1,409.9,4.43,10.22,Sandstone,33.91,16.88
VOLVE_15_9_F1,2865.86,21.04,83.6,537.6,5.63,10.19,Sandstone,33.96,17.6
VOLVE_15_9_F1,2866.19,17.51,65.6,454.8,4.64,10.29,Sandstone,33.97,17.54
VOLVE_15_9_F1,2866.73,21.49,89.3,511.6,3.96,10.27,Sandstone,33.99,19.49
VOLVE_15_9_F1,2867.42,18.72,99.8,491.5,5.15,10.15,Sandstone,34.02,19.79
VOLVE_15_9_F1,2868.37,17.14,81.6,434.9,3.39,10.29,Sandstone,34.04,17.01
VOLVE_15_9_F1,2869.35,21.82,79.8,435.2,5.93,10.32,Sandstone,34.07,17.24
VOLVE_15_9_F1,2869.61,22.7,88.4,513.6,6.36,10.39,Sandstone,34.12,16.67
VOLVE_15_9_F1,2869.92,22.8,52.4,514.2,4.81,10.71,Sandstone,34.15,15.05
VOLVE_15_9_F1,2870.75,22.9,90.9,380.7,5.75,10.42,Sandstone,34.18,18.32
VOLVE_15_9_F1,2871.17,16.65,129.4,477.7,7.54,10.43,Sandstone,34.21,18.4
VOLVE_15_9_F1,2872.07,18.09,81.0,450.9,4.65,10.53,Sandstone,34.25,15.98
VOLVE_15_9_F1,2872.81,26.43,81.0,414.4,4.46,10.42,Sandstone,34.26,15.5
VOLVE_15_9_F1,2873.1,18.87,94.0,466.2,5.8,10.52,Sandstone,34.27,17.51
VOLVE_15_9_F1,2873.96,23.02,107.5,401.8,4.33,10.5,Sandstone,34.31,17.17
VOLVE_15_9_F1,2874.3,19.78,97.4,437.1,4.99,10.48,Sandstone,34.34,16.65
VOLVE_15_9_F1,2874.84,21.7,50.5,423.8,3.99,10.87,Sandstone,34.37,15.8
VOLVE_15_9_F1,2875.48,19.92,91.3,435.8,4.32,10.6,Sandstone,34.39,16.19
VOLVE_15_9_F1,2876.08,22.91,121.4,452.9,5.58,10.3,Sandstone,34.4,18.77
VOLVE_15_9_F1,2876.83,21.85,92.1,415.1,6.43,10.51,Sandstone,34.44,18.13
VOLVE_15_9_F1,2877.55,20.39,65.5,518.7,6.14,10.34,Sandstone,34.47,17.94
VOLVE_15_9_F1,2878.55,18.89,87.0,475.5,6.12,10.53,Sandstone,34.49,16.91
VOLVE_15_9_F1,2879.55,22.19,63.6,527.5,5.35,10.25,Sandstone,34.54,18.83
VOLVE_15_9_F1,2880.16,18.49,101.3,449.4,4.87,10.29,Sandstone,34.58,16.04
VOLVE_15_9_F1,2880.44,22.59,68.5,433.8,2.23,10.51,Sandstone,34.6,14.75
VOLVE_15_9_F1,2881.22,28.09,83.9,526.1,6.23,10.61,Sandstone,34.63,18.05
VOLVE_15_9_F1,2882.2,24.9,69.9,432.6,2.56,10.54,Sandstone,34.65,15.36
VOLVE_15_9_F1,2882.66,,74.6,448.6,2.91,10.59,Sandstone,34.67,17.38
VOLVE_15_9_F1,2883.22,21.32,105.1,484.6,5.3,10.52,Sandstone,34.71,17.45
VOLVE_15_9_F1,2883.76,16.69,84.3,406.3,5.08,10.49,Sandstone,34.72,14.33
VOLVE_15_9_F1,2884.01,18.23,74.4,484.2,4.22,10.39,Sandstone,34.74,16.6
VOLVE_15_9_F1,2884.74,24.75,65.6,479.1,7.05,10.58,Sandstone,34.79,18.43
VOLVE_15_9_F1,2885.23,19.57,54.7,506.5,5.14,10.62,Sandstone,34.83,16.59
VOLVE_15_9_F1,2886.06,19.8,64.0,491.4,4.44,10.45,Sandstone,34.87,17.14
VOLVE_15_9_F1,2886.92,21.13,84.5,507.8,6.83,10.44,Sandstone,34.92,17.14
VOLVE_15_9_F1,2887.78,18.9,97.5,451.4,7.04,10.7,Sandstone,34.94,17.66
VOLVE_15_9_F1,2888.31,18.49,74.4,421.3,5.39,10.46,Sandstone,34.98,16.43
VOLVE_15_9_F1,2888.77,21.43,106.3,540.2,4.59,10.47,Sandstone,35.0,18.31
VOLVE_15_9_F1,2889.57,19.33,72.0,394.7,4.16,10.54,Sandstone,35.04,15.74
VOLVE_15_9_F1,2890.41,19.71,79.2,398.7,3.23,10.45,Sandstone,35.06,14.79
VOLVE_15_9_F1,2891.0,19.61,66.6,478.4,4.71,10.34,Sandstone,35.07,15.7
VOLVE_15_9_F1,2891.92,22.87,97.6,520.8,4.26,10.52,Sandstone,35.09,18.88
VOLVE_15_9_F1,2892.23,20.99,114.2,463.4,5.21,10.46,Sandstone,35.13,19.82
VOLVE_15_9_F1,2893.13,21.13,56.3,495.8,5.06,10.74,Sandstone,35.14,16.96
VOLVE_15_9_F1,2893.41,23.07,77.6,376.0,2.86,10.58,Sandstone,35.18,17.05
VOLVE_15_9_F1,2893.73,21.22,101.7,435.8,3.92,10.38,Sandstone,35.22,17.77
VOLVE_15_9_F1,2894.36,20.88,61.1,380.8,4.19,10.57,Sandstone,35.26,15.15
VOLVE_15_9_F1,2894.62,22.75,91.3,487.0,5.35,10.51,Sandstone,35.29,16.59
VOLVE_15_9_F1,2894.86,23.25,101.1,393.9,5.02,10.66,Sandstone,35.31,16.83
VOLVE_15_9_F1,2895.06,21.21,83.9,404.7,4.84,10.39,Sandstone,35.35,15.76
VOLVE_15_9_F1,2895.61,21.78,91.0,476.4,4.48,10.49,Sandstone,35.38,18.23
VOLVE_15_9_F1,2896.43,19.63,109.2,498.3,3.67,10.45,Sandstone,35.41,18.58
VOLVE_15_9_F1,2896.65,19.43,112.0,449.4,4.79,10.47,Sandstone,35.46,18.52
VOLVE_15_9_F1,2897.38,23.51,81.8,478.6,5.09,10.33,Sandstone,35.48,19.21
VOLVE_15_9_F1,2898.24,22.71,74.8,477.3,4.79,10.55,Sandstone,35.51,17.19
VOLVE_15_9_F1,2898.57,22.73,69.0,447.2,5.21,10.53,Sandstone,35.52,15.5
VOLVE_15_9_F1,2898.89,22.3,97.4,412.0,5.97,10.66,Sandstone,35.53,17.58
VOLVE_15_9_F1,2899.78,21.71,62.2,478.4,5.7,10.47,Sandstone,35.56,15.82
VOLVE_15_9_F1,2900.63,23.34,79.0,480.3,4.53,10.41,Sandstone,35.6,18.22
VOLVE_15_9_F1,2901.27,23.94,84.3,491.6,3.53,10.59,Sandstone,35.62,17.45
VOLVE_15_9_F1,2902.12,23.89,75.2,468.3,6.8,10.35,Sandstone,35.66,17.6
VOLVE_15_9_F1,2902.39,21.36,86.9,409.1,5.69,10.63,Sandstone,35.7,17.44
VOLVE_15_9_F1,2902.91,25.08,121.2,483.4,4.93,10.63,Sandstone,35.75,18.75
VOLVE_15_9_F1,2903.7,22.19,80.9,455.8,5.54,10.66,Sandstone,35.76,17.85
VOLVE_15_9_F1,2904.11,23.2,76.2,436.5,6.51,10.52,Sandstone,35.8,16.04
VOLVE_15_9_F1,2904.91,22.32,98.0,444.0,7.55,10.4,Sandstone,35.82,18.59
VOLVE_15_9_F1,2905.51,22.24,86.3,428.2,5.6,10.48,Sandstone,35.85,17.21
VOLVE_15_9_F1,2906.31,19.79,104.3,491.4,6.62,10.53,Sandstone,35.88,18.74
VOLVE_15_9_F1,2906.88,23.38,85.2,399.1,3.93,10.38,Sandstone,35.92,15.44
VOLVE_15_9_F1,2907.38,28.74,79.0,416.1,5.73,10.67,Sandstone,35.94,16.57
VOLVE_15_9_F1,2907.75,20.69,56.0,442.7,4.3,10.56,Sandstone,35.97,15.71
VOLVE_15_9_F1,2908.12,21.81,58.4,520.4,5.25,10.34,Sandstone,35.99,15.98
VOLVE_15_9_F1,2908.92,20.52,55.2,498.0,6.61,10.75,Sandstone,36.0,15.53
VOLVE_15_9_F1,2909.22,20.42,88.4,390.2,5.46,10.48,Sandstone,36.04,15.82
VOLVE_15_9_F1,2909.49,25.5,62.3,509.9,4.1,10.31,Sandstone,36.06,17.94
VOLVE_15_9_F1,2909.83,19.96,101.6,509.8,3.8,10.35,Sandstone,36.1,17.92
VOLVE_15_9_F1,2910.17,20.46,83.2,408.9,7.06,10.69,Sandstone,36.14,16.63
VOLVE_15_9_F1,2911.03,17.68,79.1,355.0,5.39,10.74,Sandstone,36.17,13.79
VOLVE_15_9_F1,2911.54,19.75,70.1,452.9,5.37,10.62,Chalk,36.21,19.28
VOLVE_15_9_F1,2912.54,17.38,92.1,500.7,4.53,10.67,Chalk,36.25,18.33
VOLVE_15_9_F1,2912.85,23.23,70.7,519.5,5.47,10.65,Chalk,36.3,19.57
VOLVE_15_9_F1,2913.57,28.65,67.9,421.0,4.41,10.55,Chalk,36.31,19.15
VOLVE_15_9_F1,2914.13,20.74,100.5,525.9,5.84,10.52,Chalk,36.34,21.13
VOLVE_15_9_F1,2914.64,17.49,88.0,366.7,3.48,10.55,Chalk,36.38,18.75
VOLVE_15_9_F1,2915.54,23.91,79.2,441.1,4.91,10.58,Chalk,36.4,20.38
VOLVE_15_9_F1,2916.52,19.85,92.3,439.1,4.4,10.36,Chalk,36.42,19.29
VOLVE_15_9_F1,2917.42,24.92,82.8,501.9,1.58,10.58,Chalk,36.44,20.75
VOLVE_15_9_F1,2917.77,20.97,88.5,507.8,4.8,10.69,Chalk,36.48,20.51
VOLVE_15_9_F1,2918.15,20.09,70.5,494.0,3.79,10.44,Chalk,36.5,19.02
VOLVE_15_9_F1,2918.88,21.23,113.8,401.8,5.36,10.43,Chalk,36.54,21.05
VOLVE_15_9_F1,2919.31,23.57,74.0,490.3,5.23,10.54,Chalk,36.57,19.27
VOLVE_15_9_F1,2920.1,21.11,106.0,476.2,7.61,10.38,Chalk,36.61,22.02
VOLVE_15_9_F1,2920.75,20.44,79.9,389.0,5.4,10.28,Chalk,36.63,17.3
VOLVE_15_9_F1,2921.39,21.19,94.8,373.2,5.73,10.65,Chalk,36.67,20.07
VOLVE_15_9_F1,2922.25,18.51,93.7,497.4,5.67,10.41,Chalk,36.71,18.94
VOLVE_15_9_F1,2923.02,22.68,99.9,448.6,6.59,10.48,Chalk,36.72,22.14
VOLVE_15_9_F1,2923.24,17.23,70.1,404.4,5.15,10.38,Chalk,36.74,15.01
VOLVE_15_9_F1,2923.48,20.58,98.8,447.5,5.67,10.67,Chalk,36.76,22.01
VOLVE_15_9_F1,2924.16,23.6,110.4,470.4,6.63,10.6,Chalk,36.81,20.48
VOLVE_15_9_F1,2924.75,22.46,78.8,452.5,2.29,10.44,Chalk,36.83,18.16
VOLVE_15_9_F1,2925.16,23.18,83.2,393.8,7.84,10.3,Chalk,36.84,20.73
VOLVE_15_9_F1,2925.69,21.54,74.8,531.3,6.97,10.42,Chalk,36.86,21.2
VOLVE_15_9_F1,2926.5,24.63,77.5,496.0,5.64,10.56,Chalk,36.87,20.61
VOLVE_15_9_F1,2927.36,24.02,108.4,442.4,4.09,10.5,Chalk,36.9,22.26
VOLVE_15_9_F1,2928.01,22.83,67.6,444.1,6.52,10.49,Chalk,36.94,18.53
VOLVE_15_9_F1,2928.52,24.03,68.5,470.2,4.36,10.51,Chalk,36.97,18.89
VOLVE_15_9_F1,2928.94,23.59,106.8,410.7,6.37,10.59,Chalk,37.01,20.97
VOLVE_15_9_F1,2929.55,20.62,92.0,468.8,3.7,10.47,Chalk,37.02,19.32
VOLVE_15_9_F1,2930.01,18.36,114.5,402.6,8.04,10.54,Chalk,37.05,18.21
VOLVE_15_9_F1,2930.66,22.77,75.9,453.0,3.46,10.33,Chalk,37.09,19.36
VOLVE_15_9_F1,2931.4,23.09,84.6,409.1,5.43,10.86,Chalk,37.13,19.52
VOLVE_15_9_F1,2931.65,24.45,72.8,411.1,2.75,10.43,Chalk,37.17,20.1
VOLVE_15_9_F1,2931.85,19.39,84.8,521.7,4.97,10.51,Chalk,37.19,18.41
VOLVE_15_9_F1,2932.22,19.46,56.1,458.2,4.08,10.56,Chalk,37.22,16.56
VOLVE_15_9_F1,2933.14,22.88,92.9,464.2,6.82,10.42,Chalk,37.26,22.27
VOLVE_15_9_F1,2933.85,21.56,87.5,375.4,4.74,10.48,Chalk,37.28,19.25
VOLVE_15_9_F1,2934.19,17.02,81.8,432.0,6.13,10.48,Chalk,37.32,18.76
VOLVE_15_9_F1,2935.1,22.68,76.8,474.3,3.96,10.34,Chalk,37.34,20.05
VOLVE_15_9_F1,2935.68,17.11,69.2,463.6,4.24,10.54,Chalk,37.36,17.77
VOLVE_15_9_F1,2936.26,19.38,93.6,369.7,4.83,10.23,Chalk,37.4,20.77
VOLVE_15_9_F1,2937.21,25.13,65.1,464.2,5.83,10.74,Chalk,37.44,19.4
VOLVE_15_9_F1,2937.46,26.31,90.3,470.5,6.17,10.6,Chalk,37.48,20.53
VOLVE_15_9_F1,2937.83,18.71,113.8,507.2,6.26,10.58,Chalk,37.53,21.33
VOLVE_15_9_F1,2938.5,20.93,104.9,429.7,5.78,10.22,Chalk,37.55,19.76
VOLVE_15_9_F1,2938.85,21.86,60.1,366.2,5.66,10.36,Chalk,37.58,17.68
VOLVE_15_9_F1,2939.6,26.21,74.6,416.0,4.4,10.69,Chalk,37.63,19.94
VOLVE_15_9_F1,2939.97,20.53,89.0,412.0,5.65,11.1,Chalk,37.65,17.96
VOLVE_15_9_F1,2940.25,20.57,81.6,485.3,7.0,10.66,Chalk,37.68,19.24
VOLVE_15_9_F1,2940.61,,61.7,347.2,3.22,10.64,Chalk,37.73,18.4
VOLVE_15_9_F1,2941.15,20.83,88.4,437.9,5.79,10.56,Chalk,37.74,18.94
VOLVE_15_9_F1,2941.49,23.57,82.5,512.9,6.17,10.35,Chalk,37.79,21.89
VOLVE_15_9_F1,2941.8,18.07,111.4,456.2,7.05,10.63,Chalk,37.82,18.93
VOLVE_15_9_F1,2942.69,21.34,78.8,491.7,5.97,10.32,Chalk,37.87,18.77
VOLVE_15_9_F1,2943.15,17.62,100.2,390.2,5.21,10.3,Chalk,37.9,20.32
VOLVE_15_9_F1,2943.63,19.14,63.6,391.8,5.19,10.29,Chalk,37.94,15.73
VOLVE_15_9_F1,2943.88,23.87,67.2,513.4,4.27,10.63,Chalk,37.98,19.45
VOLVE_15_9_F1,2944.36,21.65,93.5,459.9,4.89,10.47,Chalk,37.99,21.87
VOLVE_15_9_F1,2944.78,20.98,98.9,460.0,3.77,10.5,Chalk,38.03,19.62
VOLVE_15_9_F1,2945.46,19.91,68.3,411.2,6.6,10.48,Chalk,38.07,19.43
VOLVE_15_9_F1,2945.83,21.23,83.0,459.9,5.7,10.31,Chalk,38.12,20.18
VOLVE_15_9_F1,2946.74,22.54,61.9,410.1,3.86,10.38,Chalk,38.17,17.56
VOLVE_15_9_F1,2947.68,24.25,79.9,503.4,5.71,10.39,Chalk,38.21,20.48
VOLVE_15_9_F1,2947.96,15.23,95.2,565.0,6.19,10.27,Chalk,38.24,16.86
VOLVE_15_9_F1,2948.25,19.71,76.1,475.3,6.11,10.41,Chalk,38.27,18.7
VOLVE_15_9_F1,2948.54,22.19,78.9,430.5,4.07,10.32,Chalk,38.31,19.32
VOLVE_15_9_F1,2949.24,21.55,65.7,354.6,1.16,10.57,Chalk,38.34,16.9
VOLVE_15_9_F1,2949.53,22.81,72.9,388.5,5.62,10.58,Chalk,38.35,20.97
VOLVE_15_9_F1,2950.42,22.47,109.0,518.1,4.59,10.29,Chalk,38.37,21.93
VOLVE_15_9_F1,2951.22,21.04,83.7,414.7,5.9,10.44,Chalk,38.4,19.7
VOLVE_15_9_F1,2952.08,20.49,67.6,441.1,6.0,10.76,Chalk,38.42,19.09
VOLVE_15_9_F1,2952.7,21.2,77.9,482.1,6.41,10.34,Chalk,38.45,20.32
VOLVE_15_9_F1,2953.69,24.69,58.7,515.2,7.2,10.55,Chalk,38.46,19.26
VOLVE_15_9_F1,2953.93,19.99,67.4,447.9,6.29,10.5,Chalk,38.51,18.01
VOLVE_15_9_F1,2954.45,21.66,103.0,439.7,7.59,10.65,Chalk,38.55,19.88
VOLVE_15_9_F1,2954.91,22.28,80.5,458.8,6.87,10.53,Chalk,38.59,19.82
VOLVE_15_9_F1,2955.87,25.72,111.0,430.8,7.74,10.42,Chalk,38.64,21.66
VOLVE_15_9_F1,2956.53,21.08,81.2,433.0,5.07,10.5,Chalk,38.68,19.34
VOLVE_15_9_F1,2957.37,24.23,82.1,472.4,3.86,10.5,Chalk,38.7,18.72
VOLVE_15_9_F1,2957.71,24.91,92.2,463.3,8.6,10.47,Chalk,38.72,21.22
VOLVE_15_9_F1,2958.69,21.68,42.5,541.2,4.66,10.29,Chalk,38.74,18.66
VOLVE_15_9_F1,2959.29,21.31,85.7,473.5,6.68,10.67,Chalk,38.75,19.17
VOLVE_15_9_F1,2959.89,21.02,81.9,502.0,4.46,10.65,Chalk,38.78,20.98
VOLVE_15_9_F1,2960.86,21.2,104.9,413.1,6.64,10.33,Chalk,38.8,20.27
VOLVE_15_9_F1,2961.37,23.98,97.1,476.9,2.68,10.44,Chalk,38.85,20.06
VOLVE_15_9_F1,2961.89,22.43,65.6,427.0,4.51,10.45,Chalk,38.89,17.97
VOLVE_15_9_F1,2962.55,22.44,101.2,471.7,5.42,10.31,Chalk,38.91,20.37
VOLVE_15_9_F1,2962.86,19.04,78.7,483.5,5.45,10.21,Chalk,38.96,16.73
VOLVE_15_9_F1,2963.31,19.43,69.0,457.9,6.07,10.39,Chalk,39.01,18.82
VOLVE_15_9_F1,2963.67,27.21,85.5,552.2,4.42,10.43,Chalk,39.05,23.71
VOLVE_15_9_F1,2963.95,21.41,79.5,513.0,5.91,10.27,Chalk,39.09,20.1
VOLVE_15_9_F1,2964.84,19.92,105.7,503.0,6.85,10.51,Chalk,39.14,20.74
VOLVE_15_9_F1,2965.52,25.44,87.7,486.5,8.42,10.66,Chalk,39.17,20.67
VOLVE_15_9_F1,2966.0,22.57,85.7,526.5,6.16,10.61,Chalk,39.22,21.24
VOLVE_15_9_F1,2966.53,23.31,96.1,398.5,4.99,10.47,Chalk,39.23,19.53
VOLVE_15_9_F1,2967.07,21.52,99.0,510.7,3.9,10.21,Chalk,39.26,20.6
VOLVE_15_9_F1,2967.78,21.07,94.3,416.3,7.51,10.6,Chalk,39.29,17.75
VOLVE_15_9_F1,2968.72,21.45,103.9,433.4,6.37,10.51,Chalk,39.3,19.45
VOLVE_15_9_F1,2969.67,18.42,91.7,478.4,5.01,10.55,Chalk,39.32,18.87
VOLVE_15_9_F1,2970.18,21.66,85.1,505.3,3.28,10.78,Chalk,39.33,19.73
VOLVE_15_9_F1,2970.65,22.62,101.2,409.8,4.44,10.37,Chalk,39.35,20.35
VOLVE_15_9_F1,2971.21,26.51,81.2,435.4,6.36,10.06,Chalk,39.36,18.77
VOLVE_15_9_F1,2971.86,22.1,83.1,459.8,5.66,10.33,Chalk,39.39,17.67
VOLVE_15_9_F1,2972.43,16.05,108.4,448.5,2.74,10.56,Chalk,39.43,18.47
VOLVE_15_9_F1,2973.16,21.66,106.9,490.1,6.31,10.5,Chalk,39.47,19.8
VOLVE_15_9_F1,2973.8,28.74,82.4,593.4,3.94,10.31,Chalk,39.5,22.61
VOLVE_15_9_F1,2974.26,24.06,75.8,472.7,6.93,10.28,Chalk,39.52,18.29
VOLVE_15_9_F1,2974.73,19.87,104.5,426.5,5.61,10.44,Chalk,39.56,18.92
VOLVE_15_9_F1,2975.24,23.38,94.6,404.1,4.97,10.3,Chalk,39.57,19.43
VOLVE_15_9_F1,2975.51,20.05,87.3,442.9,6.3,10.57,Chalk,39.6,19.33
VOLVE_15_9_F1,2975.84,18.52,77.7,418.3,5.26,10.43,Chalk,39.63,16.37
VOLVE_15_9_F1,2976.62,21.04,87.5,474.7,6.8,10.4,Chalk,39.67,17.71
VOLVE_15_9_F1,2977.13,22.14,82.2,474.0,5.32,10.38,Chalk,39.72,19.42
VOLVE_15_9_F1,2977.51,17.23,72.6,437.4,4.81,10.53,Chalk,39.77,17.39
VOLVE_15_9_F1,2978.16,19.04,84.5,535.4,4.64,10.5,Chalk,39.81,19.83
VOLVE_15_9_F1,2978.96,21.94,86.5,426.5,5.59,10.52,Chalk,39.84,18.43
VOLVE_15_9_F1,2979.37,20.9,76.9,451.2,7.07,10.52,Chalk,39.87,19.21
VOLVE_15_9_F1,2980.23,22.91,96.1,481.5,4.9,10.48,Chalk,39.89,20.35
VOLVE_15_9_F1,2981.17,18.89,101.9,491.6,6.01,10.34,Chalk,39.91,20.57
VOLVE_15_9_F1,2981.85,23.71,97.1,507.1,4.53,10.38,Chalk,39.96,20.29
VOLVE_15_9_F1,2982.58,18.97,78.4,473.1,2.4,10.43,Chalk,0.01,27.31
VOLVE_15_9_F1,2982.83,26.04,93.9,498.0,6.0,10.8,Chalk,0.03,34.42
VOLVE_15_9_F1,2983.78,17.65,83.7,429.4,5.29,10.29,Chalk,0.05,29.31
VOLVE_15_9_F1,2984.3,19.21,64.0,492.7,4.56,10.43,Chalk,0.07,29.42
VOLVE_15_9_F1,2985.23,22.98,92.6,492.2,3.66,10.51,Chalk,0.1,30.74
VOLVE_15_9_F1,2985.9,26.1,84.7,516.5,5.99,10.45,Chalk,0.12,33.86
VOLVE_15_9_F1,2986.1,22.73,121.4,389.2,6.19,10.66,Chalk,0.15,34.08
VOLVE_15_9_F1,2986.33,23.35,104.4,419.7,4.6,10.45,Chalk,0.17,32.8
VOLVE_15_9_F1,2987.08,21.99,93.2,488.9,3.75,10.46,Chalk,0.18,31.81
VOLVE_15_9_F1,2987.73,,86.3,349.9,4.74,10.62,Chalk,0.2,30.24
VOLVE_15_9_F1,2987.95,20.73,85.0,475.7,5.92,10.77,Chalk,0.24,29.85
VOLVE_15_9_F1,2988.74,18.93,67.5,498.4,5.22,10.71,Chalk,0.27,29.81
VOLVE_15_9_F1,2989.62,18.76,56.4,432.9,3.48,10.48,Chalk,0.3,27.28
VOLVE_15_9_F1,2990.22,22.97,69.4,438.8,5.27,10.49,Chalk,0.33,30.1
VOLVE_15_9_F1,2990.79,19.16,81.8,413.0,6.02,10.5,Chalk,0.37,29.29
VOLVE_15_9_F1,2991.0,22.76,50.9,435.1,3.41,10.52,Chalk,0.4,27.26
VOLVE_15_9_F1,2991.83,18.71,74.4,436.3,4.88,10.37,Chalk,0.43,28.83
VOLVE_15_9_F1,2992.29,22.71,78.8,428.7,6.83,10.64,Chalk,0.46,30.33
VOLVE_15_9_F1,2993.2,20.75,79.3,426.5,3.53,10.53,Chalk,0.49,28.78
VOLVE_15_9_F1,2993.69,25.49,72.6,445.1,6.77,10.49,Chalk,0.52,31.44
VOLVE_15_9_F1,2994.35,22.79,77.4,444.7,7.15,10.31,Chalk,0.57,31.28
VOLVE_15_9_F1,2994.76,25.07,108.4,531.0,5.62,10.51,Chalk,0.62,35.39
VOLVE_15_9_F1,2995.09,20.09,92.4,440.2,4.78,10.21,Chalk,0.66,28.78
VOLVE_15_9_F1,2995.91,22.12,74.1,469.8,6.34,10.41,Chalk,0.7,30.89
VOLVE_15_9_F1,2996.51,19.53,81.5,432.9,4.76,10.41,Chalk,0.72,29.0
VOLVE_15_9_F1,2997.14,20.95,82.1,432.4,2.29,10.54,Chalk,0.76,27.42
VOLVE_15_9_F1,2998.11,21.34,71.0,387.8,4.87,10.78,Chalk,0.77,27.83
VOLVE_15_9_F1,2999.08,20.18,71.0,393.1,5.45,10.59,Chalk,0.79,27.85
VOLVE_15_9_F1,2999.97,18.96,97.7,407.7,6.06,10.72,Chalk,0.83,31.24
VOLVE_15_9_F1,3000.32,18.47,76.2,463.3,3.75,10.6,Chalk,0.86,27.79
VOLVE_15_9_F1,3000.99,16.15,66.1,499.0,4.12,10.67,Chalk,0.9,27.4
VOLVE_15_9_F1,3001.89,19.37,81.8,384.5,6.14,10.78,Chalk,0.95,29.83
VOLVE_15_9_F1,3002.39,23.58,84.3,434.0,5.31,10.39,Chalk,0.98,31.1
VOLVE_15_9_F1,3002.67,18.01,52.9,401.3,2.58,10.38,Chalk,1.03,24.66
VOLVE_15_9_F1,3003.52,18.59,81.9,445.4,6.39,10.6,Chalk,1.07,31.05
VOLVE_15_9_F1,3004.11,26.49,95.5,499.0,5.56,10.5,Chalk,1.12,34.69
VOLVE_15_9_F1,3004.76,20.43,89.3,438.1,6.49,10.53,Chalk,1.14,31.14
VOLVE_15_9_F1,3005.75,22.83,115.9,454.1,4.12,10.46,Chalk,1.17,32.68
VOLVE_15_9_F1,3006.43,23.63,101.3,514.2,5.5,10.41,Chalk,1.21,34.81
VOLVE_15_9_F1,3006.97,23.68,104.2,474.3,6.31,10.75,Chalk,1.26,33.32
VOLVE_15_9_F1,3007.47,18.22,124.5,425.6,5.4,10.34,Chalk,1.27,29.5
VOLVE_15_9_F1,3008.0,21.45,93.9,462.4,3.92,10.61,Chalk,1.29,30.47
VOLVE_15_9_F1,3008.3,17.99,84.9,422.9,2.03,10.58,Chalk,1.31,26.45
VOLVE_15_9_F1,3009.13,28.15,97.1,472.8,7.82,10.27,Chalk,1.34,35.64
VOLVE_15_9_F1,3010.0,18.05,74.1,476.6,5.03,10.38,Chalk,1.38,27.81
VOLVE_15_9_F1,3010.43,19.42,84.1,401.3,6.41,10.4,Chalk,1.39,29.93
VOLVE_15_9_F1,3010.87,19.44,72.8,463.0,5.96,10.59,Chalk,1.41,29.14
VOLVE_15_9_F1,3011.77,18.31,88.4,451.3,5.69,10.45,Chalk,1.45,28.47
VOLVE_15_9_F1,3011.99,25.43,72.7,477.8,4.99,10.49,Chalk,1.48,30.84
VOLVE_15_9_F1,3012.61,28.11,72.2,489.3,6.2,10.29,Claystone,1.49,30.5
VOLVE_15_9_F1,3013.18,20.86,88.7,475.1,6.93,10.85,Claystone,1.53,28.95
VOLVE_15_9_F1,3013.93,18.75,80.4,443.9,4.99,10.52,Claystone,1.56,25.09
VOLVE_15_9_F1,3014.26,16.46,53.6,493.4,,10.58,Claystone,1.61,22.55
VOLVE_15_9_F1,3015.0,21.45,60.6,421.1,3.04,10.42,Claystone,1.65,26.63
VOLVE_15_9_F1,3015.5,21.27,65.3,403.2,2.96,10.41,Claystone,1.7,24.86
VOLVE_15_9_F1,3016.19,20.44,69.2,328.2,6.06,10.79,Claystone,1.72,24.38
VOLVE_15_9_F1,3016.42,22.62,88.7,453.2,4.38,10.22,Claystone,1.76,27.73
VOLVE_15_9_F1,3016.99,23.06,85.7,423.2,7.81,10.55,Claystone,1.79,28.83
VOLVE_15_9_F1,3017.61,22.88,98.4,471.9,7.14,10.32,Claystone,1.83,31.64
VOLVE_15_9_F1,3017.98,21.28,93.7,377.2,7.23,10.45,Claystone,1.86,27.82
VOLVE_15_9_F1,3018.29,19.32,98.5,430.1,6.28,10.41,Claystone,1.87,28.84
VOLVE_15_9_F1,3018.65,23.74,91.6,474.8,4.4,10.36,Claystone,1.89,29.24
VOLVE_15_9_F1,3019.12,22.11,85.6,414.8,3.28,10.51,Claystone,1.93,25.78
VOLVE_15_9_F1,3019.4,24.3,98.9,472.4,7.47,10.12,Claystone,1.97,30.42
VOLVE_15_9_F1,3020.36,24.06,96.2,433.8,3.81,10.46,Claystone,1.99,27.44
VOLVE_15_9_F1,3020.88,18.53,88.1,454.7,6.89,10.49,Claystone,2.02,27.24
VOLVE_15_9_F1,3021.73,18.5,101.5,479.8,5.99,10.3,Claystone,2.06,29.29
VOLVE_15_9_F1,3022.71,20.2,47.3,494.2,4.44,10.73,Claystone,2.1,23.74
VOLVE_15_9_F1,3022.97,19.45,78.1,459.7,5.45,10.42,Claystone,2.12,25.86
VOLVE_15_9_F1,3023.69,23.98,77.9,423.5,5.88,10.47,Claystone,2.16,26.86
VOLVE_15_9_F1,3024.59,22.98,99.7,437.7,5.32,10.42,Claystone,2.2,29.36
VOLVE_15_9_F1,3025.3,24.85,106.0,481.5,7.54,10.5,Claystone,2.24,29.93
VOLVE_15_9_F1,3025.84,23.09,60.7,415.2,6.66,10.7,Claystone,2.27,24.6
VOLVE_15_9_F1,3026.39,22.63,103.6,448.9,5.78,10.88,Claystone,2.31,29.73
VOLVE_15_9_F1,3026.61,25.11,64.9,440.6,4.51,10.62,Claystone,2.33,26.18
VOLVE_15_9_F1,3027.24,23.28,65.3,451.9,6.64,10.67,Claystone,2.38,26.37
VOLVE_15_9_F1,3028.24,22.28,78.9,415.7,2.76,10.77,Claystone,2.4,25.59
VOLVE_15_9_F1,3029.2,25.82,77.7,382.0,6.02,10.55,Claystone,2.44,28.28
VOLVE_15_9_F1,3029.44,22.41,59.1,476.9,5.79,10.75,Claystone,2.49,25.87
VOLVE_15_9_F1,3030.2,21.36,92.2,494.6,4.31,10.63,Claystone,2.52,27.12
VOLVE_15_9_F1,3030.64,20.03,92.6,384.4,6.36,10.53,Claystone,2.56,25.99
VOLVE_15_9_F1,3031.56,23.88,98.2,470.8,5.59,10.56,Claystone,2.57,29.16
VOLVE_15_9_F1,3031.8,25.22,75.9,499.4,4.75,10.24,Claystone,2.6,29.0
VOLVE_15_9_F1,3032.75,22.0,81.8,479.9,6.36,10.55,Claystone,2.63,27.89
VOLVE_15_9_F1,3033.62,25.4,82.0,439.4,4.21,10.28,Claystone,2.65,28.08
VOLVE_15_9_F1,3033.91,17.21,107.7,418.3,6.21,10.27,Claystone,2.66,26.82
VOLVE_15_9_F1,3034.16,22.0,40.0,459.3,2.2,10.54,Claystone,2.71,22.34
VOLVE_15_9_F1,3035.03,22.04,68.1,466.0,5.35,10.34,Claystone,2.73,25.72
VOLVE_15_9_F1,3035.35,20.32,82.5,459.9,5.12,10.51,Claystone,2.76,27.64
VOLVE_15_9_F1,3035.98,28.1,66.1,448.9,4.87,10.53,Claystone,2.78,27.28
VOLVE_15_9_F1,3036.91,21.98,78.5,412.8,5.62,10.54,Claystone,2.81,26.59
VOLVE_15_9_F1,3037.57,21.13,80.5,473.0,5.01,10.38,Claystone,2.84,24.91
VOLVE_15_9_F1,3038.09,22.22,72.5,474.9,6.35,10.65,Claystone,2.88,26.48
VOLVE_15_9_F1,3038.64,17.15,83.4,464.1,5.47,10.5,Claystone,2.91,24.39
VOLVE_15_9_F1,3038.89,20.26,91.8,460.5,5.74,10.58,Claystone,2.93,26.25
VOLVE_15_9_F1,3039.87,24.62,78.9,523.2,5.75,10.33,Claystone,2.95,31.43
VOLVE_15_9_F1,3040.32,20.59,75.6,431.1,4.42,10.49,Claystone,2.97,25.98
VOLVE_15_9_F1,3040.67,20.09,79.9,507.3,4.64,10.68,Claystone,3.01,27.87
VOLVE_15_9_F1,3041.1,25.44,82.3,426.7,5.82,10.66,Claystone,3.02,28.77
VOLVE_15_9_F1,3042.07,25.52,56.3,500.4,4.93,10.39,Claystone,3.04,27.67
VOLVE_15_9_F1,3042.34,23.46,89.3,505.4,6.79,10.43,Claystone,3.07,29.38
VOLVE_15_9_F1,3043.24,21.04,75.6,444.4,5.14,10.37,Claystone,3.09,28.0
VOLVE_15_9_F1,3044.0,21.58,101.3,522.5,5.91,10.42,Claystone,3.12,30.39
VOLVE_15_9_F1,3044.87,20.17,91.3,474.9,3.5,10.31,Claystone,3.15,27.12
VOLVE_15_9_F1,3045.85,19.7,99.9,421.0,6.4,10.49,Claystone,3.2,27.44
VOLVE_15_9_F1,3046.72,19.58,67.2,441.1,4.07,10.61,Claystone,3.21,24.28
VOLVE_15_9_F1,3047.68,20.65,76.8,501.4,3.76,10.4,Claystone,3.24,26.57
VOLVE_15_9_F1,3047.98,19.61,63.7,493.0,6.7,10.5,Claystone,3.28,25.28
VOLVE_15_9_F1,3048.81,18.29,71.8,413.8,5.56,10.48,Claystone,3.3,24.7
VOLVE_15_9_F1,3049.45,22.75,101.2,450.5,6.74,10.67,Claystone,3.33,30.35
VOLVE_15_9_F1,3050.09,22.79,104.7,464.2,6.17,10.42,Claystone,3.38,28.1
VOLVE_15_9_F1,3051.0,26.46,65.2,435.8,5.25,10.43,Claystone,3.42,28.06
VOLVE_15_9_F1,3051.98,20.54,75.5,550.4,4.65,10.39,Claystone,3.47,26.65
VOLVE_15_9_F1,3052.75,22.95,81.2,465.5,6.22,10.35,Claystone,3.51,29.18
VOLVE_15_9_F1,3053.33,23.0,91.2,453.6,6.8,10.6,Claystone,3.53,27.84
VOLVE_15_9_F1,3053.9,21.58,56.0,503.7,4.7,10.5,Claystone,3.58,25.3
VOLVE_15_9_F1,3054.41,24.08,58.3,441.5,7.53,10.53,Claystone,3.6,25.86
VOLVE_15_9_F1,3054.9,24.16,89.7,496.4,5.28,10.71,Claystone,3.63,26.93
VOLVE_15_9_F1,3055.41,23.04,53.1,389.4,3.2,10.72,Claystone,3.67,24.89
VOLVE_15_9_F1,3055.68,21.58,75.7,438.0,3.01,10.27,Claystone,3.72,24.83
VOLVE_15_9_F1,3055.94,21.33,84.8,498.1,3.17,10.62,Claystone,3.76,26.73
VOLVE_15_9_F1,3056.77,18.81,88.6,518.9,4.53,10.55,Claystone,3.78,25.52
VOLVE_15_9_F1,3057.32,20.21,80.2,425.2,4.74,10.45,Claystone,3.82,24.3
VOLVE_15_9_F1,3058.27,20.68,76.9,420.5,5.83,10.57,Claystone,3.83,25.47
VOLVE_15_9_F1,3058.96,19.43,95.0,478.8,5.14,10.26,Claystone,3.87,26.66
VOLVE_15_9_F1,3059.19,23.34,86.6,431.2,6.41,10.74,Claystone,3.91,26.23
VOLVE_15_9_F1,3059.51,25.23,72.6,445.4,5.41,10.6,Claystone,3.93,26.88
VOLVE_15_9_F1,3059.88,19.97,82.9,491.2,5.06,10.39,Claystone,3.97,25.17
VOLVE_15_9_F1,3060.86,22.95,88.1,434.4,4.69,10.43,Claystone,4.0,27.43
VOLVE_15_9_F1,3061.23,19.66,108.1,377.5,7.1,10.26,Claystone,4.03,27.14
VOLVE_15_9_F1,3061.84,21.49,94.1,404.1,3.51,10.47,Claystone,4.08,23.79
VOLVE_15_9_F1,3062.79,20.53,100.6,456.5,5.72,10.45,Claystone,4.12,27.16
VOLVE_15_9_F1,3063.78,23.76,73.2,381.6,5.02,10.32,Claystone,4.15,26.25
VOLVE_15_9_F1,3064.16,20.56,74.5,444.2,5.91,10.64,Claystone,4.16,24.41
VOLVE_15_9_F1,3064.4,24.79,78.8,400.4,5.39,10.71,Claystone,4.18,27.05
VOLVE_15_9_F1,3064.73,21.64,80.2,521.7,5.16,10.52,Claystone,4.19,27.58
VOLVE_15_9_F1,3064.98,20.64,67.2,542.7,4.55,10.48,Claystone,4.22,24.89
VOLVE_15_9_F1,3065.33,19.13,101.3,413.8,6.91,10.59,Claystone,4.24,26.6
VOLVE_15_9_F1,3065.99,22.9,95.6,466.4,,10.52,Claystone,4.27,28.82
VOLVE_15_9_F1,3066.92,24.51,77.7,417.7,7.74,10.36,Claystone,4.31,26.65
VOLVE_15_9_F1,3067.55,22.95,92.0,443.8,5.77,10.42,Claystone,4.33,27.44
VOLVE_15_9_F1,3068.25,27.87,85.7,528.3,5.82,10.48,Claystone,4.36,31.41
VOLVE_15_9_F1,3068.61,25.85,93.1,437.5,5.55,10.56,Claystone,4.41,27.71
VOLVE_15_9_F1,3069.45,21.51,62.2,444.7,5.55,10.52,Claystone,4.42,25.23
VOLVE_15_9_F1,3070.14,21.49,80.1,418.4,4.43,10.55,Claystone,4.46,24.54
VOLVE_15_9_F1,3071.04,23.46,81.5,502.0,5.51,10.29,Claystone,4.47,27.91
VOLVE_15_9_F1,3072.0,20.19,91.7,325.6,5.2,10.62,Claystone,4.5,25.35
VOLVE_15_9_F1,3072.47,25.21,72.9,438.4,5.75,10.52,Claystone,4.54,24.33
VOLVE_15_9_F1,3072.75,23.19,44.8,454.3,5.18,10.91,Claystone,4.55,22.56
VOLVE_15_9_F1,3073.13,22.93,66.1,429.7,5.54,10.47,Claystone,4.58,25.98
VOLVE_15_9_F1,3073.68,24.01,81.4,490.7,5.5,10.57,Claystone,4.62,27.9
VOLVE_15_9_F1,3074.63,26.61,83.3,504.2,7.53,10.95,Claystone,4.64,28.41
VOLVE_15_9_F1,3075.14,22.73,107.6,399.7,6.17,10.55,Claystone,4.68,26.5
VOLVE_15_9_F1,3075.95,22.02,91.1,539.9,8.47,10.52,Claystone,4.71,29.62
VOLVE_15_9_F1,3076.59,26.08,83.5,399.2,5.66,10.38,Claystone,4.73,27.27
VOLVE_15_9_F1,3076.93,24.73,81.8,507.7,6.6,10.75,Claystone,4.77,28.85
VOLVE_15_9_F1,3077.39,21.51,98.9,462.1,4.55,10.35,Claystone,4.8,27.96
VOLVE_15_9_F1,3078.11,22.33,73.5,436.0,6.79,10.59,Claystone,4.82,25.56
VOLVE_15_9_F1,3078.85,22.8,80.2,439.8,4.41,10.46,Claystone,4.86,27.54
VOLVE_15_9_F1,3079.4,23.22,66.0,454.8,5.63,10.5,Claystone,4.89,25.2
VOLVE_15_9_F1,3079.78,,103.6,464.5,4.94,10.31,Claystone,4.93,27.98
VOLVE_15_9_F1,3080.56,18.47,88.2,419.4,5.53,10.73,Claystone,4.95,26.37
VOLVE_15_9_F1,3080.89,20.11,71.7,446.8,4.6,10.49,Claystone,4.97,25.67
VOLVE_15_9_F1,3081.84,19.92,80.6,425.3,4.05,10.35,Claystone,5.01,24.74
VOLVE_15_9_F1,3082.19,20.72,89.9,407.6,4.89,10.72,Claystone,5.04,28.07
VOLVE_15_9_F1,3082.48,23.92,78.5,423.5,7.18,10.45,Claystone,5.07,27.05
VOLVE_15_9_F1,3083.08,21.91,74.3,410.2,5.65,10.58,Claystone,5.11,25.46
VOLVE_15_9_F1,3083.69,22.83,72.5,439.4,3.59,10.65,Claystone,5.14,25.24
VOLVE_15_9_F1,3084.3,19.28,87.4,473.5,6.36,10.6,Claystone,5.16,24.94
VOLVE_15_9_F1,3084.85,21.19,76.9,461.0,3.99,10.2,Claystone,5.2,27.07
VOLVE_15_9_F1,3085.84,,75.5,535.1,6.17,10.63,Claystone,5.24,27.01
VOLVE_15_9_F1,3086.43,23.83,62.2,367.8,5.74,10.51,Claystone,5.27,25.1
VOLVE_15_9_F1,3087.01,20.54,83.4,474.9,5.84,10.48,Claystone,5.31,27.31
VOLVE_15_9_F1,3087.55,22.75,79.6,456.4,7.47,10.51,Claystone,5.34,27.54
VOLVE_15_9_F1,3087.81,27.85,77.5,488.8,4.67,10.29,Claystone,5.39,27.62
VOLVE_15_9_F1,3088.48,22.31,85.3,484.8,6.02,10.56,Claystone,5.43,26.78
VOLVE_15_9_F1,3088.86,20.62,93.5,449.6,6.77,10.32,Claystone,5.45,24.48
VOLVE_15_9_F1,3089.57,21.92,92.8,463.1,4.59,10.49,Claystone,5.48,26.79
VOLVE_15_9_F1,3089.81,22.59,90.6,426.4,4.5,10.55,Claystone,5.53,27.13
VOLVE_15_9_F1,3090.8,21.99,78.7,480.7,4.81,10.69,Claystone,5.58,25.68
VOLVE_15_9_F1,3091.37,22.29,73.8,381.0,5.5,10.41,Claystone,5.59,24.53
VOLVE_15_9_F1,3092.29,18.76,66.6,487.3,3.0,10.75,Claystone,5.61,23.23
VOLVE_15_9_F1,3092.87,19.96,73.4,455.3,5.56,10.67,Claystone,5.64,25.97
VOLVE_15_9_F1,3093.12,22.0,82.6,436.7,3.53,10.47,Claystone,5.68,25.43
VOLVE_15_9_F1,3093.98,21.96,70.5,446.9,6.59,10.37,Claystone,5.73,27.53
VOLVE_15_9_F1,3094.7,20.96,83.7,449.8,5.76,10.31,Claystone,5.77,25.63
VOLVE_15_9_F1,3095.52,21.94,67.8,508.1,7.29,10.57,Claystone,5.79,26.29
VOLVE_15_9_F1,3096.06,22.54,57.3,585.5,5.69,10.42,Claystone,5.84,25.43
VOLVE_15_9_F1,3096.77,24.61,94.5,505.0,5.27,10.71,Claystone,5.85,30.34
VOLVE_15_9_F1,3097.66,22.14,75.1,433.6,4.16,,Claystone,5.88,25.34
VOLVE_15_9_F1,3098.36,23.39,69.7,481.4,5.44,10.4,Claystone,5.9,28.14
VOLVE_15_9_F1,3098.84,21.04,65.8,483.1,4.85,10.57,Claystone,5.94,24.35
VOLVE_15_9_F1,3099.57,23.83,88.6,419.2,6.9,10.43,Claystone,5.97,28.84
VOLVE_15_9_F1,3100.31,23.34,102.9,405.8,4.53,10.53,Claystone,5.99,27.12
VOLVE_15_9_F1,3101.28,24.57,76.2,453.7,7.78,10.68,Claystone,6.0,27.8
VOLVE_15_9_F1,3101.77,24.19,79.0,488.5,6.89,10.55,Claystone,6.05,26.19
VOLVE_15_9_F1,3102.31,23.88,98.3,391.7,5.38,10.55,Claystone,6.06,27.5
VOLVE_15_9_F1,3103.16,22.17,55.1,427.4,6.98,10.57,Claystone,6.09,22.81
VOLVE_15_9_F1,3103.77,23.03,111.7,479.1,4.81,10.28,Claystone,6.11,29.02
VOLVE_15_9_F1,3104.56,25.08,118.9,457.9,6.29,10.59,Claystone,6.13,28.02
VOLVE_15_9_F1,3105.13,20.79,41.6,512.9,2.96,10.56,Claystone,6.15,21.64
VOLVE_15_9_F1,3105.5,20.85,80.8,399.8,7.3,10.67,Claystone,6.19,26.36
VOLVE_15_9_F1,3106.29,22.88,71.5,550.3,3.15,10.63,Claystone,6.22,26.58
VOLVE_15_9_F1,3106.6,23.46,78.3,394.7,3.56,10.51,Claystone,6.24,23.75
VOLVE_15_9_F1,3106.96,20.37,76.0,375.0,4.21,10.69,Claystone,6.28,21.71
VOLVE_15_9_F1,3107.66,22.24,94.4,453.9,7.0,10.49,Claystone,6.3,27.89
VOLVE_15_9_F1,3108.46,22.2,80.5,410.8,6.35,10.57,Claystone,6.34,26.96
VOLVE_15_9_F1,3109.37,16.9,68.6,454.7,4.7,10.49,Claystone,6.36,21.75
VOLVE_15_9_F1,3109.79,21.89,79.6,453.3,6.39,10.61,Claystone,6.4,27.99
VOLVE_15_9_F1,3110.08,22.05,89.9,448.4,5.19,10.48,Claystone,6.41,26.22
VOLVE_15_9_F1,3111.05,22.04,64.5,422.5,5.46,10.78,Claystone,6.45,21.8
VOLVE_15_9_F1,3111.37,25.99,57.5,473.5,7.18,10.84,Claystone,6.48,23.8
VOLVE_15_9_F1,3111.73,19.41,112.1,443.5,5.13,10.67,Claystone,6.51,27.1
VOLVE_15_9_F1,3112.16,20.39,72.6,500.4,4.0,10.77,Claystone,6.56,24.71
VOLVE_15_9_F1,3112.78,15.92,80.2,449.0,5.2,10.31,Claystone,6.57,24.95
VOLVE_15_9_F1,3113.69,21.25,76.2,417.6,5.94,10.32,Claystone,6.6,23.88
VOLVE_15_9_F1,3114.5,21.47,90.4,388.7,5.42,10.49,Claystone,6.64,25.53
VOLVE_15_9_F1,3115.26,21.19,108.8,449.3,6.74,10.54,Claystone,6.69,27.29
VOLVE_15_9_F1,3115.6,25.23,90.9,405.5,5.39,10.51,Claystone,6.72,26.72
VOLVE_15_9_F1,3116.09,24.62,59.4,402.2,5.26,10.29,Claystone,6.75,24.05
VOLVE_15_9_F1,3116.67,22.66,61.4,477.3,5.41,10.71,Claystone,6.79,24.13
VOLVE_15_9_F1,3116.99,21.54,76.2,385.1,5.43,10.86,Claystone,6.83,24.23
VOLVE_15_9_F1,3117.41,25.04,78.2,512.7,7.36,10.73,Claystone,6.88,27.85
VOLVE_15_9_F1,3117.86,22.42,56.4,462.6,5.31,10.7,Claystone,6.92,24.0
VOLVE_15_9_F1,3118.16,20.43,94.5,454.5,4.89,10.57,Claystone,6.95,27.0
VOLVE_15_9_F1,3118.8,18.18,65.9,414.8,5.26,10.41,Claystone,6.98,21.63
VOLVE_15_9_F1,3119.56,21.37,104.6,486.8,6.7,10.55,Claystone,7.01,25.72
VOLVE_15_9_F1,3119.82,24.37,109.5,456.1,6.76,10.86,Claystone,7.03,29.24
VOLVE_15_9_F1,3120.4,28.17,78.5,428.8,6.58,10.49,Claystone,7.07,26.4
VOLVE_15_9_F1,3121.23,22.64,88.8,464.2,3.57,10.47,Claystone,7.1,25.78
VOLVE_15_9_F1,3122.03,20.57,63.7,388.9,1.82,10.71,Claystone,7.12,21.35
VOLVE_15_9_F1,3122.88,19.53,91.5,390.8,6.66,10.72,Claystone,7.15,24.02
VOLVE_15_9_F1,3123.44,23.87,74.7,411.4,5.8,10.41,Claystone,7.18,23.82
VOLVE_15_9_F1,3124.3,18.09,65.9,470.2,4.59,10.5,Claystone,7.19,22.44
VOLVE_15_9_F1,3124.69,23.87,77.8,456.1,6.15,10.47,Claystone,7.22,27.01
VOLVE_15_9_F1,3125.18,24.54,75.2,498.2,7.65,10.55,Claystone,7.26,27.12
VOLVE_15_9_F1,3125.52,23.59,77.3,419.5,6.98,10.71,Claystone,7.29,26.15
VOLVE_15_9_F1,3126.09,21.96,96.4,479.2,6.58,10.42,Claystone,7.3,26.83
VOLVE_15_9_F1,3126.61,23.92,70.4,451.7,4.14,10.71,Claystone,7.34,25.8
VOLVE_15_9_F1,3127.0,22.94,108.2,418.5,4.78,10.56,Claystone,7.35,26.41
VOLVE_15_9_F1,3127.8,20.57,62.3,471.7,1.92,10.89,Claystone,7.39,20.53
VOLVE_15_9_F1,3128.25,27.14,106.4,453.6,6.8,10.59,Claystone,7.41,29.35
VOLVE_15_9_F1,3128.67,21.64,66.9,431.1,6.28,10.53,Claystone,7.46,24.95
VOLVE_15_9_F1,3128.97,24.46,82.2,457.9,6.86,10.63,Claystone,7.47,26.13
VOLVE_15_9_F1,3129.52,16.47,74.8,451.1,5.42,10.49,Claystone,7.48,24.0
VOLVE_15_9_F1,3129.97,25.71,77.0,450.1,5.28,10.27,Claystone,7.51,25.58
VOLVE_15_9_F1,3130.46,26.19,94.2,439.8,5.09,10.51,Claystone,7.55,28.03
VOLVE_15_9_F1,3130.85,22.6,104.7,404.1,4.61,10.51,Claystone,7.6,28.07
VOLVE_15_9_F1,3131.66,23.92,100.0,459.3,5.46,10.31,Claystone,7.63,27.76
VOLVE_15_9_F1,3132.61,23.93,76.1,424.2,4.12,10.53,Claystone,7.65,24.79
VOLVE_15_9_F1,3133.2,20.93,84.9,415.5,7.26,10.23,Claystone,7.67,25.71
VOLVE_15_9_F1,3133.92,23.9,70.4,446.6,3.64,10.49,Claystone,7.7,26.29
VOLVE_15_9_F1,3134.81,20.52,67.3,485.6,4.62,10.58,Claystone,7.72,24.37
VOLVE_15_9_F1,3135.81,21.02,65.0,463.7,2.54,10.56,Claystone,7.77,25.47
VOLVE_15_9_F1,3136.5,25.36,75.6,435.0,5.77,10.48,Claystone,7.8,26.33
VOLVE_15_9_F1,3137.41,24.99,85.9,433.4,5.53,10.53,Claystone,7.84,25.84
VOLVE_15_9_F1,3138.34,20.79,53.5,481.7,4.24,10.43,Claystone,7.88,22.22
VOLVE_15_9_F1,3139.17,20.72,81.5,360.4,3.97,10.55,Claystone,7.9,23.51
VOLVE_15_9_F1,3139.74,20.94,104.9,488.2,5.46,10.56,Claystone,7.93,24.89
VOLVE_15_9_F1,3140.01,24.39,99.0,381.3,5.03,10.41,Claystone,7.97,26.0
VOLVE_15_9_F1,3140.22,20.06,73.4,399.7,4.74,10.59,Claystone,8.0,22.68
VOLVE_15_9_F1,3140.8,23.45,61.2,435.7,7.38,10.59,Claystone,8.03,24.6
VOLVE_15_9_F1,3141.4,24.43,89.0,543.1,5.74,10.52,Claystone,8.08,29.63
VOLVE_15_9_F1,3141.92,22.35,47.4,523.4,5.36,10.91,Claystone,8.1,22.88
VOLVE_15_9_F1,3142.58,25.1,98.8,484.5,5.18,10.53,Claystone,8.14,25.85
VOLVE_15_9_F1,3143.22,21.81,78.9,470.5,4.21,10.51,Claystone,8.17,24.15
VOLVE_15_9_F1,3144.09,22.04,109.6,381.8,5.6,10.48,Claystone,8.2,26.37
VOLVE_15_9_F1,3144.38,20.13,56.2,462.6,7.66,10.4,Claystone,8.22,23.14
VOLVE_15_9_F1,3144.76,25.12,95.9,434.3,5.35,10.65,Claystone,8.26,28.67
VOLVE_15_9_F1,3145.59,20.67,80.6,423.6,5.5,10.45,Claystone,8.27,25.4
VOLVE_15_9_F1,3146.47,23.46,77.2,462.5,4.27,10.46,Claystone,8.28,26.13
VOLVE_15_9_F1,3147.46,22.41,61.6,437.5,1.63,10.47,Claystone,8.31,22.67
VOLVE_15_9_F1,3148.36,19.96,91.1,491.1,4.21,10.4,Claystone,8.33,26.62
VOLVE_15_9_F1,3149.27,21.07,92.3,378.9,8.14,10.29,Claystone,8.36,24.61
VOLVE_15_9_F1,3149.73,26.06,108.9,459.3,6.69,10.48,Claystone,8.38,29.63
VOLVE_15_9_F1,3150.25,23.11,97.2,421.1,7.51,10.68,Claystone,8.39,26.23
VOLVE_15_9_F1,3150.66,20.08,73.2,439.9,4.49,10.58,Claystone,8.41,21.91
VOLVE_15_9_F1,3151.35,23.37,67.1,468.5,2.28,10.78,Claystone,8.44,24.21
VOLVE_15_9_F1,3152.3,22.24,61.6,411.6,3.6,10.66,Claystone,8.46,24.2
VOLVE_15_9_F1,3152.77,31.25,104.2,462.9,6.85,10.63,Claystone,8.47,29.36
VOLVE_15_9_F1,3153.42,23.33,70.4,447.8,5.44,10.83,Claystone,8.51,25.85
VOLVE_15_9_F1,3153.86,21.66,104.3,429.9,5.5,10.54,Claystone,8.55,24.39
VOLVE_15_9_F1,3154.19,26.17,90.0,437.5,5.07,10.56,Claystone,8.59,25.58
VOLVE_15_9_F1,3154.55,18.02,87.1,450.1,6.05,10.55,Claystone,8.61,23.67
VOLVE_15_9_F1,3154.79,22.85,77.5,425.6,4.62,10.78,Claystone,8.65,23.95
VOLVE_15_9_F1,3155.75,27.61,92.0,456.6,6.23,10.55,Claystone,8.69,27.31
VOLVE_15_9_F1,3156.28,22.33,81.9,445.2,5.47,10.45,Claystone,8.72,25.5
VOLVE_15_9_F1,3157.14,18.3,76.6,431.9,4.35,10.64,Claystone,8.74,22.25
VOLVE_15_9_F1,3157.89,21.64,92.5,519.9,4.28,10.43,Claystone,8.76,26.0
VOLVE_15_9_F1,3158.24,26.27,79.9,472.9,5.05,10.63,Claystone,8.79,26.7
VOLVE_15_9_F1,3158.58,23.57,70.1,441.0,7.42,10.61,Claystone,8.81,24.24
VOLVE_15_9_F1,3159.43,20.54,91.1,462.2,6.55,10.52,Claystone,8.84,25.44
VOLVE_15_9_F1,3159.84,20.93,81.1,415.2,6.32,10.64,Claystone,8.87,23.76
VOLVE_15_9_F1,3160.77,21.24,89.4,438.9,4.31,10.33,Claystone,8.88,23.68
VOLVE_15_9_F1,3161.09,23.55,75.3,443.5,3.52,10.58,Claystone,8.9,25.24
VOLVE_15_9_F1,3161.83,25.99,64.0,406.5,6.61,10.48,Claystone,8.91,26.33
VOLVE_15_9_F1,3162.68,25.28,108.1,471.8,6.98,10.98,Claystone,8.94,28.86
VOLVE_15_9_F1,3163.07,23.79,105.3,436.1,5.89,10.58,Claystone,8.95,27.2
VOLVE_15_9_F1,3163.49,19.32,95.3,442.1,4.72,10.47,Claystone,8.98,23.95
VOLVE_15_9_F1,3164.46,19.34,76.3,433.6,3.13,10.35,Claystone,9.0,22.79
VOLVE_15_9_F1,3164.87,23.99,77.6,574.7,6.36,10.75,Claystone,9.04,27.9
VOLVE_15_9_F1,3165.42,19.3,102.8,429.8,6.7,10.5,Claystone,9.08,22.97
VOLVE_15_9_F1,3165.96,22.1,76.8,373.6,4.33,10.44,Claystone,9.13,23.13
VOLVE_15_9_F1,3166.37,23.43,72.6,392.3,4.28,10.61,Claystone,9.16,24.32
VOLVE_15_9_F1,3167.19,19.82,110.2,486.7,6.93,10.65,Claystone,9.19,25.17
VOLVE_15_9_F1,3168.0,20.11,81.4,509.8,4.26,10.65,Claystone,9.23,24.86
VOLVE_15_9_F1,3168.51,22.44,108.6,429.1,7.78,10.56,Claystone,9.27,27.17
VOLVE_15_9_F1,3169.37,23.94,61.1,507.5,4.94,10.58,Claystone,9.3,22.91
VOLVE_15_9_F1,3169.74,25.33,89.8,486.0,5.16,10.59,Claystone,9.32,26.86
VOLVE_15_9_F1,3169.95,24.2,113.1,448.8,5.93,,Claystone,9.36,26.88
VOLVE_15_9_F1,3170.6,22.87,82.5,445.9,4.83,10.62,Claystone,9.37,25.21
VOLVE_15_9_F1,3171.6,20.82,78.1,463.6,6.4,10.72,Claystone,9.41,24.89
VOLVE_15_9_F1,3171.83,20.01,64.6,491.4,5.83,10.57,Claystone,9.42,23.79
VOLVE_15_9_F1,3172.2,21.41,98.3,472.2,6.71,10.43,Claystone,9.44,26.34
VOLVE_15_9_F1,3172.81,23.72,70.5,429.3,5.41,10.54,Claystone,9.48,24.5
VOLVE_15_9_F1,3173.66,23.54,80.6,449.4,4.78,10.67,Claystone,9.52,23.75
VOLVE_15_9_F1,3173.93,17.45,63.5,535.6,4.51,10.29,Claystone,9.55,22.63
VOLVE_15_9_F1,3174.45,20.73,105.4,466.4,4.94,10.29,Claystone,9.59,25.07
VOLVE_15_9_F1,3175.25,25.71,99.4,491.1,7.56,10.7,Claystone,9.63,29.05
VOLVE_15_9_F1,3175.74,22.9,81.6,477.9,6.49,10.79,Claystone,9.66,25.93
VOLVE_15_9_F1,3176.09,19.16,64.7,467.3,4.59,10.37,Claystone,9.71,23.39
VOLVE_15_9_F1,3176.45,28.6,105.1,460.7,5.04,10.57,Claystone,9.74,29.72
VOLVE_15_9_F1,3176.98,22.64,76.6,492.2,7.03,10.5,Claystone,9.75,25.11
VOLVE_15_9_F1,3177.56,23.67,65.5,485.1,5.28,10.52,Claystone,9.8,23.75
VOLVE_15_9_F1,3178.45,23.71,55.6,466.9,4.81,10.61,Claystone,9.82,22.47
VOLVE_15_9_F1,3179.17,21.8,72.4,428.6,6.91,10.37,Claystone,9.87,22.59
VOLVE_15_9_F1,3179.92,20.9,60.2,471.8,4.17,10.39,Claystone,9.88,20.96
VOLVE_15_9_F1,3180.9,28.03,72.7,453.7,5.23,10.52,Claystone,9.9,26.34
VOLVE_15_9_F1,3181.43,25.23,93.2,444.0,5.39,10.54,Claystone,9.91,24.99
VOLVE_15_9_F1,3181.96,24.78,76.4,563.5,3.8,10.39,Claystone,9.94,25.06
VOLVE_15_9_F1,3182.89,24.17,87.4,394.8,5.87,10.68,Claystone,9.99,24.75
VOLVE_15_9_F1,3183.29,20.22,71.2,494.7,3.97,10.5,Claystone,10.01,23.04
VOLVE_15_9_F1,3184.08,25.93,83.0,421.9,4.89,10.5,Claystone,10.03,26.3
VOLVE_15_9_F1,3184.88,20.63,110.9,461.6,4.67,10.6,Claystone,10.05,25.61
VOLVE_15_9_F1,3185.16,23.45,76.8,559.1,4.56,10.54,Claystone,10.07,25.02
VOLVE_15_9_F1,3185.73,18.64,87.8,417.9,3.99,10.69,Claystone,10.11,23.7
VOLVE_15_9_F1,3186.09,17.64,58.6,427.4,4.76,10.42,Claystone,10.15,21.59
VOLVE_15_9_F1,3186.44,23.54,104.8,455.7,5.5,10.35,Claystone,10.16,25.36
VOLVE_15_9_F1,3187.01,20.73,74.9,422.5,5.05,10.52,Claystone,10.19,23.34
VOLVE_15_9_F1,3187.44,17.78,97.8,491.7,7.89,10.57,Claystone,10.22,24.26
VOLVE_15_9_F1,3188.28,24.1,80.2,435.0,5.19,10.38,Claystone,10.24,24.21
VOLVE_15_9_F1,3189.21,28.06,91.2,482.5,6.62,10.35,Claystone,10.27,29.81
VOLVE_15_9_F1,3190.05,26.23,92.1,403.2,6.6,10.59,Claystone,10.3,26.3
VOLVE_15_9_F1,3190.46,22.12,75.2,384.1,5.04,10.45,Claystone,10.33,23.04
VOLVE_15_9_F1,3190.88,22.79,98.4,447.2,5.86,10.35,Claystone,10.34,26.04
VOLVE_15_9_F1,3191.28,24.98,70.6,393.6,5.33,10.71,Claystone,10.36,24.57
VOLVE_15_9_F1,3191.59,25.57,93.7,517.1,5.95,10.47,Claystone,10.4,26.72
VOLVE_15_9_F1,3192.55,21.91,76.2,395.2,4.41,10.74,Claystone,10.42,22.33
VOLVE_15_9_F1,3193.07,22.86,87.3,414.9,4.77,10.57,Claystone,10.46,24.98
VOLVE_15_9_F1,3193.45,23.53,75.1,472.9,5.26,10.61,Claystone,10.49,23.18
VOLVE_15_9_F1,3194.33,24.16,82.8,432.9,3.05,10.53,Claystone,10.52,25.3
VOLVE_15_9_F1,3194.85,22.45,65.9,395.7,6.8,10.17,Claystone,10.56,21.8
VOLVE_15_9_F1,3195.07,22.48,85.7,538.0,7.9,10.39,Claystone,10.59,26.3
VOLVE_15_9_F1,3195.4,26.23,82.7,416.3,5.81,10.55,Claystone,10.61,23.77
VOLVE_15_9_F1,3196.11,25.81,73.9,448.5,6.23,10.62,Claystone,10.62,24.11
VOLVE_15_9_F1,3196.94,23.98,81.2,448.0,6.67,10.3,Claystone,10.66,26.74
VOLVE_15_9_F1,3197.31,27.09,84.0,484.8,4.11,10.56,Claystone,10.69,27.11
VOLVE_15_9_F1,3198.24,21.83,72.8,474.9,6.17,10.4,Claystone,10.73,25.32
VOLVE_15_9_F1,3199.12,26.85,80.1,423.3,5.11,10.6,Claystone,10.76,23.69
VOLVE_15_9_F1,3200.0,24.16,66.9,443.4,7.93,10.56,Claystone,10.78,23.2
VOLVE_15_9_F1,3200.38,30.98,117.2,447.3,6.32,10.68,Claystone,10.81,29.31
VOLVE_15_9_F1,3200.63,19.82,97.9,486.4,6.34,10.73,Claystone,10.82,25.74
VOLVE_15_9_F1,3201.52,21.08,86.1,409.7,4.97,10.64,Claystone,10.87,22.81
VOLVE_15_9_F1,3201.96,23.85,99.6,537.1,8.28,10.7,Claystone,10.88,26.94
VOLVE_15_9_F1,3202.66,23.8,52.3,426.0,4.31,10.52,Claystone,10.93,20.83
VOLVE_15_9_F1,3203.47,27.69,43.6,456.1,6.54,10.99,Claystone,10.94,23.69
VOLVE_15_9_F1,3203.77,21.14,76.0,410.0,5.8,10.39,Claystone,10.97,22.96
VOLVE_15_9_F1,3204.59,25.08,61.3,404.5,5.66,10.49,Claystone,10.98,23.29
VOLVE_15_9_F1,3205.55,25.73,78.4,421.4,5.77,10.7,Claystone,11.02,24.96
VOLVE_15_9_F1,3206.33,24.59,85.1,417.6,4.69,10.68,Claystone,11.04,25.71
VOLVE_15_9_F1,3206.88,20.43,95.8,439.8,2.17,10.64,Claystone,11.07,22.57
VOLVE_15_9_F1,3207.78,26.35,64.9,417.3,6.63,10.67,Claystone,11.12,25.22
VOLVE_15_9_F1,3208.4,25.91,88.0,484.2,5.06,10.26,Claystone,11.16,25.06
VOLVE_15_9_F1,3209.2,24.34,82.2,425.1,6.83,10.81,Claystone,11.17,25.79
VOLVE_15_9_F1,3210.06,23.35,87.2,420.7,5.83,10.54,Claystone,11.22,22.93
VOLVE_15_9_F1,3210.86,23.41,74.2,440.7,6.66,10.76,Claystone,11.24,24.0
VOLVE_15_9_F1,3211.29,22.65,102.7,496.1,6.54,10.27,Claystone,11.25,28.24
VOLVE_15_9_F1,3211.58,24.45,80.4,465.0,2.45,10.61,Claystone,11.28,24.79
VOLVE_15_9_F1,3211.97,22.93,108.6,452.4,6.43,10.49,Claystone,11.33,26.71
VOLVE_15_9_F1,3212.57,20.73,70.1,399.1,4.5,10.66,Claystone,11.35,20.98
VOLVE_15_9_F1,3213.18,20.23,93.1,410.7,6.62,10.62,Claystone,11.39,23.06
VOLVE_15_9_F1,3213.84,20.98,81.1,405.3,5.81,10.63,Claystone,11.43,24.55
VOLVE_15_9_F1,3214.36,23.41,77.0,508.7,5.99,10.41,Claystone,11.46,25.69
VOLVE_15_9_F1,3215.19,22.79,91.4,477.7,5.1,10.56,Claystone,11.48,26.11
VOLVE_15_9_F1,3216.12,23.4,77.5,422.0,4.17,10.55,Claystone,11.52,23.66
VOLVE_15_9_F1,3216.52,24.12,42.0,433.9,4.28,10.65,Claystone,11.55,20.25
VOLVE_15_9_F1,3217.31,21.3,40.0,423.4,2.36,10.72,Claystone,11.56,19.93
VOLVE_15_9_F1,3218.05,26.54,101.0,421.0,5.2,10.6,Claystone,11.59,26.34
VOLVE_15_9_F1,3218.67,22.21,100.4,474.8,3.75,10.38,Claystone,11.63,25.11
VOLVE_15_9_F1,3219.02,21.79,110.3,444.9,3.89,10.59,Claystone,11.65,23.77
VOLVE_15_9_F1,3219.85,24.09,81.7,539.7,5.53,10.96,Claystone,11.67,26.25
VOLVE_15_9_F1,3220.82,18.29,62.6,506.5,5.23,10.82,Claystone,11.69,21.87
VOLVE_15_9_F1,3221.6,20.91,75.7,508.8,4.98,10.13,Claystone,11.7,23.39
VOLVE_15_9_F1,3222.53,25.34,82.1,483.3,4.91,10.58,Claystone,11.75,26.35
VOLVE_15_9_F1,3223.52,18.55,66.8,439.5,3.54,10.71,Claystone,11.78,21.31
VOLVE_15_9_F1,3224.0,25.69,106.7,480.4,5.53,10.55,Claystone,11.82,27.22
VOLVE_15_9_F1,3224.71,26.68,,442.5,5.15,10.51,Claystone,11.86,28.2
VOLVE_15_9_F1,3225.29,21.98,89.1,521.7,5.24,10.54,Claystone,11.88,25.82
VOLVE_15_9_F1,3226.28,23.63,81.8,472.6,3.53,10.66,Claystone,11.93,24.34
VOLVE_15_9_F1,3226.56,25.7,62.5,466.9,6.09,10.4,Claystone,11.97,23.66
VOLVE_15_9_F1,3227.09,21.74,105.1,461.5,4.85,10.75,Claystone,12.01,26.95
VOLVE_15_9_F1,3227.99,25.08,83.1,526.1,5.95,10.57,Claystone,12.05,25.12
VOLVE_15_9_F1,3228.42,21.24,77.6,399.1,6.14,10.44,Claystone,12.08,23.58
VOLVE_15_9_F1,3229.25,21.72,89.1,530.0,5.69,10.75,Claystone,12.12,24.83
VOLVE_15_9_F1,3229.75,20.92,73.1,449.0,5.94,10.34,Claystone,12.14,23.49
VOLVE_15_9_F1,3230.74,23.78,84.1,400.2,2.92,10.49,Claystone,12.18,24.59
VOLVE_15_9_F1,3231.64,25.82,60.3,426.4,4.64,10.49,Claystone,12.2,22.53
VOLVE_15_9_F1,3232.08,22.47,98.2,390.4,6.82,10.9,Claystone,12.23,24.66
VOLVE_15_9_F1,3232.9,19.75,80.4,482.6,5.59,10.47,Claystone,12.28,23.54
VOLVE_15_9_F1,3233.37,20.23,99.3,414.9,7.53,10.25,Claystone,12.31,23.77
VOLVE_15_9_F1,3234.05,23.92,78.9,463.2,7.38,10.49,Claystone,12.32,25.98
VOLVE_15_9_F1,3234.78,27.55,79.9,501.8,6.04,10.65,Claystone,12.36,26.48
VOLVE_15_9_F1,3235.64,23.93,63.7,429.6,4.81,10.7,Claystone,12.41,21.96
VOLVE_15_9_F1,3235.86,21.98,93.3,445.7,4.23,10.92,Claystone,12.45,24.69
VOLVE_15_9_F1,3236.24,24.86,68.8,404.3,4.7,10.79,Claystone,12.49,21.91
VOLVE_15_9_F1,3237.01,22.35,74.6,440.9,4.64,10.61,Claystone,12.53,22.93
VOLVE_15_9_F1,3237.66,22.0,81.9,559.4,4.5,10.45,Claystone,12.58,24.43
VOLVE_15_9_F1,3238.26,20.56,83.7,487.6,4.0,10.82,Claystone,12.6,24.0
VOLVE_15_9_F1,3238.5,26.48,56.3,445.9,5.71,10.52,Claystone,12.63,22.49
VOLVE_15_9_F1,3238.98,16.61,78.4,432.0,6.71,10.48,Claystone,12.68,22.32
VOLVE_15_9_F1,3239.87,24.95,93.8,454.8,6.77,10.52,Claystone,12.72,26.32
VOLVE_15_9_F1,3240.1,21.8,76.2,461.7,4.72,10.39,Claystone,12.74,22.93
VOLVE_15_9_F1,3240.61,21.94,78.5,439.7,6.37,10.51,Claystone,12.75,25.3
VOLVE_15_9_F1,3241.57,27.2,84.3,477.7,6.13,10.55,Claystone,12.78,25.02
VOLVE_15_9_F1,3241.81,21.18,80.0,418.3,5.06,10.69,Dolomite,12.82,8.66
VOLVE_15_9_F1,3242.61,21.27,66.4,418.1,4.79,10.52,Dolomite,12.86,10.66
VOLVE_15_9_F1,3243.02,22.65,81.3,471.3,5.02,10.39,Dolomite,12.9,8.61
VOLVE_15_9_F1,3243.91,24.01,96.8,409.7,6.39,10.34,Dolomite,12.91,12.79
VOLVE_15_9_F1,3244.71,21.87,66.1,485.7,5.13,10.61,Dolomite,12.93,10.29
VOLVE_15_9_F1,3245.62,19.05,76.3,455.9,3.98,10.59,Dolomite,12.98,8.32
VOLVE_15_9_F1,3245.99,20.82,61.2,383.4,3.86,10.5,Dolomite,13.0,8.38
VOLVE_15_9_F1,3246.61,26.19,96.0,460.9,6.16,10.51,Dolomite,13.02,9.85
VOLVE_15_9_F1,3247.44,23.18,80.5,389.1,5.81,10.64,Dolomite,13.04,10.84
VOLVE_15_9_F1,3247.83,24.12,69.1,484.2,4.83,,Dolomite,13.08,9.0
VOLVE_15_9_F1,3248.22,22.34,83.3,446.5,3.9,10.47,Dolomite,13.11,11.0
VOLVE_15_9_F1,3248.44,21.35,63.8,530.5,6.38,10.6,Dolomite,13.13,10.0
VOLVE_15_9_F1,3249.41,27.19,66.4,499.4,6.69,10.73,Dolomite,13.15,10.55
VOLVE_15_9_F1,3250.17,22.53,60.0,414.1,2.54,10.47,Dolomite,13.2,9.93
VOLVE_15_9_F1,3250.88,21.9,65.9,375.7,6.57,10.58,Dolomite,13.23,10.2
VOLVE_15_9_F1,3251.68,25.75,102.2,426.3,5.6,10.58,Dolomite,13.25,12.54
VOLVE_15_9_F1,3252.3,21.2,70.9,407.7,5.2,10.39,Dolomite,13.27,9.23
VOLVE_15_9_F1,3252.88,21.52,88.9,529.5,6.64,10.61,Dolomite,13.29,10.95
VOLVE_15_9_F1,3253.44,23.04,69.3,456.1,7.1,10.59,Dolomite,13.33,9.77
VOLVE_15_9_F1,3254.16,23.02,93.3,493.8,6.67,10.67,Dolomite,13.38,11.32
VOLVE_15_9_F1,3254.52,23.67,66.5,445.1,5.42,10.41,Dolomite,13.4,9.5
VOLVE_15_9_F1,3255.43,28.25,82.4,449.3,4.13,10.59,Dolomite,13.45,10.68
VOLVE_15_9_F1,3256.28,23.87,82.7,455.2,2.96,10.79,Dolomite,13.47,10.1
VOLVE_15_9_F1,3256.76,17.08,116.8,500.8,6.34,10.9,Dolomite,13.52,10.88
VOLVE_15_9_F1,3257.42,23.85,91.3,469.0,7.13,10.78,Dolomite,13.53,11.16
VOLVE_15_9_F1,3257.73,23.13,73.0,414.2,4.2,10.41,Dolomite,13.55,10.59
VOLVE_15_9_F1,3258.71,23.14,92.1,521.4,,10.65,Dolomite,13.6,10.96
VOLVE_15_9_F1,3259.63,23.65,113.9,444.8,5.17,10.51,Dolomite,13.64,10.81
VOLVE_15_9_F1,3260.57,22.97,57.4,438.3,4.23,10.63,Dolomite,13.68,9.76
VOLVE_15_9_F1,3261.04,22.91,69.2,343.3,6.39,10.47,Dolomite,13.72,8.88
VOLVE_15_9_F1,3261.37,24.58,78.3,481.9,5.65,10.33,Dolomite,13.76,11.49
VOLVE_15_9_F1,3261.74,21.69,75.6,460.6,4.81,10.54,Dolomite,13.8,9.8
VOLVE_15_9_F1,3262.01,20.68,76.9,460.5,8.2,10.7,Dolomite,13.82,10.56
VOLVE_15_9_F1,3262.31,30.61,62.3,440.4,3.97,10.63,Dolomite,13.85,10.76
VOLVE_15_9_F1,3262.57,21.26,102.9,433.5,6.11,10.65,Dolomite,13.89,12.4
VOLVE_15_9_F1,3263.56,23.3,60.5,441.7,3.75,10.62,Dolomite,13.92,10.0
VOLVE_15_9_F1,3263.82,19.32,78.8,475.1,4.73,10.65,Dolomite,13.97,9.87
VOLVE_15_9_F1,3264.12,23.35,97.5,482.1,5.74,10.67,Dolomite,14.0,10.46
VOLVE_15_9_F1,3264.98,20.73,81.4,447.3,6.1,10.55,Dolomite,14.01,11.03
VOLVE_15_9_F1,3265.65,21.96,67.1,494.5,4.67,10.6,Dolomite,14.03,9.83
VOLVE_15_9_F1,3266.47,25.68,61.6,453.4,4.79,10.85,Dolomite,14.07,8.47
VOLVE_15_9_F1,3267.17,24.25,78.4,436.4,5.02,10.61,Dolomite,14.08,10.23
VOLVE_15_9_F1,3268.08,24.49,70.5,464.5,3.97,10.6,Dolomite,14.13,10.46
VOLVE_15_9_F1,3268.79,18.65,84.9,402.2,5.71,10.61,Dolomite,14.14,8.84
VOLVE_15_9_F1,3269.41,27.67,60.8,465.8,5.74,10.56,Dolomite,14.17,10.29
VOLVE_15_9_F1,3270.18,20.1,94.0,394.9,5.74,10.52,Dolomite,14.21,10.06
VOLVE_15_9_F1,3270.74,26.9,83.6,415.4,5.59,10.62,Dolomite,14.24,10.72
VOLVE_15_9_F1,3271.21,25.64,84.7,375.8,5.35,10.51,Dolomite,14.28,11.74
VOLVE_15_9_F1,3271.79,24.53,103.4,449.5,7.17,10.57,Dolomite,14.29,10.21
VOLVE_15_9_F1,3272.12,20.95,75.3,520.9,6.24,10.47,Dolomite,14.32,12.52
VOLVE_15_9_F1,3272.96,23.47,70.9,451.9,6.87,10.61,Dolomite,14.36,10.29
VOLVE_15_9_F1,3273.37,21.92,73.6,482.3,5.52,10.68,Dolomite,14.4,10.83
VOLVE_15_9_F1,3273.69,23.17,78.9,550.6,6.89,10.56,Dolomite,14.42,11.1
VOLVE_15_9_F1,3274.09,22.47,80.5,472.7,4.73,10.29,Dolomite,14.44,8.91
VOLVE_15_9_F1,3274.96,18.0,69.4,425.9,4.42,10.68,Dolomite,14.48,7.99
VOLVE_15_9_F1,3275.43,25.91,51.5,431.4,6.54,10.61,Dolomite,14.53,9.28
VOLVE_15_9_F1,3276.17,22.9,73.4,456.6,6.17,10.44,Dolomite,14.57,11.42
VOLVE_15_9_F1,3277.06,21.9,87.2,431.2,4.93,10.71,Dolomite,14.61,8.71
VOLVE_15_9_F1,3277.32,21.71,83.9,434.2,3.96,10.38,Dolomite,14.64,9.37
VOLVE_15_9_F1,3278.13,24.01,99.8,496.0,5.41,10.75,Dolomite,14.68,11.3
VOLVE_15_9_F1,3278.58,20.88,111.1,497.6,4.72,10.58,Dolomite,14.72,11.38
VOLVE_15_9_F1,3278.95,17.48,93.2,390.7,7.04,10.25,Dolomite,14.77,10.28
VOLVE_15_9_F1,3279.7,24.14,102.5,423.8,6.62,10.62,Dolomite,14.81,9.98
VOLVE_15_9_F1,3280.63,24.42,93.3,438.0,4.68,10.53,Dolomite,14.85,9.18
VOLVE_15_9_F1,3281.07,22.63,107.4,480.5,4.39,10.51,Dolomite,14.9,11.5
VOLVE_15_9_F1,3281.72,20.26,109.6,502.3,4.53,10.48,Dolomite,14.91,12.27
VOLVE_15_9_F1,3282.16,23.35,96.1,564.6,4.87,10.57,Dolomite,14.93,11.04
VOLVE_15_9_F1,3282.8,19.47,92.4,437.9,4.94,10.52,Dolomite,14.98,8.9
VOLVE_15_9_F1,3283.5,20.57,78.7,439.9,6.37,10.32,Dolomite,15.01,9.61
VOLVE_15_9_F1,3284.18,21.26,81.2,480.1,3.97,10.79,Dolomite,15.03,10.42
VOLVE_15_9_F1,3284.88,25.25,,429.3,8.17,10.56,Dolomite,15.06,10.33
VOLVE_15_9_F1,3285.19,22.23,91.1,450.9,4.24,10.49,Dolomite,15.1,11.76
VOLVE_15_9_F1,3285.95,22.02,71.0,440.0,3.36,10.43,Dolomite,15.14,10.59
VOLVE_15_9_F1,3286.69,28.03,78.9,351.7,7.73,10.71,Dolomite,15.18,10.74
VOLVE_15_9_F1,3287.43,24.03,46.5,461.5,6.45,10.4,Dolomite,15.19,7.41
VOLVE_15_9_F1,3287.69,24.0,107.6,449.3,5.56,10.62,Dolomite,15.22,10.42
VOLVE_15_9_F1,3288.25,22.23,78.5,507.4,5.64,10.51,Dolomite,15.23,9.88
VOLVE_15_9_F1,3288.78,21.66,88.6,456.8,5.77,10.52,Dolomite,15.28,9.6
VOLVE_15_9_F1,3289.05,17.69,103.6,406.4,5.31,10.43,Dolomite,15.29,10.12
VOLVE_15_9_F1,3289.42,25.58,86.3,446.3,4.04,10.5,Dolomite,15.33,10.8
VOLVE_15_9_F1,3289.98,24.28,103.4,372.9,2.76,10.6,Dolomite,15.36,8.68
VOLVE_15_9_F1,3290.77,22.72,63.1,408.1,3.98,10.63,Dolomite,15.4,10.11
VOLVE_15_9_F1,3291.16,22.82,117.7,482.0,8.0,10.48,Dolomite,15.43,11.63
VOLVE_15_9_F1,3292.02,25.01,98.1,446.7,7.95,10.58,Dolomite,15.47,11.53
VOLVE_15_9_F1,3292.66,19.28,84.9,493.5,4.69,10.73,Dolomite,15.5,10.68
VOLVE_15_9_F1,3293.47,21.7,103.1,377.9,4.35,10.35,Dolomite,15.52,9.56
VOLVE_15_9_F1,3294.05,20.34,64.2,446.9,5.13,10.6,Dolomite,15.54,10.62
VOLVE_15_9_F1,3294.65,27.61,77.4,437.6,6.17,10.46,Dolomite,15.57,10.63
VOLVE_15_9_F1,3295.34,25.37,103.4,494.8,6.56,10.44,Dolomite,15.6,13.02
VOLVE_15_9_F1,3296.28,17.68,53.8,483.5,1.36,10.64,Dolomite,15.64,7.61
VOLVE_15_9_F1,3296.88,19.4,90.2,482.3,8.89,10.52,Dolomite,15.66,11.82
VOLVE_15_9_F1,3297.5,22.86,89.7,518.3,6.76,10.42,Dolomite,15.7,10.12
VOLVE_15_9_F1,3298.18,22.01,111.3,441.9,5.41,10.8,Dolomite,15.72,13.22
VOLVE_15_9_F1,3298.97,19.88,58.0,510.0,3.8,10.74,Dolomite,15.76,8.13
VOLVE_15_9_F1,3299.23,28.06,105.9,414.8,7.3,10.31,Dolomite,15.78,12.67
VOLVE_15_9_F1,3299.84,23.98,73.4,413.4,5.85,10.38,Dolomite,15.81,9.65
VOLVE_15_9_F1,3300.43,24.39,75.0,486.7,5.43,10.69,Dolomite,15.83,11.07
VOLVE_15_9_F1,3301.37,21.48,63.4,396.4,5.43,10.56,Dolomite,15.87,9.18
VOLVE_15_9_F1,3301.96,25.01,65.4,479.5,5.1,10.83,Dolomite,15.88,9.02
VOLVE_15_9_F1,3302.53,22.26,87.8,460.7,5.8,10.69,Dolomite,15.93,7.57
VOLVE_15_9_F1,3303.5,22.51,65.1,499.5,5.87,10.65,Dolomite,15.96,12.39
VOLVE_15_9_F1,3304.06,24.74,92.8,454.2,6.03,10.45,Limestone,16.01,14.3
VOLVE_15_9_F1,3304.41,19.15,71.8,458.9,5.15,10.68,Limestone,16.05,9.37
VOLVE_15_9_F1,3304.78,27.21,63.5,477.0,7.07,10.41,Limestone,16.08,13.91
VOLVE_15_9_F1,3305.06,23.68,73.8,430.1,3.32,10.8,Limestone,16.12,13.29
VOLVE_15_9_F1,3305.26,26.42,86.8,428.4,4.72,10.67,Limestone,16.14,12.91
VOLVE_15_9_F1,3305.81,20.53,77.6,475.6,5.04,10.48,Limestone,16.18,12.18
VOLVE_15_9_F1,3306.62,20.92,82.2,455.4,4.24,10.72,Limestone,16.2,12.77
VOLVE_15_9_F1,3307.41,20.32,92.2,440.3,4.74,10.94,Limestone,16.24,13.92
VOLVE_15_9_F1,3307.63,23.86,98.0,453.3,7.16,10.57,Limestone,16.25,14.42
VOLVE_15_9_F1,3308.29,23.4,77.1,520.4,5.08,10.69,Limestone,16.28,14.91
VOLVE_15_9_F1,3308.61,22.07,66.1,438.9,2.78,10.54,Limestone,16.32,13.23
VOLVE_15_9_F1,3309.57,20.7,82.9,437.7,4.6,10.62,Limestone,16.35,12.46
VOLVE_15_9_F1,3309.9,20.07,88.8,388.3,5.21,10.38,Limestone,16.37,11.19
VOLVE_15_9_F1,3310.6,,59.8,454.9,5.03,10.6,Limestone,16.39,12.02
VOLVE_15_9_F1,3311.06,22.08,68.4,482.9,5.68,10.61,Limestone,16.44,13.31
VOLVE_15_9_F1,3311.77,21.53,70.9,490.1,5.57,10.87,Limestone,16.46,12.77
VOLVE_15_9_F1,3312.3,27.12,78.6,461.0,5.45,10.33,Limestone,16.48,14.66
VOLVE_15_9_F1,3313.11,23.05,70.3,494.9,3.7,10.56,Limestone,16.53,13.75
VOLVE_15_9_F1,3313.5,26.43,92.3,485.9,5.23,10.8,Limestone,16.58,14.81
VOLVE_15_9_F1,3314.42,21.92,57.6,501.1,4.09,10.57,Limestone,16.59,11.83
VOLVE_15_9_F1,3315.02,,58.0,496.0,4.68,10.58,Limestone,16.62,13.14
VOLVE_15_9_F1,3315.83,23.12,76.7,519.4,6.06,10.48,Limestone,16.63,15.82
VOLVE_15_9_F1,3316.71,19.02,79.1,449.8,5.38,10.47,Limestone,16.68,10.89
VOLVE_15_9_F1,3317.71,26.84,59.9,403.6,6.3,10.33,Limestone,16.71,13.37
VOLVE_15_9_F1,3318.08,22.93,72.6,483.2,4.69,10.51,Limestone,16.73,14.75
VOLVE_15_9_F1,3318.51,25.14,75.7,487.9,7.21,10.46,Limestone,16.75,12.68
VOLVE_15_9_F1,3318.91,21.4,75.8,519.4,5.87,10.62,Limestone,16.79,14.06
VOLVE_15_9_F1,3319.32,22.87,84.0,507.9,5.45,10.49,Limestone,16.8,14.94
VOLVE_15_9_F1,3319.99,21.11,71.8,534.5,5.7,10.53,Limestone,16.85,11.68
VOLVE_15_9_F1,3320.99,26.37,103.9,481.4,5.12,10.54,Limestone,16.87,15.33
VOLVE_15_9_F1,3321.98,24.07,89.0,465.8,2.97,10.6,Limestone,16.91,13.11
VOLVE_15_9_F1,3322.6,24.21,69.6,401.2,4.49,10.53,Limestone,16.95,12.41
VOLVE_15_9_F1,3323.31,26.69,83.1,469.0,6.55,10.45,Limestone,16.97,13.77
VOLVE_15_9_F1,3324.2,26.19,83.5,434.5,5.71,10.62,Limestone,16.99,14.94
VOLVE_15_9_F1,3325.14,25.21,99.9,465.1,5.6,10.77,Limestone,17.01,13.98
VOLVE_15_9_F1,3325.51,19.75,72.7,458.8,3.85,10.63,Limestone,17.05,11.45
VOLVE_15_9_F1,3326.13,21.57,93.2,475.5,2.99,10.52,Limestone,17.07,12.68
VOLVE_15_9_F1,3327.0,20.8,82.3,452.8,6.82,10.59,Limestone,17.11,12.55
VOLVE_15_9_F1,3327.44,25.13,104.1,494.1,5.57,10.3,Limestone,17.14,13.59
VOLVE_15_9_F1,3327.99,23.74,101.0,347.7,5.14,10.59,Limestone,17.17,12.65
VOLVE_15_9_F1,3328.98,19.84,84.6,464.3,4.25,10.55,Limestone,17.2,12.64
VOLVE_15_9_F1,3329.97,22.85,77.7,504.8,6.73,10.47,Limestone,17.22,13.92
VOLVE_15_9_F1,3330.89,19.59,89.3,531.5,6.16,10.5,Limestone,17.24,14.55
VOLVE_15_9_F1,3331.73,23.19,79.0,485.9,4.11,10.55,Limestone,17.28,13.4
VOLVE_15_9_F1,3332.15,19.19,106.9,524.1,6.73,10.76,Limestone,17.3,13.17
VOLVE_15_9_F1,3332.6,24.65,82.8,463.4,5.29,10.77,Limestone,17.33,12.29
VOLVE_15_9_F1,3333.24,24.28,75.6,456.8,4.59,10.47,Limestone,17.38,13.35
VOLVE_15_9_F1,3333.89,28.11,74.8,477.8,5.3,10.53,Limestone,17.39,13.48
VOLVE_15_9_F1,3334.49,25.46,63.5,456.5,4.3,10.54,Limestone,17.42,12.66
VOLVE_15_9_F1,3335.2,22.28,90.0,425.4,3.77,10.73,Limestone,17.45,13.02
VOLVE_15_9_F1,3335.73,25.39,69.4,436.1,6.26,10.63,Limestone,17.46,13.58
VOLVE_15_9_F1,3336.53,19.85,98.1,412.2,4.99,10.63,Limestone,17.51,12.85
VOLVE_15_9_F1,3337.0,20.94,62.3,477.8,5.56,10.69,Limestone,17.56,11.73
VOLVE_15_9_F1,3337.46,24.18,83.6,457.1,5.77,10.52,Limestone,17.58,12.6
VOLVE_15_9_F1,3337.76,17.96,98.9,442.3,5.76,10.82,Limestone,17.63,11.82
VOLVE_15_9_F1,3338.11,23.26,49.4,434.0,2.38,10.61,Limestone,17.64,12.0
VOLVE_15_9_F1,3338.99,20.81,111.9,476.9,4.51,10.48,Limestone,17.69,13.17
VOLVE_15_9_F1,3339.55,23.61,75.3,487.9,5.94,10.58,Limestone,17.73,11.74
VOLVE_15_9_F1,3339.93,20.67,83.8,411.5,3.59,10.8,Limestone,17.75,13.12
VOLVE_15_9_F1,3340.74,24.42,90.2,405.2,6.0,10.55,Limestone,17.78,12.37
VOLVE_15_9_F1,3341.38,23.41,92.5,494.9,3.83,10.76,Limestone,17.83,13.3
VOLVE_15_9_F1,3341.6,26.87,85.8,401.7,5.72,10.52,Limestone,17.85,13.85
VOLVE_15_9_F1,3342.05,23.39,96.6,478.6,7.49,10.5,Limestone,17.87,13.97
VOLVE_15_9_F1,3342.4,21.45,89.4,521.4,6.2,10.71,Limestone,17.91,10.93
VOLVE_15_9_F1,3343.12,22.76,108.1,521.5,3.45,10.48,Limestone,17.92,14.48
VOLVE_15_9_F1,3343.54,20.01,89.5,486.2,6.16,10.74,Limestone,17.94,14.25
VOLVE_15_9_F1,3343.79,24.39,111.1,485.0,8.05,10.67,Limestone,17.96,15.48
VOLVE_15_9_F1,3344.04,24.85,95.2,546.8,9.02,10.48,Limestone,18.0,12.76
VOLVE_15_9_F1,3344.7,29.55,54.6,363.3,6.05,10.6,Limestone,18.02,14.33
VOLVE_15_9_F1,3344.92,21.83,120.8,438.1,4.14,10.53,Limestone,18.05,12.45
VOLVE_15_9_F1,3345.8,22.71,73.0,490.6,5.66,10.67,Limestone,18.07,11.58
VOLVE_15_9_F1,3346.12,21.95,104.1,443.2,7.45,10.9,Limestone,18.09,14.19
VOLVE_15_9_F1,3346.81,23.92,82.0,506.3,5.16,10.56,Limestone,18.12,13.81
VOLVE_15_9_F1,3347.36,24.34,97.5,455.1,6.91,10.7,Limestone,18.14,13.93
VOLVE_15_9_F1,3347.92,23.26,71.3,462.0,4.16,10.62,Limestone,18.18,11.79
VOLVE_15_9_F1,3348.18,26.11,,445.7,6.16,10.62,Limestone,18.2,15.12
VOLVE_15_9_F1,3349.02,21.85,77.8,435.8,2.15,10.59,Limestone,18.24,12.06
VOLVE_15_9_F1,3349.93,25.87,105.3,434.8,4.77,10.49,Limestone,18.26,12.43
VOLVE_15_9_F1,3350.14,24.75,88.2,467.5,5.54,10.67,Limestone,18.31,14.73
VOLVE_15_9_F1,3350.48,23.37,95.7,425.7,5.1,10.57,Limestone,18.32,13.51
VOLVE_15_9_F1,3351.41,22.62,49.2,494.8,3.21,10.48,Limestone,18.37,12.49
VOLVE_15_9_F1,3352.05,29.47,80.3,482.8,5.26,10.77,Limestone,18.39,14.44
VOLVE_15_9_F1,3352.37,21.37,87.8,,5.64,10.63,Limestone,18.4,15.4
VOLVE_15_9_F1,3352.73,24.16,85.0,411.5,5.35,10.58,Limestone,18.43,12.51
VOLVE_15_9_F1,3353.46,21.54,96.0,388.7,5.45,10.82,Limestone,18.45,12.67
VOLVE_15_9_F1,3354.24,27.88,76.1,456.5,6.53,10.34,Limestone,18.48,14.33
VOLVE_15_9_F1,3354.92,25.64,82.3,572.7,5.13,10.81,Limestone,18.52,13.59
VOLVE_15_9_F1,3355.88,21.73,99.3,507.4,7.08,10.49,Limestone,18.56,14.59
VOLVE_15_9_F1,3356.47,24.71,47.4,434.5,3.75,10.65,Limestone,18.6,8.32
VOLVE_15_9_F1,3356.91,24.07,90.4,473.7,7.84,10.53,Limestone,18.65,13.55
VOLVE_15_9_F1,3357.5,22.14,76.6,485.8,6.48,10.48,Limestone,18.67,12.8
VOLVE_15_9_F1,3357.98,25.33,67.9,402.0,4.87,10.82,Limestone,18.69,11.99
VOLVE_15_9_F1,3358.36,24.41,86.7,511.5,5.15,10.9,Limestone,18.73,12.42
VOLVE_15_9_F1,3358.6,23.97,100.0,450.0,5.91,10.59,Limestone,18.75,14.46
VOLVE_15_9_F1,3359.08,23.33,97.2,453.1,6.28,10.67,Limestone,18.76,12.96
VOLVE_15_9_F1,3359.85,24.52,79.6,457.7,6.71,10.63,Limestone,18.78,13.36
VOLVE_15_9_F1,3360.07,24.01,94.7,502.5,3.97,10.88,Limestone,18.8,13.28
VOLVE_15_9_F1,3360.62,23.59,94.6,426.5,6.07,10.3,Limestone,18.82,13.78
VOLVE_15_9_F1,3361.33,21.84,80.3,388.4,2.63,10.68,Limestone,18.84,13.12
VOLVE_15_9_F1,3362.02,27.68,71.2,469.6,5.35,10.51,Limestone,18.88,13.44
VOLVE_15_9_F1,3362.84,20.83,72.1,375.0,6.7,10.27,Limestone,18.92,12.62
VOLVE_15_9_F1,3363.69,24.52,94.2,444.7,3.92,10.57,Limestone,18.97,13.3
VOLVE_15_9_F1,3364.46,22.66,81.0,504.2,3.33,10.9,Limestone,18.98,12.21
VOLVE_15_9_F1,3364.74,27.86,65.9,479.9,5.76,10.52,Limestone,19.0,12.95
VOLVE_15_9_F1,3365.32,21.2,56.3,498.4,6.42,10.74,Limestone,19.03,11.43
VOLVE_15_9_F1,3366.0,21.63,94.1,481.5,5.75,10.8,Limestone,19.04,13.47
VOLVE_15_9_F1,3366.4,21.04,73.4,553.1,2.71,10.62,Limestone,19.07,12.33
VOLVE_15_9_F1,3366.63,24.28,86.5,433.2,3.46,10.64,Limestone,19.1,11.95
VOLVE_15_9_F1,3367.01,20.04,100.2,472.7,5.42,10.36,Limestone,19.14,12.73
VOLVE_15_9_F1,3367.58,22.27,61.9,439.2,3.52,10.52,Limestone,19.16,10.1
VOLVE_15_9_F1,3368.11,18.09,80.9,495.0,5.01,10.76,Limestone,19.2,11.68
VOLVE_15_9_F1,3368.45,24.07,79.0,454.3,5.59,10.63,Limestone,19.24,13.02
VOLVE_15_9_F1,3369.31,22.23,87.3,525.5,4.72,10.68,Limestone,19.28,14.8
VOLVE_15_9_F1,3370.25,19.76,100.2,435.5,7.46,10.64,Limestone,19.3,14.13
VOLVE_15_9_F1,3370.61,26.2,61.6,513.0,5.99,10.95,Limestone,19.34,11.47
VOLVE_15_9_F1,3371.55,20.22,90.1,480.5,6.63,10.56,Limestone,19.38,13.03
VOLVE_15_9_F1,3371.77,25.48,97.0,455.4,6.85,10.86,Limestone,19.4,13.84
VOLVE_15_9_F1,3372.71,21.74,78.8,478.4,4.96,10.64,Limestone,19.44,12.1
VOLVE_15_9_F1,3373.67,27.5,79.5,467.2,5.43,10.88,Limestone,19.47,12.98
VOLVE_15_9_F1,3373.88,25.37,87.8,471.0,5.24,10.44,Limestone,19.5,13.14
VOLVE_15_9_F1,3374.69,20.98,86.7,448.5,6.01,10.65,Limestone,19.52,14.42
VOLVE_15_9_F1,3375.67,21.21,90.3,428.7,4.48,10.57,Limestone,19.55,11.83
VOLVE_15_9_F1,3376.59,25.02,90.0,443.4,7.67,10.65,Limestone,19.59,13.71
VOLVE_15_9_F1,3377.57,22.85,66.8,389.4,4.16,10.81,Limestone,19.6,9.02
VOLVE_15_9_F1,3378.21,23.09,96.4,490.4,5.78,10.68,Limestone,19.63,14.13
VOLVE_15_9_F1,3378.47,26.69,99.1,407.4,5.61,10.81,Sandstone,19.65,22.39
VOLVE_15_9_F1,3379.35,21.65,84.3,448.1,4.67,10.53,Sandstone,19.68,18.7
VOLVE_15_9_F1,3380.04,23.75,59.1,482.7,7.63,10.5,Sandstone,19.72,18.81
VOLVE_15_9_F1,3380.73,25.91,79.8,490.3,5.0,10.63,Sandstone,19.75,21.2
VOLVE_15_9_F1,3381.27,25.55,84.5,385.8,5.2,10.62,Sandstone,19.78,20.02
VOLVE_15_9_F1,3381.92,23.13,64.4,453.1,4.25,10.6,Sandstone,19.81,19.3
VOLVE_15_9_F1,3382.25,22.81,76.1,475.2,5.24,10.48,Sandstone,19.83,19.67
VOLVE_15_9_F1,3383.04,19.19,60.4,458.8,4.51,10.81,Sandstone,19.87,19.26
VOLVE_15_9_F1,3383.3,20.89,90.7,510.5,3.9,10.57,Sandstone,19.88,19.39
VOLVE_15_9_F1,3384.08,24.33,84.0,423.9,4.94,10.84,Sandstone,19.92,22.62
VOLVE_15_9_F1,3384.96,23.2,56.9,374.8,5.67,10.63,Sandstone,19.96,18.91
VOLVE_15_9_F1,3385.54,23.73,86.8,489.2,6.67,10.73,Sandstone,20.01,21.73
VOLVE_15_9_F1,3386.15,26.14,80.7,435.3,5.59,10.71,Sandstone,20.03,19.42
VOLVE_15_9_F1,3386.6,20.58,89.3,386.4,5.26,10.51,Sandstone,20.06,20.11
VOLVE_15_9_F1,3387.57,22.96,75.7,450.4,4.77,10.68,Sandstone,20.07,19.91
VOLVE_15_9_F1,3388.36,24.03,69.5,506.0,4.6,10.92,Sandstone,20.12,17.3
VOLVE_15_9_F1,3388.86,21.8,70.0,406.2,3.91,10.67,Sandstone,20.15,16.84
VOLVE_15_9_F1,3389.2,27.14,73.5,550.2,3.68,10.76,Sandstone,20.19,21.27
VOLVE_15_9_F1,3389.57,25.83,81.8,423.3,4.71,10.73,Sandstone,20.23,19.8
VOLVE_15_9_F1,3390.14,24.29,83.7,460.3,6.53,10.68,Sandstone,20.25,19.85
VOLVE_15_9_F1,3391.1,28.05,78.7,408.0,5.2,10.66,Sandstone,20.28,21.49
VOLVE_15_9_F1,3391.88,19.82,75.2,458.4,4.5,10.71,Sandstone,20.32,17.31
VOLVE_15_9_F1,3392.26,23.55,,451.4,4.82,10.75,Sandstone,20.34,18.76
VOLVE_15_9_F1,3393.14,24.49,119.1,397.2,7.48,10.43,Sandstone,20.39,21.18
VOLVE_15_9_F1,3393.65,21.29,70.0,569.8,3.85,10.67,Sandstone,20.43,19.82
VOLVE_15_9_F1,3394.53,24.33,73.1,437.0,5.62,10.6,Sandstone,20.48,17.64
VOLVE_15_9_F1,3394.92,20.81,130.9,437.0,5.75,10.57,Sandstone,20.52,20.61
VOLVE_15_9_F1,3395.62,25.31,87.8,495.6,5.68,10.83,Sandstone,20.54,19.19
VOLVE_15_9_F1,3396.56,26.23,60.8,529.4,5.57,10.52,Sandstone,20.58,19.56
VOLVE_15_9_F1,3396.96,24.27,94.1,501.9,5.66,10.42,Sandstone,20.59,22.27
VOLVE_15_9_F1,3397.72,18.96,67.9,408.7,5.68,10.75,Sandstone,20.63,18.12
VOLVE_15_9_F1,3398.71,21.18,95.1,465.4,5.3,10.42,Sandstone,20.65,19.48
VOLVE_15_9_F1,3399.03,25.01,78.3,381.5,7.52,10.34,Sandstone,20.69,20.29
VOLVE_15_9_F1,3399.3,23.65,74.9,492.9,5.31,10.77,Sandstone,20.71,19.32
VOLVE_15_9_F1,3400.04,16.87,105.6,391.4,3.06,10.66,Sandstone,20.73,19.26
VOLVE_15_9_F1,3400.51,26.71,90.0,424.7,6.52,10.7,Sandstone,20.74,20.89
VOLVE_15_9_F1,3400.77,23.94,96.1,456.7,6.07,10.57,Sandstone,20.78,17.72
VOLVE_15_9_F1,3401.35,21.56,88.0,474.6,5.3,10.43,Sandstone,20.8,20.8
VOLVE_15_9_F1,3402.15,26.1,74.8,446.4,5.16,10.46,Sandstone,20.82,19.4
VOLVE_15_9_F1,3402.58,21.92,90.7,517.6,2.79,10.59,Sandstone,20.83,19.54
VOLVE_15_9_F1,3403.05,21.89,99.6,485.7,3.13,10.44,Sandstone,20.86,20.54
VOLVE_15_9_F1,3403.92,24.51,83.5,482.6,7.44,10.68,Sandstone,20.9,19.2
VOLVE_15_9_F1,3404.54,28.07,108.5,407.6,5.45,10.57,Sandstone,20.93,21.6
VOLVE_15_9_F1,3405.41,27.68,94.2,524.8,7.06,10.66,Sandstone,20.95,22.75
VOLVE_15_9_F1,3405.97,24.52,84.7,424.7,3.55,10.66,Sandstone,20.97,19.62
VOLVE_15_9_F1,3406.93,24.78,85.3,526.3,4.25,10.69,Sandstone,20.98,20.04
VOLVE_15_9_F1,3407.65,25.61,83.5,537.7,6.37,10.71,Sandstone,21.0,22.26
VOLVE_15_9_F1,3407.95,20.49,62.7,477.3,4.66,10.58,Sandstone,21.02,16.91
VOLVE_15_9_F1,3408.85,25.25,80.1,498.1,6.12,10.66,Sandstone,21.03,19.81
VOLVE_15_9_F1,3409.45,21.8,84.8,333.5,5.22,10.67,Sandstone,21.04,18.18
VOLVE_15_9_F1,3409.76,24.44,75.2,449.0,5.08,10.27,Sandstone,21.07,20.07
VOLVE_15_9_F1,3410.08,23.07,86.5,500.9,4.56,10.73,Sandstone,21.11,19.65
VOLVE_15_9_F1,3410.83,24.9,81.8,493.8,4.03,10.66,Sandstone,21.12,21.28
VOLVE_15_9_F1,3411.07,23.94,93.1,408.0,7.23,10.72,Sandstone,21.16,20.37
VOLVE_15_9_F1,3411.5,15.96,91.4,445.1,6.69,10.44,Sandstone,21.19,18.17
VOLVE_15_9_F1,3411.81,24.09,84.0,355.4,4.18,10.59,Sandstone,21.24,19.18
VOLVE_15_9_F1,3412.36,25.25,61.0,473.3,3.86,10.47,Sandstone,21.25,19.57
VOLVE_15_9_F1,3412.89,24.77,108.3,381.5,5.44,10.75,Sandstone,21.3,20.55
VOLVE_15_9_F1,3413.51,23.4,79.3,502.0,5.7,10.43,Sandstone,21.34,18.33
VOLVE_15_9_F1,3413.94,27.76,80.3,504.1,5.48,10.5,Sandstone,21.39,22.05
VOLVE_15_9_F1,3414.16,24.44,76.3,437.9,5.94,10.72,Sandstone,21.43,19.54
VOLVE_15_9_F1,3414.85,24.75,74.1,477.7,5.28,10.54,Sandstone,21.45,20.28
VOLVE_15_9_F1,3415.35,26.27,104.6,448.1,5.8,10.5,Sandstone,21.5,21.1
VOLVE_15_9_F1,3416.07,24.57,102.3,466.5,8.64,10.77,Sandstone,21.54,19.87
VOLVE_15_9_F1,3416.36,21.42,88.1,410.9,4.62,10.78,Sandstone,21.56,16.3
VOLVE_15_9_F1,3416.57,17.57,79.8,481.7,6.75,10.75,Sandstone,21.57,17.44
VOLVE_15_9_F1,3416.97,22.48,90.7,391.2,7.12,10.77,Sandstone,21.62,19.86
VOLVE_15_9_F1,3417.53,25.57,82.6,383.6,6.14,10.6,Sandstone,21.64,20.74
VOLVE_15_9_F1,3418.05,22.79,78.6,452.0,2.92,10.61,Sandstone,21.68,18.9
VOLVE_15_9_F1,3418.9,25.68,86.5,448.4,5.65,10.54,Sandstone,21.7,19.49
VOLVE_15_9_F1,3419.4,24.05,74.8,467.7,4.67,10.66,Sandstone,21.74,18.43
VOLVE_15_9_F1,3420.02,26.9,85.2,430.9,5.72,10.56,Sandstone,21.76,21.63
VOLVE_15_9_F1,3420.7,22.94,84.5,532.3,4.06,10.58,Sandstone,21.8,18.61
VOLVE_15_9_F1,3420.92,24.85,90.5,463.3,6.5,10.73,Sandstone,21.83,22.56
VOLVE_15_9_F1,3421.53,24.95,72.2,466.2,6.51,10.82,Sandstone,21.87,21.25
VOLVE_15_9_F1,3422.0,27.44,92.1,464.7,7.26,10.7,Sandstone,21.89,23.44
VOLVE_15_9_F1,3422.54,19.42,67.8,497.0,4.31,10.91,Sandstone,21.9,18.06
VOLVE_15_9_F1,3422.82,22.55,72.9,479.9,3.85,10.54,Sandstone,21.92,18.23
VOLVE_15_9_F1,3423.65,25.82,73.5,474.5,5.85,10.37,Sandstone,21.93,20.38
VOLVE_15_9_F1,3424.6,27.56,65.4,486.3,7.57,10.75,Sandstone,21.98,20.79
VOLVE_15_9_F1,3424.82,24.3,96.7,383.9,5.72,10.53,Sandstone,22.0,19.07
VOLVE_15_9_F1,3425.5,22.97,66.9,385.4,5.61,10.6,Sandstone,22.02,16.84
VOLVE_15_9_F1,3426.31,25.6,71.0,453.8,5.09,10.38,Sandstone,22.06,18.93
VOLVE_15_9_F1,3426.74,25.88,100.3,448.9,5.23,10.51,Sandstone,22.08,19.83
VOLVE_15_9_F1,3427.57,22.81,72.9,480.0,5.94,10.42,Sandstone,22.1,20.43
VOLVE_15_9_F1,3428.28,24.54,78.6,457.7,5.26,10.58,Sandstone,22.13,18.83
VOLVE_15_9_F1,3429.22,26.67,66.2,480.1,5.88,10.58,Sandstone,22.16,19.43
VOLVE_15_9_F1,3430.2,28.45,93.9,407.0,6.58,10.66,Sandstone,22.2,21.6
VOLVE_15_9_F1,3430.44,25.58,94.1,456.4,6.13,10.83,Sandstone,22.24,21.88
VOLVE_15_9_F1,3430.99,23.83,92.5,403.2,6.2,10.75,Sandstone,22.26,19.74
VOLVE_15_9_F1,3431.63,23.59,89.5,472.3,4.44,10.4,Sandstone,22.3,20.25
VOLVE_15_9_F1,3431.95,25.12,82.5,381.7,4.4,10.74,Sandstone,22.34,17.96
VOLVE_15_9_F1,3432.42,23.44,73.6,470.8,5.16,10.66,Sandstone,22.36,19.99
VOLVE_15_9_F1,3433.41,24.21,69.2,398.1,5.19,10.63,Sandstone,22.4,19.6
VOLVE_15_9_F1,3433.62,21.09,100.8,441.5,4.78,10.64,Sandstone,22.43,17.26
VOLVE_15_9_F1,3434.18,26.98,92.9,492.7,6.11,10.68,Sandstone,22.46,22.72
VOLVE_15_9_F1,3435.06,20.89,71.0,466.0,6.04,10.54,Sandstone,22.5,17.59
VOLVE_15_9_F1,3435.52,22.66,82.0,391.0,6.69,10.62,Sandstone,22.51,19.32
VOLVE_15_9_F1,3436.1,23.99,76.9,430.0,7.01,10.82,Sandstone,22.54,19.17
VOLVE_15_9_F1,3437.08,28.73,64.5,396.8,3.97,10.54,Sandstone,22.56,18.35
VOLVE_15_9_F1,3437.66,22.69,84.1,389.1,3.91,10.49,Sandstone,22.6,18.22
VOLVE_15_9_F1,3437.97,22.09,75.2,461.6,4.77,10.64,Sandstone,22.63,17.52
VOLVE_15_9_F1,3438.21,22.38,67.1,479.3,5.12,10.48,Sandstone,22.65,18.95
VOLVE_15_9_F1,3439.16,27.9,59.2,474.5,5.11,10.39,Sandstone,22.67,18.69
VOLVE_15_9_F1,3439.58,16.73,57.9,481.0,3.71,10.59,Sandstone,22.71,14.6
VOLVE_15_9_F1,3440.18,21.25,75.8,456.4,4.68,10.86,Sandstone,22.74,16.86
VOLVE_15_9_F1,3440.45,30.59,80.1,445.9,6.53,10.64,Sandstone,22.76,19.37
VOLVE_15_9_F1,3440.99,25.24,68.3,414.0,3.7,10.67,Sandstone,22.77,17.44
VOLVE_15_9_F1,3441.94,21.0,91.2,439.3,8.07,10.33,Sandstone,22.8,19.92
VOLVE_15_9_F1,3442.54,23.67,80.4,404.0,5.36,10.71,Sandstone,22.82,17.82
VOLVE_15_9_F1,3443.52,23.94,90.0,423.1,6.77,10.66,Sandstone,22.87,20.48
VOLVE_15_9_F1,3443.92,25.89,78.6,460.4,4.81,10.55,Sandstone,22.91,19.29
VOLVE_15_9_F1,3444.53,28.38,69.6,452.2,6.29,10.68,Sandstone,22.92,19.13
VOLVE_15_9_F1,3445.41,24.75,83.1,579.5,5.59,10.67,Sandstone,22.95,20.8
VOLVE_15_9_F1,3445.97,22.43,62.4,403.1,5.98,10.49,Sandstone,22.97,18.79
VOLVE_15_9_F1,3446.4,25.75,89.5,451.9,5.42,10.7,Sandstone,22.98,18.57
VOLVE_15_9_F1,3447.28,22.04,67.3,399.9,6.86,10.83,Sandstone,23.01,18.99
VOLVE_15_9_F1,3447.79,21.21,95.2,441.4,3.55,10.62,Sandstone,23.03,19.75
VOLVE_15_9_F1,3448.42,19.39,76.3,443.0,6.03,10.52,Sandstone,23.08,17.75
VOLVE_15_9_F1,3449.4,19.88,97.3,490.7,5.39,10.62,Sandstone,23.11,20.24
VOLVE_15_9_F1,3449.75,21.56,64.5,438.9,3.69,10.78,Sandstone,23.13,16.66
VOLVE_15_9_F1,3450.19,20.86,71.2,449.2,7.29,10.47,Sandstone,23.18,18.53
VOLVE_15_9_F1,3450.41,24.58,87.1,439.7,7.74,10.74,Sandstone,23.21,18.89
VOLVE_15_9_F1,3450.93,20.81,98.9,400.9,2.87,10.55,Sandstone,23.23,19.1
VOLVE_15_9_F1,3451.29,15.95,106.4,430.8,5.24,10.69,Sandstone,23.26,16.8
VOLVE_15_9_F1,3452.03,21.2,82.0,441.6,5.98,10.57,Sandstone,23.3,18.37
VOLVE_15_9_F1,3452.38,22.63,108.9,459.9,6.2,10.57,Sandstone,23.33,21.14
VOLVE_15_9_F1,3453.12,22.3,77.0,479.3,6.98,10.88,Sandstone,23.36,19.71
VOLVE_15_9_F1,3453.53,27.61,97.8,447.5,7.52,10.44,Sandstone,23.39,20.45
VOLVE_15_9_F1,3454.01,22.28,67.2,446.8,5.33,10.72,Sandstone,23.41,18.61
VOLVE_15_9_F1,3454.49,26.02,87.7,388.1,8.39,10.91,Sandstone,23.42,18.59
VOLVE_15_9_F1,3455.26,23.77,46.2,478.5,5.96,10.75,Sandstone,23.46,14.54
VOLVE_15_9_F1,3455.84,23.72,64.5,429.1,4.68,10.45,Sandstone,23.5,16.87
VOLVE_15_9_F1,3456.33,21.74,88.4,486.8,4.62,10.46,Sandstone,23.54,19.96
VOLVE_15_9_F1,3457.21,23.68,61.7,509.6,6.55,10.54,Sandstone,23.56,18.62
VOLVE_15_9_F1,3457.86,21.92,87.8,449.4,4.34,10.68,Sandstone,23.58,18.03
VOLVE_15_9_F1,3458.24,24.26,95.0,416.0,5.12,10.69,Sandstone,23.59,19.42
VOLVE_15_9_F1,3459.16,23.25,73.8,456.3,4.91,10.46,Sandstone,23.62,18.72
VOLVE_15_9_F1,3459.63,21.48,66.8,470.9,5.36,10.52,Sandstone,23.65,18.44
VOLVE_15_9_F1,3459.86,26.32,74.2,444.3,5.25,10.53,Sandstone,23.67,17.31
VOLVE_15_9_F1,3460.46,24.91,66.9,434.4,3.66,10.63,Sandstone,23.72,17.74
VOLVE_15_9_F1,3460.76,22.72,79.8,479.5,6.64,10.95,Sandstone,23.75,18.98
VOLVE_15_9_F1,3461.15,24.21,82.9,476.8,4.94,10.51,Sandstone,23.78,17.86
VOLVE_15_9_F1,3461.94,23.64,76.8,443.1,7.7,10.51,Sandstone,23.83,17.74
VOLVE_15_9_F1,3462.25,21.68,106.5,390.8,5.91,10.48,Sandstone,23.87,18.68
VOLVE_15_9_F1,3463.09,24.03,70.6,475.2,6.74,10.75,Sandstone,23.91,18.65
VOLVE_15_9_F1,3464.04,22.3,102.2,426.2,6.3,10.65,Sandstone,23.95,19.26
VOLVE_15_9_F1,3464.73,21.5,65.7,465.5,6.5,10.52,Sandstone,23.99,17.18
VOLVE_15_9_F1,3465.5,19.81,82.4,463.0,5.7,10.6,Sandstone,24.01,17.39
VOLVE_15_9_F1,3466.27,22.97,99.1,381.4,5.84,10.54,Sandstone,24.03,18.34
VOLVE_15_9_F1,3467.26,25.29,98.3,460.2,7.06,10.7,Sandstone,24.08,20.49
VOLVE_15_9_F1,3467.74,22.13,75.0,477.5,8.1,11.06,Sandstone,24.09,19.48
VOLVE_15_9_F1,3468.07,30.17,89.7,482.4,5.74,10.74,Sandstone,24.14,18.52
VOLVE_15_9_F1,3468.68,26.09,87.6,461.6,6.62,10.64,Sandstone,24.16,20.42
VOLVE_15_9_F1,3469.31,27.14,73.2,377.9,5.53,10.56,Sandstone,24.2,18.4
VOLVE_15_9_F1,3469.65,25.87,90.6,508.0,6.29,10.46,Sandstone,24.22,21.11
VOLVE_15_9_F1,3470.34,28.51,109.3,473.4,6.26,10.77,Sandstone,24.27,22.52
VOLVE_15_9_F1,3470.55,21.91,88.4,408.8,2.71,10.76,Sandstone,24.28,16.75
VOLVE_15_9_F1,3471.49,17.48,89.8,425.4,4.68,10.59,Sandstone,24.31,17.98
VOLVE_15_9_F1,3471.91,22.77,91.4,466.2,6.62,10.84,Sandstone,24.35,17.7
VOLVE_15_9_F1,3472.14,25.28,59.4,484.1,4.25,10.66,Sandstone,24.37,17.83
VOLVE_15_9_F1,3472.42,24.27,88.2,437.4,6.61,10.77,Sandstone,24.39,18.91
VOLVE_15_9_F1,3472.82,24.58,66.1,490.0,5.42,10.7,Sandstone,24.44,18.37
VOLVE_15_9_F1,3473.24,27.2,72.5,385.2,5.3,10.63,Sandstone,24.48,17.33
VOLVE_15_9_F1,3473.46,24.85,113.7,415.2,7.03,10.51,Sandstone,24.5,20.91
VOLVE_15_9_F1,3473.89,25.89,77.5,374.4,6.31,10.64,Sandstone,24.53,19.96
VOLVE_15_9_F1,3474.24,21.55,70.2,421.1,5.5,10.78,Sandstone,24.55,16.12
VOLVE_15_9_F1,3474.74,21.16,98.6,517.3,6.6,10.58,Sandstone,24.57,19.85
VOLVE_15_9_F1,3475.25,27.94,67.1,539.3,5.76,10.72,Sandstone,24.6,20.36
VOLVE_15_9_F1,3475.72,24.16,74.6,466.3,3.32,10.5,Sandstone,24.62,17.83
VOLVE_15_9_F1,3476.18,22.35,100.0,431.4,5.06,10.78,Sandstone,24.64,20.12
VOLVE_15_9_F1,3476.46,22.35,82.0,448.1,3.08,10.71,Sandstone,24.66,17.31
VOLVE_15_9_F1,3476.68,22.28,57.9,475.9,5.66,10.48,Sandstone,24.71,16.84
VOLVE_15_9_F1,3477.04,22.14,89.5,394.4,6.41,10.63,Sandstone,24.74,17.27
VOLVE_15_9_F1,3477.84,20.7,75.4,434.1,6.12,10.8,Sandstone,24.76,17.32
VOLVE_15_9_F1,3478.84,20.16,104.4,514.4,5.97,10.47,Sandstone,24.81,19.43
VOLVE_15_9_F1,3479.78,23.43,72.2,415.1,6.35,10.5,Sandstone,24.85,18.37
VOLVE_15_9_F1,3480.38,22.44,97.1,427.0,3.58,10.65,Sandstone,24.87,17.65
VOLVE_15_9_F1,3481.01,26.69,107.9,457.5,5.89,10.98,Sandstone,24.92,19.48
VOLVE_15_9_F1,3481.46,24.66,68.5,468.3,3.55,10.56,Sandstone,24.94,18.43
VOLVE_15_9_F1,3482.28,24.59,78.4,432.0,4.96,10.74,Sandstone,24.96,19.53
VOLVE_15_9_F1,3483.09,22.07,87.1,460.0,7.23,10.7,Sandstone,24.99,19.2
VOLVE_15_9_F1,3483.97,23.63,68.4,481.3,6.47,10.57,Sandstone,25.0,20.08
VOLVE_15_9_F1,3484.88,24.84,85.3,535.4,6.31,10.69,Sandstone,25.04,20.3
VOLVE_15_9_F1,3485.43,25.73,77.9,451.9,5.27,10.59,Sandstone,25.07,19.3
VOLVE_15_9_F1,3486.24,23.71,77.6,455.3,4.11,10.61,Sandstone,25.12,18.62
VOLVE_15_9_F1,3487.09,26.65,82.0,518.1,5.85,10.41,Sandstone,25.14,21.46
VOLVE_15_9_F1,3487.54,23.97,82.4,435.0,6.73,10.66,Sandstone,25.15,20.06
VOLVE_15_9_F1,3488.48,25.94,83.7,404.0,6.08,10.8,Sandstone,25.18,17.46
VOLVE_15_9_F1,3488.75,22.73,72.3,467.0,3.23,10.67,Sandstone,25.2,18.23
VOLVE_15_9_F1,3489.75,19.43,72.9,500.0,4.97,10.83,Sandstone,25.24,17.13
VOLVE_15_9_F1,3490.57,24.63,79.5,471.4,3.11,10.75,Sandstone,25.28,17.87
VOLVE_15_9_F1,3490.84,25.78,80.6,453.1,6.49,10.65,Sandstone,25.32,17.23
VOLVE_15_9_F1,3491.57,25.4,74.7,399.0,4.58,10.57,Sandstone,25.36,16.24
VOLVE_15_9_F1,3491.79,25.02,86.1,454.6,4.08,10.59,Sandstone,25.38,18.38
VOLVE_15_9_F1,3492.61,23.1,54.0,506.3,5.87,10.44,Sandstone,25.4,15.74
VOLVE_15_9_F1,3493.45,21.96,70.3,407.6,5.7,10.62,Sandstone,25.43,16.53
VOLVE_15_9_F1,3494.13,25.36,77.1,447.2,5.72,10.69,Sandstone,25.47,19.24
VOLVE_15_9_F1,3495.02,25.05,68.4,441.5,7.91,10.92,Sandstone,25.49,17.29
VOLVE_15_9_F1,3495.29,22.58,105.7,429.1,6.38,10.74,Sandstone,25.5,18.97
VOLVE_15_9_F1,3495.71,26.76,81.5,466.9,4.86,10.54,Sandstone,25.54,18.02
VOLVE_15_9_F1,3496.25,21.78,83.9,474.7,5.84,10.45,Sandstone,25.56,18.8
VOLVE_15_9_F1,3496.48,22.53,74.0,474.3,4.79,10.63,Sandstone,25.59,18.1
VOLVE_15_9_F1,3497.04,28.08,81.0,417.9,7.26,10.79,Sandstone,25.6,17.67
VOLVE_15_9_F1,3497.45,26.16,63.0,391.2,5.64,10.63,Sandstone,25.63,16.52
VOLVE_15_9_F1,3497.96,23.1,78.7,467.5,5.72,10.75,Sandstone,25.66,16.87
VOLVE_15_9_F1,3498.5,24.71,67.2,436.8,3.5,10.64,Sandstone,25.7,17.85
VOLVE_15_9_F1,3499.41,24.38,77.1,530.5,5.42,10.77,Sandstone,25.74,18.85
VOLVE_15_9_F1,3499.82,17.14,42.9,532.4,4.12,10.43,Sandstone,25.75,14.64
VOLVE_15_9_F1,3500.74,21.74,64.3,536.6,3.69,10.91,Sandstone,25.79,17.0
VOLVE_15_9_F1,3501.28,23.88,103.2,419.4,5.43,10.5,Sandstone,25.83,19.52
VOLVE_15_9_F1,3501.74,23.12,93.7,479.8,6.01,10.79,Sandstone,25.87,19.24
VOLVE_15_9_F1,3502.34,24.63,101.0,491.8,5.73,10.63,Claystone,25.92,20.68
VOLVE_15_9_F1,3502.88,26.84,102.1,487.3,4.25,10.65,Claystone,25.96,20.68
VOLVE_15_9_F1,3503.28,23.21,91.3,442.8,5.13,10.63,Claystone,25.98,19.55
VOLVE_15_9_F1,3503.89,21.37,74.4,508.2,4.48,10.71,Claystone,26.0,18.56
VOLVE_15_9_F1,3504.21,24.83,65.7,457.0,5.45,10.74,Claystone,26.03,20.85
VOLVE_15_9_F1,3504.69,23.2,98.4,462.1,5.67,10.83,Claystone,26.06,19.76
VOLVE_15_9_F1,3505.34,23.63,82.2,395.5,4.87,10.88,Claystone,26.11,19.02
VOLVE_15_9_F1,3505.87,23.29,118.6,482.8,5.34,10.72,Claystone,26.14,21.53
VOLVE_15_9_F1,3506.73,29.63,75.8,446.6,5.88,10.93,Claystone,26.16,21.58
VOLVE_15_9_F1,3507.14,18.43,110.8,475.6,6.48,10.68,Claystone,26.21,18.95
VOLVE_15_9_F1,3508.11,23.06,78.9,466.4,5.59,10.83,Claystone,26.25,20.55
VOLVE_15_9_F1,3508.94,24.03,101.3,464.3,7.39,10.73,Claystone,26.27,20.76
VOLVE_15_9_F1,3509.92,22.09,106.7,455.2,6.95,10.59,Claystone,26.32,23.03
VOLVE_15_9_F1,3510.79,26.29,65.9,488.5,7.15,10.7,Claystone,26.34,19.96
VOLVE_15_9_F1,3511.1,26.08,73.9,449.1,7.1,10.75,Claystone,26.37,18.3
VOLVE_15_9_F1,3511.72,23.93,65.7,398.8,7.01,10.67,Claystone,26.4,18.12
VOLVE_15_9_F1,3512.06,23.37,62.8,479.8,3.66,10.73,Claystone,26.45,19.12
VOLVE_15_9_F1,3512.91,23.77,91.2,424.7,6.28,10.8,Claystone,26.47,19.67
VOLVE_15_9_F1,3513.58,23.79,78.3,404.1,6.78,10.67,Claystone,26.49,18.91
VOLVE_15_9_F1,3513.99,23.86,82.0,416.1,7.06,10.23,Claystone,26.53,20.37
VOLVE_15_9_F1,3514.93,23.59,89.6,468.4,4.54,10.92,Claystone,26.57,19.29
VOLVE_15_9_F1,3515.23,24.69,53.4,453.2,5.81,10.63,Claystone,26.59,17.73
VOLVE_15_9_F1,3515.88,25.95,100.5,371.7,5.93,10.55,Claystone,26.61,19.29
VOLVE_15_9_F1,3516.65,20.99,76.0,441.7,7.25,10.5,Claystone,26.65,20.27
VOLVE_15_9_F1,3516.9,21.44,89.2,503.8,3.6,10.62,Claystone,26.69,18.17
VOLVE_15_9_F1,3517.58,19.7,90.5,439.0,4.21,10.59,Claystone,26.72,18.56
VOLVE_15_9_F1,3518.43,26.24,101.8,450.4,3.72,10.56,Claystone,26.74,20.94
VOLVE_15_9_F1,3518.69,24.7,79.6,498.8,5.59,10.57,Claystone,26.77,19.89
VOLVE_15_9_F1,3519.29,25.34,49.3,488.9,7.74,10.75,Claystone,26.81,16.86
VOLVE_15_9_F1,3519.7,20.51,82.1,497.9,5.02,10.98,Claystone,26.84,17.43
VOLVE_15_9_F1,3520.43,28.54,84.2,346.1,5.95,10.8,Claystone,26.88,19.91
VOLVE_15_9_F1,3520.73,22.56,65.7,526.4,5.68,10.84,Claystone,26.89,17.78
VOLVE_15_9_F1,3521.68,24.51,83.4,482.5,5.32,10.62,Claystone,26.94,17.59
VOLVE_15_9_F1,3522.59,26.23,75.8,555.5,5.94,10.69,Claystone,26.95,20.81
VOLVE_15_9_F1,3522.94,21.62,61.1,425.8,5.33,10.74,Claystone,26.99,16.18
VOLVE_15_9_F1,3523.4,22.73,91.3,386.5,4.4,10.58,Claystone,27.01,19.38
VOLVE_15_9_F1,3524.07,24.54,72.7,457.3,5.19,10.61,Claystone,27.02,18.61
VOLVE_15_9_F1,3524.84,31.24,75.1,446.0,6.83,10.8,Claystone,27.04,20.22
VOLVE_15_9_F1,3525.4,24.85,74.2,483.2,6.46,10.84,Claystone,27.06,19.25
VOLVE_15_9_F1,3525.72,28.12,99.7,500.0,7.58,10.69,Claystone,27.08,20.67
VOLVE_15_9_F1,3526.01,27.12,80.6,453.6,6.05,10.5,Claystone,27.12,19.17
VOLVE_15_9_F1,3527.01,25.03,82.4,447.4,5.92,10.63,Claystone,27.17,19.24
VOLVE_15_9_F1,3527.57,21.64,74.6,478.0,5.97,10.46,Claystone,27.2,17.55
VOLVE_15_9_F1,3528.47,26.76,88.1,446.8,5.02,10.69,Claystone,27.23,20.72
VOLVE_15_9_F1,3529.05,20.37,101.4,443.5,4.59,10.71,Claystone,27.25,18.36
VOLVE_15_9_F1,3529.99,28.12,90.9,498.5,5.74,10.64,Claystone,27.29,19.59
VOLVE_15_9_F1,3530.26,24.62,91.5,507.5,4.06,10.71,Claystone,27.31,19.35
VOLVE_15_9_F1,3530.55,17.5,90.3,500.4,5.42,10.74,Claystone,27.33,18.22
VOLVE_15_9_F1,3531.5,23.27,60.5,450.3,6.26,10.72,Claystone,27.34,17.29
VOLVE_15_9_F1,3532.46,25.76,68.0,371.5,4.49,10.5,Claystone,27.36,18.36
VOLVE_15_9_F1,3532.91,23.54,78.1,451.1,5.81,10.64,Claystone,27.39,19.38
VOLVE_15_9_F1,3533.39,25.92,70.3,426.7,4.63,10.74,Claystone,27.41,21.01
VOLVE_15_9_F1,3533.95,22.01,65.2,451.9,3.74,10.91,Claystone,27.42,18.23
VOLVE_15_9_F1,3534.49,20.87,53.1,430.2,7.14,10.64,Claystone,27.47,14.97
VOLVE_15_9_F1,3534.84,23.96,61.0,456.2,3.87,10.76,Claystone,27.48,17.16
VOLVE_15_9_F1,3535.76,24.22,77.3,415.5,3.8,10.81,Claystone,27.52,17.86
VOLVE_15_9_F1,3536.16,23.27,80.1,405.8,5.55,10.65,Claystone,27.54,18.92
VOLVE_15_9_F1,3536.92,27.22,69.3,506.0,5.81,10.85,Claystone,27.59,18.33
VOLVE_15_9_F1,3537.18,22.02,82.3,418.3,6.02,10.86,Claystone,27.62,17.63
VOLVE_15_9_F1,3537.41,24.93,74.6,457.1,7.77,10.89,Claystone,27.64,17.8
VOLVE_15_9_F1,3538.13,24.32,97.5,495.3,4.72,10.75,Claystone,27.68,19.59
VOLVE_15_9_F1,3538.6,20.26,78.7,493.6,4.31,11.03,Claystone,27.71,17.41
VOLVE_15_9_F1,3539.33,20.86,91.6,488.9,7.18,10.59,Claystone,27.73,19.05
VOLVE_15_9_F1,3539.6,24.19,84.2,469.2,6.57,11.0,Claystone,27.77,17.93
VOLVE_15_9_F1,3540.56,29.12,60.1,486.0,6.48,10.8,Claystone,27.81,20.12
VOLVE_15_9_F1,3541.36,25.61,79.8,512.0,4.79,10.88,Claystone,27.83,19.85
VOLVE_15_9_F1,3542.26,19.85,62.6,474.1,6.08,10.63,Claystone,27.85,15.62
VOLVE_15_9_F1,3542.57,16.39,79.5,383.6,5.63,10.81,Claystone,27.87,16.07
VOLVE_15_9_F1,3543.03,26.0,70.0,435.9,5.62,10.9,Claystone,27.9,16.82
VOLVE_15_9_F1,3543.52,23.93,86.9,484.9,4.76,10.52,Claystone,27.95,20.77
VOLVE_15_9_F1,3544.15,27.03,61.0,432.0,5.48,10.66,Claystone,27.98,19.64
VOLVE_15_9_F1,3544.59,21.98,81.4,521.9,7.18,10.36,Claystone,28.03,19.43
VOLVE_15_9_F1,3544.84,25.05,89.7,454.6,4.29,10.65,Claystone,28.04,18.59
VOLVE_15_9_F1,3545.33,26.3,94.8,460.5,4.83,10.56,Claystone,28.09,19.42
VOLVE_15_9_F1,3545.74,23.06,69.7,502.1,4.37,10.65,Claystone,28.13,17.79
VOLVE_15_9_F1,3546.25,23.12,81.4,449.8,4.81,11.12,Claystone,28.17,17.84
VOLVE_15_9_F1,3546.6,24.25,83.9,464.1,5.42,10.94,Claystone,28.19,20.36
VOLVE_15_9_F1,3547.01,25.54,104.3,493.1,7.01,10.47,Claystone,28.21,22.01
VOLVE_15_9_F1,3547.71,24.16,58.9,398.2,5.61,10.77,Claystone,28.22,18.08
VOLVE_15_9_F1,3548.22,26.63,67.5,445.7,5.48,10.8,Claystone,28.26,18.61
VOLVE_15_9_F1,3548.7,23.04,123.2,490.3,6.25,10.63,Claystone,28.31,19.64
VOLVE_15_9_F1,3549.33,20.88,77.0,459.7,5.78,10.71,Claystone,28.33,16.95
VOLVE_15_9_F1,3550.15,29.14,52.8,515.8,3.4,10.72,Claystone,28.35,18.34
VOLVE_15_9_F1,3550.65,22.69,72.4,394.1,6.41,10.48,Claystone,28.37,16.65
VOLVE_15_9_F1,3551.32,22.78,40.0,389.5,3.66,10.53,Claystone,28.4,15.3
VOLVE_15_9_F1,3552.29,24.04,84.7,487.9,4.9,10.71,Claystone,28.43,20.09
VOLVE_15_9_F1,3552.91,24.38,93.3,491.7,6.0,10.7,Claystone,28.45,20.41
VOLVE_15_9_F1,3553.84,23.25,67.4,449.4,5.01,10.58,Claystone,28.49,18.37
VOLVE_15_9_F1,3554.67,24.18,74.1,473.1,5.87,10.57,Claystone,28.51,16.79
VOLVE_15_9_F1,3554.92,24.12,95.0,486.9,5.77,10.67,Claystone,28.54,21.16
VOLVE_15_9_F1,3555.46,24.66,54.9,424.6,4.69,10.82,Claystone,28.57,15.12
VOLVE_15_9_F1,3556.22,18.33,61.3,428.8,6.4,10.67,Claystone,28.58,15.88
VOLVE_15_9_F1,3557.21,28.93,77.7,464.7,6.62,10.93,Claystone,28.62,20.27
VOLVE_15_9_F1,3557.78,23.86,69.8,493.3,5.56,10.58,Claystone,28.66,18.68
VOLVE_15_9_F1,3558.05,25.68,76.7,410.5,6.29,10.71,Claystone,28.68,17.29
VOLVE_15_9_F1,3558.7,20.79,62.1,449.2,3.96,10.63,Claystone,28.73,15.42
VOLVE_15_9_F1,3559.0,23.06,84.3,447.3,7.95,10.77,Claystone,28.76,18.99
VOLVE_15_9_F1,3559.8,22.56,78.9,473.8,3.91,10.57,Claystone,28.78,18.63
VOLVE_15_9_F1,3560.41,27.92,89.3,456.8,5.99,10.98,Claystone,28.83,18.62
VOLVE_15_9_F1,3561.19,22.78,84.1,435.3,4.97,10.43,Claystone,28.87,18.87
VOLVE_15_9_F1,3562.08,26.14,84.2,507.1,5.23,10.94,Claystone,28.89,17.96
VOLVE_15_9_F1,3562.79,22.63,59.4,435.6,4.38,10.7,Claystone,28.93,17.4
VOLVE_15_9_F1,3563.48,23.12,88.5,445.4,4.48,10.77,Claystone,28.98,17.56
VOLVE_15_9_F1,3564.28,23.64,76.1,393.5,6.7,10.89,Claystone,28.99,17.78
VOLVE_15_9_F1,3565.15,27.47,,428.6,4.21,10.82,Claystone,29.02,18.51
VOLVE_15_9_F1,3566.05,19.54,96.8,477.8,6.39,10.58,Claystone,29.03,19.68
VOLVE_15_9_F1,3566.28,20.98,70.3,470.0,5.72,10.78,Claystone,29.07,17.61
VOLVE_15_9_F1,3566.92,19.4,101.4,481.1,4.81,10.97,Claystone,29.11,17.52
VOLVE_15_9_F1,3567.3,21.55,102.7,479.2,6.12,10.56,Claystone,29.14,19.62
VOLVE_15_9_F1,3568.19,22.24,92.4,540.6,5.2,11.01,Claystone,29.17,21.2
VOLVE_15_9_F1,3568.9,20.24,66.4,427.2,3.5,10.75,Claystone,29.19,16.99
VOLVE_15_9_F1,3569.44,22.44,48.3,392.4,3.44,10.62,Claystone,29.22,15.14
VOLVE_15_9_F1,3569.79,19.24,97.3,415.1,5.98,10.56,Claystone,29.26,17.01
VOLVE_15_9_F1,3570.26,21.74,82.7,429.0,5.92,10.66,Claystone,29.28,17.13
VOLVE_15_9_F1,3571.02,27.29,69.9,418.2,5.79,10.4,Claystone,29.31,19.27
VOLVE_15_9_F1,3571.39,25.29,98.7,460.9,5.29,10.63,Claystone,29.34,18.8
VOLVE_15_9_F1,3571.66,24.76,68.1,507.2,5.02,10.65,Claystone,29.38,18.43
VOLVE_15_9_F1,3572.57,21.78,74.7,518.7,4.69,10.53,Claystone,29.41,19.42
VOLVE_15_9_F1,3573.39,20.45,88.9,477.3,3.08,10.8,Claystone,29.45,17.85
VOLVE_15_9_F1,3573.74,21.45,64.4,542.8,4.97,10.66,Claystone,29.48,16.51
VOLVE_15_9_F1,3574.18,24.19,79.4,442.9,6.0,10.6,Claystone,29.51,20.57
VOLVE_15_9_F1,3575.16,26.47,97.4,391.8,5.92,10.64,Claystone,29.55,20.96
VOLVE_15_9_F1,3575.92,26.56,84.2,499.3,7.78,10.75,Claystone,29.58,20.27
VOLVE_15_9_F1,3576.61,25.88,99.8,383.6,4.62,10.7,Claystone,29.62,19.98
VOLVE_15_9_F1,3577.06,22.46,98.1,427.0,4.7,10.59,Claystone,29.66,18.12
VOLVE_15_9_F1,3577.5,24.37,81.2,478.0,5.57,10.71,Claystone,29.68,19.24
VOLVE_15_9_F1,3577.73,23.51,46.0,453.1,5.1,10.68,Claystone,29.69,15.57
VOLVE_15_9_F1,3578.51,23.81,64.5,449.5,2.83,10.52,Claystone,29.74,15.49
VOLVE_15_9_F1,3578.75,29.41,92.5,409.9,6.76,10.65,Claystone,29.76,22.46
VOLVE_15_9_F1,3578.95,19.91,57.8,456.7,4.96,10.78,Claystone,29.8,14.49
VOLVE_15_9_F1,3579.73,23.73,76.2,497.3,2.73,10.78,Claystone,29.84,18.12
VOLVE_15_9_F1,3580.69,27.35,86.1,458.0,5.61,10.66,Claystone,29.88,19.66
VOLVE_15_9_F1,3581.5,20.66,103.1,424.0,4.44,10.8,Claystone,29.92,18.47
VOLVE_15_9_F1,3582.07,22.72,72.4,407.3,4.59,10.55,Claystone,29.96,16.94
VOLVE_15_9_F1,3582.66,23.01,71.4,424.8,3.54,10.55,Claystone,30.0,16.96
VOLVE_15_9_F1,3583.21,23.77,80.3,472.9,5.84,10.66,Claystone,30.03,18.5
VOLVE_15_9_F1,3583.67,20.34,86.3,470.9,7.24,10.92,Claystone,30.05,18.43
VOLVE_15_9_F1,3584.29,25.83,78.7,425.1,5.82,10.72,Claystone,30.06,18.46
VOLVE_15_9_F1,3584.83,26.01,96.8,368.7,3.2,10.65,Claystone,30.08,18.06
VOLVE_15_9_F1,3585.51,25.61,69.0,474.0,5.68,10.93,Claystone,30.13,16.4
VOLVE_15_9_F1,3586.43,22.17,82.8,421.3,5.0,10.65,Claystone,30.15,19.58
VOLVE_15_9_F1,3587.43,24.57,87.7,484.7,4.21,11.03,Claystone,30.19,19.03
VOLVE_15_9_F1,3587.69,22.1,75.0,426.9,5.54,10.62,Claystone,30.22,17.63
VOLVE_15_9_F1,3588.2,23.52,93.6,417.7,6.58,10.54,Claystone,30.24,18.06
VOLVE_15_9_F1,3588.54,29.74,83.3,463.3,5.12,10.67,Claystone,30.29,18.58
VOLVE_15_9_F1,3589.02,24.6,92.9,551.5,3.63,10.66,Claystone,30.31,20.38
VOLVE_15_9_F1,3589.45,21.39,83.9,487.1,2.77,10.58,Claystone,30.34,17.51
VOLVE_15_9_F1,3589.79,24.81,86.7,462.6,4.73,11.09,Claystone,30.37,18.91
VOLVE_15_9_F1,3590.61,20.98,71.5,471.5,4.77,10.74,Claystone,30.38,15.42
VOLVE_15_9_F1,3591.2,21.37,71.6,387.1,4.38,10.77,Claystone,30.4,17.78
VOLVE_15_9_F1,3592.14,21.77,99.4,412.3,4.63,10.63,Claystone,30.44,18.84
VOLVE_15_9_F1,3592.36,23.26,90.6,356.7,6.13,10.61,Claystone,30.45,17.6
VOLVE_15_9_F1,3592.62,26.71,65.7,526.4,5.94,10.85,Claystone,30.49,18.8
VOLVE_15_9_F1,3593.14,25.82,83.7,518.3,5.82,10.45,Claystone,30.53,20.3
VOLVE_15_9_F1,3593.4,25.68,45.4,472.9,5.97,10.53,Claystone,30.54,14.97
VOLVE_15_9_F1,3593.81,21.63,72.4,462.6,4.25,10.66,Claystone,30.56,18.69
VOLVE_15_9_F1,3594.8,23.03,95.4,395.1,4.19,10.9,Claystone,30.58,18.1
VOLVE_15_9_F1,3595.17,25.06,79.1,448.4,4.82,10.64,Claystone,30.62,17.26
VOLVE_15_9_F1,3595.53,22.81,82.8,528.9,4.59,10.76,Claystone,30.65,17.06
VOLVE_15_9_F1,3596.19,23.69,40.0,462.4,2.27,10.7,Claystone,30.66,15.55
VOLVE_15_9_F1,3596.79,25.49,75.1,434.6,4.77,10.89,Claystone,30.69,17.84
VOLVE_15_9_F1,3597.45,23.52,86.1,,6.73,10.46,Claystone,30.72,18.42
VOLVE_15_9_F1,3597.95,24.96,88.0,512.4,6.53,10.81,Claystone,30.76,19.09
VOLVE_15_9_F1,3598.81,28.38,95.4,454.4,6.62,10.67,Claystone,30.77,18.64
VOLVE_15_9_F1,3599.12,23.97,77.8,386.9,5.48,10.84,Claystone,30.78,17.69
VOLVE_15_9_F1,3599.67,27.35,78.5,420.2,7.38,10.58,Claystone,30.81,18.45
VOLVE_15_9_F1,3600.42,25.8,61.0,406.1,3.97,10.7,Claystone,30.84,16.46
VOLVE_15_9_F1,3601.31,20.74,77.9,451.9,3.88,10.69,Claystone,30.88,19.04
VOLVE_15_9_F1,3601.81,21.65,62.1,465.5,6.23,10.55,Claystone,30.9,17.51
VOLVE_15_9_F1,3602.46,22.33,53.3,437.1,4.84,10.51,Claystone,30.92,16.77
VOLVE_15_9_F1,3602.72,22.27,64.7,488.3,4.17,10.61,Claystone,30.96,19.45
VOLVE_15_9_F1,3603.05,24.19,103.6,460.4,6.39,10.72,Claystone,30.97,19.43
VOLVE_15_9_F1,3603.31,25.95,76.9,499.7,4.96,10.59,Claystone,31.0,18.61
VOLVE_15_9_F1,3604.09,27.55,84.3,442.9,4.74,10.65,Claystone,31.03,18.02
VOLVE_15_9_F1,3604.52,25.19,73.3,579.0,4.33,10.42,Claystone,31.05,18.35
VOLVE_15_9_F1,3605.3,23.31,54.1,434.6,5.3,10.65,Claystone,31.08,13.94
VOLVE_15_9_F1,3605.56,19.22,95.0,421.1,5.4,10.86,Claystone,31.1,17.66
VOLVE_15_9_F1,3606.45,24.6,48.4,416.2,6.76,10.81,Claystone,31.13,14.41
VOLVE_15_9_F1,3607.31,24.49,72.7,448.8,4.95,10.69,Claystone,31.15,18.22
VOLVE_15_9_F1,3607.58,24.89,80.2,388.4,5.07,10.74,Claystone,31.17,17.15
VOLVE_15_9_F1,3607.8,29.7,84.4,469.0,7.67,10.58,Claystone,31.2,20.02
VOLVE_15_9_F1,3608.05,27.53,70.1,381.0,6.71,10.95,Claystone,31.21,17.37
VOLVE_15_9_F1,3608.93,26.4,53.4,463.7,5.35,11.01,Claystone,31.25,17.85
VOLVE_15_9_F1,3609.32,22.03,69.0,403.2,,10.73,Claystone,31.29,17.19
VOLVE_15_9_F1,3609.96,23.16,69.7,442.0,4.16,11.09,Claystone,31.34,16.43
VOLVE_15_9_F1,3610.5,24.2,69.4,481.4,3.95,10.6,Claystone,31.35,16.29
VOLVE_15_9_F1,3611.34,22.51,95.5,549.4,5.5,10.52,Claystone,31.37,19.95
VOLVE_15_9_F1,3611.93,25.7,62.8,414.1,4.64,10.6,Claystone,31.39,15.7
VOLVE_15_9_F1,3612.53,25.34,85.5,451.2,7.49,10.67,Claystone,31.44,17.28
VOLVE_15_9_F1,3613.52,21.73,83.3,428.3,3.32,11.05,Claystone,31.47,17.12
VOLVE_15_9_F1,3613.84,27.45,95.4,422.4,4.51,10.66,Claystone,31.49,19.94
VOLVE_15_9_F1,3614.7,24.71,79.0,428.6,5.7,10.58,Claystone,31.53,17.42
VOLVE_15_9_F1,3614.94,20.14,92.8,490.2,5.83,10.57,Claystone,31.54,18.28
VOLVE_15_9_F1,3615.53,,78.4,437.7,2.26,10.88,Claystone,31.57,16.32
VOLVE_15_9_F1,3616.44,25.17,87.5,547.2,3.49,10.86,Claystone,31.6,19.29
VOLVE_15_9_F1,3617.17,26.9,58.4,473.9,4.98,10.63,Claystone,31.63,18.18
VOLVE_15_9_F1,3617.92,23.63,41.4,416.8,6.37,10.42,Claystone,31.67,14.79
VOLVE_15_9_F1,3618.33,26.54,86.6,442.6,7.95,10.54,Claystone,31.7,17.9
VOLVE_15_9_F1,3618.86,24.94,87.4,425.2,5.06,10.96,Claystone,31.73,16.19
VOLVE_15_9_F1,3619.35,21.19,88.1,489.2,,10.81,Claystone,31.76,18.34
VOLVE_15_9_F1,3619.97,20.94,73.1,391.7,3.98,10.72,Claystone,31.78,14.78
VOLVE_15_9_F1,3620.54,27.29,103.3,403.6,6.77,10.99,Claystone,31.82,19.1
VOLVE_15_9_F1,3621.0,27.47,74.0,433.6,7.42,11.0,Claystone,31.86,18.63
VOLVE_15_9_F1,3621.45,25.29,87.3,484.6,7.09,10.7,Claystone,31.91,18.06
VOLVE_15_9_F1,3621.85,28.23,89.9,506.6,5.85,10.7,Claystone,31.95,19.16
VOLVE_15_9_F1,3622.34,27.13,,512.5,5.04,10.62,Claystone,31.97,20.91
VOLVE_15_9_F1,3622.66,26.2,76.2,478.4,5.51,10.66,Claystone,32.0,17.26
VOLVE_15_9_F1,3623.56,22.22,71.1,453.9,6.72,10.48,Claystone,32.02,16.09
VOLVE_15_9_F1,3624.24,28.83,58.5,489.0,4.99,10.48,Claystone,32.03,17.41
VOLVE_15_9_F1,3624.55,25.84,104.2,411.5,3.71,10.45,Claystone,32.06,19.87
VOLVE_15_9_F1,3625.3,23.54,87.3,383.5,5.0,10.87,Claystone,32.08,18.56
VOLVE_15_9_F1,3626.18,22.83,87.7,474.7,5.04,10.47,Claystone,32.09,17.79
VOLVE_15_9_F1,3626.57,25.15,127.7,417.0,3.99,11.0,Claystone,32.14,18.0
VOLVE_15_9_F1,3626.89,20.33,85.8,454.6,5.4,10.6,Claystone,32.15,18.07
VOLVE_15_9_F1,3627.1,26.26,61.4,462.0,5.89,10.97,Claystone,32.18,15.04
VOLVE_15_9_F1,3627.34,22.13,78.0,467.2,7.39,10.65,Claystone,32.23,17.8
VOLVE_15_9_F1,3628.14,25.44,66.3,494.8,3.69,10.47,Claystone,32.26,17.26
VOLVE_15_9_F1,3629.13,23.21,75.0,490.5,6.09,10.9,Claystone,32.28,18.45
VOLVE_15_9_F1,3629.37,23.86,74.9,465.1,6.43,10.92,Claystone,32.31,18.56
VOLVE_15_9_F1,3630.17,22.63,72.1,439.6,5.74,10.57,Claystone,32.35,15.83
VOLVE_15_9_F1,3630.43,24.12,60.0,461.6,3.86,10.66,Claystone,32.4,16.29
VOLVE_15_9_F1,3631.1,29.25,104.8,433.4,4.93,10.57,Claystone,32.42,18.85
VOLVE_15_9_F1,3631.91,27.99,85.4,449.4,5.92,10.69,Claystone,32.43,18.18
VOLVE_15_9_F1,3632.39,25.42,77.5,562.0,5.56,10.73,Claystone,32.46,19.2
VOLVE_15_9_F1,3632.6,24.47,92.3,464.6,4.91,10.66,Claystone,32.48,17.74
VOLVE_15_9_F1,3633.28,26.64,88.0,475.3,7.27,10.44,Claystone,32.52,19.41
VOLVE_15_9_F1,3634.27,27.36,85.0,429.0,5.26,10.62,Claystone,32.56,19.1
VOLVE_15_9_F1,3634.68,22.46,91.2,498.1,3.12,10.82,Claystone,32.6,18.78
VOLVE_15_9_F1,3635.03,24.35,82.9,487.7,5.17,10.68,Claystone,32.65,18.27
VOLVE_15_9_F1,3635.33,19.99,91.0,488.0,5.74,10.66,Claystone,32.68,17.41
VOLVE_15_9_F1,3635.97,27.35,92.2,465.9,6.26,10.57,Claystone,32.73,17.83
VOLVE_15_9_F1,3636.65,29.71,83.3,498.6,6.33,10.62,Claystone,32.77,20.83
VOLVE_15_9_F1,3637.48,24.75,77.6,508.1,7.18,10.92,Claystone,32.78,18.28
VOLVE_15_9_F1,3638.28,19.24,103.9,468.6,3.95,10.54,Claystone,32.83,17.05
VOLVE_15_9_F1,3639.2,26.08,73.7,452.7,4.94,10.82,Claystone,32.86,17.27
VOLVE_15_9_F1,3640.04,22.3,86.8,493.1,7.16,10.72,Claystone,32.91,18.25
VOLVE_15_9_F1,3640.44,22.9,87.1,421.1,3.01,10.75,Claystone,32.93,17.43
VOLVE_15_9_F1,3641.09,26.13,71.8,428.6,5.36,10.6,Claystone,32.96,18.14
VOLVE_15_9_F1,3641.52,25.2,68.8,455.2,6.77,10.66,Claystone,33.0,18.86
VOLVE_15_9_F1,3641.99,23.35,75.6,387.6,6.69,10.71,Claystone,33.01,16.76
VOLVE_15_9_F1,3642.93,22.95,73.5,490.4,5.96,10.64,Claystone,33.05,18.93
VOLVE_15_9_F1,3643.68,24.89,59.0,418.8,5.95,10.76,Claystone,33.08,17.15
VOLVE_15_9_F1,3644.66,23.55,71.1,438.4,3.94,10.78,Claystone,33.09,16.16
VOLVE_15_9_F1,3645.19,21.81,84.9,448.8,6.88,11.04,Claystone,33.11,15.17
VOLVE_15_9_F1,3645.82,23.75,99.9,458.9,4.2,10.76,Claystone,33.15,17.85
VOLVE_15_9_F1,3646.41,25.43,89.2,443.5,4.26,10.43,Claystone,33.16,19.14
VOLVE_15_9_F1,3646.7,24.14,41.9,454.6,5.27,10.89,Claystone,33.2,13.81
VOLVE_15_9_F1,3647.09,,90.5,454.9,4.66,10.69,Claystone,33.24,16.97
VOLVE_15_9_F1,3647.71,27.06,72.5,439.4,5.77,11.02,Claystone,33.28,17.24
VOLVE_15_9_F1,3647.96,17.74,87.7,426.4,5.43,10.94,Claystone,33.31,16.52
VOLVE_15_9_F1,3648.91,23.48,80.7,500.6,7.46,10.64,Claystone,33.32,17.4
VOLVE_15_9_F1,3649.21,23.05,78.0,373.1,5.76,10.82,Claystone,33.36,15.08
VOLVE_15_9_F1,3649.57,24.97,79.3,449.1,4.7,10.63,Claystone,33.37,17.88
VOLVE_15_9_F1,3650.38,26.01,80.5,438.5,6.36,10.72,Claystone,33.39,16.76
VOLVE_15_9_F1,3650.66,27.42,101.0,474.1,4.99,10.82,Claystone,33.44,16.8
VOLVE_15_9_F1,3651.58,22.83,80.6,399.1,6.36,10.88,Claystone,33.46,18.38
VOLVE_15_9_F1,3652.36,26.08,97.2,437.3,5.88,10.85,Claystone,33.49,19.08
VOLVE_15_9_F1,3652.61,25.1,95.0,453.2,6.16,10.73,Claystone,33.53,19.95
VOLVE_15_9_F1,3653.36,20.33,90.9,500.1,3.06,11.09,Claystone,33.55,17.32
VOLVE_15_9_F1,3654.07,29.37,54.1,470.6,2.75,10.66,Claystone,33.56,16.79
VOLVE_15_9_F1,3654.88,21.02,97.6,410.0,3.55,10.48,Claystone,33.59,16.95
VOLVE_15_9_F1,3655.74,25.67,74.0,437.8,7.52,10.51,Claystone,33.63,17.33
VOLVE_15_9_F1,3656.51,25.6,91.6,492.8,4.3,10.94,Claystone,33.68,18.26
VOLVE_15_9_F1,3657.18,25.32,66.3,409.3,6.15,10.71,Claystone,33.72,15.64
VOLVE_15_9_F1,3657.64,23.39,63.1,454.2,4.28,10.74,Claystone,33.77,14.68
VOLVE_15_9_F1,3658.4,26.7,110.5,457.0,5.77,10.64,Claystone,33.78,18.6
VOLVE_15_9_F1,3659.36,20.74,66.5,441.9,4.81,10.65,Claystone,33.81,16.75
VOLVE_15_9_F1,3660.03,24.48,98.0,565.2,7.65,10.6,Claystone,33.83,17.88
VOLVE_15_9_F1,3660.76,23.23,82.6,440.8,6.03,10.79,Claystone,33.87,15.38
VOLVE_15_9_F1,3661.31,22.95,74.5,475.3,5.65,10.71,Claystone,33.92,17.3
VOLVE_15_9_F1,3662.12,25.72,80.2,426.7,7.07,10.79,Claystone,33.94,16.74
VOLVE_15_9_F1,3663.12,27.35,61.3,478.4,4.62,10.77,Claystone,33.99,16.96
VOLVE_15_9_F1,3663.45,23.8,80.6,492.2,6.63,10.66,Claystone,34.02,18.2
VOLVE_15_9_F1,3663.81,26.61,64.6,433.8,6.45,10.5,Claystone,34.04,17.26
VOLVE_15_9_F1,3664.44,24.78,74.9,455.1,6.42,10.49,Claystone,34.07,16.5
VOLVE_15_9_F1,3665.02,22.43,94.7,421.5,5.25,11.18,Claystone,34.12,17.83
VOLVE_15_9_F1,3665.68,24.02,84.6,411.6,4.91,10.94,Claystone,34.14,17.25
VOLVE_15_9_F1,3665.92,23.91,58.6,498.8,3.99,10.92,Claystone,34.15,15.47
VOLVE_15_9_F1,3666.44,22.92,93.6,435.2,4.5,10.62,Claystone,34.2,16.84
VOLVE_15_9_F1,3667.11,25.74,80.7,360.8,4.43,10.72,Claystone,34.23,16.62
VOLVE_15_9_F1,3667.78,25.26,72.7,527.9,,10.6,Claystone,34.25,17.05
VOLVE_15_9_F1,3668.5,20.7,92.0,425.3,4.97,10.53,Claystone,34.29,14.74
VOLVE_15_9_F1,3669.28,20.55,78.3,447.5,5.54,10.63,Claystone,34.33,16.73
VOLVE_15_9_F1,3669.99,25.74,63.3,523.0,5.85,10.92,Claystone,34.35,17.46
VOLVE_15_9_F1,3670.83,22.65,108.5,451.7,4.39,10.85,Claystone,34.36,14.89
VOLVE_15_9_F1,3671.53,25.44,80.6,450.8,4.19,10.58,Claystone,34.41,17.46
VOLVE_15_9_F1,3672.16,26.64,79.6,408.2,5.32,10.68,Claystone,34.44,18.71
VOLVE_15_9_F1,3672.84,21.51,74.7,392.0,4.13,10.84,Claystone,34.47,14.0
VOLVE_15_9_F1,3673.12,21.16,98.5,450.7,4.33,10.64,Claystone,34.52,16.62
VOLVE_15_9_F1,3673.54,28.88,72.9,471.9,7.73,10.74,Claystone,34.53,17.65
VOLVE_15_9_F1,3674.16,25.58,57.6,469.6,3.33,10.78,Claystone,34.57,17.19
VOLVE_15_9_F1,3675.06,23.65,70.6,438.1,7.62,10.78,Claystone,34.61,17.51
VOLVE_15_9_F1,3675.8,22.37,100.7,458.2,5.87,10.76,Claystone,34.66,16.38
VOLVE_15_9_F1,3676.08,23.43,93.3,383.9,6.69,10.63,Claystone,34.68,17.14
VOLVE_15_9_F1,3676.75,21.73,77.0,475.8,6.15,10.64,Claystone,34.7,18.56
VOLVE_15_9_F1,3677.13,26.92,101.4,463.8,6.68,10.56,Claystone,34.74,17.97
VOLVE_15_9_F1,3677.91,22.77,92.0,536.3,7.42,10.49,Claystone,34.79,18.06
VOLVE_15_9_F1,3678.78,27.45,76.8,457.7,4.32,10.71,Claystone,34.84,17.42
VOLVE_15_9_F1,3679.45,23.72,78.3,419.7,5.12,10.85,Claystone,34.86,15.52
VOLVE_15_9_F1,3680.12,22.11,85.7,455.3,4.25,10.52,Claystone,34.89,18.3
VOLVE_15_9_F1,3680.6,23.66,68.3,444.2,3.12,10.77,Claystone,34.91,14.96
VOLVE_15_9_F1,3681.15,18.16,80.9,474.8,4.05,10.84,Claystone,34.95,13.67
VOLVE_15_9_F1,3682.04,24.43,85.4,458.4,7.73,10.45,Claystone,34.99,16.92
VOLVE_15_9_F1,3682.82,24.31,55.5,407.0,4.81,10.69,Claystone,35.03,15.36
VOLVE_15_9_F1,3683.44,26.8,78.0,391.9,7.96,10.97,Claystone,35.06,16.1
VOLVE_15_9_F1,3683.93,,76.2,467.9,7.45,10.81,Claystone,35.11,16.09
VOLVE_15_9_F1,3684.17,27.64,96.2,512.7,9.53,10.45,Claystone,35.12,19.87
VOLVE_15_9_F1,3684.49,26.79,53.1,460.5,7.49,10.83,Claystone,35.15,14.48
VOLVE_15_9_F1,3684.84,27.87,75.1,489.9,8.46,10.62,Claystone,35.18,17.28
VOLVE_15_9_F1,3685.34,24.61,73.6,497.9,5.71,10.83,Claystone,35.21,16.91
VOLVE_15_9_F1,3686.3,27.28,95.2,468.0,6.16,10.63,Claystone,35.25,18.95
VOLVE_15_9_F1,3686.9,21.07,80.1,424.8,5.45,10.72,Claystone,35.29,14.99
VOLVE_15_9_F1,3687.29,26.53,107.7,465.2,6.0,10.65,Claystone,35.3,18.38
VOLVE_15_9_F1,3687.57,22.82,90.7,505.7,5.59,10.73,Claystone,35.32,16.88
VOLVE_15_9_F1,3688.04,20.62,74.6,478.6,5.88,10.64,Claystone,35.35,16.5
VOLVE_15_9_F1,3688.9,21.95,84.4,487.3,4.68,10.7,Claystone,35.39,16.87
VOLVE_15_9_F1,3689.4,24.77,75.5,438.9,3.71,10.55,Claystone,35.42,15.79
VOLVE_15_9_F1,3690.22,22.7,93.7,449.3,5.88,10.8,Claystone,35.44,17.21
VOLVE_15_9_F1,3691.06,25.7,60.8,452.6,4.39,10.76,Claystone,35.46,15.13
VOLVE_15_9_F1,3691.35,20.24,68.4,455.3,4.14,10.49,Claystone,35.5,15.35
VOLVE_15_9_F1,3692.04,19.45,87.6,504.1,4.89,10.88,Claystone,35.53,16.21
VOLVE_15_9_F1,3693.01,28.2,99.2,363.5,5.58,10.7,Claystone,35.56,19.6
VOLVE_15_9_F1,3693.53,27.03,47.7,458.6,6.48,10.76,Claystone,35.59,14.74
VOLVE_15_9_F1,3693.77,22.15,101.4,454.2,,10.85,Claystone,35.61,16.63
VOLVE_15_9_F1,3694.71,24.77,78.7,402.5,6.8,10.78,Claystone,35.63,15.43
VOLVE_15_9_F1,3695.61,27.33,52.5,484.3,5.49,10.91,Claystone,35.64,14.44
VOLVE_15_9_F1,3696.23,25.83,40.0,428.4,4.82,10.69,Claystone,35.68,13.43
VOLVE_15_9_F1,3696.87,25.16,57.8,443.1,5.32,10.89,Claystone,35.7,15.84
VOLVE_15_9_F1,3697.24,27.53,80.5,531.3,4.13,10.75,Claystone,35.72,18.2
VOLVE_15_9_F1,3698.1,22.97,79.8,497.8,5.67,10.81,Claystone,35.77,16.69
VOLVE_15_9_F1,3698.7,24.87,90.3,480.4,6.61,10.79,Claystone,35.8,16.94
VOLVE_15_9_F1,3698.92,24.75,72.5,472.6,6.5,10.92,Claystone,35.83,15.89
VOLVE_15_9_F1,3699.67,24.12,64.1,450.8,3.51,10.84,Claystone,35.85,14.2
VOLVE_15_9_F1,3700.63,23.83,74.6,537.4,3.44,10.67,Claystone,35.87,15.93
VOLVE_15_9_F1,3701.49,24.99,81.3,489.5,4.82,10.64,Claystone,35.88,15.47
VOLVE_15_9_F1,3701.92,24.89,84.2,427.4,7.17,10.73,Claystone,35.93,18.07
VOLVE_15_9_F1,3702.16,22.19,68.9,401.4,5.3,10.62,Claystone,35.96,16.85
VOLVE_15_9_F1,3703.11,26.82,94.3,480.1,4.9,10.58,Claystone,36.0,15.74
VOLVE_15_9_F1,3704.06,22.38,71.4,455.2,3.34,10.42,Claystone,36.05,15.65
VOLVE_15_9_F1,3704.69,24.27,67.7,400.3,4.38,10.5,Claystone,36.06,15.56
VOLVE_15_9_F1,3705.4,24.08,72.6,474.6,4.35,11.03,Claystone,36.09,16.03
VOLVE_15_9_F1,3705.97,25.72,96.9,446.7,6.89,10.64,Claystone,36.11,17.02
VOLVE_15_9_F1,3706.51,19.53,78.7,478.6,6.15,11.02,Claystone,36.14,16.38
VOLVE_15_9_F1,3706.8,27.05,70.3,475.1,4.23,10.8,Claystone,36.18,16.52
VOLVE_15_9_F1,3707.08,23.14,94.6,433.1,6.41,10.73,Claystone,36.19,17.54
VOLVE_15_9_F1,3707.47,27.88,112.9,482.7,6.98,10.51,Claystone,36.24,18.19
VOLVE_15_9_F1,3708.33,23.64,83.9,437.5,3.97,10.74,Claystone,36.27,14.6
VOLVE_15_9_F1,3708.65,24.71,99.2,440.1,5.61,11.02,Claystone,36.3,17.2
VOLVE_15_9_F1,3709.03,29.62,96.3,436.1,6.52,10.97,Claystone,36.31,16.72
VOLVE_15_9_F1,3709.67,24.15,71.6,502.7,5.44,10.78,Claystone,36.34,17.29
VOLVE_15_9_F1,3710.04,27.94,81.1,446.2,3.68,10.56,Claystone,36.37,14.64
VOLVE_15_9_F1,3710.37,24.94,61.5,512.3,5.32,10.59,Claystone,36.39,15.48
VOLVE_15_9_F1,3711.02,25.88,77.6,528.8,6.26,10.61,Claystone,36.42,16.52
VOLVE_15_9_F1,3711.52,25.02,71.3,427.9,7.22,10.93,Claystone,36.43,15.46
VOLVE_15_9_F1,3712.22,26.97,74.7,340.6,4.74,10.98,Claystone,36.48,15.62
VOLVE_15_9_F1,3713.15,23.14,69.5,499.2,4.47,10.77,Claystone,36.51,15.96
VOLVE_15_9_F1,3713.47,22.39,76.4,443.7,4.91,10.69,Claystone,36.54,16.06
VOLVE_15_9_F1,3714.4,23.26,88.7,422.8,5.77,10.97,Claystone,36.58,16.62
VOLVE_15_9_F1,3715.32,25.11,78.9,433.9,5.56,10.59,Claystone,36.62,15.98
VOLVE_15_9_F1,3716.19,24.31,52.7,440.8,5.7,10.75,Claystone,36.66,16.74
VOLVE_15_9_F1,3716.89,26.64,69.5,509.3,4.09,10.81,Claystone,36.71,17.43
VOLVE_15_9_F1,3717.59,28.13,57.9,463.8,5.88,10.61,Claystone,36.73,15.54
VOLVE_15_9_F1,3718.3,22.43,84.4,508.8,4.39,10.64,Claystone,36.75,16.0
VOLVE_15_9_F1,3719.05,23.04,88.3,477.2,5.23,10.63,Claystone,36.79,16.03
VOLVE_15_9_F1,3719.26,21.29,84.6,445.1,7.23,10.95,Claystone,36.8,16.03
VOLVE_15_9_F1,3720.23,29.96,68.9,441.8,4.05,11.03,Claystone,36.84,14.99
VOLVE_15_9_F1,3720.9,25.65,84.4,479.9,5.24,10.76,Claystone,36.85,15.84
VOLVE_15_9_F1,3721.72,26.09,73.6,490.3,3.92,10.7,Claystone,36.9,13.93
VOLVE_15_9_F1,3722.23,21.54,63.6,497.3,5.08,10.65,Claystone,36.94,14.51
VOLVE_15_9_F1,3722.44,24.89,91.8,447.0,6.88,10.74,Claystone,36.97,17.98
VOLVE_15_9_F1,3723.04,26.17,93.0,464.5,5.95,10.66,Claystone,37.0,16.99
VOLVE_15_9_F1,3723.65,24.26,94.9,480.8,5.47,10.73,Claystone,37.04,16.72
VOLVE_15_9_F1,3724.2,27.59,71.6,442.1,7.15,10.8,Claystone,37.08,16.52
VOLVE_15_9_F1,3724.67,30.68,98.4,412.1,6.63,10.68,Claystone,37.13,16.72
VOLVE_15_9_F1,3725.07,22.53,73.3,425.2,6.11,10.71,Claystone,37.17,15.16
VOLVE_15_9_F1,3725.69,22.35,90.5,447.8,6.23,10.71,Claystone,37.18,17.04
VOLVE_15_9_F1,3726.19,22.71,73.0,483.9,1.69,10.69,Claystone,37.19,15.24
VOLVE_15_9_F1,3727.17,28.92,77.3,507.8,,10.68,Claystone,37.21,17.92
VOLVE_15_9_F1,3727.51,27.52,44.4,403.2,3.85,10.86,Claystone,37.25,14.99
VOLVE_15_9_F1,3727.96,24.57,76.2,433.6,4.36,10.48,Claystone,37.28,16.29
VOLVE_15_9_F1,3728.4,25.0,,443.1,7.25,10.98,Claystone,37.3,15.4
VOLVE_15_9_F1,3729.03,22.87,74.5,489.2,4.73,10.76,Claystone,37.35,15.24
VOLVE_15_9_F1,3729.63,27.14,107.0,436.3,8.32,10.83,Claystone,37.37,19.44
VOLVE_15_9_F1,3730.35,23.97,63.2,440.3,3.42,10.85,Claystone,37.41,14.99
VOLVE_15_9_F1,3731.31,24.28,72.2,401.0,3.97,10.64,Claystone,37.44,15.24
VOLVE_15_9_F1,3731.74,26.45,67.1,476.8,6.3,10.61,Claystone,37.46,15.09
VOLVE_15_9_F1,3732.49,24.46,72.2,451.0,4.87,10.59,Claystone,37.48,15.39
VOLVE_15_9_F1,3732.71,24.34,96.1,431.3,6.0,10.71,Claystone,37.51,17.21
VOLVE_15_9_F1,3733.12,24.96,102.8,447.1,5.65,10.85,Claystone,37.56,16.83
VOLVE_15_9_F1,3733.69,26.92,70.2,502.5,5.3,,Claystone,37.58,15.65
VOLVE_15_9_F1,3733.92,29.05,69.8,417.3,5.3,10.84,Claystone,37.61,15.36
VOLVE_15_9_F1,3734.61,26.4,63.3,423.8,5.54,10.39,Claystone,37.64,16.75
VOLVE_15_9_F1,3735.35,26.95,100.3,507.6,6.7,10.69,Claystone,37.67,18.55
VOLVE_15_9_F1,3736.15,24.44,97.5,460.5,7.6,10.92,Claystone,37.7,17.33
VOLVE_15_9_F1,3736.76,23.18,79.1,484.3,5.03,10.72,Claystone,37.73,16.15
VOLVE_15_9_F1,3737.45,26.58,59.7,473.5,4.82,10.62,Claystone,37.78,14.13
VOLVE_15_9_F1,3737.96,25.38,61.1,456.1,4.57,10.65,Claystone,37.81,15.28
VOLVE_15_9_F1,3738.2,21.4,,443.5,6.94,10.29,Claystone,37.83,16.61
VOLVE_15_9_F1,3738.48,24.13,88.9,490.7,6.33,10.59,Claystone,37.87,16.31
VOLVE_15_9_F1,3739.2,24.75,49.7,504.0,2.69,10.9,Claystone,37.89,14.93
VOLVE_15_9_F1,3740.2,23.68,75.8,500.8,2.94,10.66,Claystone,37.94,15.96
VOLVE_15_9_F1,3740.41,28.67,104.9,410.1,5.16,10.68,Claystone,37.98,18.03
VOLVE_15_9_F1,3741.06,26.16,77.4,509.7,5.79,10.4,Claystone,37.99,16.53
VOLVE_15_9_F1,3741.86,28.4,103.0,443.2,6.06,10.5,Claystone,38.03,18.31
VOLVE_15_9_F1,3742.72,25.63,90.4,427.3,6.28,10.93,Claystone,38.04,14.64
VOLVE_15_9_F1,3743.35,25.18,64.4,450.7,5.02,10.84,Claystone,38.09,14.97
VOLVE_15_9_F1,3744.05,22.63,76.2,490.7,6.86,10.55,Claystone,38.13,16.55
VOLVE_15_9_F1,3744.81,25.01,78.7,479.1,6.36,10.65,Claystone,38.17,16.55
VOLVE_15_9_F1,3745.69,25.02,66.3,447.3,5.34,10.74,Claystone,38.2,16.12
VOLVE_15_9_F1,3745.99,21.57,66.1,491.0,6.31,10.57,Claystone,38.24,14.83
VOLVE_15_9_F1,3746.93,23.64,103.2,463.1,3.7,10.45,Claystone,38.26,15.9
VOLVE_15_9_F1,3747.15,24.18,66.0,434.6,5.06,10.73,Claystone,38.28,13.15
VOLVE_15_9_F1,3748.02,26.03,96.8,429.2,5.96,10.84,Claystone,38.32,16.15
VOLVE_15_9_F1,3748.28,26.15,74.1,473.9,6.19,10.84,Claystone,38.35,16.34
VOLVE_15_9_F1,3748.64,23.54,80.2,454.2,3.26,10.88,Claystone,38.37,15.71
VOLVE_15_9_F1,3748.84,26.17,89.1,402.5,5.38,10.52,Claystone,38.39,14.56
VOLVE_15_9_F1,3749.4,24.54,71.6,491.4,5.76,10.76,Claystone,38.44,16.74
VOLVE_15_9_F1,3749.87,17.83,89.1,438.3,5.51,10.71,Claystone,38.49,13.42
VOLVE_15_9_F1,3750.2,23.79,49.9,521.2,6.31,10.74,Claystone,38.51,14.22
VOLVE_15_9_F1,3750.76,27.7,87.2,401.4,6.72,10.72,Claystone,38.53,15.76
VOLVE_15_9_F1,3751.28,20.8,43.6,450.3,4.45,10.65,Claystone,38.57,13.11
VOLVE_15_9_F1,3752.1,25.29,77.2,429.5,6.24,10.3,Claystone,38.6,15.82
VOLVE_15_9_F1,3753.01,28.98,93.4,418.5,5.77,10.93,Claystone,38.65,17.19
VOLVE_15_9_F1,3753.73,23.11,90.0,438.0,5.61,10.8,Claystone,38.69,17.45
VOLVE_15_9_F1,3754.03,25.02,61.1,528.3,6.12,10.53,Claystone,38.73,15.73
VOLVE_15_9_F1,3754.47,21.76,63.1,463.2,4.85,10.82,Claystone,38.75,13.55
VOLVE_15_9_F1,3755.4,29.09,70.3,425.8,6.11,10.68,Claystone,38.79,16.2
VOLVE_15_9_F1,3755.67,24.81,83.4,384.4,6.64,10.69,Claystone,38.84,17.26
VOLVE_15_9_F1,3756.2,25.14,50.1,388.7,5.87,10.64,Claystone,38.86,14.28
VOLVE_15_9_F1,3757.15,28.41,80.4,436.1,7.24,10.83,Claystone,38.91,17.05
VOLVE_15_9_F1,3758.11,26.69,85.3,432.2,8.48,10.63,Claystone,38.93,14.86
VOLVE_15_9_F5,1800.54,15.62,85.8,404.2,5.21,10.07,Claystone,0.04,31.43
VOLVE_15_9_F5,1801.36,17.16,80.6,437.3,4.01,10.24,Claystone,0.09,30.67
VOLVE_15_9_F5,1802.04,20.41,97.5,479.2,6.61,10.03,Claystone,0.12,36.18
VOLVE_15_9_F5,1802.25,17.39,97.7,467.4,7.82,10.02,Claystone,0.17,35.22
VOLVE_15_9_F5,1803.05,20.99,76.6,409.1,4.28,10.16,Claystone,0.18,33.87
VOLVE_15_9_F5,1803.64,17.04,63.9,457.8,4.66,10.17,Claystone,0.21,29.85
VOLVE_15_9_F5,1804.25,19.73,67.5,464.1,4.33,10.08,Claystone,0.24,33.03
VOLVE_15_9_F5,1805.17,15.85,51.3,462.4,5.44,10.2,Claystone,0.26,26.33
VOLVE_15_9_F5,1805.45,17.49,81.4,414.1,4.5,9.91,Claystone,0.29,31.02
VOLVE_15_9_F5,1806.13,14.89,85.3,459.8,5.71,10.06,Claystone,0.33,31.76
VOLVE_15_9_F5,1806.56,15.19,68.3,490.3,3.92,10.25,Claystone,0.36,31.65
VOLVE_15_9_F5,1806.79,16.67,66.5,475.1,7.19,10.25,Claystone,0.38,30.13
VOLVE_15_9_F5,1807.34,13.91,85.2,470.1,1.9,10.23,Claystone,0.41,28.34
VOLVE_15_9_F5,1807.76,17.63,76.0,519.3,5.18,10.26,Claystone,0.43,32.99
VOLVE_15_9_F5,1807.97,16.47,82.3,460.3,4.7,10.05,Claystone,0.46,31.64
VOLVE_15_9_F5,1808.56,17.82,80.0,419.9,4.75,9.85,Claystone,0.48,31.36
VOLVE_15_9_F5,1809.01,13.95,89.2,420.1,4.94,10.06,Claystone,0.5,28.73
VOLVE_15_9_F5,1809.56,18.99,77.0,460.7,4.93,10.2,Claystone,0.55,32.12
VOLVE_15_9_F5,1809.77,21.48,78.1,396.1,5.37,10.22,Claystone,0.6,33.38
VOLVE_15_9_F5,1810.29,20.96,57.2,441.2,5.23,10.02,Claystone,0.63,31.02
VOLVE_15_9_F5,1810.86,22.0,84.7,472.2,7.35,9.96,Claystone,0.65,37.43
VOLVE_15_9_F5,1811.44,17.35,86.8,500.5,1.54,9.97,Claystone,0.69,32.24
VOLVE_15_9_F5,1812.21,16.37,82.8,391.9,6.93,10.02,Claystone,0.71,31.9
VOLVE_15_9_F5,1813.2,18.47,114.1,457.6,8.45,9.82,Claystone,0.73,37.1
VOLVE_15_9_F5,1813.43,16.66,87.9,450.9,2.72,10.03,Claystone,0.78,31.06
VOLVE_15_9_F5,1813.94,12.9,83.1,455.1,4.47,10.11,Claystone,0.8,29.77
VOLVE_15_9_F5,1814.83,19.31,93.0,459.3,6.78,10.09,Claystone,0.83,33.63
VOLVE_15_9_F5,1815.53,16.68,117.2,452.4,6.36,10.06,Claystone,0.86,34.03
VOLVE_15_9_F5,1816.51,13.6,89.2,509.3,6.57,10.0,Claystone,0.9,30.98
VOLVE_15_9_F5,1817.29,16.0,52.1,503.4,4.67,10.02,Claystone,0.94,28.92
VOLVE_15_9_F5,1818.07,16.74,91.9,539.4,2.45,10.02,Claystone,0.96,33.73
VOLVE_15_9_F5,1818.33,17.3,72.3,453.2,6.21,10.21,Claystone,1.0,30.42
VOLVE_15_9_F5,1818.75,17.33,56.6,437.2,5.17,10.11,Claystone,1.04,28.07
VOLVE_15_9_F5,1819.41,20.7,110.9,414.9,7.29,10.58,Claystone,1.08,35.63
VOLVE_15_9_F5,1820.03,14.06,107.7,432.9,3.04,10.06,Claystone,1.1,29.21
VOLVE_15_9_F5,1820.84,16.9,71.9,482.2,3.14,10.17,Claystone,1.13,31.44
VOLVE_15_9_F5,1821.84,15.09,72.0,488.4,4.46,10.06,Claystone,1.17,29.81
VOLVE_15_9_F5,1822.2,20.43,87.8,480.7,6.76,10.06,Claystone,1.19,33.99
VOLVE_15_9_F5,1822.74,15.89,72.2,427.1,6.45,10.34,Claystone,1.22,28.5
VOLVE_15_9_F5,1823.64,16.43,83.4,427.3,3.86,10.26,Claystone,1.26,30.9
VOLVE_15_9_F5,1824.51,19.92,74.7,531.9,4.43,9.84,Claystone,1.3,34.18
VOLVE_15_9_F5,1825.36,20.61,79.4,420.4,8.49,9.96,Claystone,1.31,33.67
VOLVE_15_9_F5,1826.06,20.99,64.4,510.3,4.19,10.09,Claystone,1.33,32.45
VOLVE_15_9_F5,1827.05,13.2,97.8,469.8,5.47,10.03,Claystone,1.36,29.3
VOLVE_15_9_F5,1827.54,18.52,103.5,424.4,4.68,9.88,Claystone,1.38,33.8
VOLVE_15_9_F5,1827.83,17.99,83.9,406.3,5.45,10.13,Claystone,1.4,33.19
VOLVE_15_9_F5,1828.14,17.18,84.9,426.1,3.78,9.83,Claystone,1.43,33.66
VOLVE_15_9_F5,1828.69,17.48,94.9,470.4,3.99,10.13,Claystone,1.44,32.63
VOLVE_15_9_F5,1829.53,20.53,85.5,417.3,4.68,10.22,Claystone,1.47,33.3
VOLVE_15_9_F5,1830.09,19.92,111.4,515.8,4.81,10.24,Claystone,1.52,36.42
VOLVE_15_9_F5,1830.78,19.57,65.7,445.3,4.38,10.09,Claystone,1.55,29.51
VOLVE_15_9_F5,1831.27,17.84,98.3,481.7,5.71,10.34,Claystone,1.57,32.37
VOLVE_15_9_F5,1832.04,23.0,83.7,478.5,7.59,10.16,Claystone,1.59,33.83
VOLVE_15_9_F5,1832.36,16.33,68.6,518.5,3.79,10.24,Claystone,1.62,30.73
VOLVE_15_9_F5,1832.98,13.29,119.1,436.1,3.8,10.0,Claystone,1.65,32.87
VOLVE_15_9_F5,1833.33,16.67,121.2,457.9,5.33,10.34,Claystone,1.69,34.87
VOLVE_15_9_F5,1833.9,17.48,82.3,397.6,3.79,10.11,Claystone,1.73,30.81
VOLVE_15_9_F5,1834.45,20.6,92.1,457.8,3.27,10.35,Claystone,1.75,33.29
VOLVE_15_9_F5,1835.13,16.06,78.3,499.3,5.9,10.32,Claystone,1.78,30.77
VOLVE_15_9_F5,1835.74,18.57,80.8,462.5,4.98,10.15,Claystone,1.81,33.4
VOLVE_15_9_F5,1836.72,13.65,68.4,546.2,4.47,10.17,Claystone,1.83,29.14
VOLVE_15_9_F5,1837.64,20.05,66.2,474.5,2.49,10.09,Claystone,1.86,31.05
VOLVE_15_9_F5,1838.07,17.52,113.1,432.1,4.57,9.99,Claystone,1.88,32.54
VOLVE_15_9_F5,1838.37,16.65,84.8,471.9,3.07,10.2,Claystone,1.91,31.62
VOLVE_15_9_F5,1838.62,22.68,86.2,395.1,5.31,10.19,Claystone,1.94,33.75
VOLVE_15_9_F5,1838.98,20.03,73.2,421.7,5.06,9.87,Claystone,1.99,32.62
VOLVE_15_9_F5,1839.36,14.76,88.3,405.0,4.81,10.1,Claystone,2.01,30.47
VOLVE_15_9_F5,1840.27,17.09,62.8,454.3,3.68,10.24,Claystone,2.05,27.43
VOLVE_15_9_F5,1841.21,24.21,73.8,451.3,4.26,10.33,Claystone,2.08,33.14
VOLVE_15_9_F5,1841.59,22.31,67.4,501.9,4.79,10.22,Claystone,2.12,32.58
VOLVE_15_9_F5,1842.4,19.68,104.8,449.7,5.77,9.89,Claystone,2.16,34.49
VOLVE_15_9_F5,1843.27,12.76,60.6,413.6,3.36,9.96,Claystone,2.2,24.51
VOLVE_15_9_F5,1843.77,20.71,67.7,516.1,3.75,10.06,Claystone,2.24,31.62
VOLVE_15_9_F5,1844.67,15.79,54.7,335.9,3.17,10.32,Claystone,2.25,24.19
VOLVE_15_9_F5,1845.66,20.69,72.0,455.2,4.15,10.02,Claystone,2.27,33.09
VOLVE_15_9_F5,1846.63,15.58,78.5,462.4,4.04,10.27,Claystone,2.32,30.11
VOLVE_15_9_F5,1847.43,18.61,100.0,453.3,3.86,10.02,Claystone,2.35,33.59
VOLVE_15_9_F5,1847.92,15.79,82.1,473.7,4.12,10.2,Claystone,2.39,28.32
VOLVE_15_9_F5,1848.31,16.49,79.2,458.1,6.16,9.98,Claystone,2.44,33.23
VOLVE_15_9_F5,1849.3,18.95,89.9,473.7,4.7,10.09,Claystone,2.46,32.73
VOLVE_15_9_F5,1849.72,14.1,78.7,429.6,2.96,9.95,Claystone,2.5,29.95
VOLVE_15_9_F5,1850.27,23.33,121.5,395.3,3.21,10.33,Claystone,2.53,36.0
VOLVE_15_9_F5,1850.68,14.83,76.5,451.8,6.69,10.01,Claystone,2.54,29.64
VOLVE_15_9_F5,1851.28,14.7,91.6,412.6,6.06,9.89,Claystone,2.58,32.35
VOLVE_15_9_F5,1851.57,18.97,97.8,424.6,5.52,9.87,Claystone,2.62,34.07
VOLVE_15_9_F5,1852.42,20.64,76.1,500.2,6.39,10.1,Claystone,2.65,33.43
VOLVE_15_9_F5,1853.02,16.6,87.8,516.0,5.45,10.05,Claystone,2.67,32.08
VOLVE_15_9_F5,1853.56,14.74,77.9,499.4,4.4,10.22,Claystone,2.7,30.63
VOLVE_15_9_F5,1854.05,15.11,89.5,492.0,3.21,10.08,Claystone,2.74,29.9
VOLVE_15_9_F5,1854.71,14.84,86.9,456.1,6.93,10.29,Claystone,2.78,30.04
VOLVE_15_9_F5,1855.53,18.19,83.3,494.3,4.36,10.06,Claystone,2.8,31.75
VOLVE_15_9_F5,1856.46,17.25,68.0,467.9,4.11,10.27,Claystone,2.83,28.96
VOLVE_15_9_F5,1857.33,18.49,113.3,531.6,5.41,9.98,Claystone,2.86,34.91
VOLVE_15_9_F5,1857.89,18.34,94.2,417.0,5.13,9.89,Claystone,2.88,34.34
VOLVE_15_9_F5,1858.75,19.5,61.5,480.6,5.37,10.0,Claystone,2.92,31.75
VOLVE_15_9_F5,1859.38,16.41,79.0,403.1,5.21,9.95,Claystone,2.93,30.18
VOLVE_15_9_F5,1860.09,15.59,61.8,480.9,3.64,9.93,Claystone,2.96,27.74
VOLVE_15_9_F5,1860.83,17.83,96.8,385.0,5.09,10.18,Claystone,3.01,30.95
VOLVE_15_9_F5,1861.35,17.31,85.0,405.2,5.48,10.08,Claystone,3.04,30.55
VOLVE_15_9_F5,1861.93,18.08,85.4,402.4,4.11,10.14,Claystone,3.08,32.52
VOLVE_15_9_F5,1862.69,15.67,72.7,463.8,6.24,10.2,Claystone,3.1,29.9
VOLVE_15_9_F5,1863.13,19.06,80.6,467.9,4.9,9.87,Claystone,3.13,33.12
VOLVE_15_9_F5,1863.93,14.51,97.1,551.7,6.68,10.21,Claystone,3.16,32.3
VOLVE_15_9_F5,1864.42,16.36,101.2,450.1,3.32,9.94,Claystone,3.21,30.73
VOLVE_15_9_F5,1865.08,20.28,98.0,484.6,6.08,10.04,Claystone,3.25,34.94
VOLVE_15_9_F5,1865.95,14.64,62.1,460.2,3.18,9.84,Claystone,3.27,26.11
VOLVE_15_9_F5,1866.17,20.09,82.5,481.3,4.28,10.22,Claystone,3.28,33.85
VOLVE_15_9_F5,1866.57,13.94,89.1,459.5,5.68,9.87,Claystone,3.32,29.22
VOLVE_15_9_F5,1867.21,13.51,74.3,497.7,4.06,9.94,Claystone,3.36,27.78
VOLVE_15_9_F5,1867.5,13.74,60.4,411.6,7.26,9.95,Claystone,3.37,27.62
VOLVE_15_9_F5,1867.86,17.76,66.0,355.8,5.21,10.1,Claystone,3.4,27.56
VOLVE_15_9_F5,1868.66,19.3,107.8,470.4,4.52,10.1,Claystone,3.42,33.81
VOLVE_15_9_F5,1868.88,20.71,67.5,381.5,5.5,10.24,Claystone,3.43,27.58
VOLVE_15_9_F5,1869.57,20.51,86.0,506.2,4.85,10.11,Claystone,3.48,33.23
VOLVE_15_9_F5,1869.8,19.64,83.0,431.8,6.01,10.27,Claystone,3.51,32.63
VOLVE_15_9_F5,1870.09,15.4,83.0,412.2,4.28,10.18,Claystone,3.53,28.29
VOLVE_15_9_F5,1870.6,15.38,80.5,561.8,5.08,9.98,Claystone,3.58,31.92
VOLVE_15_9_F5,1871.58,19.46,97.2,453.0,5.45,10.02,Claystone,3.63,33.52
VOLVE_15_9_F5,1872.21,21.04,85.9,445.3,5.28,10.35,Claystone,3.67,33.77
VOLVE_15_9_F5,1872.66,14.91,75.9,483.7,5.73,10.31,Claystone,3.71,28.29
VOLVE_15_9_F5,1873.19,20.73,86.1,486.4,2.99,10.25,Claystone,3.76,32.31
VOLVE_15_9_F5,1873.85,12.69,66.2,499.3,4.25,10.27,Claystone,3.78,25.22
VOLVE_15_9_F5,1874.54,18.47,92.5,400.4,4.21,10.19,Claystone,3.82,31.02
VOLVE_15_9_F5,1874.96,17.24,75.1,475.2,3.06,10.18,Claystone,3.85,29.39
VOLVE_15_9_F5,1875.31,16.99,76.0,442.0,3.66,10.13,Claystone,3.86,30.36
VOLVE_15_9_F5,1875.91,17.58,93.0,416.9,4.23,10.38,Claystone,3.87,30.05
VOLVE_15_9_F5,1876.63,15.37,79.2,455.7,4.29,10.06,Claystone,3.89,28.64
VOLVE_15_9_F5,1877.48,18.63,80.0,381.3,5.28,10.16,Claystone,3.93,29.62
VOLVE_15_9_F5,1878.15,17.66,102.8,490.7,5.78,9.87,Claystone,3.98,33.51
VOLVE_15_9_F5,1878.91,19.85,70.7,442.1,4.36,9.91,Claystone,3.99,32.69
VOLVE_15_9_F5,1879.49,21.49,92.8,434.7,7.23,10.4,Claystone,4.03,30.44
VOLVE_15_9_F5,1880.15,17.84,99.5,448.3,4.65,10.22,Claystone,4.07,31.92
VOLVE_15_9_F5,1880.86,15.48,102.8,447.1,2.6,10.1,Claystone,4.09,31.42
VOLVE_15_9_F5,1881.25,14.68,117.9,499.4,4.68,10.14,Claystone,4.13,31.2
VOLVE_15_9_F5,1882.19,21.77,75.7,409.9,5.15,9.92,Claystone,4.14,32.52
VOLVE_15_9_F5,1882.67,21.46,72.3,438.5,1.09,10.06,Claystone,4.16,31.74
VOLVE_15_9_F5,1883.35,19.75,97.5,445.1,6.69,9.91,Claystone,4.19,33.53
VOLVE_15_9_F5,1884.0,17.69,99.4,411.2,4.96,10.08,Claystone,4.24,30.92
VOLVE_15_9_F5,1884.88,19.58,73.4,460.1,3.48,10.23,Claystone,4.25,31.54
VOLVE_15_9_F5,1885.17,20.8,92.6,424.8,4.11,10.2,Claystone,4.27,32.96
VOLVE_15_9_F5,1886.08,16.0,126.1,397.6,6.25,10.37,Claystone,4.31,31.55
VOLVE_15_9_F5,1886.39,17.62,86.9,474.8,5.95,10.17,Claystone,4.35,32.11
VOLVE_15_9_F5,1886.71,14.78,99.1,515.7,4.04,9.76,Claystone,4.39,32.33
VOLVE_15_9_F5,1887.6,17.23,108.9,455.7,3.56,10.42,Claystone,4.42,31.51
VOLVE_15_9_F5,1888.0,21.41,122.8,449.6,5.93,10.0,Claystone,4.47,36.26
VOLVE_15_9_F5,1888.69,20.25,89.0,448.8,5.53,10.15,Claystone,4.5,33.09
VOLVE_15_9_F5,1889.26,17.89,104.1,433.1,5.85,10.15,Claystone,4.52,31.81
VOLVE_15_9_F5,1890.21,10.83,73.4,500.6,3.4,10.17,Claystone,4.55,26.63
VOLVE_15_9_F5,1891.04,15.92,85.6,457.5,4.57,10.14,Claystone,4.57,28.89
VOLVE_15_9_F5,1891.5,17.82,78.6,366.6,4.81,10.14,Claystone,4.61,29.01
VOLVE_15_9_F5,1892.36,17.03,57.0,501.7,5.55,9.93,Claystone,4.63,29.59
VOLVE_15_9_F5,1892.74,17.65,61.2,491.9,6.1,10.52,Claystone,4.65,27.92
VOLVE_15_9_F5,1893.43,18.18,91.7,477.9,6.93,10.23,Claystone,4.7,33.29
VOLVE_15_9_F5,1894.23,16.24,92.0,343.6,6.4,10.14,Claystone,4.75,29.35
VOLVE_15_9_F5,1894.99,17.56,69.6,453.7,6.8,10.41,Claystone,4.78,30.71
VOLVE_15_9_F5,1895.72,17.21,108.6,489.5,6.39,9.97,Claystone,4.82,34.07
VOLVE_15_9_F5,1896.58,15.83,68.6,469.0,3.75,10.26,Claystone,4.87,27.78
VOLVE_15_9_F5,1897.23,22.2,89.1,462.0,7.18,10.05,Claystone,4.88,34.56
VOLVE_15_9_F5,1898.17,16.4,79.0,489.6,3.01,10.19,Claystone,4.91,29.63
VOLVE_15_9_F5,1898.48,11.96,,459.4,7.22,10.2,Claystone,4.93,29.61
VOLVE_15_9_F5,1898.97,22.05,98.7,501.9,4.3,9.78,Claystone,4.98,35.14
VOLVE_15_9_F5,1899.8,15.48,96.6,460.3,5.91,9.92,Claystone,4.99,30.75
VOLVE_15_9_F5,1900.24,19.85,95.9,457.1,6.96,10.37,Claystone,5.03,32.73
VOLVE_15_9_F5,1900.8,15.9,94.0,489.5,5.39,10.1,Claystone,5.05,31.23
VOLVE_15_9_F5,1901.61,19.03,66.2,437.9,2.24,10.43,Claystone,5.08,27.08
VOLVE_15_9_F5,1902.25,17.49,102.3,409.9,3.97,10.33,Claystone,5.12,30.19
VOLVE_15_9_F5,1902.6,20.11,69.3,454.0,5.28,10.1,Claystone,5.13,29.46
VOLVE_15_9_F5,1902.94,17.08,83.7,477.4,5.55,10.09,Claystone,5.18,29.81
VOLVE_15_9_F5,1903.38,15.98,80.0,490.8,4.42,10.38,Claystone,5.2,29.98
VOLVE_15_9_F5,1903.82,18.26,90.5,491.0,5.09,,Claystone,5.23,31.52
VOLVE_15_9_F5,1904.13,16.66,78.0,451.1,2.91,10.09,Claystone,5.27,28.15
VOLVE_15_9_F5,1905.0,12.8,82.9,447.0,6.52,10.37,Claystone,5.28,27.14
VOLVE_15_9_F5,1905.42,16.12,109.5,430.1,4.64,10.29,Claystone,5.32,30.58
VOLVE_15_9_F5,1906.26,24.8,65.8,463.8,6.17,10.32,Claystone,5.35,32.36
VOLVE_15_9_F5,1907.24,13.08,85.2,388.2,6.14,10.15,Claystone,5.38,25.47
VOLVE_15_9_F5,1907.71,18.23,68.5,454.7,3.28,10.04,Claystone,5.42,27.88
VOLVE_15_9_F5,1908.68,17.03,95.3,567.8,5.12,9.98,Claystone,5.44,31.38
VOLVE_15_9_F5,1909.04,22.23,74.3,393.7,5.45,9.94,Claystone,5.47,30.41
VOLVE_15_9_F5,1909.76,14.86,85.8,460.1,4.31,10.42,Claystone,5.48,27.55
VOLVE_15_9_F5,1910.75,17.9,65.4,468.9,5.7,10.14,Claystone,5.53,28.2
VOLVE_15_9_F5,1911.6,19.36,104.6,474.1,4.51,9.97,Claystone,5.56,33.81
VOLVE_15_9_F5,1911.98,17.2,86.3,415.2,4.91,10.29,Claystone,5.58,31.38
VOLVE_15_9_F5,1912.38,15.73,87.3,474.4,4.28,10.07,Claystone,5.59,30.53
VOLVE_15_9_F5,1912.79,17.6,97.7,432.4,7.84,10.04,Claystone,5.63,31.4
VOLVE_15_9_F5,1913.75,16.88,66.4,396.7,3.72,10.45,Claystone,5.66,26.85
VOLVE_15_9_F5,1914.15,16.88,76.0,491.9,5.55,9.94,Claystone,5.68,29.87
VOLVE_15_9_F5,1914.75,19.99,87.8,480.4,7.27,10.17,Claystone,5.73,32.28
VOLVE_15_9_F5,1915.23,18.67,58.8,415.2,3.46,10.05,Claystone,5.77,28.63
VOLVE_15_9_F5,1915.72,19.04,60.4,432.1,4.73,10.03,Claystone,5.82,30.53
VOLVE_15_9_F5,1916.25,18.49,72.9,430.6,3.57,9.92,Claystone,5.85,27.86
VOLVE_15_9_F5,1916.72,20.07,68.1,388.1,2.41,10.15,Claystone,5.88,29.88
VOLVE_15_9_F5,1917.4,20.93,80.0,484.3,4.14,10.01,Claystone,5.89,31.27
VOLVE_15_9_F5,1917.94,16.95,93.0,485.8,4.24,10.23,Claystone,5.92,30.37
VOLVE_15_9_F5,1918.5,19.72,96.5,440.5,4.61,10.13,Claystone,5.95,32.21
VOLVE_15_9_F5,1919.1,14.44,112.3,452.7,4.62,10.09,Claystone,5.97,31.39
VOLVE_15_9_F5,1919.59,12.05,84.9,458.4,4.36,10.01,Claystone,6.0,26.91
VOLVE_15_9_F5,1920.39,22.25,87.5,463.6,3.88,10.35,Claystone,6.03,32.75
VOLVE_15_9_F5,1920.99,16.85,84.8,399.9,5.21,10.25,Claystone,6.07,29.82
VOLVE_15_9_F5,1921.6,18.32,90.0,473.4,6.45,10.04,Claystone,6.09,32.75
VOLVE_15_9_F5,1921.97,14.62,91.2,406.8,6.28,9.94,Claystone,6.13,29.31
VOLVE_15_9_F5,1922.19,14.51,99.0,481.1,4.48,9.86,Claystone,6.16,30.92
VOLVE_15_9_F5,1923.04,15.91,99.0,411.3,5.99,10.31,Claystone,6.19,29.09
VOLVE_15_9_F5,1923.93,19.3,93.0,401.8,4.31,10.28,Claystone,6.24,28.83
VOLVE_15_9_F5,1924.32,16.41,107.8,452.7,4.68,10.3,Claystone,6.26,32.34
VOLVE_15_9_F5,1924.81,16.86,85.6,451.8,5.28,10.12,Claystone,6.3,28.77
VOLVE_15_9_F5,1925.29,15.84,76.0,458.0,4.16,10.26,Claystone,6.34,27.53
VOLVE_15_9_F5,1926.04,20.62,78.5,418.1,3.52,10.3,Claystone,6.39,29.64
VOLVE_15_9_F5,1926.39,19.88,83.6,462.0,6.04,10.13,Claystone,6.42,31.08
VOLVE_15_9_F5,1927.37,16.5,68.9,465.7,3.52,10.09,Claystone,6.43,27.26
VOLVE_15_9_F5,1927.62,19.42,76.0,500.5,4.26,10.0,Claystone,6.44,31.13
VOLVE_15_9_F5,1928.6,17.1,68.1,461.3,5.83,10.21,Claystone,6.49,29.03
VOLVE_15_9_F5,1928.86,16.87,90.3,429.9,5.52,10.23,Claystone,6.5,30.34
VOLVE_15_9_F5,1929.31,17.59,90.5,400.0,5.15,10.08,Claystone,6.52,30.37
VOLVE_15_9_F5,1929.71,19.33,58.6,392.6,2.86,10.1,Claystone,6.57,26.72
VOLVE_15_9_F5,1930.12,15.49,75.4,466.8,3.13,10.11,Claystone,6.6,27.16
VOLVE_15_9_F5,1931.11,18.98,112.6,485.6,5.87,10.26,Claystone,6.62,34.44
VOLVE_15_9_F5,1931.68,23.97,94.6,418.3,6.33,9.94,Claystone,6.66,33.41
VOLVE_15_9_F5,1931.98,18.19,92.0,464.1,5.32,9.98,Claystone,6.68,30.66
VOLVE_15_9_F5,1932.96,17.82,75.2,446.9,4.16,9.98,Claystone,6.71,29.92
VOLVE_15_9_F5,1933.36,17.52,89.5,482.6,4.31,10.12,Claystone,6.73,30.42
VOLVE_15_9_F5,1933.62,18.93,84.9,488.5,5.24,10.19,Claystone,6.76,30.61
VOLVE_15_9_F5,1933.83,13.71,73.2,363.2,2.83,9.98,Claystone,6.77,24.6
VOLVE_15_9_F5,1934.4,21.99,77.8,495.2,5.26,10.28,Claystone,6.81,32.97
VOLVE_15_9_F5,1935.34,20.19,78.1,464.0,3.32,10.36,Claystone,6.84,30.61
VOLVE_15_9_F5,1935.55,16.13,62.8,432.6,3.13,10.21,Claystone,6.86,26.44
VOLVE_15_9_F5,1936.33,17.82,65.3,433.7,4.8,10.31,Claystone,6.91,26.62
VOLVE_15_9_F5,1936.74,16.35,82.2,455.1,5.4,10.01,Claystone,6.95,29.56
VOLVE_15_9_F5,1937.12,18.5,72.4,433.7,5.16,10.01,Claystone,6.98,28.83
VOLVE_15_9_F5,1937.88,17.9,80.6,416.4,3.48,10.22,Claystone,7.03,27.64
VOLVE_15_9_F5,1938.68,18.33,61.1,425.6,2.32,10.14,Claystone,7.05,26.36
VOLVE_15_9_F5,1939.33,15.19,97.2,412.3,4.81,10.01,Claystone,7.08,29.43
VOLVE_15_9_F5,1939.69,16.55,116.4,507.7,2.96,10.36,Claystone,7.13,32.19
VOLVE_15_9_F5,1939.89,20.62,100.6,456.1,6.5,10.19,Claystone,7.16,31.87
VOLVE_15_9_F5,1940.68,16.43,102.1,544.0,3.71,10.25,Claystone,7.19,30.0
VOLVE_15_9_F5,1941.36,11.16,94.5,468.7,7.1,10.05,Claystone,7.23,27.5
VOLVE_15_9_F5,1941.9,17.39,89.1,477.4,3.75,10.4,Claystone,7.24,29.04
VOLVE_15_9_F5,1942.27,23.8,86.4,411.4,5.99,10.12,Claystone,7.26,33.02
VOLVE_15_9_F5,1943.08,19.89,71.4,445.2,3.98,10.3,Claystone,7.3,28.59
VOLVE_15_9_F5,1943.34,16.31,95.5,456.8,4.7,10.06,Claystone,7.31,30.39
VOLVE_15_9_F5,1944.05,17.65,94.6,428.4,5.23,10.17,Claystone,7.32,28.65
VOLVE_15_9_F5,1944.8,19.48,78.2,435.3,5.96,10.23,Claystone,7.35,30.45
VOLVE_15_9_F5,1945.18,13.39,93.0,470.7,5.82,10.45,Claystone,7.38,25.59
VOLVE_15_9_F5,1945.77,15.64,74.7,471.5,5.4,10.08,Claystone,7.4,28.91
VOLVE_15_9_F5,1946.38,18.78,75.7,400.4,6.07,10.18,Claystone,7.44,29.08
VOLVE_15_9_F5,1947.06,21.77,96.8,465.2,4.67,10.24,Claystone,7.48,32.95
VOLVE_15_9_F5,1947.98,16.69,91.6,476.0,5.65,9.94,Claystone,7.52,30.48
VOLVE_15_9_F5,1948.61,21.71,81.6,430.3,4.77,9.82,Claystone,7.53,29.55
VOLVE_15_9_F5,1948.87,15.91,79.9,426.2,5.81,10.0,Claystone,7.55,29.58
VOLVE_15_9_F5,1949.34,9.33,87.7,471.6,4.29,10.29,Claystone,7.6,24.08
VOLVE_15_9_F5,1950.05,19.66,57.6,351.0,5.38,10.41,Claystone,7.63,27.07
VOLVE_15_9_F5,1950.51,19.15,73.8,454.0,5.18,10.01,Claystone,7.64,28.75
VOLVE_15_9_F5,1951.33,19.65,66.1,519.3,5.67,9.97,Claystone,7.69,30.38
VOLVE_15_9_F5,1951.68,19.55,85.3,350.0,4.07,10.38,Claystone,7.72,27.31
VOLVE_15_9_F5,1951.99,18.29,101.4,486.8,3.28,10.07,Claystone,7.75,31.31
VOLVE_15_9_F5,1952.38,17.16,92.3,475.7,6.12,10.1,Claystone,7.77,29.65
VOLVE_15_9_F5,1953.28,17.26,77.4,396.4,6.33,10.37,Claystone,7.8,32.98
VOLVE_15_9_F5,1954.02,16.67,74.5,474.7,4.48,10.35,Claystone,7.82,28.71
VOLVE_15_9_F5,1954.64,16.82,73.8,494.0,5.59,10.29,Claystone,7.86,30.05
VOLVE_15_9_F5,1955.08,13.29,115.1,406.8,2.97,9.89,Claystone,7.9,27.48
VOLVE_15_9_F5,1956.02,14.79,86.1,425.6,3.88,9.96,Claystone,7.93,27.83
VOLVE_15_9_F5,1956.93,17.42,88.1,455.0,4.99,10.32,Claystone,7.95,30.17
VOLVE_15_9_F5,1957.45,12.23,53.4,493.0,1.82,10.2,Claystone,7.96,22.04
VOLVE_15_9_F5,1958.25,12.81,67.4,432.3,2.33,10.04,Claystone,8.0,23.54
VOLVE_15_9_F5,1959.18,17.0,84.4,452.2,4.99,10.1,Claystone,8.05,30.02
VOLVE_15_9_F5,1959.63,17.52,77.6,427.3,,10.32,Claystone,8.07,27.71
VOLVE_15_9_F5,1960.09,17.06,87.1,454.9,4.43,10.38,Claystone,8.09,27.88
VOLVE_15_9_F5,1960.73,11.89,86.9,495.8,3.89,10.15,Claystone,8.13,25.35
VOLVE_15_9_F5,1961.26,21.73,94.1,458.2,3.83,10.05,Claystone,8.17,30.63
VOLVE_15_9_F5,1962.07,14.26,57.1,439.6,3.88,10.11,Claystone,8.22,22.51
VOLVE_15_9_F5,1962.7,15.81,68.5,452.6,4.43,10.36,Claystone,8.26,24.8
VOLVE_15_9_F5,1963.06,14.7,83.6,421.9,3.88,10.35,Claystone,8.27,26.7
VOLVE_15_9_F5,1963.55,21.1,75.4,414.2,4.43,10.18,Claystone,8.31,29.96
VOLVE_15_9_F5,1964.29,18.91,80.4,502.1,4.66,10.08,Claystone,8.36,32.6
VOLVE_15_9_F5,1964.53,16.68,86.7,519.4,5.79,10.32,Claystone,8.38,29.63
VOLVE_15_9_F5,1965.0,16.5,73.9,382.3,4.48,10.4,Claystone,8.41,25.14
VOLVE_15_9_F5,1965.22,18.31,88.0,477.2,2.66,9.94,Claystone,8.43,29.74
VOLVE_15_9_F5,1966.07,14.75,93.2,488.3,3.29,10.12,Claystone,8.45,28.86
VOLVE_15_9_F5,1966.37,18.82,86.1,405.5,6.1,10.33,Claystone,8.49,30.39
VOLVE_15_9_F5,1966.63,16.49,95.9,435.1,4.1,10.17,Claystone,8.51,29.73
VOLVE_15_9_F5,1967.46,19.17,52.5,430.9,4.41,10.08,Claystone,8.55,26.91
VOLVE_15_9_F5,1967.73,19.09,76.3,530.0,7.17,10.18,Claystone,8.56,30.82
VOLVE_15_9_F5,1968.48,16.39,98.5,520.0,5.71,10.21,Claystone,8.58,31.04
VOLVE_15_9_F5,1968.98,12.74,72.1,417.1,1.65,9.99,Claystone,8.62,22.87
VOLVE_15_9_F5,1969.84,17.26,70.1,395.6,6.34,10.17,Claystone,8.63,25.3
VOLVE_15_9_F5,1970.18,14.26,83.2,484.9,4.71,10.21,Claystone,8.66,29.35
VOLVE_15_9_F5,1970.45,18.08,84.8,475.7,5.34,10.08,Claystone,8.69,29.75
VOLVE_15_9_F5,1970.83,17.24,77.1,503.7,5.07,10.04,Claystone,8.73,29.49
VOLVE_15_9_F5,1971.78,16.42,112.7,411.6,6.26,10.08,Claystone,8.78,27.44
VOLVE_15_9_F5,1972.64,14.65,89.4,482.9,4.56,10.01,Claystone,8.8,29.51
VOLVE_15_9_F5,1973.07,20.86,71.5,424.7,3.17,10.29,Claystone,8.81,29.55
VOLVE_15_9_F5,1973.44,16.76,63.5,478.9,4.85,10.01,Claystone,8.86,25.66
VOLVE_15_9_F5,1973.76,23.78,91.1,452.5,3.85,10.19,Claystone,8.88,31.6
VOLVE_15_9_F5,1974.14,17.98,71.2,530.0,6.87,10.1,Claystone,8.89,29.82
VOLVE_15_9_F5,1974.5,18.78,117.4,471.8,5.02,10.05,Claystone,8.94,30.92
VOLVE_15_9_F5,1975.41,18.0,91.5,441.4,4.93,10.36,Claystone,8.96,29.57
VOLVE_15_9_F5,1975.63,18.76,93.5,459.5,4.28,10.14,Claystone,8.99,31.26
VOLVE_15_9_F5,1976.53,20.64,88.8,449.9,5.6,10.06,Claystone,9.01,31.32
VOLVE_15_9_F5,1976.77,20.67,101.9,407.8,5.93,10.04,Claystone,9.05,29.8
VOLVE_15_9_F5,1977.63,13.49,49.1,531.0,3.14,10.21,Claystone,9.09,22.44
VOLVE_15_9_F5,1978.17,20.05,67.0,517.9,5.35,10.28,Claystone,9.12,29.11
VOLVE_15_9_F5,1978.43,19.16,100.6,446.9,5.31,10.35,Claystone,9.15,30.28
VOLVE_15_9_F5,1979.27,18.01,107.6,482.0,5.12,10.13,Claystone,9.17,31.02
VOLVE_15_9_F5,1979.68,22.2,66.5,536.0,4.09,10.13,Claystone,9.18,30.03
VOLVE_15_9_F5,1980.58,22.3,57.8,503.4,7.65,10.18,Claystone,9.22,28.02
VOLVE_15_9_F5,1981.38,20.19,87.6,441.7,6.55,,Claystone,9.27,31.39
VOLVE_15_9_F5,1982.36,16.57,92.3,450.4,5.75,10.04,Claystone,9.31,29.9
VOLVE_15_9_F5,1983.23,14.95,87.3,385.3,6.01,10.38,Claystone,9.35,27.04
VOLVE_15_9_F5,1983.62,19.82,84.1,485.0,5.41,10.16,Claystone,9.38,30.94
VOLVE_15_9_F5,1984.15,21.34,57.3,503.7,4.36,10.24,Claystone,9.41,27.96
VOLVE_15_9_F5,1984.91,12.87,79.4,504.0,1.18,10.23,Claystone,9.45,24.39
VOLVE_15_9_F5,1985.36,20.66,81.6,482.0,3.62,10.22,Claystone,9.46,28.87
VOLVE_15_9_F5,1986.0,17.31,76.8,468.1,7.31,10.01,Claystone,9.48,30.45
VOLVE_15_9_F5,1986.39,13.42,56.3,414.1,5.44,10.16,Claystone,9.5,23.51
VOLVE_15_9_F5,1987.12,19.12,93.8,466.8,5.37,10.5,Claystone,9.53,28.12
VOLVE_15_9_F5,1987.59,20.22,98.0,428.7,3.4,10.4,Claystone,9.57,29.8
VOLVE_15_9_F5,1987.84,17.07,73.1,475.0,5.39,10.19,Claystone,9.59,25.67
VOLVE_15_9_F5,1988.81,15.31,82.2,423.4,4.28,10.11,Claystone,9.63,26.85
VOLVE_15_9_F5,1989.69,22.24,77.6,474.7,6.0,9.83,Claystone,9.68,31.24
VOLVE_15_9_F5,1990.13,16.29,77.7,506.9,3.3,10.09,Claystone,9.73,27.1
VOLVE_15_9_F5,1990.43,20.86,92.4,469.1,4.68,10.15,Claystone,9.77,29.92
VOLVE_15_9_F5,1991.22,14.18,92.8,467.1,5.73,10.12,Claystone,9.82,28.07
VOLVE_15_9_F5,1991.6,19.01,101.1,490.5,7.54,10.13,Claystone,9.84,31.53
VOLVE_15_9_F5,1992.28,18.94,100.8,524.8,4.43,10.26,Claystone,9.88,29.16
VOLVE_15_9_F5,1993.1,20.16,82.4,449.7,3.85,10.01,Claystone,9.92,30.55
VOLVE_15_9_F5,1993.52,21.71,127.6,474.8,7.1,10.21,Claystone,9.97,33.1
VOLVE_15_9_F5,1993.95,15.94,108.3,514.4,3.55,10.15,Claystone,10.0,28.17
VOLVE_15_9_F5,1994.2,19.28,75.1,480.8,3.44,10.03,Claystone,10.03,29.93
VOLVE_15_9_F5,1994.66,14.56,86.9,373.9,4.93,10.42,Claystone,10.07,26.66
VOLVE_15_9_F5,1995.33,14.54,55.2,425.4,6.64,10.28,Claystone,10.11,23.65
VOLVE_15_9_F5,1995.66,16.54,85.4,484.0,3.75,10.05,Claystone,10.13,26.75
VOLVE_15_9_F5,1996.62,19.01,110.1,438.0,4.92,10.24,Claystone,10.16,29.51
VOLVE_15_9_F5,1997.4,22.18,126.7,511.6,6.03,9.96,Claystone,10.19,34.26
VOLVE_15_9_F5,1997.76,22.64,83.2,528.3,4.72,10.07,Claystone,10.23,33.06
VOLVE_15_9_F5,1998.39,17.11,90.0,430.4,2.77,10.37,Claystone,10.28,28.79
VOLVE_15_9_F5,1998.9,18.76,94.1,412.7,6.06,10.22,Claystone,10.31,29.59
VOLVE_15_9_F5,1999.41,20.36,114.7,439.6,5.78,10.21,Claystone,10.35,32.27
VOLVE_15_9_F5,2000.05,19.91,70.3,437.2,5.29,10.31,Claystone,10.38,27.86
VOLVE_15_9_F5,2000.34,17.58,124.8,515.4,5.28,10.26,Claystone,10.39,30.81
VOLVE_15_9_F5,2000.71,18.19,80.2,412.6,6.66,10.13,Claystone,10.42,26.66
VOLVE_15_9_F5,2001.03,17.73,67.4,483.7,4.0,10.31,Claystone,10.45,27.19
VOLVE_15_9_F5,2001.37,17.48,80.3,509.5,3.49,9.91,Claystone,10.49,29.41
VOLVE_15_9_F5,2002.09,17.15,72.9,486.8,6.63,10.07,Claystone,10.53,27.59
VOLVE_15_9_F5,2003.09,17.71,91.3,471.5,2.33,10.15,Claystone,10.55,29.55
VOLVE_15_9_F5,2003.81,17.0,60.2,447.5,4.25,10.25,Claystone,10.58,25.11
VOLVE_15_9_F5,2004.8,15.18,87.1,528.0,4.58,10.12,Claystone,10.63,28.01
VOLVE_15_9_F5,2005.46,20.18,94.9,444.2,5.1,9.9,Claystone,10.65,30.37
VOLVE_15_9_F5,2005.89,19.31,107.2,491.9,3.49,9.88,Claystone,10.67,32.3
VOLVE_15_9_F5,2006.79,22.72,95.2,447.7,4.05,10.16,Claystone,10.7,31.47
VOLVE_15_9_F5,2007.04,18.95,106.3,380.3,6.45,10.1,Claystone,10.74,29.7
VOLVE_15_9_F5,2007.32,16.99,75.9,443.2,6.33,10.03,Claystone,10.76,27.62
VOLVE_15_9_F5,2008.28,16.47,90.9,447.8,4.34,10.01,Claystone,10.78,26.63
VOLVE_15_9_F5,2009.0,18.15,51.5,448.3,3.29,10.19,Claystone,10.81,22.51
VOLVE_15_9_F5,2009.94,19.42,83.3,427.6,2.86,10.37,Claystone,10.82,27.48
VOLVE_15_9_F5,2010.25,17.43,90.8,479.1,6.06,10.19,Claystone,10.83,28.76
VOLVE_15_9_F5,2011.06,14.37,92.1,483.5,5.87,10.37,Claystone,10.86,27.74
VOLVE_15_9_F5,2011.45,16.2,61.4,441.8,1.01,10.11,Claystone,10.87,24.25
VOLVE_15_9_F5,2011.93,18.09,79.1,441.5,1.91,10.24,Claystone,10.9,26.52
VOLVE_15_9_F5,2012.85,19.9,81.2,412.0,5.17,10.37,Claystone,10.94,25.28
VOLVE_15_9_F5,2013.38,14.34,78.5,464.2,4.79,10.15,Claystone,10.95,26.61
VOLVE_15_9_F5,2014.11,18.72,95.8,509.1,4.55,10.18,Claystone,10.98,30.31
VOLVE_15_9_F5,2015.02,18.61,81.7,509.2,4.86,10.12,Claystone,11.01,30.06
VOLVE_15_9_F5,2015.92,16.93,86.5,430.1,4.52,10.26,Claystone,11.02,27.43
VOLVE_15_9_F5,2016.13,16.6,77.6,533.7,4.69,10.31,Claystone,11.06,29.05
VOLVE_15_9_F5,2016.45,16.22,100.9,439.5,3.89,10.22,Claystone,11.08,27.28
VOLVE_15_9_F5,2017.39,18.42,102.0,413.4,5.17,10.14,Claystone,11.12,29.14
VOLVE_15_9_F5,2018.04,20.89,80.3,399.6,4.28,9.95,Claystone,11.16,28.75
VOLVE_15_9_F5,2018.62,21.07,127.7,411.0,4.9,10.17,Claystone,11.18,32.35
VOLVE_15_9_F5,2018.87,15.27,73.5,467.4,2.24,10.14,Claystone,11.23,25.81
VOLVE_15_9_F5,2019.09,17.61,100.1,443.7,4.88,10.21,Claystone,11.25,29.1
VOLVE_15_9_F5,2020.06,12.6,70.7,428.8,5.16,10.19,Claystone,11.27,23.96
VOLVE_15_9_F5,2020.64,18.36,96.5,420.1,4.71,10.41,Claystone,11.3,28.23
VOLVE_15_9_F5,2021.46,19.58,95.4,410.6,4.77,10.07,Claystone,11.33,29.91
VOLVE_15_9_F5,2021.84,22.01,69.8,418.4,6.53,9.94,Claystone,11.37,27.12
VOLVE_15_9_F5,2022.23,13.62,83.0,494.7,5.7,10.0,Claystone,11.41,25.83
VOLVE_15_9_F5,2022.88,15.37,113.0,526.2,7.16,10.08,Claystone,11.46,31.79
VOLVE_15_9_F5,2023.78,18.46,72.7,528.7,7.46,10.34,Claystone,11.51,28.06
VOLVE_15_9_F5,2024.21,14.05,91.0,481.5,4.7,9.98,Claystone,11.52,26.68
VOLVE_15_9_F5,2024.67,18.53,90.0,434.4,3.63,10.0,Claystone,11.57,29.65
VOLVE_15_9_F5,2025.31,19.66,84.3,427.3,4.41,10.24,Claystone,11.58,28.2
VOLVE_15_9_F5,2025.55,14.9,59.0,484.3,4.91,10.3,Claystone,11.63,23.54
VOLVE_15_9_F5,2026.05,18.44,97.4,444.2,6.85,9.94,Claystone,11.65,30.94
VOLVE_15_9_F5,2026.69,15.08,85.1,470.5,3.37,9.91,Claystone,11.67,26.37
VOLVE_15_9_F5,2026.9,21.55,101.5,531.3,5.77,10.06,Claystone,11.7,32.03
VOLVE_15_9_F5,2027.61,18.63,88.4,462.7,4.05,10.27,Claystone,11.72,26.29
VOLVE_15_9_F5,2027.85,16.51,85.9,545.2,4.6,10.2,Claystone,11.76,28.22
VOLVE_15_9_F5,2028.62,15.02,90.5,409.0,4.52,10.06,Claystone,11.78,26.99
VOLVE_15_9_F5,2029.47,19.09,70.1,472.0,5.23,10.29,Claystone,11.8,26.92
VOLVE_15_9_F5,2030.34,21.52,108.3,466.6,8.0,10.2,Claystone,11.85,30.88
VOLVE_15_9_F5,2031.08,16.2,79.3,414.7,5.22,10.16,Claystone,11.88,25.74
VOLVE_15_9_F5,2031.72,17.03,79.5,486.1,4.21,9.94,Claystone,11.92,26.95
VOLVE_15_9_F5,2032.17,16.25,104.3,515.3,4.31,10.06,Claystone,11.97,28.75
VOLVE_15_9_F5,2032.71,22.02,88.6,542.2,5.08,10.47,Claystone,11.98,30.37
VOLVE_15_9_F5,2032.98,13.36,81.4,470.5,3.38,10.13,Claystone,12.0,26.54
VOLVE_15_9_F5,2033.75,21.35,91.1,378.1,5.46,10.03,Claystone,12.02,29.28
VOLVE_15_9_F5,2033.97,17.19,94.3,473.1,2.07,10.12,Claystone,12.03,25.9
VOLVE_15_9_F5,2034.5,17.96,83.1,483.7,4.61,10.2,Claystone,12.05,28.19
VOLVE_15_9_F5,2035.1,17.29,98.7,444.7,4.88,10.31,Claystone,12.09,27.95
VOLVE_15_9_F5,2035.82,18.74,65.9,462.7,3.28,10.27,Claystone,12.11,27.31
VOLVE_15_9_F5,2036.3,16.32,88.8,434.7,4.34,10.08,Claystone,12.15,26.73
VOLVE_15_9_F5,2036.85,20.79,96.9,448.7,6.67,10.37,Claystone,12.19,29.92
VOLVE_15_9_F5,2037.52,20.9,94.2,494.8,6.72,10.3,Claystone,12.21,32.77
VOLVE_15_9_F5,2038.46,15.7,51.3,509.6,3.54,10.11,Claystone,12.24,22.8
VOLVE_15_9_F5,2039.2,19.83,83.0,403.3,5.66,10.16,Claystone,12.26,28.71
VOLVE_15_9_F5,2039.6,17.27,66.7,433.6,2.76,10.27,Claystone,12.3,25.17
VOLVE_15_9_F5,2040.48,18.29,104.2,390.5,4.85,10.34,Claystone,12.33,27.51
VOLVE_15_9_F5,2040.72,21.98,79.0,527.6,5.44,9.95,Claystone,12.37,29.9
VOLVE_15_9_F5,2041.14,16.48,102.5,488.9,6.85,10.19,Claystone,12.4,30.36
VOLVE_15_9_F5,2041.43,20.48,66.6,374.0,6.27,10.18,Claystone,12.44,27.12
VOLVE_15_9_F5,2041.98,19.31,90.8,451.5,5.35,10.1,Claystone,12.46,29.37
VOLVE_15_9_F5,2042.69,17.69,85.0,442.7,3.77,10.09,Claystone,12.49,28.1
VOLVE_15_9_F5,2043.32,19.09,126.4,423.8,7.24,10.34,Claystone,12.51,31.07
VOLVE_15_9_F5,2044.17,18.8,102.6,495.5,4.82,10.26,Claystone,12.55,28.57
VOLVE_15_9_F5,2044.82,15.28,101.6,494.6,5.44,10.5,Claystone,12.58,25.84
VOLVE_15_9_F5,2045.21,16.66,115.3,464.9,5.08,10.1,Claystone,12.62,30.62
VOLVE_15_9_F5,2045.84,15.57,89.1,428.4,7.13,10.2,Claystone,12.63,27.09
VOLVE_15_9_F5,2046.62,17.49,83.4,428.8,4.09,10.23,Claystone,12.68,26.67
VOLVE_15_9_F5,2047.23,21.55,81.7,455.9,6.26,10.32,Claystone,12.73,30.92
VOLVE_15_9_F5,2047.78,19.64,89.8,435.8,5.01,10.39,Claystone,12.75,27.24
VOLVE_15_9_F5,2048.4,14.61,43.3,453.9,4.65,10.2,Claystone,12.76,19.46
VOLVE_15_9_F5,2049.04,17.51,84.9,476.4,6.79,10.02,Claystone,12.79,26.54
VOLVE_15_9_F5,2049.49,18.78,88.3,392.8,2.61,10.08,Claystone,12.81,26.35
VOLVE_15_9_F5,2050.37,20.06,82.5,423.8,4.97,10.2,Claystone,12.83,27.99
VOLVE_15_9_F5,2050.74,16.58,61.9,452.8,3.35,10.35,Claystone,12.86,25.74
VOLVE_15_9_F5,2050.97,15.11,82.6,516.7,5.13,9.97,Claystone,12.89,27.58
VOLVE_15_9_F5,2051.76,18.07,61.9,487.9,5.38,10.01,Claystone,12.91,23.73
VOLVE_15_9_F5,2052.63,19.63,111.5,454.0,4.87,10.3,Claystone,12.96,32.7
VOLVE_15_9_F5,2053.35,18.8,81.0,470.2,4.28,9.99,Claystone,12.97,27.41
VOLVE_15_9_F5,2053.92,16.0,53.9,450.0,4.49,10.02,Claystone,12.99,24.96
VOLVE_15_9_F5,2054.9,22.61,81.8,497.2,3.73,10.36,Claystone,13.01,29.76
VOLVE_15_9_F5,2055.4,17.97,98.3,471.5,5.49,10.15,Claystone,13.05,28.74
VOLVE_15_9_F5,2055.92,18.71,87.5,505.3,4.01,10.14,Claystone,13.1,28.07
VOLVE_15_9_F5,2056.6,16.57,71.2,399.9,5.44,10.39,Claystone,13.11,23.7
VOLVE_15_9_F5,2057.14,20.99,74.7,421.9,3.43,10.03,Claystone,13.15,26.15
VOLVE_15_9_F5,2057.79,19.66,80.6,465.1,4.3,10.0,Claystone,13.16,27.77
VOLVE_15_9_F5,2058.76,19.02,78.3,473.9,3.98,10.43,Claystone,13.17,25.63
VOLVE_15_9_F5,2059.15,15.36,66.0,550.1,4.01,10.22,Claystone,13.19,27.05
VOLVE_15_9_F5,2059.47,,83.8,381.8,6.8,10.29,Claystone,13.23,28.08
VOLVE_15_9_F5,2060.01,20.13,64.8,452.8,5.8,10.14,Claystone,13.26,29.0
VOLVE_15_9_F5,2060.61,20.78,99.1,451.0,4.78,10.17,Claystone,13.29,29.16
VOLVE_15_9_F5,2061.38,18.34,100.9,463.6,4.59,10.08,Claystone,13.3,27.97
VOLVE_15_9_F5,2062.34,18.06,69.8,523.5,5.73,10.24,Claystone,13.35,27.82
VOLVE_15_9_F5,2063.1,17.8,74.1,489.2,3.32,10.31,Claystone,13.4,25.94
VOLVE_15_9_F5,2064.09,23.95,78.5,390.0,5.36,10.22,Claystone,13.42,29.43
VOLVE_15_9_F5,2064.48,16.9,84.4,515.5,4.06,10.35,Claystone,13.45,28.65
VOLVE_15_9_F5,2064.85,15.29,88.7,514.4,4.5,10.29,Claystone,13.49,27.57
VOLVE_15_9_F5,2065.29,17.33,91.8,464.7,5.91,10.03,Claystone,13.54,29.35
VOLVE_15_9_F5,2066.12,16.93,91.4,389.4,4.09,10.17,Claystone,13.57,27.03
VOLVE_15_9_F5,2066.47,21.42,108.1,448.1,6.72,10.12,Claystone,13.59,30.19
VOLVE_15_9_F5,2066.83,14.88,85.7,472.9,7.26,10.3,Claystone,13.61,27.36
VOLVE_15_9_F5,2067.36,16.87,65.3,494.0,5.22,10.26,Claystone,13.65,26.2
VOLVE_15_9_F5,2067.81,18.75,60.7,383.3,4.5,10.21,Claystone,13.68,23.83
VOLVE_15_9_F5,2068.53,21.44,109.4,423.4,6.96,10.34,Claystone,13.69,29.78
VOLVE_15_9_F5,2069.44,20.06,92.5,498.1,3.86,9.91,Claystone,13.73,29.25
VOLVE_15_9_F5,2069.75,22.33,87.9,514.2,7.15,10.1,Claystone,13.78,31.91
VOLVE_15_9_F5,2070.39,19.15,91.6,471.4,4.19,10.11,Claystone,13.8,28.45
VOLVE_15_9_F5,2070.66,17.77,87.2,500.1,7.51,10.23,Claystone,13.84,28.51
VOLVE_15_9_F5,2071.04,20.42,91.3,472.4,4.35,10.27,Claystone,13.87,28.53
VOLVE_15_9_F5,2071.49,14.87,79.2,492.7,5.32,10.19,Claystone,13.9,25.29
VOLVE_15_9_F5,2072.15,14.01,100.6,459.9,2.9,9.99,Claystone,13.91,24.41
VOLVE_15_9_F5,2072.79,20.73,76.9,473.3,4.76,10.25,Claystone,13.94,28.38
VOLVE_15_9_F5,2073.51,18.82,71.3,405.3,3.47,10.21,Claystone,13.97,24.43
VOLVE_15_9_F5,2074.36,20.71,59.5,483.0,3.03,9.97,Claystone,14.02,26.28
VOLVE_15_9_F5,2074.71,16.17,81.2,404.1,6.12,10.15,Claystone,14.03,25.18
VOLVE_15_9_F5,2075.51,21.51,103.8,483.0,4.02,10.25,Claystone,14.05,30.78
VOLVE_15_9_F5,2076.24,19.98,77.9,436.6,4.09,10.44,Claystone,14.08,26.28
VOLVE_15_9_F5,2076.51,18.23,64.1,469.0,3.58,10.03,Claystone,14.12,24.48
VOLVE_15_9_F5,2076.98,18.83,89.1,416.0,6.4,10.31,Claystone,14.15,28.53
VOLVE_15_9_F5,2077.2,19.18,75.0,434.0,6.07,10.03,Claystone,14.17,26.22
VOLVE_15_9_F5,2077.48,16.17,108.0,468.9,6.6,10.0,Claystone,14.21,28.55
VOLVE_15_9_F5,2077.9,17.35,100.9,484.3,4.13,10.01,Claystone,14.23,29.44
VOLVE_15_9_F5,2078.3,19.14,65.7,497.9,6.33,10.28,Claystone,14.26,25.86
VOLVE_15_9_F5,2079.22,17.25,82.2,408.2,3.83,10.21,Claystone,14.3,25.47
VOLVE_15_9_F5,2080.13,14.65,73.5,394.1,3.51,10.15,Claystone,14.33,22.88
VOLVE_15_9_F5,2080.79,19.06,67.4,415.1,3.89,10.26,Claystone,14.36,25.22
VOLVE_15_9_F5,2081.58,20.42,84.0,411.5,4.3,10.2,Claystone,14.37,27.09
VOLVE_15_9_F5,2082.58,21.0,97.1,516.8,5.24,10.21,Claystone,14.41,31.05
VOLVE_15_9_F5,2083.11,19.66,83.6,507.8,4.02,10.15,Claystone,14.46,27.36
VOLVE_15_9_F5,2083.73,20.38,77.0,414.3,5.27,10.04,Claystone,14.49,28.18
VOLVE_15_9_F5,2084.45,20.81,51.7,522.6,1.52,10.45,Claystone,14.53,26.18
VOLVE_15_9_F5,2085.39,18.54,74.8,505.4,5.06,10.41,Claystone,14.56,27.04
VOLVE_15_9_F5,2086.22,13.05,93.1,389.0,3.26,10.43,Claystone,14.6,22.32
VOLVE_15_9_F5,2086.47,21.25,64.7,413.0,4.08,10.11,Claystone,14.62,25.65
VOLVE_15_9_F5,2087.25,16.12,104.0,387.8,4.24,10.09,Claystone,14.67,25.82
VOLVE_15_9_F5,2087.65,15.52,76.0,450.7,5.67,10.13,Claystone,14.69,26.85
VOLVE_15_9_F5,2088.05,15.59,87.7,454.9,5.32,10.36,Claystone,14.71,25.61
VOLVE_15_9_F5,2088.69,24.57,78.8,454.8,5.19,10.2,Claystone,14.72,30.38
VOLVE_15_9_F5,2089.45,19.46,67.1,373.1,3.9,10.12,Claystone,14.75,24.99
VOLVE_15_9_F5,2089.77,15.76,91.4,397.1,5.73,10.25,Claystone,14.79,25.56
VOLVE_15_9_F5,2090.22,16.65,75.8,464.6,6.79,10.09,Claystone,14.82,25.66
VOLVE_15_9_F5,2091.0,18.36,72.3,479.1,4.7,9.99,Claystone,14.84,26.1
VOLVE_15_9_F5,2091.32,19.72,49.1,373.4,2.59,10.22,Claystone,14.87,23.53
VOLVE_15_9_F5,2092.2,19.07,104.3,402.9,4.44,10.12,Claystone,14.89,27.0
VOLVE_15_9_F5,2092.76,16.05,84.9,495.1,5.39,10.2,Claystone,14.93,27.19
VOLVE_15_9_F5,2093.43,19.17,101.4,405.2,4.71,9.8,Claystone,14.95,29.34
VOLVE_15_9_F5,2093.7,16.85,94.1,453.6,3.9,10.06,Claystone,14.98,25.96
VOLVE_15_9_F5,2094.66,21.0,101.4,401.4,4.33,10.19,Claystone,15.0,29.48
VOLVE_15_9_F5,2095.59,18.52,76.3,487.5,4.92,9.97,Claystone,15.03,27.98
VOLVE_15_9_F5,2095.94,16.49,64.2,373.5,2.61,9.98,Claystone,15.07,23.98
VOLVE_15_9_F5,2096.67,20.11,96.2,442.0,5.21,10.2,Claystone,15.12,27.65
VOLVE_15_9_F5,2097.5,19.35,86.7,491.8,5.15,10.3,Claystone,15.15,27.62
VOLVE_15_9_F5,2097.8,17.2,77.8,478.6,4.18,10.07,Claystone,15.17,25.74
VOLVE_15_9_F5,2098.46,20.22,95.9,435.6,4.01,10.16,Claystone,15.2,29.85
VOLVE_15_9_F5,2099.34,19.97,89.4,426.3,6.36,10.16,Claystone,15.23,27.63
VOLVE_15_9_F5,2099.95,21.4,94.3,444.9,3.74,9.97,Claystone,15.26,28.41
VOLVE_15_9_F5,2100.89,20.18,69.4,402.6,5.06,10.38,Claystone,15.3,24.29
VOLVE_15_9_F5,2101.13,17.87,99.4,450.2,5.97,10.17,Claystone,15.33,26.49
VOLVE_15_9_F5,2102.06,14.18,84.7,450.9,4.74,10.17,Claystone,15.36,23.82
VOLVE_15_9_F5,2103.04,18.88,101.0,437.5,6.69,10.26,Claystone,15.41,28.46
VOLVE_15_9_F5,2103.37,19.27,99.3,494.2,3.86,9.97,Claystone,15.42,27.15
VOLVE_15_9_F5,2103.91,18.54,95.0,411.4,4.15,10.34,Claystone,15.46,25.77
VOLVE_15_9_F5,2104.61,10.89,83.1,386.0,3.67,10.36,Claystone,15.48,19.08
VOLVE_15_9_F5,2105.52,20.12,95.4,433.2,9.19,10.22,Claystone,15.5,30.35
VOLVE_15_9_F5,2105.85,16.14,101.4,459.2,5.58,10.27,Claystone,15.51,26.81
VOLVE_15_9_F5,2106.32,20.14,93.8,449.9,6.05,10.15,Claystone,15.55,28.55
VOLVE_15_9_F5,2107.16,22.68,87.8,448.2,6.14,10.33,Claystone,15.56,27.7
VOLVE_15_9_F5,2107.68,17.8,95.4,409.2,5.13,10.08,Claystone,15.61,27.82
VOLVE_15_9_F5,2108.37,19.53,76.8,414.9,6.17,10.2,Claystone,15.63,27.84
VOLVE_15_9_F5,2109.02,18.52,107.4,434.7,3.03,10.21,Claystone,15.65,27.19
VOLVE_15_9_F5,2110.0,19.75,59.5,431.5,5.0,10.2,Claystone,15.69,24.16
VOLVE_15_9_F5,2110.31,18.7,85.2,498.1,5.48,10.36,Claystone,15.71,27.85
VOLVE_15_9_F5,2111.27,17.15,78.6,464.8,5.95,10.53,Claystone,15.72,26.04
VOLVE_15_9_F5,2111.92,16.19,75.1,432.9,3.2,10.19,Claystone,15.75,24.95
VOLVE_15_9_F5,2112.84,22.43,89.3,498.0,4.06,10.27,Claystone,15.78,29.43
VOLVE_15_9_F5,2113.14,19.55,67.8,472.1,3.55,10.08,Claystone,15.81,26.57
VOLVE_15_9_F5,2113.85,20.53,117.0,399.9,6.23,10.36,Claystone,15.83,28.07
VOLVE_15_9_F5,2114.72,19.46,64.4,324.6,5.36,10.13,Claystone,15.87,24.85
VOLVE_15_9_F5,2115.55,20.9,70.4,401.2,3.8,10.68,Claystone,15.92,24.44
VOLVE_15_9_F5,2115.76,16.22,69.0,478.0,6.79,9.95,Claystone,15.94,22.73
VOLVE_15_9_F5,2116.32,18.67,87.7,489.9,5.34,10.53,Claystone,15.98,26.5
VOLVE_15_9_F5,2116.61,19.73,99.9,387.8,5.42,10.35,Claystone,15.99,26.48
VOLVE_15_9_F5,2116.94,21.7,92.6,480.6,5.09,10.04,Claystone,16.02,29.09
VOLVE_15_9_F5,2117.7,25.15,106.8,479.1,6.98,10.55,Claystone,16.05,31.86
VOLVE_15_9_F5,2118.67,19.49,72.3,510.0,5.31,10.07,Claystone,16.08,27.21
VOLVE_15_9_F5,2119.37,16.82,94.6,492.3,7.2,10.16,Claystone,16.09,29.26
VOLVE_15_9_F5,2119.65,15.49,80.1,508.3,3.14,10.01,Claystone,16.11,24.6
VOLVE_15_9_F5,2120.05,16.22,88.1,473.8,2.93,10.18,Claystone,16.13,23.11
VOLVE_15_9_F5,2120.55,16.55,101.3,472.4,4.12,10.2,Claystone,16.15,26.67
VOLVE_15_9_F5,2120.85,11.23,59.3,440.8,4.56,10.33,Claystone,16.17,19.57
VOLVE_15_9_F5,2121.73,16.8,114.6,487.1,4.72,10.57,Claystone,16.2,26.2
VOLVE_15_9_F5,2122.09,20.28,82.5,400.9,6.59,10.13,Claystone,16.22,26.48
VOLVE_15_9_F5,2122.39,18.68,60.6,448.7,4.12,9.79,Claystone,16.26,23.94
VOLVE_15_9_F5,2123.17,17.85,74.3,475.8,6.02,10.3,Claystone,16.28,24.96
VOLVE_15_9_F5,2123.47,14.44,86.2,510.6,3.6,10.13,Claystone,16.29,26.26
VOLVE_15_9_F5,2124.0,21.12,74.3,435.1,6.44,10.48,Claystone,16.31,26.55
VOLVE_15_9_F5,2124.61,19.78,54.0,492.9,6.23,10.2,Claystone,16.35,24.84
VOLVE_15_9_F5,2124.88,18.47,86.1,446.4,4.28,10.09,Claystone,16.38,27.71
VOLVE_15_9_F5,2125.52,13.0,73.9,493.7,4.86,10.06,Claystone,16.42,22.83
VOLVE_15_9_F5,2126.11,17.28,94.5,422.2,5.29,10.3,Claystone,16.44,24.57
VOLVE_15_9_F5,2126.84,19.59,68.7,483.3,5.41,10.17,Claystone,16.47,24.71
VOLVE_15_9_F5,2127.22,18.44,118.6,450.4,6.98,10.43,Claystone,16.5,28.21
VOLVE_15_9_F5,2127.7,18.99,92.4,406.9,6.26,10.18,Claystone,16.55,25.22
VOLVE_15_9_F5,2128.43,20.23,87.6,448.1,5.75,10.42,Claystone,16.59,25.87
VOLVE_15_9_F5,2128.66,18.9,94.0,507.1,5.91,10.0,Claystone,16.6,27.8
VOLVE_15_9_F5,2128.95,20.14,57.4,413.5,3.15,9.95,Claystone,16.65,25.11
VOLVE_15_9_F5,2129.38,16.41,77.2,394.9,4.59,10.33,Claystone,16.67,25.04
VOLVE_15_9_F5,2129.66,15.46,111.4,470.2,3.74,10.14,Claystone,16.72,26.8
VOLVE_15_9_F5,2129.89,19.71,79.9,387.1,4.95,10.17,Claystone,16.74,25.54
VOLVE_15_9_F5,2130.88,20.23,83.7,516.8,6.42,10.06,Claystone,16.77,27.63
VOLVE_15_9_F5,2131.45,19.82,77.7,515.8,4.94,10.05,Claystone,16.8,27.43
VOLVE_15_9_F5,2132.08,18.86,106.6,495.8,2.29,10.31,Claystone,16.82,29.02
VOLVE_15_9_F5,2132.48,17.72,81.0,453.8,3.55,10.21,Claystone,16.86,25.35
VOLVE_15_9_F5,2132.69,19.06,65.9,520.9,5.4,10.05,Claystone,16.87,25.47
VOLVE_15_9_F5,2133.49,19.48,123.3,508.1,4.96,10.33,Claystone,16.89,28.98
VOLVE_15_9_F5,2134.27,19.64,64.0,433.0,5.67,10.39,Claystone,16.91,24.35
VOLVE_15_9_F5,2135.24,25.06,83.2,511.8,4.05,10.2,Claystone,16.96,29.71
VOLVE_15_9_F5,2135.46,16.24,72.0,417.8,5.0,10.36,Claystone,17.01,22.73
VOLVE_15_9_F5,2135.77,26.61,74.1,446.4,6.03,10.06,Claystone,17.04,28.92
VOLVE_15_9_F5,2136.54,15.4,68.8,382.5,5.37,10.3,Claystone,17.07,23.01
VOLVE_15_9_F5,2137.0,19.51,76.6,460.1,4.12,10.24,Sandstone,17.08,24.2
VOLVE_15_9_F5,2137.25,15.56,99.4,442.5,5.83,10.09,Sandstone,17.11,22.66
VOLVE_15_9_F5,2137.7,19.32,56.1,436.2,6.39,10.52,Sandstone,17.16,22.0
VOLVE_15_9_F5,2137.97,21.01,103.6,447.6,2.72,10.25,Sandstone,17.2,25.08
VOLVE_15_9_F5,2138.84,18.64,101.0,431.1,5.25,10.12,Sandstone,17.24,24.93
VOLVE_15_9_F5,2139.74,20.99,92.3,455.9,3.11,10.22,Sandstone,17.26,24.42
VOLVE_15_9_F5,2140.45,17.5,86.5,505.6,3.84,10.08,Sandstone,17.3,25.66
VOLVE_15_9_F5,2140.96,13.44,88.8,411.8,3.61,10.04,Sandstone,17.35,21.45
VOLVE_15_9_F5,2141.77,20.13,106.0,488.8,5.32,10.15,Sandstone,17.4,24.88
VOLVE_15_9_F5,2142.48,18.65,58.5,462.9,5.01,10.16,Sandstone,17.43,20.96
VOLVE_15_9_F5,2143.31,17.37,95.6,469.3,6.08,10.09,Sandstone,17.45,25.97
VOLVE_15_9_F5,2143.92,17.55,73.4,453.1,5.0,10.4,Sandstone,17.5,22.59
VOLVE_15_9_F5,2144.88,19.6,97.0,425.6,6.03,10.1,Sandstone,17.53,24.96
VOLVE_15_9_F5,2145.32,16.54,75.4,472.1,3.33,10.08,Sandstone,17.54,23.77
VOLVE_15_9_F5,2146.0,19.52,95.2,475.0,6.45,10.04,Sandstone,17.56,25.97
VOLVE_15_9_F5,2146.85,21.56,61.4,422.3,0.91,10.02,Sandstone,17.59,20.97
VOLVE_15_9_F5,2147.76,23.74,59.2,400.8,6.86,10.37,Sandstone,17.63,22.44
VOLVE_15_9_F5,2148.72,22.11,82.9,457.7,6.85,10.25,Sandstone,17.68,26.27
VOLVE_15_9_F5,2149.24,19.0,106.2,484.5,6.2,10.32,Sandstone,17.73,28.17
VOLVE_15_9_F5,2149.99,19.24,92.7,494.5,7.8,10.37,Sandstone,17.76,26.59
VOLVE_15_9_F5,2150.43,17.6,92.6,502.4,2.81,10.17,Sandstone,17.81,23.53
VOLVE_15_9_F5,2151.15,17.44,97.5,469.2,5.97,10.44,Sandstone,17.83,24.21
VOLVE_15_9_F5,2151.49,20.79,78.7,443.8,5.21,10.12,Sandstone,17.84,24.52
VOLVE_15_9_F5,2152.03,17.84,93.8,454.2,5.31,10.05,Sandstone,17.85,22.48
VOLVE_15_9_F5,2152.97,19.53,75.9,404.6,3.5,10.27,Sandstone,17.89,22.75
VOLVE_15_9_F5,2153.82,16.21,79.9,427.0,5.13,10.24,Sandstone,17.94,22.93
VOLVE_15_9_F5,2154.41,22.04,81.8,452.2,5.63,10.24,Sandstone,17.98,26.87
VOLVE_15_9_F5,2154.73,17.81,76.4,443.6,3.92,10.37,Sandstone,18.03,23.57
VOLVE_15_9_F5,2155.25,21.34,83.6,458.0,5.09,10.23,Sandstone,18.06,26.89
VOLVE_15_9_F5,2155.56,16.86,80.8,399.3,3.15,10.27,Sandstone,18.1,23.56
VOLVE_15_9_F5,2155.81,16.73,74.0,408.3,4.14,10.42,Sandstone,18.13,23.03
VOLVE_15_9_F5,2156.74,21.95,82.5,485.3,6.37,10.26,Sandstone,18.17,25.66
VOLVE_15_9_F5,2157.33,17.06,86.9,421.0,6.02,10.29,Sandstone,18.21,23.51
VOLVE_15_9_F5,2157.6,14.71,68.1,427.3,5.27,10.01,Sandstone,18.23,19.17
VOLVE_15_9_F5,2158.38,16.03,90.9,458.1,5.96,10.78,Sandstone,18.25,23.05
VOLVE_15_9_F5,2158.64,20.78,77.2,417.1,6.2,9.98,Sandstone,18.27,24.73
VOLVE_15_9_F5,2159.15,20.54,87.6,498.6,4.39,10.14,Sandstone,18.31,25.0
VOLVE_15_9_F5,2159.54,16.73,74.6,404.0,5.03,10.13,Sandstone,18.35,20.39
VOLVE_15_9_F5,2159.87,17.06,100.4,454.4,6.34,10.54,Sandstone,18.37,25.59
VOLVE_15_9_F5,2160.5,20.32,98.9,424.4,3.66,10.13,Sandstone,18.42,25.18
VOLVE_15_9_F5,2161.27,21.93,68.9,460.6,3.34,10.29,Sandstone,18.44,25.0
VOLVE_15_9_F5,2161.86,18.48,92.5,434.4,3.32,10.14,Sandstone,18.47,24.32
VOLVE_15_9_F5,2162.72,20.04,106.3,453.4,3.25,10.06,Sandstone,18.51,26.69
VOLVE_15_9_F5,2163.65,20.84,70.4,503.2,3.67,10.31,Sandstone,18.53,25.08
VOLVE_15_9_F5,2164.5,24.04,71.6,426.8,4.61,10.11,Sandstone,18.56,23.72
VOLVE_15_9_F5,2165.46,15.77,95.6,426.5,6.67,10.25,Sandstone,18.6,22.34
VOLVE_15_9_F5,2166.41,16.99,65.0,441.7,3.98,10.32,Sandstone,18.63,20.77
VOLVE_15_9_F5,2167.27,17.4,72.9,513.3,2.84,10.51,Sandstone,18.65,21.31
VOLVE_15_9_F5,2167.71,20.74,69.4,450.7,5.11,10.03,Sandstone,18.66,25.45
VOLVE_15_9_F5,2168.05,18.04,95.8,503.7,4.83,10.2,Sandstone,18.7,24.66
VOLVE_15_9_F5,2168.83,19.46,74.2,447.3,3.93,10.21,Sandstone,18.74,23.31
VOLVE_15_9_F5,2169.71,18.98,80.3,501.9,4.21,10.22,Sandstone,18.78,22.61
VOLVE_15_9_F5,2170.56,18.69,73.3,470.6,6.06,10.61,Sandstone,18.81,23.81
VOLVE_15_9_F5,2171.28,18.95,101.8,476.5,3.54,10.2,Sandstone,18.83,24.17
VOLVE_15_9_F5,2172.14,21.26,71.7,396.9,2.99,9.85,Sandstone,18.86,24.29
VOLVE_15_9_F5,2172.91,16.27,63.5,391.0,4.98,10.19,Sandstone,18.88,19.78
VOLVE_15_9_F5,2173.64,18.32,62.9,497.2,3.86,10.21,Sandstone,18.92,23.42
VOLVE_15_9_F5,2173.88,15.66,95.0,496.7,6.7,10.19,Sandstone,18.95,24.59
VOLVE_15_9_F5,2174.45,19.26,96.1,551.2,4.99,10.12,Sandstone,18.99,25.2
VOLVE_15_9_F5,2174.67,18.21,103.3,394.9,5.07,10.03,Sandstone,19.03,25.44
VOLVE_15_9_F5,2174.95,21.37,65.6,473.8,5.85,10.55,Sandstone,19.05,24.24
VOLVE_15_9_F5,2175.58,18.69,81.1,413.4,2.89,10.27,Sandstone,19.1,22.96
VOLVE_15_9_F5,2175.82,17.59,121.0,424.7,5.8,10.2,Sandstone,19.12,23.81
VOLVE_15_9_F5,2176.75,18.09,80.0,434.3,4.39,10.54,Sandstone,19.16,23.1
VOLVE_15_9_F5,2177.31,23.02,76.1,469.6,6.45,10.1,Sandstone,19.18,25.2
VOLVE_15_9_F5,2178.07,14.79,84.2,427.8,3.82,10.32,Sandstone,19.2,21.1
VOLVE_15_9_F5,2178.39,17.14,92.5,455.7,5.14,10.04,Sandstone,19.24,23.43
VOLVE_15_9_F5,2179.26,18.81,92.3,487.6,4.65,10.34,Sandstone,19.26,24.04
VOLVE_15_9_F5,2179.85,17.13,75.3,499.5,5.17,10.06,Sandstone,19.31,21.83
VOLVE_15_9_F5,2180.49,19.95,75.8,482.1,4.63,10.3,Sandstone,19.34,21.85
VOLVE_15_9_F5,2181.21,18.58,80.1,472.4,5.19,10.52,Sandstone,19.38,21.18
VOLVE_15_9_F5,2181.85,19.37,73.6,448.7,6.95,10.24,Sandstone,19.41,23.73
VOLVE_15_9_F5,2182.5,19.02,66.0,431.6,4.36,9.9,Sandstone,19.45,19.61
VOLVE_15_9_F5,2183.29,18.48,111.7,475.9,5.82,10.23,Sandstone,19.5,25.9
VOLVE_15_9_F5,2184.14,15.51,78.4,412.3,7.32,10.3,Sandstone,19.52,22.22
VOLVE_15_9_F5,2184.58,19.18,79.3,459.1,5.38,10.36,Sandstone,19.55,23.01
VOLVE_15_9_F5,2185.52,14.33,79.7,411.3,1.57,10.45,Sandstone,19.6,20.82
VOLVE_15_9_F5,2186.0,17.06,83.3,452.7,3.99,10.46,Sandstone,19.61,21.86
VOLVE_15_9_F5,2186.42,19.97,91.1,412.2,3.72,10.21,Sandstone,19.63,23.9
VOLVE_15_9_F5,2186.87,21.72,77.6,438.4,6.22,10.13,Sandstone,19.68,22.42
VOLVE_15_9_F5,2187.36,24.62,101.6,427.3,5.63,10.06,Sandstone,19.71,24.2
VOLVE_15_9_F5,2187.81,17.68,93.5,422.5,6.27,10.15,Sandstone,19.76,23.23
VOLVE_15_9_F5,2188.68,16.59,81.7,450.9,5.45,10.3,Sandstone,19.78,22.87
VOLVE_15_9_F5,2189.33,20.06,74.5,357.4,5.65,10.03,Sandstone,19.82,23.37
VOLVE_15_9_F5,2190.31,23.44,100.8,382.3,4.15,10.09,Sandstone,19.84,24.91
VOLVE_15_9_F5,2190.57,22.59,82.1,486.5,5.87,10.31,Sandstone,19.87,25.28
VOLVE_15_9_F5,2191.27,16.18,65.9,460.3,6.08,10.13,Sandstone,19.92,22.13
VOLVE_15_9_F5,2191.54,18.41,99.8,425.4,3.42,10.29,Sandstone,19.96,23.0
VOLVE_15_9_F5,2192.11,20.89,73.6,493.3,4.6,10.11,Sandstone,20.0,24.22
VOLVE_15_9_F5,2192.62,21.07,97.5,428.8,5.78,10.27,Sandstone,20.03,23.51
VOLVE_15_9_F5,2193.36,20.25,46.8,431.2,4.64,10.12,Sandstone,20.08,18.89
VOLVE_15_9_F5,2194.16,17.65,79.0,423.1,6.5,9.95,Sandstone,20.12,22.19
VOLVE_15_9_F5,2194.55,20.24,101.9,530.7,6.22,10.37,Sandstone,20.13,26.67
VOLVE_15_9_F5,2194.9,21.1,84.6,463.8,5.66,10.13,Sandstone,20.16,23.7
VOLVE_15_9_F5,2195.44,16.45,93.5,462.2,5.86,10.19,Sandstone,20.18,23.71
VOLVE_15_9_F5,2195.83,22.11,71.0,473.0,5.97,10.13,Sandstone,20.2,22.98
VOLVE_15_9_F5,2196.57,21.27,89.7,380.3,5.31,10.31,Sandstone,20.24,22.93
VOLVE_15_9_F5,2197.19,16.93,84.6,430.6,4.37,10.28,Sandstone,20.29,22.15
VOLVE_15_9_F5,2198.05,21.1,88.2,472.6,6.41,10.31,Sandstone,20.3,23.85
VOLVE_15_9_F5,2199.03,20.83,115.1,454.2,4.71,10.15,Sandstone,20.32,25.02
VOLVE_15_9_F5,2199.54,20.93,104.1,542.6,5.36,10.23,Sandstone,20.34,23.53
VOLVE_15_9_F5,2200.47,22.74,96.4,433.0,4.1,10.3,Sandstone,20.38,25.64
VOLVE_15_9_F5,2201.29,18.78,96.6,492.1,6.02,10.47,Sandstone,20.42,24.19
VOLVE_15_9_F5,2201.61,19.64,70.9,486.6,6.31,10.28,Sandstone,20.45,22.13
VOLVE_15_9_F5,2202.48,12.21,77.4,460.1,3.14,10.08,Sandstone,20.48,21.41
VOLVE_15_9_F5,2203.06,21.6,61.5,467.4,4.68,10.27,Sandstone,20.53,21.63
VOLVE_15_9_F5,2203.83,21.36,65.4,442.8,4.33,10.21,Sandstone,20.55,21.96
VOLVE_15_9_F5,2204.59,22.21,71.2,375.5,6.36,9.94,Sandstone,20.57,22.06
VOLVE_15_9_F5,2205.5,16.48,84.0,468.4,6.44,9.96,Sandstone,20.6,23.72
VOLVE_15_9_F5,2206.31,21.23,66.1,471.5,4.33,10.23,Sandstone,20.65,24.02
VOLVE_15_9_F5,2207.17,21.38,83.9,477.8,1.47,10.24,Sandstone,20.69,24.81
VOLVE_15_9_F5,2207.62,17.2,82.2,456.9,6.16,10.19,Sandstone,20.73,23.79
VOLVE_15_9_F5,2208.6,21.47,67.5,493.2,5.0,10.37,Sandstone,20.78,22.37
VOLVE_15_9_F5,2209.33,19.99,107.4,419.8,5.47,10.1,Sandstone,20.8,26.15
VOLVE_15_9_F5,2210.15,14.6,64.6,513.2,5.44,10.03,Sandstone,20.84,20.41
VOLVE_15_9_F5,2211.04,20.31,101.2,414.9,4.91,10.11,Sandstone,20.88,22.64
VOLVE_15_9_F5,2211.34,16.93,50.7,450.1,3.53,10.15,Sandstone,20.9,19.15
VOLVE_15_9_F5,2211.81,14.66,82.3,481.7,4.13,10.23,Sandstone,20.93,21.4
VOLVE_15_9_F5,2212.68,19.77,66.5,433.8,5.36,10.12,Sandstone,20.95,21.39
VOLVE_15_9_F5,2213.61,18.69,74.6,484.4,5.86,9.92,Sandstone,21.0,23.24
VOLVE_15_9_F5,2214.42,22.37,111.6,440.7,7.65,9.85,Sandstone,21.01,27.06
VOLVE_15_9_F5,2215.0,19.31,,459.2,5.41,10.26,Sandstone,21.04,23.16
VOLVE_15_9_F5,2215.4,20.81,67.9,447.2,4.72,10.07,Sandstone,21.08,23.06
VOLVE_15_9_F5,2216.02,20.14,91.8,431.4,6.25,9.94,Sandstone,21.11,23.93
VOLVE_15_9_F5,2216.54,21.42,79.1,544.5,3.95,10.33,Sandstone,21.12,23.39
VOLVE_15_9_F5,2217.45,16.65,86.7,420.8,6.5,10.47,Sandstone,21.14,20.16
VOLVE_15_9_F5,2218.1,19.37,70.7,363.0,5.06,10.23,Sandstone,21.19,21.04
VOLVE_15_9_F5,2218.62,18.52,71.5,422.3,4.46,10.28,Sandstone,21.24,20.74
VOLVE_15_9_F5,2219.22,20.51,72.6,459.7,3.77,10.28,Sandstone,21.28,22.33
VOLVE_15_9_F5,2220.16,19.52,96.4,439.4,5.96,9.89,Sandstone,21.29,21.95
VOLVE_15_9_F5,2220.85,17.35,81.0,495.2,4.44,10.37,Sandstone,21.33,20.57
VOLVE_15_9_F5,2221.24,18.04,68.7,493.7,4.54,10.43,Sandstone,21.36,22.0
VOLVE_15_9_F5,2221.84,23.01,86.9,441.7,3.37,10.52,Sandstone,21.39,21.99
VOLVE_15_9_F5,2222.41,14.65,85.6,387.2,4.08,10.18,Sandstone,21.41,20.1
VOLVE_15_9_F5,2222.86,20.66,93.0,403.1,4.57,10.07,Sandstone,21.42,22.6
VOLVE_15_9_F5,2223.65,22.0,77.2,453.2,5.64,10.44,Sandstone,21.44,22.51
VOLVE_15_9_F5,2224.06,20.34,83.3,391.9,4.76,10.32,Sandstone,21.47,22.58
VOLVE_15_9_F5,2224.66,23.83,90.8,439.7,2.33,10.37,Sandstone,21.5,23.7
VOLVE_15_9_F5,2225.21,21.25,69.3,511.3,4.45,10.14,Sandstone,21.53,23.69
VOLVE_15_9_F5,2225.78,19.86,97.7,468.2,3.51,10.28,Sandstone,21.56,22.43
VOLVE_15_9_F5,2226.44,17.74,84.7,456.3,3.62,10.08,Sandstone,21.59,21.09
VOLVE_15_9_F5,2227.18,19.92,67.9,412.8,6.02,10.24,Sandstone,21.63,22.8
VOLVE_15_9_F5,2227.5,20.61,67.8,461.7,2.85,10.19,Sandstone,21.66,21.66
VOLVE_15_9_F5,2227.93,18.92,82.9,444.1,5.3,10.59,Sandstone,21.67,22.7
VOLVE_15_9_F5,2228.75,17.06,76.2,464.0,4.07,10.33,Sandstone,21.68,20.6
VOLVE_15_9_F5,2229.67,15.91,95.7,483.5,4.03,9.92,Sandstone,21.72,22.9
VOLVE_15_9_F5,2229.91,19.38,80.1,490.4,3.77,10.24,Claystone,21.74,22.01
VOLVE_15_9_F5,2230.17,15.22,89.0,459.6,5.09,10.3,Claystone,21.77,24.22
VOLVE_15_9_F5,2231.11,17.75,71.7,474.9,5.19,10.17,Claystone,21.8,22.49
VOLVE_15_9_F5,2231.43,12.85,84.1,434.0,2.35,10.08,Claystone,21.81,19.65
VOLVE_15_9_F5,2232.42,,104.2,499.8,6.83,10.34,Claystone,21.83,26.19
VOLVE_15_9_F5,2233.28,21.82,82.2,419.0,3.77,10.1,Claystone,21.87,24.16
VOLVE_15_9_F5,2233.57,19.13,76.1,446.2,5.33,10.33,Claystone,21.9,23.48
VOLVE_15_9_F5,2233.86,23.51,71.5,503.9,3.77,10.09,Claystone,21.93,25.65
VOLVE_15_9_F5,2234.84,22.31,84.1,435.2,4.72,10.16,Claystone,21.95,24.09
VOLVE_15_9_F5,2235.24,20.14,105.6,400.8,3.86,10.39,Claystone,21.99,25.65
VOLVE_15_9_F5,2235.87,18.66,64.0,438.0,4.0,10.32,Claystone,22.01,21.63
VOLVE_15_9_F5,2236.26,18.07,83.7,510.1,4.64,10.25,Claystone,22.05,23.79
VOLVE_15_9_F5,2236.94,20.35,58.7,363.6,3.33,10.24,Claystone,22.08,21.14
VOLVE_15_9_F5,2237.81,18.6,78.2,458.6,5.22,10.26,Claystone,22.1,24.35
VOLVE_15_9_F5,2238.54,20.32,88.3,429.1,5.69,10.13,Claystone,22.15,24.97
VOLVE_15_9_F5,2238.78,20.51,60.7,447.8,8.0,10.02,Claystone,22.16,23.14
VOLVE_15_9_F5,2239.45,18.38,77.7,440.5,5.93,,Claystone,22.17,22.99
VOLVE_15_9_F5,2240.18,21.7,88.8,492.9,6.7,10.48,Claystone,22.19,27.24
VOLVE_15_9_F5,2240.54,18.39,86.4,456.6,2.83,10.34,Claystone,22.24,24.42
VOLVE_15_9_F5,2241.35,19.02,89.5,494.9,2.7,10.29,Claystone,22.28,24.63
VOLVE_15_9_F5,2242.05,16.52,69.8,505.8,4.18,10.07,Claystone,22.32,22.58
VOLVE_15_9_F5,2242.26,18.29,88.7,455.7,7.12,10.38,Claystone,22.35,26.77
VOLVE_15_9_F5,2243.22,24.37,75.4,440.1,8.29,10.32,Claystone,22.36,26.42
VOLVE_15_9_F5,2243.78,16.72,95.1,469.6,4.11,10.36,Claystone,22.41,23.67
VOLVE_15_9_F5,2244.16,20.07,49.7,477.3,3.85,10.4,Claystone,22.42,21.2
VOLVE_15_9_F5,2244.43,17.84,80.0,408.4,5.46,10.49,Claystone,22.44,23.0
VOLVE_15_9_F5,2244.93,13.44,85.9,463.9,4.26,10.08,Claystone,22.49,18.47
VOLVE_15_9_F5,2245.38,20.38,104.6,444.3,5.2,10.06,Claystone,22.51,26.98
VOLVE_15_9_F5,2245.82,17.59,85.7,437.7,5.63,10.27,Claystone,22.55,22.09
VOLVE_15_9_F5,2246.65,19.78,87.2,426.9,8.35,10.11,Claystone,22.59,24.31
VOLVE_15_9_F5,2247.37,21.46,90.0,429.5,6.85,10.08,Claystone,22.64,24.11
VOLVE_15_9_F5,2247.68,19.58,103.2,504.7,7.55,10.43,Claystone,22.67,25.66
VOLVE_15_9_F5,2248.44,19.81,78.7,439.9,2.75,10.1,Claystone,22.7,23.0
VOLVE_15_9_F5,2249.22,16.83,63.3,500.2,5.75,10.25,Claystone,22.73,23.25
VOLVE_15_9_F5,2249.83,20.77,60.5,459.7,3.64,10.01,Claystone,22.78,24.09
VOLVE_15_9_F5,2250.83,18.53,94.3,409.2,7.09,10.26,Claystone,22.82,26.29
VOLVE_15_9_F5,2251.26,14.01,87.7,462.1,6.21,10.43,Claystone,22.86,22.03
VOLVE_15_9_F5,2251.5,21.07,80.5,407.0,5.83,10.43,Claystone,22.91,23.56
VOLVE_15_9_F5,2251.73,21.84,75.6,478.8,4.21,10.41,Claystone,22.95,25.02
VOLVE_15_9_F5,2252.18,22.71,87.1,446.2,4.77,10.24,Claystone,23.0,24.32
VOLVE_15_9_F5,2252.78,24.44,87.5,488.7,5.03,10.42,Claystone,23.02,25.06
VOLVE_15_9_F5,2253.04,20.95,91.6,511.8,6.17,10.32,Claystone,23.07,25.62
VOLVE_15_9_F5,2253.7,20.3,67.7,385.1,5.33,10.19,Claystone,23.11,22.46
VOLVE_15_9_F5,2254.62,21.75,57.9,436.1,6.53,10.31,Claystone,23.12,20.69
VOLVE_15_9_F5,2255.45,16.8,70.7,406.1,6.51,10.38,Claystone,23.16,22.75
VOLVE_15_9_F5,2256.19,14.84,64.1,540.8,3.28,10.05,Claystone,23.19,21.49
VOLVE_15_9_F5,2256.92,17.84,63.3,436.9,5.13,10.09,Claystone,23.23,22.7
VOLVE_15_9_F5,2257.71,22.22,107.9,401.9,6.17,10.23,Claystone,23.25,24.42
VOLVE_15_9_F5,2258.3,17.38,50.3,544.1,4.21,10.07,Claystone,23.28,20.61
VOLVE_15_9_F5,2258.82,20.2,91.4,425.5,6.32,10.07,Claystone,23.31,24.11
VOLVE_15_9_F5,2259.27,20.47,98.0,389.6,5.9,10.19,Claystone,23.33,24.38
VOLVE_15_9_F5,2259.55,19.65,99.2,408.2,4.57,10.4,Claystone,23.38,24.0
VOLVE_15_9_F5,2260.2,15.85,88.5,460.2,4.58,10.4,Claystone,23.41,23.38
VOLVE_15_9_F5,2260.77,19.9,104.1,456.4,4.93,10.3,Claystone,23.44,25.09
VOLVE_15_9_F5,2261.07,17.99,111.1,421.1,4.41,10.28,Claystone,23.48,23.3
VOLVE_15_9_F5,2261.48,23.3,79.8,435.1,5.19,10.57,Claystone,23.5,26.52
VOLVE_15_9_F5,2262.31,21.89,91.1,456.6,3.78,10.17,Claystone,23.52,24.65
VOLVE_15_9_F5,2262.72,18.09,103.5,507.5,5.75,10.29,Claystone,23.54,24.26
VOLVE_15_9_F5,2263.26,23.47,71.4,467.9,6.87,10.17,Claystone,23.59,22.93
VOLVE_15_9_F5,2263.59,19.91,80.7,432.0,5.06,10.06,Claystone,23.64,23.75
VOLVE_15_9_F5,2263.92,14.88,75.0,445.4,5.6,10.43,Claystone,23.67,21.71
VOLVE_15_9_F5,2264.73,18.86,91.3,485.3,5.25,10.21,Sandstone,23.69,21.73
VOLVE_15_9_F5,2264.98,23.15,55.9,521.7,3.69,10.36,Sandstone,23.72,22.21
VOLVE_15_9_F5,2265.41,17.01,105.9,410.3,7.53,10.22,Sandstone,23.75,22.43
VOLVE_15_9_F5,2266.4,18.89,92.3,499.1,2.18,10.44,Sandstone,23.79,20.33
VOLVE_15_9_F5,2266.98,15.67,93.2,442.0,4.82,10.11,Sandstone,23.81,21.49
VOLVE_15_9_F5,2267.66,16.07,48.9,389.6,3.26,10.43,Sandstone,23.82,17.2
VOLVE_15_9_F5,2268.37,16.99,68.7,381.6,6.46,10.39,Sandstone,23.87,18.41
VOLVE_15_9_F5,2268.73,16.01,106.7,507.9,5.3,9.99,Sandstone,23.9,23.71
VOLVE_15_9_F5,2269.23,17.53,81.7,512.7,7.87,10.18,Sandstone,23.92,23.39
VOLVE_15_9_F5,2269.75,23.42,58.5,431.8,5.03,10.41,Sandstone,23.97,19.93
VOLVE_15_9_F5,2270.13,18.99,87.6,446.1,4.11,10.5,Sandstone,23.99,21.94
VOLVE_15_9_F5,2270.52,21.05,94.5,383.2,3.26,10.36,Sandstone,24.03,22.17
VOLVE_15_9_F5,2271.2,21.81,92.3,485.0,6.68,10.2,Sandstone,24.05,23.95
VOLVE_15_9_F5,2271.49,16.31,82.1,453.4,3.7,10.11,Sandstone,24.1,19.93
VOLVE_15_9_F5,2271.79,17.01,101.4,392.5,4.55,10.34,Sandstone,24.11,20.95
VOLVE_15_9_F5,2272.45,21.0,73.8,462.7,6.47,10.19,Sandstone,24.16,23.19
VOLVE_15_9_F5,2273.01,17.51,92.4,399.0,6.23,10.2,Sandstone,24.2,21.81
VOLVE_15_9_F5,2273.7,20.84,86.3,476.8,4.44,10.22,Sandstone,24.22,20.84
VOLVE_15_9_F5,2273.92,23.29,82.3,411.2,4.79,10.39,Sandstone,24.24,20.31
VOLVE_15_9_F5,2274.69,15.46,78.6,468.0,2.46,10.53,Sandstone,24.28,17.59
VOLVE_15_9_F5,2275.57,18.21,79.2,428.4,2.36,10.41,Sandstone,24.29,18.8
VOLVE_15_9_F5,2276.19,18.61,84.8,359.9,5.86,10.26,Sandstone,24.31,20.09
VOLVE_15_9_F5,2277.06,17.79,79.9,494.4,5.85,10.12,Sandstone,24.34,21.07
VOLVE_15_9_F5,2277.58,17.59,95.3,496.6,5.44,10.36,Sandstone,24.36,22.04
VOLVE_15_9_F5,2277.84,17.88,76.3,433.7,4.98,10.51,Sandstone,24.39,20.41
VOLVE_15_9_F5,2278.34,19.08,107.8,465.5,4.49,10.41,Sandstone,24.42,22.8
VOLVE_15_9_F5,2278.9,19.53,75.6,472.1,6.65,10.29,Sandstone,24.43,22.97
VOLVE_15_9_F5,2279.79,21.5,98.1,473.4,3.27,10.19,Sandstone,24.46,21.51
VOLVE_15_9_F5,2280.26,19.06,98.7,523.6,4.63,10.31,Sandstone,24.47,23.42
VOLVE_15_9_F5,2280.71,21.92,86.8,471.2,5.47,10.43,Sandstone,24.52,23.29
VOLVE_15_9_F5,2281.62,17.65,85.4,440.3,4.87,10.3,Sandstone,24.53,19.71
VOLVE_15_9_F5,2282.03,16.12,73.4,471.7,4.55,10.25,Sandstone,24.57,20.39
VOLVE_15_9_F5,2282.74,18.37,76.5,437.4,4.18,10.16,Sandstone,24.61,21.09
VOLVE_15_9_F5,2283.2,20.29,87.6,411.9,5.79,10.65,Sandstone,24.65,21.75
VOLVE_15_9_F5,2284.16,21.29,83.6,503.4,3.71,10.13,Sandstone,24.67,20.18
VOLVE_15_9_F5,2284.51,22.79,102.0,475.9,5.41,10.11,Sandstone,24.69,25.23
VOLVE_15_9_F5,2285.29,19.87,77.5,380.1,5.47,10.29,Sandstone,24.72,20.97
VOLVE_15_9_F5,2285.93,21.03,78.4,427.2,4.67,10.23,Sandstone,24.76,22.21
VOLVE_15_9_F5,2286.92,22.57,59.3,484.9,4.93,10.42,Sandstone,24.8,17.61
VOLVE_15_9_F5,2287.91,17.2,93.9,392.0,5.22,10.42,Sandstone,24.81,20.09
VOLVE_15_9_F5,2288.75,18.63,92.6,424.5,2.95,10.08,Sandstone,24.85,19.79
VOLVE_15_9_F5,2289.03,26.08,98.9,561.0,3.83,10.15,Sandstone,24.87,26.77
VOLVE_15_9_F5,2289.6,21.3,99.8,441.3,5.57,10.13,Sandstone,24.9,21.99
VOLVE_15_9_F5,2290.49,20.44,96.1,497.9,4.55,10.38,Sandstone,24.93,24.42
VOLVE_15_9_F5,2291.2,21.4,96.7,514.6,4.72,10.33,Sandstone,24.94,24.53
VOLVE_15_9_F5,2292.1,15.83,93.4,418.2,5.51,10.21,Sandstone,24.99,20.65
VOLVE_15_9_F5,2292.94,17.55,95.7,465.2,3.83,10.3,Sandstone,25.03,22.62
VOLVE_15_9_F5,2293.39,16.64,56.6,536.9,1.45,10.1,Sandstone,25.05,17.77
VOLVE_15_9_F5,2293.75,20.22,67.8,473.0,6.82,10.15,Sandstone,25.06,20.56
VOLVE_15_9_F5,2294.21,18.25,65.3,549.2,6.07,10.07,Sandstone,25.1,22.07
VOLVE_15_9_F5,2294.96,19.42,103.3,429.1,6.73,10.29,Sandstone,25.14,21.67
VOLVE_15_9_F5,2295.55,18.4,72.5,526.5,3.4,10.29,Sandstone,25.16,19.46
VOLVE_15_9_F5,2295.78,15.12,74.9,455.3,4.39,10.12,Sandstone,25.18,19.01
VOLVE_15_9_F5,2296.58,21.4,84.4,441.5,3.67,10.33,Sandstone,25.21,20.89
VOLVE_15_9_F5,2296.81,14.78,65.6,480.2,4.24,10.42,Sandstone,25.24,20.57
VOLVE_15_9_F5,2297.34,17.37,90.0,450.1,4.5,10.11,Sandstone,25.26,21.91
VOLVE_15_9_F5,2297.91,15.9,52.3,451.2,2.92,10.22,Sandstone,25.29,17.11
VOLVE_15_9_F5,2298.51,16.99,66.6,474.0,5.13,10.34,Sandstone,25.32,18.65
VOLVE_15_9_F5,2298.82,19.7,87.2,382.3,4.77,10.27,Sandstone,25.34,21.41
VOLVE_15_9_F5,2299.62,22.29,65.6,422.7,7.06,10.06,Sandstone,25.36,22.81
VOLVE_15_9_F5,2300.5,15.3,103.7,483.5,5.04,10.2,Sandstone,25.38,21.49
VOLVE_15_9_F5,2301.26,17.81,84.9,494.3,1.82,10.2,Sandstone,25.39,19.72
VOLVE_15_9_F5,2302.22,14.84,101.2,468.9,2.68,10.24,Sandstone,25.44,18.73
VOLVE_15_9_F5,2302.63,17.7,89.6,465.6,7.45,10.25,Sandstone,25.45,21.4
VOLVE_15_9_F5,2302.95,19.39,84.1,470.7,4.58,10.5,Sandstone,25.46,21.54
VOLVE_15_9_F5,2303.21,21.13,69.3,492.9,5.23,10.24,Sandstone,25.51,21.11
VOLVE_15_9_F5,2303.99,13.92,98.2,397.6,4.74,10.01,Sandstone,25.55,20.49
VOLVE_15_9_F5,2304.31,20.59,90.9,434.2,6.92,10.28,Sandstone,25.6,22.97
VOLVE_15_9_F5,2305.27,16.79,115.5,451.6,2.96,10.53,Sandstone,25.61,21.29
VOLVE_15_9_F5,2305.94,16.18,96.7,462.4,6.5,10.24,Sandstone,25.65,21.49
VOLVE_15_9_F5,2306.79,19.4,78.3,370.2,6.43,10.2,Sandstone,25.69,19.06
VOLVE_15_9_F5,2307.34,20.8,88.6,404.3,5.21,10.22,Sandstone,25.73,21.11
VOLVE_15_9_F5,2308.12,18.98,90.6,453.9,5.56,10.36,Sandstone,25.74,20.33
VOLVE_15_9_F5,2308.68,16.5,101.7,495.1,4.57,10.22,Sandstone,25.77,21.76
VOLVE_15_9_F5,2309.31,,104.1,437.9,3.25,10.04,Sandstone,25.79,20.92
VOLVE_15_9_F5,2310.13,17.43,81.8,427.9,5.49,10.17,Sandstone,25.83,20.5
VOLVE_15_9_F5,2310.52,20.75,66.0,475.8,5.15,10.26,Sandstone,25.85,20.65
VOLVE_15_9_F5,2311.43,21.93,56.4,441.5,5.14,10.35,Sandstone,25.88,20.47
VOLVE_15_9_F5,2312.2,21.78,67.1,489.9,5.55,10.18,Sandstone,25.91,20.39
VOLVE_15_9_F5,2313.0,19.2,75.3,445.8,4.13,10.23,Sandstone,25.96,20.84
VOLVE_15_9_F5,2313.39,22.06,106.8,410.0,7.38,10.28,Sandstone,26.01,22.22
VOLVE_15_9_F5,2313.66,16.7,107.0,511.5,5.12,10.15,Sandstone,26.04,21.07
VOLVE_15_9_F5,2313.92,23.71,98.6,504.1,6.26,10.26,Sandstone,26.06,24.07
VOLVE_15_9_F5,2314.63,16.69,102.7,416.4,4.72,10.34,Sandstone,26.11,21.93
VOLVE_15_9_F5,2314.95,14.18,73.6,470.5,5.64,10.09,Sandstone,26.12,18.15
VOLVE_15_9_F5,2315.95,22.68,61.5,441.6,5.09,10.32,Sandstone,26.14,18.78
VOLVE_15_9_F5,2316.92,17.49,69.1,479.4,4.51,10.11,Sandstone,26.16,18.9
VOLVE_15_9_F5,2317.15,19.56,53.7,419.6,6.01,10.11,Sandstone,26.2,18.75
VOLVE_15_9_F5,2317.93,16.69,67.5,489.5,2.45,10.17,Sandstone,26.22,20.93
VOLVE_15_9_F5,2318.34,25.18,76.6,502.4,5.08,10.48,Sandstone,26.24,23.15
VOLVE_15_9_F5,2318.81,23.83,86.7,416.7,4.71,10.02,Sandstone,26.25,21.64
VOLVE_15_9_F5,2319.2,23.14,86.2,457.3,5.83,10.2,Sandstone,26.29,22.5
VOLVE_15_9_F5,2320.06,19.5,73.9,503.3,5.24,10.27,Sandstone,26.33,22.53
VOLVE_15_9_F5,2320.98,21.74,92.7,414.6,5.33,10.45,Sandstone,26.36,21.55
VOLVE_15_9_F5,2321.21,19.15,74.1,427.9,3.98,10.57,Sandstone,26.38,19.46
VOLVE_15_9_F5,2321.63,22.09,84.3,481.1,5.22,10.21,Sandstone,26.43,22.11
VOLVE_15_9_F5,2322.19,18.26,67.5,448.2,5.04,10.35,Sandstone,26.45,20.33
VOLVE_15_9_F5,2322.8,23.25,100.5,391.6,5.39,10.26,Sandstone,26.48,22.01
VOLVE_15_9_F5,2323.07,18.14,84.5,441.8,6.23,10.26,Sandstone,26.52,21.58
VOLVE_15_9_F5,2323.94,18.43,94.4,524.5,5.81,10.32,Sandstone,26.55,23.17
VOLVE_15_9_F5,2324.89,18.13,65.9,537.2,4.64,10.04,Sandstone,26.59,21.15
VOLVE_15_9_F5,2325.41,19.78,86.8,429.2,2.27,10.27,Sandstone,26.61,20.34
VOLVE_15_9_F5,2326.29,18.33,92.8,418.1,4.78,10.34,Sandstone,26.65,19.03
VOLVE_15_9_F5,2327.03,20.53,53.5,436.3,5.41,10.15,Sandstone,26.68,19.09
VOLVE_15_9_F5,2327.71,18.11,101.7,526.7,4.82,10.34,Sandstone,26.72,21.44
VOLVE_15_9_F5,2328.56,21.29,65.4,488.3,5.26,10.02,Sandstone,26.76,20.4
VOLVE_15_9_F5,2329.14,23.11,87.3,513.2,5.12,10.29,Sandstone,26.79,22.65
VOLVE_15_9_F5,2329.78,19.51,111.0,494.6,5.7,10.48,Sandstone,26.8,23.14
VOLVE_15_9_F5,2330.2,24.87,98.5,401.9,7.4,10.24,Sandstone,26.83,22.76
VOLVE_15_9_F5,2330.97,22.14,61.8,416.7,5.86,10.13,Sandstone,26.86,18.77
VOLVE_15_9_F5,2331.3,24.67,81.5,426.8,3.89,10.06,Sandstone,26.91,20.95
VOLVE_15_9_F5,2331.69,19.17,102.7,433.8,3.28,10.34,Sandstone,26.95,22.84
VOLVE_15_9_F5,2332.28,15.18,71.9,427.5,4.98,10.42,Sandstone,26.98,18.64
VOLVE_15_9_F5,2332.78,17.57,78.8,432.2,6.16,10.27,Sandstone,27.03,18.84
VOLVE_15_9_F5,2333.18,17.82,78.3,480.3,2.79,10.21,Sandstone,27.07,21.21
VOLVE_15_9_F5,2333.53,16.95,92.7,460.1,4.66,9.99,Sandstone,27.12,20.42
VOLVE_15_9_F5,2334.42,13.85,61.1,503.5,7.01,10.3,Sandstone,27.14,20.43
VOLVE_15_9_F5,2335.09,21.9,93.6,464.7,5.05,10.17,Sandstone,27.16,22.64
VOLVE_15_9_F5,2335.59,14.69,74.8,427.6,7.48,10.18,Sandstone,27.21,19.33
VOLVE_15_9_F5,2336.47,21.67,84.0,462.2,4.22,10.52,Sandstone,27.24,22.17
VOLVE_15_9_F5,2337.33,24.81,80.8,394.2,4.67,10.01,Sandstone,27.27,23.17
VOLVE_15_9_F5,2337.62,17.4,93.2,362.2,4.12,10.03,Sandstone,27.3,19.18
VOLVE_15_9_F5,2338.27,20.32,83.8,480.4,3.55,10.31,Sandstone,27.31,22.37
VOLVE_15_9_F5,2338.72,18.36,105.8,495.4,3.21,10.22,Sandstone,27.33,20.94
VOLVE_15_9_F5,2339.35,21.43,99.0,457.6,5.15,10.2,Sandstone,27.35,21.93
VOLVE_15_9_F5,2340.12,16.37,72.2,439.0,4.73,10.32,Sandstone,27.38,18.6
VOLVE_15_9_F5,2340.33,19.03,104.6,401.0,4.42,10.32,Sandstone,27.41,21.79
VOLVE_15_9_F5,2340.94,22.17,88.9,501.4,4.76,10.13,Sandstone,27.45,22.08
VOLVE_15_9_F5,2341.37,19.24,86.7,474.4,6.77,10.19,Sandstone,27.46,23.08
VOLVE_15_9_F5,2342.0,15.3,96.9,466.3,6.0,10.29,Sandstone,27.47,21.33
VOLVE_15_9_F5,2342.29,22.47,68.5,454.5,4.74,10.31,Sandstone,27.5,20.68
VOLVE_15_9_F5,2343.14,16.13,63.5,435.9,4.92,10.35,Sandstone,27.52,16.91
VOLVE_15_9_F5,2343.78,19.57,84.5,410.2,3.07,10.19,Sandstone,27.56,21.05
VOLVE_15_9_F5,2344.15,20.83,75.0,464.8,5.32,10.33,Sandstone,27.59,18.79
VOLVE_15_9_F5,2344.96,19.68,115.2,433.1,5.42,10.42,Sandstone,27.61,22.61
VOLVE_15_9_F5,2345.19,25.72,72.7,437.7,4.96,10.29,Sandstone,27.64,20.75
VOLVE_15_9_F5,2345.87,21.22,84.7,523.4,5.22,10.27,Sandstone,27.68,23.22
VOLVE_15_9_F5,2346.47,18.88,87.0,452.8,4.85,10.25,Sandstone,27.69,19.17
VOLVE_15_9_F5,2346.7,20.89,102.6,356.6,3.84,10.19,Sandstone,27.73,20.09
VOLVE_15_9_F5,2347.1,19.91,69.2,,6.85,10.14,Sandstone,27.75,20.77
VOLVE_15_9_F5,2347.36,19.5,60.0,414.6,5.8,10.24,Sandstone,27.77,19.53
VOLVE_15_9_F5,2348.15,,105.0,449.1,4.91,10.35,Sandstone,27.8,20.98
VOLVE_15_9_F5,2348.91,18.31,85.3,397.7,2.82,10.15,Sandstone,27.83,19.0
VOLVE_15_9_F5,2349.18,19.93,96.3,472.0,2.29,10.27,Sandstone,27.87,21.94
VOLVE_15_9_F5,2349.47,18.13,97.0,442.9,7.49,10.25,Sandstone,27.91,21.93
VOLVE_15_9_F5,2350.38,14.66,99.6,435.7,4.6,10.55,Sandstone,27.94,18.73
VOLVE_15_9_F5,2350.74,22.25,78.5,460.7,6.1,10.39,Sandstone,27.96,20.61
VOLVE_15_9_F5,2351.18,,74.4,451.6,3.6,10.39,Sandstone,28.0,17.78
VOLVE_15_9_F5,2351.93,19.76,54.2,449.3,4.22,10.42,Sandstone,28.02,18.62
VOLVE_15_9_F5,2352.17,17.51,69.2,445.7,4.31,10.2,Sandstone,28.06,19.74
VOLVE_15_9_F5,2353.13,17.59,85.0,453.9,5.15,10.49,Sandstone,28.09,19.95
VOLVE_15_9_F5,2353.35,16.82,73.6,468.4,4.73,10.31,Sandstone,28.11,18.18
VOLVE_15_9_F5,2354.23,21.79,67.0,463.4,3.86,10.28,Sandstone,28.15,21.9
VOLVE_15_9_F5,2354.72,22.39,84.9,499.8,4.17,10.1,Sandstone,28.18,19.73
VOLVE_15_9_F5,2355.04,19.48,104.3,432.8,5.22,10.22,Sandstone,28.23,22.41
VOLVE_15_9_F5,2355.54,18.08,83.3,464.2,2.77,10.02,Sandstone,28.27,20.05
VOLVE_15_9_F5,2356.52,15.19,67.1,552.6,3.39,10.25,Sandstone,28.29,18.93
VOLVE_15_9_F5,2357.14,21.42,103.2,453.1,5.29,10.2,Sandstone,28.31,21.25
VOLVE_15_9_F5,2357.39,17.74,72.5,454.6,5.16,10.23,Sandstone,28.32,19.07
VOLVE_15_9_F5,2358.34,16.64,106.3,404.2,6.9,10.08,Sandstone,28.34,20.8
VOLVE_15_9_F5,2358.66,19.51,80.2,426.2,4.39,10.39,Sandstone,28.36,19.65
VOLVE_15_9_F5,2358.9,18.6,85.6,450.5,5.0,10.38,Sandstone,28.38,18.46
VOLVE_15_9_F5,2359.14,15.64,107.5,476.1,2.78,10.54,Sandstone,28.41,21.27
VOLVE_15_9_F5,2360.0,15.99,63.8,480.7,4.8,10.54,Sandstone,28.44,18.66
VOLVE_15_9_F5,2360.32,20.28,68.3,467.8,3.76,10.31,Sandstone,28.45,19.48
VOLVE_15_9_F5,2360.67,17.8,79.2,486.9,4.42,10.44,Sandstone,28.48,19.91
VOLVE_15_9_F5,2361.62,20.72,82.0,414.7,5.67,10.33,Sandstone,28.52,21.9
VOLVE_15_9_F5,2362.31,19.82,123.7,474.3,6.26,10.22,Sandstone,28.54,22.21
VOLVE_15_9_F5,2362.74,22.07,70.8,455.3,3.3,10.25,Sandstone,28.59,19.05
VOLVE_15_9_F5,2363.41,17.37,64.5,459.7,5.49,10.38,Sandstone,28.63,19.11
VOLVE_15_9_F5,2363.8,20.04,70.1,440.2,4.81,10.9,Sandstone,28.68,19.58
VOLVE_15_9_F5,2364.4,21.05,87.6,416.6,6.73,10.46,Sandstone,28.71,19.78
VOLVE_15_9_F5,2364.86,17.89,91.5,406.1,6.74,10.33,Sandstone,28.76,20.98
VOLVE_15_9_F5,2365.56,22.28,73.5,467.6,7.03,10.36,Sandstone,28.78,21.31
VOLVE_15_9_F5,2366.37,15.3,84.4,474.6,2.93,10.36,Sandstone,28.82,17.65
VOLVE_15_9_F5,2366.85,17.39,113.3,449.6,5.75,10.28,Sandstone,28.84,21.45
VOLVE_15_9_F5,2367.16,15.21,84.6,454.1,2.75,10.4,Sandstone,28.86,18.66
VOLVE_15_9_F5,2367.65,17.63,88.9,425.9,6.48,10.27,Sandstone,28.9,19.79
VOLVE_15_9_F5,2368.45,19.09,112.4,474.9,7.14,10.14,Sandstone,28.94,22.61
VOLVE_15_9_F5,2369.28,21.56,73.6,457.2,6.22,10.36,Sandstone,28.95,21.0
VOLVE_15_9_F5,2370.11,19.09,72.6,440.1,4.3,10.38,Sandstone,28.97,20.07
VOLVE_15_9_F5,2371.09,18.0,77.0,489.4,5.43,10.27,Sandstone,29.0,19.76
VOLVE_15_9_F5,2371.95,15.61,76.2,480.5,3.88,10.34,Sandstone,29.04,17.96
VOLVE_15_9_F5,2372.93,16.46,56.8,393.3,4.35,10.44,Sandstone,29.09,16.93
VOLVE_15_9_F5,2373.63,20.27,86.1,456.7,5.01,10.28,Sandstone,29.1,21.69
VOLVE_15_9_F5,2374.01,21.7,87.3,416.4,2.86,10.22,Sandstone,29.11,20.98
VOLVE_15_9_F5,2374.7,18.45,81.3,460.3,3.91,10.19,Sandstone,29.13,19.1
VOLVE_15_9_F5,2375.06,22.53,87.8,328.7,8.07,10.25,Sandstone,29.16,20.76
VOLVE_15_9_F5,2375.33,17.13,87.9,462.6,4.76,10.52,Sandstone,29.2,20.93
VOLVE_15_9_F5,2375.77,18.53,64.3,483.2,4.82,10.26,Sandstone,29.23,19.35
VOLVE_15_9_F5,2376.26,18.74,88.4,450.3,5.0,10.35,Sandstone,29.27,20.01
VOLVE_15_9_F5,2377.02,23.33,92.4,408.2,4.99,10.24,Sandstone,29.28,22.35
VOLVE_15_9_F5,2377.51,19.84,60.1,533.0,4.73,10.23,Sandstone,29.3,18.87
VOLVE_15_9_F5,2377.72,15.01,106.0,501.0,4.45,10.16,Sandstone,29.33,20.12
VOLVE_15_9_F5,2378.65,21.89,65.5,433.5,2.21,10.31,Sandstone,29.36,20.67
VOLVE_15_9_F5,2379.32,24.13,67.0,444.3,6.12,10.22,Sandstone,29.4,21.07
VOLVE_15_9_F5,2379.69,18.89,87.1,375.5,6.94,10.48,Sandstone,29.45,20.94
VOLVE_15_9_F5,2380.09,17.28,92.1,473.7,3.54,10.28,Sandstone,29.46,19.51
VOLVE_15_9_F5,2380.39,21.68,95.7,400.0,4.89,10.29,Sandstone,29.51,20.22
VOLVE_15_9_F5,2381.32,24.44,92.5,481.4,7.39,10.27,Sandstone,29.53,23.91
VOLVE_15_9_F5,2381.7,21.65,76.3,495.8,4.17,10.35,Sandstone,29.55,18.38
VOLVE_15_9_F5,2382.65,15.47,85.7,452.0,5.14,10.52,Sandstone,29.56,18.57
VOLVE_15_9_F5,2383.06,21.42,79.3,412.2,10.31,10.14,Sandstone,29.59,22.27
VOLVE_15_9_F5,2383.9,20.55,86.7,504.7,5.91,10.34,Sandstone,29.6,21.69
VOLVE_15_9_F5,2384.11,17.15,85.1,454.9,4.9,10.06,Sandstone,29.62,17.24
VOLVE_15_9_F5,2384.7,22.76,76.5,458.5,6.25,10.48,Sandstone,29.65,19.16
VOLVE_15_9_F5,2385.19,20.64,78.8,417.5,5.97,10.28,Sandstone,29.7,19.84
VOLVE_15_9_F5,2385.66,22.83,56.3,462.5,4.1,10.07,Sandstone,29.74,19.76
VOLVE_15_9_F5,2386.66,16.89,96.5,446.7,2.88,10.1,Sandstone,29.78,19.68
VOLVE_15_9_F5,2387.43,20.55,88.5,401.6,5.89,10.42,Sandstone,29.82,19.9
VOLVE_15_9_F5,2387.84,17.31,49.4,508.4,5.19,10.05,Sandstone,29.87,18.28
VOLVE_15_9_F5,2388.64,20.17,95.9,525.1,4.9,10.34,Sandstone,29.88,21.78
VOLVE_15_9_F5,2388.94,23.25,83.2,495.5,7.32,10.23,Sandstone,29.93,21.76
VOLVE_15_9_F5,2389.88,15.99,70.0,489.5,6.22,10.27,Sandstone,29.95,19.1
VOLVE_15_9_F5,2390.42,16.14,68.6,525.4,5.41,10.2,Sandstone,29.98,17.82
VOLVE_15_9_F5,2390.78,21.95,73.7,412.9,4.75,10.15,Sandstone,30.02,20.28
VOLVE_15_9_F5,2391.2,19.53,70.0,412.4,2.3,10.22,Sandstone,30.03,17.45
VOLVE_15_9_F5,2391.52,22.49,72.1,438.2,4.9,10.38,Sandstone,30.04,20.31
VOLVE_15_9_F5,2392.46,17.55,109.5,466.7,3.02,10.25,Sandstone,30.07,20.44
VOLVE_15_9_F5,2392.91,19.7,89.6,443.1,2.29,10.36,Sandstone,30.11,19.1
VOLVE_15_9_F5,2393.22,21.29,114.6,414.0,6.41,10.26,Sandstone,30.16,22.22
VOLVE_15_9_F5,2394.07,20.1,87.4,455.0,6.53,10.39,Sandstone,30.17,22.06
VOLVE_15_9_F5,2394.44,15.11,92.7,451.0,2.41,10.36,Sandstone,30.19,16.93
VOLVE_15_9_F5,2394.72,26.64,70.8,488.4,5.15,10.22,Sandstone,30.23,22.23
VOLVE_15_9_F5,2395.45,20.11,81.5,456.6,5.01,10.16,Sandstone,30.25,21.1
VOLVE_15_9_F5,2395.66,16.23,82.8,378.6,4.35,10.44,Sandstone,30.27,17.34
VOLVE_15_9_F5,2396.53,20.37,93.3,470.2,3.58,10.18,Sandstone,30.3,21.26
VOLVE_15_9_F5,2397.18,20.66,83.3,518.1,6.71,10.37,Sandstone,30.34,20.45
VOLVE_15_9_F5,2397.57,22.08,89.3,456.0,3.7,10.3,Sandstone,30.36,21.78
VOLVE_15_9_F5,2398.15,21.91,88.7,494.3,2.96,10.23,Sandstone,30.37,17.97
VOLVE_15_9_F5,2398.56,19.06,79.5,434.6,3.26,10.36,Sandstone,30.38,20.22
VOLVE_15_9_F5,2399.19,15.29,77.9,477.4,5.12,10.5,Sandstone,30.41,16.74
VOLVE_15_9_F5,2399.85,20.75,74.0,425.0,4.66,10.39,Sandstone,30.43,19.19
VOLVE_15_9_F5,2400.66,15.5,100.2,444.9,3.97,10.32,Sandstone,30.46,17.86
VOLVE_15_9_F5,2401.24,22.64,79.5,445.3,5.86,10.54,Sandstone,30.51,21.82
VOLVE_15_9_F5,2402.07,17.78,88.9,473.9,5.33,10.05,Sandstone,30.53,19.58
VOLVE_15_9_F5,2402.32,21.2,81.6,421.8,2.36,10.13,Sandstone,30.55,18.66
VOLVE_15_9_F5,2403.26,17.97,99.9,396.2,5.74,10.23,Sandstone,30.56,20.54
VOLVE_15_9_F5,2403.61,18.38,54.2,473.6,5.88,10.51,Sandstone,30.61,18.19
VOLVE_15_9_F5,2404.48,17.62,88.5,472.1,4.77,10.44,Sandstone,30.64,18.88
VOLVE_15_9_F5,2405.07,21.41,65.2,459.3,4.62,10.04,Sandstone,30.68,18.19
VOLVE_15_9_F5,2405.36,18.07,89.8,492.1,7.25,10.24,Sandstone,30.72,19.06
VOLVE_15_9_F5,2405.84,21.54,81.8,446.7,4.31,10.1,Sandstone,30.77,21.56
VOLVE_15_9_F5,2406.78,18.14,61.8,466.1,4.36,10.3,Sandstone,30.82,18.15
VOLVE_15_9_F5,2407.65,19.05,89.0,440.8,5.45,10.44,Sandstone,30.84,19.8
VOLVE_15_9_F5,2408.42,19.72,87.3,444.5,5.14,10.45,Sandstone,30.87,20.05
VOLVE_15_9_F5,2408.93,20.02,80.5,468.4,4.68,10.34,Sandstone,30.92,17.35
VOLVE_15_9_F5,2409.6,17.33,82.4,545.5,4.9,10.24,Sandstone,30.95,19.21
VOLVE_15_9_F5,2409.98,21.4,,484.5,7.1,10.29,Sandstone,31.0,20.69
VOLVE_15_9_F5,2410.7,18.96,101.6,476.8,6.2,10.41,Sandstone,31.04,21.51
VOLVE_15_9_F5,2411.11,21.0,79.3,485.8,4.99,10.66,Sandstone,31.08,18.2
VOLVE_15_9_F5,2411.97,19.61,99.2,360.9,4.22,10.13,Sandstone,31.11,20.35
VOLVE_15_9_F5,2412.74,21.12,83.4,467.6,4.27,10.54,Sandstone,31.15,21.41
VOLVE_15_9_F5,2413.25,18.62,103.4,491.2,6.37,10.34,Sandstone,31.17,18.97
VOLVE_15_9_F5,2413.97,17.68,80.4,458.2,2.89,10.43,Sandstone,31.19,18.17
VOLVE_15_9_F5,2414.43,20.72,74.0,453.1,7.86,10.33,Sandstone,31.23,20.13
VOLVE_15_9_F5,2414.76,18.42,67.5,417.2,,10.52,Sandstone,31.28,18.49
VOLVE_15_9_F5,2415.15,23.31,83.5,437.5,3.7,10.35,Sandstone,31.32,17.78
VOLVE_15_9_F5,2415.56,19.83,72.1,421.5,5.08,10.21,Sandstone,31.34,19.06
VOLVE_15_9_F5,2415.95,16.23,105.0,494.8,4.08,10.37,Sandstone,31.38,19.1
VOLVE_15_9_F5,2416.69,18.2,70.9,514.9,4.2,10.47,Sandstone,31.4,18.09
VOLVE_15_9_F5,2417.48,17.17,73.6,532.2,2.84,10.31,Sandstone,31.43,20.24
VOLVE_15_9_F5,2418.05,22.35,92.7,420.8,5.12,9.99,Sandstone,31.48,20.27
VOLVE_15_9_F5,2419.04,21.61,101.7,428.1,2.92,10.29,Sandstone,31.52,20.8
VOLVE_15_9_F5,2419.95,19.53,94.9,424.9,4.46,10.32,Sandstone,31.56,19.28
VOLVE_15_9_F5,2420.22,20.41,99.8,414.1,4.34,10.3,Sandstone,31.59,20.11
VOLVE_15_9_F5,2420.79,19.46,82.7,414.7,4.39,10.23,Sandstone,31.62,19.2
VOLVE_15_9_F5,2421.71,21.84,83.0,434.2,4.29,10.51,Sandstone,31.66,20.18
VOLVE_15_9_F5,2422.09,20.99,114.1,489.8,5.64,9.95,Sandstone,31.68,21.03
VOLVE_15_9_F5,2422.59,21.44,109.3,426.1,6.63,10.32,Sandstone,31.69,21.33
VOLVE_15_9_F5,2423.55,19.21,94.7,497.0,5.58,10.32,Sandstone,31.73,20.19
VOLVE_15_9_F5,2424.37,18.12,100.5,509.5,6.7,10.62,Sandstone,31.75,18.38
VOLVE_15_9_F5,2425.24,21.36,96.8,466.3,4.78,10.31,Sandstone,31.78,19.59
VOLVE_15_9_F5,2426.14,23.58,65.8,504.0,5.5,10.38,Sandstone,31.81,20.78
VOLVE_15_9_F5,2426.48,22.47,83.3,400.4,5.71,10.33,Sandstone,31.82,19.2
VOLVE_15_9_F5,2427.24,23.66,106.4,432.5,7.11,10.32,Sandstone,31.84,24.29
VOLVE_15_9_F5,2428.08,20.12,94.7,462.4,4.36,10.57,Sandstone,31.85,20.49
VOLVE_15_9_F5,2428.46,,83.0,463.8,5.75,10.14,Sandstone,31.87,19.05
VOLVE_15_9_F5,2428.69,17.51,106.6,512.0,4.15,10.21,Sandstone,31.91,21.33
VOLVE_15_9_F5,2429.04,23.17,89.5,414.9,4.74,10.42,Sandstone,31.94,20.63
VOLVE_15_9_F5,2429.83,15.06,95.3,433.4,4.35,10.35,Sandstone,31.97,17.97
VOLVE_15_9_F5,2430.59,23.48,89.5,451.5,6.0,10.27,Sandstone,32.01,19.2
VOLVE_15_9_F5,2431.5,17.76,92.0,434.1,3.67,10.3,Sandstone,32.05,19.2
VOLVE_15_9_F5,2431.95,24.54,93.1,413.2,4.47,10.45,Sandstone,32.09,21.69
VOLVE_15_9_F5,2432.65,19.55,103.4,435.8,4.54,10.38,Sandstone,32.12,19.01
VOLVE_15_9_F5,2432.87,21.54,105.4,445.0,5.58,10.2,Sandstone,32.16,19.03
VOLVE_15_9_F5,2433.82,25.7,77.1,512.8,4.35,10.35,Sandstone,32.18,19.57
VOLVE_15_9_F5,2434.46,18.91,89.2,414.1,5.36,10.3,Sandstone,32.2,20.73
VOLVE_15_9_F5,2435.26,18.87,103.0,487.5,4.81,10.38,Sandstone,32.22,20.08
VOLVE_15_9_F5,2435.69,18.01,81.9,505.8,5.64,10.26,Sandstone,32.26,20.41
VOLVE_15_9_F5,2435.95,17.24,64.3,434.4,4.59,10.13,Sandstone,32.29,17.24
VOLVE_15_9_F5,2436.21,18.92,70.3,465.3,6.86,10.41,Sandstone,32.34,17.81
VOLVE_15_9_F5,2437.06,18.36,71.3,477.9,4.87,10.39,Sandstone,32.35,20.34
VOLVE_15_9_F5,2437.38,16.62,77.0,471.3,3.19,10.52,Sandstone,32.37,17.04
VOLVE_15_9_F5,2438.24,19.23,72.7,458.2,4.57,10.12,Sandstone,32.39,17.99
VOLVE_15_9_F5,2438.65,20.88,99.3,427.7,5.39,10.3,Sandstone,32.43,20.27
VOLVE_15_9_F5,2439.28,17.52,79.7,481.4,3.68,10.28,Sandstone,32.46,17.81
VOLVE_15_9_F5,2439.69,19.35,102.8,439.9,7.1,10.25,Sandstone,32.5,20.93
VOLVE_15_9_F5,2439.93,23.28,66.9,456.0,4.73,10.08,Sandstone,32.53,19.57
VOLVE_15_9_F5,2440.57,16.21,78.6,461.9,3.86,10.15,Sandstone,32.54,18.03
VOLVE_15_9_F5,2441.06,24.59,85.5,489.1,5.71,10.35,Sandstone,32.58,20.21
VOLVE_15_9_F5,2441.61,18.08,96.1,532.0,3.98,10.24,Sandstone,32.63,17.71
VOLVE_15_9_F5,2442.29,20.27,101.0,425.4,6.5,10.19,Sandstone,32.66,19.27
VOLVE_15_9_F5,2442.74,22.97,75.8,457.0,6.12,10.53,Sandstone,32.68,18.86
VOLVE_15_9_F5,2443.39,23.73,98.8,395.5,5.77,10.67,Sandstone,32.72,20.41
VOLVE_15_9_F5,2444.12,20.95,58.7,514.1,5.48,10.31,Sandstone,32.76,17.48
VOLVE_15_9_F5,2444.39,18.04,97.0,456.6,4.48,10.09,Sandstone,32.81,17.52
VOLVE_15_9_F5,2444.87,17.82,63.8,442.9,2.76,10.37,Sandstone,32.82,15.43
VOLVE_15_9_F5,2445.14,18.34,90.6,457.0,4.62,10.0,Sandstone,32.87,19.25
VOLVE_15_9_F5,2445.35,24.5,100.8,459.0,5.12,10.11,Sandstone,32.91,22.15
VOLVE_15_9_F5,2445.59,18.82,97.2,425.6,2.71,10.38,Sandstone,32.93,17.97
VOLVE_15_9_F5,2446.26,20.59,59.3,502.4,3.47,10.11,Sandstone,32.97,17.62
VOLVE_15_9_F5,2446.53,17.18,77.2,480.7,3.23,10.27,Sandstone,32.99,18.35
VOLVE_15_9_F5,2447.42,16.9,94.6,486.3,3.68,10.09,Sandstone,33.01,18.8
VOLVE_15_9_F5,2448.23,19.86,94.2,427.7,6.8,10.32,Sandstone,33.05,20.52
VOLVE_15_9_F5,2448.44,18.98,88.0,425.5,5.64,10.48,Sandstone,33.06,18.42
VOLVE_15_9_F5,2449.1,19.17,50.9,450.4,5.65,10.22,Sandstone,33.07,15.77
VOLVE_15_9_F5,2449.31,16.1,101.8,486.9,5.59,10.31,Sandstone,33.11,19.91
VOLVE_15_9_F5,2449.59,19.61,104.5,475.0,6.63,10.19,Sandstone,33.16,19.86
VOLVE_15_9_F5,2450.58,23.68,86.3,423.8,5.46,10.2,Sandstone,33.17,19.05
VOLVE_15_9_F5,2451.15,17.67,87.3,481.6,6.72,10.19,Sandstone,33.18,19.78
VOLVE_15_9_F5,2451.37,22.05,91.4,416.0,3.88,10.44,Sandstone,33.19,20.74
VOLVE_15_9_F5,2452.25,11.15,105.8,428.4,4.51,10.11,Sandstone,33.2,16.07
VOLVE_15_9_F5,2453.18,17.81,87.6,461.2,3.69,10.27,Sandstone,33.25,17.42
VOLVE_15_9_F5,2453.82,15.04,81.0,408.0,6.06,10.38,Sandstone,33.28,18.23
VOLVE_15_9_F5,2454.59,22.91,89.6,416.4,5.91,10.45,Sandstone,33.32,19.97
VOLVE_15_9_F5,2455.41,22.02,83.7,517.0,6.66,10.38,Sandstone,33.34,20.45
VOLVE_15_9_F5,2456.2,17.24,83.9,509.6,3.13,10.31,Sandstone,33.39,17.69
VOLVE_15_9_F5,2456.8,20.55,57.4,546.5,3.99,10.23,Sandstone,33.42,19.19
VOLVE_15_9_F5,2457.66,22.83,91.7,472.9,3.29,10.46,Sandstone,33.47,18.61
VOLVE_15_9_F5,2458.28,23.23,101.4,480.7,6.05,10.19,Sandstone,33.51,20.03
VOLVE_15_9_F5,2458.69,18.82,99.2,448.7,4.67,10.19,Sandstone,33.55,21.02
VOLVE_15_9_F5,2458.89,14.31,98.1,440.9,5.67,10.52,Sandstone,33.58,16.34
VOLVE_15_9_F5,2459.38,17.59,83.1,489.8,4.87,10.37,Sandstone,33.63,19.06
VOLVE_15_9_F5,2459.65,21.75,86.0,509.4,2.69,10.38,Sandstone,33.65,20.64
VOLVE_15_9_F5,2459.9,25.09,101.7,486.4,3.79,10.41,Sandstone,33.69,21.21
VOLVE_15_9_F5,2460.47,19.71,96.9,421.3,5.33,10.31,Sandstone,33.72,18.25
VOLVE_15_9_F5,2461.43,18.33,106.1,470.6,5.8,10.1,Sandstone,33.75,20.3
VOLVE_15_9_F5,2461.71,25.85,73.8,424.1,2.77,10.36,Sandstone,33.78,19.94
VOLVE_15_9_F5,2462.13,20.86,73.7,441.9,4.88,10.32,Sandstone,33.8,18.34
VOLVE_15_9_F5,2463.0,16.78,78.9,520.4,3.47,10.19,Sandstone,33.85,17.0
VOLVE_15_9_F5,2463.52,19.56,69.7,406.9,3.47,10.16,Sandstone,33.88,17.49
VOLVE_15_9_F5,2464.32,22.36,64.0,541.7,4.19,10.31,Sandstone,33.89,17.33
VOLVE_15_9_F5,2464.96,19.68,90.9,476.9,5.28,10.12,Sandstone,33.93,18.4
VOLVE_15_9_F5,2465.64,21.85,89.8,436.3,4.47,10.3,Sandstone,33.97,19.01
VOLVE_15_9_F5,2465.97,15.85,87.5,457.7,2.36,10.28,Sandstone,33.98,17.1
VOLVE_15_9_F5,2466.45,16.28,89.1,427.5,4.94,10.3,Sandstone,34.0,16.05
VOLVE_15_9_F5,2467.15,18.03,61.9,433.1,4.13,10.38,Sandstone,34.04,16.53
VOLVE_15_9_F5,2467.37,19.16,76.6,457.9,3.75,10.42,Sandstone,34.08,18.21
VOLVE_15_9_F5,2467.72,20.71,79.4,441.8,4.69,10.22,Sandstone,34.1,18.26
VOLVE_15_9_F5,2468.23,21.46,84.6,417.6,4.78,10.45,Sandstone,34.12,16.23
VOLVE_15_9_F5,2468.97,26.04,61.9,446.1,5.33,10.29,Sandstone,34.16,18.89
VOLVE_15_9_F5,2469.58,18.03,69.9,402.4,4.37,10.59,Sandstone,34.18,18.13
VOLVE_15_9_F5,2470.35,19.1,77.3,404.1,5.08,10.24,Sandstone,34.23,17.74
VOLVE_15_9_F5,2471.13,18.11,99.7,403.7,5.07,10.08,Sandstone,34.27,18.28
VOLVE_15_9_F5,2471.36,22.58,87.7,521.8,6.33,10.45,Sandstone,34.32,19.9
VOLVE_15_9_F5,2472.28,22.72,99.1,471.2,7.43,10.39,Sandstone,34.34,21.22
VOLVE_15_9_F5,2473.14,18.77,82.0,478.8,4.9,10.5,Sandstone,34.36,18.1
VOLVE_15_9_F5,2473.56,25.06,83.8,455.4,4.77,10.37,Sandstone,34.39,20.23
VOLVE_15_9_F5,2474.14,18.12,91.3,475.2,3.28,10.68,Sandstone,34.41,16.8
VOLVE_15_9_F5,2474.59,22.47,81.2,502.0,6.02,10.3,Sandstone,34.43,19.68
VOLVE_15_9_F5,2475.52,23.54,74.4,471.3,4.15,10.48,Sandstone,34.45,18.4
VOLVE_15_9_F5,2476.02,16.5,61.5,520.6,7.22,10.25,Sandstone,34.48,17.47
VOLVE_15_9_F5,2476.54,21.35,74.8,453.5,8.38,10.4,Sandstone,34.51,16.97
VOLVE_15_9_F5,2477.47,13.1,96.3,478.9,4.37,10.43,Sandstone,34.53,16.02
VOLVE_15_9_F5,2478.15,21.97,102.7,483.1,3.52,10.45,Sandstone,34.55,20.25
VOLVE_15_9_F5,2478.46,17.16,72.2,417.7,5.41,10.44,Sandstone,34.58,17.51
VOLVE_15_9_F5,2479.16,21.34,57.8,456.7,7.31,9.84,Sandstone,34.61,17.92
VOLVE_15_9_F5,2480.0,21.81,97.7,381.3,3.85,10.32,Sandstone,34.64,16.46
VOLVE_15_9_F5,2480.47,22.72,84.8,449.8,7.6,10.24,Sandstone,34.68,20.22
VOLVE_15_9_F5,2481.09,22.15,63.6,443.8,2.73,10.27,Sandstone,34.72,18.74
VOLVE_15_9_F5,2481.79,20.07,40.0,441.4,2.66,10.28,Sandstone,34.77,13.97
VOLVE_15_9_F5,2482.4,18.98,69.3,438.7,5.12,10.47,Sandstone,34.82,16.51
VOLVE_15_9_F5,2483.4,19.75,76.8,475.4,6.15,10.36,Sandstone,34.83,18.85
VOLVE_15_9_F5,2484.0,17.15,66.5,419.5,4.46,10.25,Sandstone,34.86,16.88
VOLVE_15_9_F5,2484.72,19.41,94.2,529.4,5.7,10.11,Sandstone,34.9,20.37
VOLVE_15_9_F5,2485.55,19.22,71.6,477.7,6.13,10.56,Sandstone,34.94,18.54
VOLVE_15_9_F5,2485.86,17.97,84.0,422.9,6.34,10.23,Sandstone,34.95,16.21
VOLVE_15_9_F5,2486.1,15.59,119.4,480.9,4.45,10.31,Sandstone,35.0,17.78
VOLVE_15_9_F5,2487.07,16.76,85.5,494.8,3.76,10.65,Sandstone,35.04,17.77
VOLVE_15_9_F5,2487.86,12.08,82.0,469.7,5.58,10.24,Sandstone,35.09,15.54
VOLVE_15_9_F5,2488.38,19.18,82.4,414.7,5.51,10.29,Sandstone,35.11,18.2
VOLVE_15_9_F5,2488.59,20.86,93.8,544.5,5.99,10.36,Sandstone,35.14,19.94
VOLVE_15_9_F5,2488.92,13.25,92.0,480.6,3.78,10.09,Sandstone,35.17,15.93
VOLVE_15_9_F5,2489.13,20.55,68.7,405.1,5.65,10.07,Sandstone,35.19,17.12
VOLVE_15_9_F5,2489.65,19.65,77.6,463.3,3.62,10.26,Sandstone,35.21,16.48
VOLVE_15_9_F5,2490.29,17.02,73.8,446.2,4.93,10.26,Sandstone,35.23,16.06
VOLVE_15_9_F5,2490.62,18.88,79.5,455.2,5.03,10.35,Sandstone,35.27,17.52
VOLVE_15_9_F5,2491.33,22.59,111.2,407.2,5.84,10.18,Sandstone,35.3,19.77
VOLVE_15_9_F5,2492.3,17.53,93.0,457.2,5.91,10.4,Sandstone,35.34,18.46
VOLVE_15_9_F5,2493.29,20.17,82.6,421.7,3.83,10.01,Sandstone,35.36,17.47
VOLVE_15_9_F5,2494.15,20.84,102.4,441.0,6.22,10.32,Sandstone,35.4,20.69
VOLVE_15_9_F5,2494.71,17.92,86.6,470.5,4.94,10.39,Sandstone,35.45,18.83
VOLVE_15_9_F5,2495.35,22.5,59.2,435.9,3.96,10.38,Sandstone,35.49,16.57
VOLVE_15_9_F5,2495.95,20.99,108.7,443.4,3.93,10.31,Sandstone,35.51,19.45
VOLVE_15_9_F5,2496.27,19.36,81.4,487.8,7.23,10.23,Sandstone,35.53,19.79
VOLVE_15_9_F5,2497.16,25.9,49.9,419.5,5.0,10.3,Sandstone,35.56,16.31
VOLVE_15_9_F5,2497.9,22.52,59.8,429.1,4.5,10.52,Sandstone,35.61,16.04
VOLVE_15_9_F5,2498.61,15.78,100.7,404.8,3.56,10.24,Sandstone,35.66,18.24
VOLVE_15_9_F5,2498.99,19.02,60.0,422.1,5.92,10.48,Sandstone,35.67,16.78
VOLVE_15_9_F5,2499.31,26.16,104.0,460.2,7.13,10.5,Sandstone,35.69,21.85
VOLVE_15_9_F5,2500.21,17.55,85.0,480.6,5.84,10.07,Sandstone,35.72,18.33
VOLVE_15_9_F5,2500.55,20.17,94.5,422.8,5.16,10.31,Sandstone,35.74,18.02
VOLVE_15_9_F5,2500.81,23.08,79.9,479.4,6.18,10.19,Sandstone,35.78,17.74
VOLVE_15_9_F5,2501.51,21.64,91.6,459.2,4.33,10.11,Sandstone,35.81,19.11
VOLVE_15_9_F5,2502.27,22.0,88.5,399.7,5.57,10.45,Sandstone,35.86,19.46
VOLVE_15_9_F5,2502.57,21.85,83.2,462.0,5.15,10.41,Sandstone,35.88,19.7
VOLVE_15_9_F5,2502.93,20.08,67.8,502.8,5.14,10.37,Sandstone,35.9,18.7
VOLVE_15_9_F5,2503.76,18.03,89.1,379.3,2.78,10.17,Sandstone,35.93,17.23
VOLVE_15_9_F5,2504.71,21.11,56.5,535.2,6.99,10.37,Sandstone,35.98,19.79
VOLVE_15_9_F5,2505.29,19.01,97.7,430.6,7.12,10.14,Sandstone,36.02,16.88
VOLVE_15_9_F5,2506.12,18.82,86.7,389.0,3.61,10.35,Sandstone,36.06,17.09
VOLVE_15_9_F5,2506.58,23.73,90.7,460.6,6.19,10.24,Sandstone,36.09,18.57
VOLVE_15_9_F5,2507.34,19.08,44.5,488.3,2.6,10.49,Sandstone,36.11,16.39
VOLVE_15_9_F5,2507.99,24.3,66.8,443.8,5.29,10.28,Sandstone,36.15,17.44
VOLVE_15_9_F5,2508.86,20.68,76.1,467.5,2.37,10.37,Sandstone,36.2,18.31
VOLVE_15_9_F5,2509.68,19.64,93.8,539.8,4.82,10.37,Sandstone,36.22,18.4
VOLVE_15_9_F5,2510.11,15.5,69.6,463.2,3.85,10.33,Sandstone,36.24,16.05
VOLVE_15_9_F5,2510.43,25.34,121.9,574.3,7.5,10.35,Sandstone,36.25,22.28
VOLVE_15_9_F5,2511.28,20.03,79.8,505.6,7.0,10.38,Sandstone,36.29,18.31
VOLVE_15_9_F5,2511.5,14.37,68.5,457.1,6.35,10.2,Sandstone,36.32,15.88
VOLVE_15_9_F5,2512.24,22.52,80.9,466.7,6.63,10.4,Sandstone,36.33,19.46
VOLVE_15_9_F5,2512.83,19.93,69.5,442.2,4.93,10.47,Sandstone,36.35,16.82
VOLVE_15_9_F5,2513.09,17.72,66.0,465.0,5.05,10.4,Sandstone,36.39,17.11
VOLVE_15_9_F5,2513.84,22.38,98.9,477.5,5.96,10.28,Sandstone,36.42,20.47
VOLVE_15_9_F5,2514.42,13.69,91.4,438.9,3.19,10.36,Sandstone,36.44,15.17
VOLVE_15_9_F5,2515.31,18.28,91.5,399.8,6.39,10.28,Sandstone,36.47,19.25
VOLVE_15_9_F5,2515.68,19.31,102.9,507.9,6.11,10.32,Sandstone,36.48,19.87
VOLVE_15_9_F5,2515.88,22.19,91.0,494.0,6.25,10.16,Sandstone,36.49,19.0
VOLVE_15_9_F5,2516.18,25.67,67.7,398.3,2.59,10.55,Sandstone,36.51,17.78
VOLVE_15_9_F5,2516.6,19.45,94.3,461.9,5.71,10.63,Sandstone,36.53,19.11
VOLVE_15_9_F5,2517.32,21.22,66.8,496.1,6.12,10.23,Sandstone,36.55,18.33
VOLVE_15_9_F5,2517.81,26.94,76.5,492.0,5.55,10.46,Sandstone,36.56,19.39
VOLVE_15_9_F5,2518.11,20.08,83.0,427.3,4.45,10.56,Sandstone,36.58,13.83
VOLVE_15_9_F5,2519.09,21.25,,494.3,3.5,10.2,Sandstone,36.62,16.92
VOLVE_15_9_F5,2519.38,16.98,56.8,455.6,2.66,10.02,Sandstone,36.66,15.51
VOLVE_15_9_F5,2519.86,24.98,69.2,470.6,5.47,10.57,Sandstone,36.68,17.21
VOLVE_15_9_F5,2520.76,18.3,83.4,418.3,4.62,10.34,Sandstone,36.72,17.33
VOLVE_15_9_F5,2521.49,20.76,74.5,284.8,4.69,10.26,Sandstone,36.73,16.91
VOLVE_15_9_F5,2521.94,20.69,100.6,424.0,7.21,10.35,Sandstone,36.78,18.66
VOLVE_15_9_F5,2522.92,20.31,103.2,476.5,3.87,10.29,Sandstone,36.8,16.78
VOLVE_15_9_F5,2523.52,19.01,66.9,446.8,4.3,10.79,Sandstone,36.82,15.21
VOLVE_15_9_F5,2523.73,20.7,84.6,481.1,7.16,10.26,Sandstone,36.84,19.24
VOLVE_15_9_F5,2523.93,24.49,107.4,499.3,5.44,10.39,Sandstone,36.86,21.39
VOLVE_15_9_F5,2524.88,25.8,81.7,441.8,5.63,10.54,Sandstone,36.88,16.62
VOLVE_15_9_F5,2525.31,19.66,77.6,437.9,4.72,10.53,Sandstone,36.9,16.97
VOLVE_15_9_F5,2526.16,18.98,96.6,367.6,6.0,10.51,Sandstone,36.94,15.7
VOLVE_15_9_F5,2526.39,18.08,79.6,393.1,2.36,10.28,Sandstone,36.95,16.01
VOLVE_15_9_F5,2526.71,26.82,102.7,401.5,5.71,10.32,Sandstone,36.97,19.48
VOLVE_15_9_F5,2527.6,20.43,74.8,477.3,5.03,10.02,Sandstone,37.02,19.87
VOLVE_15_9_F5,2528.59,22.9,76.6,442.2,4.01,10.33,Sandstone,37.04,17.02
VOLVE_15_9_F5,2528.83,21.86,95.5,433.7,5.81,10.35,Sandstone,37.06,19.72
VOLVE_15_9_F5,2529.17,25.64,85.2,429.1,6.53,10.45,Sandstone,37.09,19.88
VOLVE_15_9_F5,2529.94,19.5,85.3,423.9,5.58,10.61,Sandstone,37.1,16.91
VOLVE_15_9_F5,2530.57,17.35,55.0,492.0,6.52,10.45,Sandstone,37.14,15.55
VOLVE_15_9_F5,2531.09,24.77,78.4,458.8,4.89,10.5,Sandstone,37.16,18.53
VOLVE_15_9_F5,2531.45,22.38,96.6,494.7,6.06,10.34,Sandstone,37.17,18.39
VOLVE_15_9_F5,2532.4,21.27,71.9,367.3,5.56,10.54,Sandstone,37.22,15.49
VOLVE_15_9_F5,2532.74,23.97,94.2,476.4,5.29,10.35,Sandstone,37.26,18.75
VOLVE_15_9_F5,2533.15,21.42,87.7,435.7,6.6,10.52,Sandstone,37.3,16.75
VOLVE_15_9_F5,2533.61,24.06,80.7,443.8,5.72,10.47,Sandstone,37.32,17.76
VOLVE_15_9_F5,2533.93,20.75,104.0,509.2,3.99,10.4,Sandstone,37.35,18.37
VOLVE_15_9_F5,2534.55,22.39,78.6,439.5,6.09,10.11,Sandstone,37.4,18.27
VOLVE_15_9_F5,2535.03,21.46,79.6,474.7,4.53,10.51,Sandstone,37.43,18.08
VOLVE_15_9_F5,2535.71,19.33,80.5,414.4,4.56,10.4,Sandstone,37.48,16.4
VOLVE_15_9_F5,2536.21,19.63,84.9,456.5,4.74,10.45,Sandstone,37.51,16.28
VOLVE_15_9_F5,2536.5,19.16,95.2,391.4,6.03,10.39,Sandstone,37.56,17.56
VOLVE_15_9_F5,2537.4,20.81,61.6,452.8,6.09,10.42,Sandstone,37.57,17.26
VOLVE_15_9_F5,2538.01,19.01,96.7,470.5,4.97,10.54,Sandstone,37.62,16.98
VOLVE_15_9_F5,2538.46,21.24,84.7,499.3,4.92,10.28,Sandstone,37.67,17.01
VOLVE_15_9_F5,2538.68,21.16,92.0,422.4,2.83,10.42,Sandstone,37.71,16.94
VOLVE_15_9_F5,2539.36,20.67,119.5,433.9,4.8,10.23,Sandstone,37.75,18.56
VOLVE_15_9_F5,2540.18,20.72,76.0,429.3,3.87,10.43,Sandstone,37.8,17.8
VOLVE_15_9_F5,2540.9,18.75,65.3,444.9,5.04,10.38,Sandstone,37.83,16.63
VOLVE_15_9_F5,2541.73,19.46,86.6,416.5,4.92,10.25,Sandstone,37.87,16.95
VOLVE_15_9_F5,2542.06,15.99,88.9,368.8,3.68,10.36,Sandstone,37.91,17.29
VOLVE_15_9_F5,2543.03,19.87,96.7,413.4,5.42,10.26,Sandstone,37.95,17.54
VOLVE_15_9_F5,2543.4,17.71,75.6,453.1,4.65,10.29,Sandstone,37.98,17.65
VOLVE_15_9_F5,2543.82,20.42,71.2,449.2,1.86,10.4,Sandstone,38.02,17.38
VOLVE_15_9_F5,2544.43,18.39,60.6,477.2,5.89,10.39,Sandstone,38.06,17.11
VOLVE_15_9_F5,2544.63,15.05,63.1,488.8,5.51,10.06,Sandstone,38.07,15.5
VOLVE_15_9_F5,2545.18,25.81,77.4,437.1,5.2,10.4,Sandstone,38.11,18.05
VOLVE_15_9_F5,2545.54,19.6,81.9,391.7,5.42,10.3,Sandstone,38.14,16.68
VOLVE_15_9_F5,2546.34,23.8,114.6,471.2,5.47,10.29,Sandstone,38.19,20.46
VOLVE_15_9_F5,2547.15,18.87,58.2,454.7,2.65,10.18,Sandstone,38.2,14.36
VOLVE_15_9_F5,2547.84,24.44,88.7,444.8,8.13,10.34,Sandstone,38.24,18.71
VOLVE_15_9_F5,2548.38,17.31,72.7,503.9,5.55,10.27,Sandstone,38.25,18.05
VOLVE_15_9_F5,2548.82,20.64,87.0,473.1,6.29,10.54,Sandstone,38.29,18.15
VOLVE_15_9_F5,2549.69,17.47,75.3,460.0,4.36,10.09,Sandstone,38.33,17.13
VOLVE_15_9_F5,2550.29,26.7,99.2,461.7,7.24,10.21,Sandstone,38.36,18.91
VOLVE_15_9_F5,2550.89,19.58,99.1,489.1,3.6,10.2,Sandstone,38.39,17.36
VOLVE_15_9_F5,2551.18,22.28,81.9,427.5,4.94,10.39,Sandstone,38.42,17.6
VOLVE_15_9_F5,2551.55,21.33,105.2,419.9,6.39,10.53,Sandstone,38.45,17.88
VOLVE_15_9_F5,2552.04,20.14,95.0,445.7,4.49,10.43,Sandstone,38.5,16.33
VOLVE_15_9_F5,2552.8,21.51,104.5,408.0,6.6,10.19,Sandstone,38.54,18.98
VOLVE_15_9_F5,2553.68,23.61,83.0,453.3,5.73,10.29,Sandstone,38.55,18.97
VOLVE_15_9_F5,2554.67,21.89,97.9,459.0,5.69,10.23,Sandstone,38.58,18.08
VOLVE_15_9_F5,2555.21,20.63,72.1,452.4,4.07,10.43,Sandstone,38.62,17.27
VOLVE_15_9_F5,2555.78,21.52,70.6,440.7,5.48,10.28,Sandstone,38.65,18.88
VOLVE_15_9_F5,2556.59,25.01,116.3,521.2,8.31,10.14,Sandstone,38.68,22.39
VOLVE_15_9_F5,2557.05,19.19,67.3,492.7,4.95,10.44,Sandstone,38.73,15.9
VOLVE_15_9_F5,2557.68,15.6,77.1,451.2,5.23,10.54,Sandstone,38.77,14.13
VOLVE_15_9_F5,2558.42,17.49,55.1,458.8,5.25,10.33,Sandstone,38.79,15.14
VOLVE_15_9_F5,2558.81,17.68,70.9,510.2,3.28,10.37,Sandstone,38.82,18.22
VOLVE_15_9_F5,2559.23,18.03,68.7,431.7,4.49,10.13,Sandstone,38.85,16.92
VOLVE_15_9_F5,2559.72,18.12,73.5,416.5,4.54,10.04,Sandstone,38.9,15.84
VOLVE_15_9_F5,2560.38,20.18,88.1,464.2,2.59,10.08,Sandstone,38.92,18.44
VOLVE_15_9_F5,2560.8,20.86,91.7,471.7,6.2,10.35,Sandstone,38.93,19.02
VOLVE_15_9_F5,2561.16,20.84,68.5,474.7,3.78,10.31,Sandstone,38.97,14.45
VOLVE_15_9_F5,2561.48,18.42,71.8,488.2,5.55,10.44,Sandstone,39.0,17.22
VOLVE_15_9_F5,2562.33,22.73,99.8,425.8,4.63,10.32,Sandstone,39.02,18.04
VOLVE_15_9_F5,2563.24,21.59,109.2,398.8,8.03,10.5,Sandstone,39.06,17.34
VOLVE_15_9_F5,2564.16,24.21,102.4,431.7,5.38,10.49,Sandstone,39.09,18.45
VOLVE_15_9_F5,2565.02,22.38,58.9,478.4,7.2,10.31,Sandstone,39.1,17.31
VOLVE_15_9_F5,2565.33,19.39,101.4,418.3,5.06,10.2,Sandstone,39.11,16.54
VOLVE_15_9_F5,2565.61,23.53,111.4,377.8,5.72,10.07,Sandstone,39.13,18.46
VOLVE_15_9_F5,2566.21,20.95,58.1,460.9,6.64,10.57,Sandstone,39.14,15.45
VOLVE_15_9_F5,2566.82,22.26,99.8,432.5,4.4,10.21,Sandstone,39.17,18.57
VOLVE_15_9_F5,2567.61,22.07,87.0,386.1,5.35,10.13,Sandstone,39.18,16.8
VOLVE_15_9_F5,2567.99,19.96,78.7,458.1,5.62,10.38,Sandstone,39.22,14.98
VOLVE_15_9_F5,2568.93,20.53,85.2,439.7,5.61,10.13,Sandstone,39.24,16.53
VOLVE_15_9_F5,2569.38,19.95,90.2,522.2,5.2,10.38,Sandstone,39.28,16.7
VOLVE_15_9_F5,2570.04,18.15,100.9,458.7,5.03,10.31,Sandstone,39.33,15.81
VOLVE_15_9_F5,2570.94,14.92,100.2,478.6,5.86,10.5,Sandstone,39.38,17.0
VOLVE_15_9_F5,2571.55,18.55,61.0,454.5,4.8,10.48,Sandstone,39.4,15.79
VOLVE_15_9_F5,2572.36,20.79,73.8,431.2,6.14,10.52,Sandstone,39.43,15.49
VOLVE_15_9_F5,2573.16,23.01,85.0,435.6,5.82,10.39,Sandstone,39.46,16.23
VOLVE_15_9_F5,2573.99,22.29,107.1,498.4,6.39,10.23,Sandstone,39.49,18.75
VOLVE_15_9_F5,2574.84,19.6,42.7,485.1,5.76,10.2,Sandstone,39.53,13.25
VOLVE_15_9_F5,2575.35,18.6,74.4,395.6,4.42,10.28,Sandstone,39.56,15.09
VOLVE_15_9_F5,2575.84,19.85,60.6,405.2,6.02,10.66,Sandstone,39.58,15.09
VOLVE_15_9_F5,2576.68,17.87,63.0,407.4,4.37,10.32,Sandstone,39.61,14.85
VOLVE_15_9_F5,2577.35,15.02,98.3,497.6,3.15,10.38,Sandstone,39.65,16.07
VOLVE_15_9_F5,2578.03,16.45,75.6,385.9,4.22,10.59,Sandstone,39.69,13.85
VOLVE_15_9_F5,2578.56,23.75,48.5,486.6,4.0,10.4,Sandstone,39.72,15.48
VOLVE_15_9_F5,2578.93,24.96,81.2,471.1,5.91,10.25,Sandstone,39.76,19.37
VOLVE_15_9_F5,2579.49,22.2,114.1,461.0,5.37,10.47,Sandstone,39.79,16.26
VOLVE_15_9_F5,2580.47,20.18,56.4,436.2,4.82,10.3,Sandstone,39.81,15.5
VOLVE_15_9_F5,2580.9,16.84,91.5,502.7,6.11,10.4,Sandstone,39.85,15.29
VOLVE_15_9_F5,2581.32,19.92,107.1,459.7,7.18,10.44,Sandstone,39.86,19.37
VOLVE_15_9_F5,2581.62,21.86,82.8,397.4,5.56,10.29,Sandstone,39.9,17.55
VOLVE_15_9_F5,2582.21,22.4,112.5,406.7,7.01,10.39,Sandstone,39.91,19.0
VOLVE_15_9_F5,2582.64,22.05,73.6,389.4,4.88,10.6,Sandstone,39.96,15.05
VOLVE_15_9_F5,2583.39,23.36,105.2,503.2,3.8,10.27,Sandstone,40.0,18.72
VOLVE_15_9_F5,2583.7,25.19,101.7,512.1,4.38,10.56,Sandstone,0.01,31.54
VOLVE_15_9_F5,2584.09,19.32,83.1,498.6,4.75,10.27,Sandstone,0.05,25.44
VOLVE_15_9_F5,2584.34,27.35,61.2,449.4,6.33,10.63,Sandstone,0.09,28.13
VOLVE_15_9_F5,2584.58,15.29,68.5,398.1,4.17,10.23,Sandstone,0.13,23.94
VOLVE_15_9_F5,2585.43,18.4,48.4,413.0,5.8,10.3,Sandstone,0.16,21.79
VOLVE_15_9_F5,2586.35,20.85,92.4,415.6,7.46,10.59,Sandstone,0.19,28.98
VOLVE_15_9_F5,2587.16,21.72,90.6,453.3,4.25,10.6,Sandstone,0.22,28.35
VOLVE_15_9_F5,2588.05,19.9,84.7,510.7,7.61,10.49,Sandstone,0.24,30.28
VOLVE_15_9_F5,2588.32,19.11,81.7,510.5,2.98,10.2,Sandstone,0.28,26.83
VOLVE_15_9_F5,2589.24,25.86,103.9,435.6,8.1,10.38,Sandstone,0.3,31.8
VOLVE_15_9_F5,2589.82,19.0,88.0,365.7,4.99,10.36,Sandstone,0.34,26.33
VOLVE_15_9_F5,2590.63,17.81,75.2,408.5,4.45,10.24,Sandstone,0.39,22.45
VOLVE_15_9_F5,2591.32,24.59,85.7,502.7,5.49,10.47,Sandstone,0.41,29.79
VOLVE_15_9_F5,2591.8,22.49,114.2,464.4,4.78,10.25,Sandstone,0.44,30.67
VOLVE_15_9_F5,2592.21,23.11,92.9,441.0,7.27,10.17,Sandstone,0.46,27.61
VOLVE_15_9_F5,2592.51,20.86,77.7,438.2,4.21,10.12,Sandstone,0.5,27.8
VOLVE_15_9_F5,2593.04,16.93,82.9,425.2,4.09,10.62,Sandstone,0.52,25.14
VOLVE_15_9_F5,2593.63,20.59,90.5,407.0,3.55,10.29,Sandstone,0.56,27.33
VOLVE_15_9_F5,2594.62,16.59,77.2,538.1,3.77,10.29,Limestone,0.6,17.25
VOLVE_15_9_F5,2594.85,20.99,75.9,523.9,4.19,10.21,Limestone,0.62,17.24
VOLVE_15_9_F5,2595.52,22.02,83.3,422.3,4.31,10.57,Limestone,0.67,17.25
VOLVE_15_9_F5,2596.14,23.07,106.3,385.0,5.46,10.16,Limestone,0.69,19.38
VOLVE_15_9_F5,2596.36,20.15,95.4,462.0,3.91,10.18,Limestone,0.72,17.78
VOLVE_15_9_F5,2596.83,22.26,77.4,449.3,7.08,10.32,Limestone,0.76,15.92
VOLVE_15_9_F5,2597.36,18.13,96.5,480.3,4.9,10.36,Limestone,0.79,17.39
VOLVE_15_9_F5,2597.96,22.81,83.6,489.4,5.76,10.46,Limestone,0.8,18.29
VOLVE_15_9_F5,2598.35,22.08,88.7,408.4,6.35,10.26,Limestone,0.84,18.77
VOLVE_15_9_F5,2598.57,18.39,87.3,506.4,7.39,10.6,Limestone,0.88,17.15
VOLVE_15_9_F5,2599.01,21.72,51.8,441.1,5.82,10.27,Limestone,0.91,14.81
VOLVE_15_9_F5,2599.88,23.12,40.0,479.5,,10.22,Limestone,0.94,14.2
VOLVE_15_9_F5,2600.72,20.6,86.9,444.7,,10.2,Limestone,0.97,18.65
VOLVE_15_9_F5,2601.07,18.35,70.7,492.1,5.12,10.25,Limestone,0.99,16.76
VOLVE_15_9_F5,2601.79,20.85,58.9,360.7,6.03,10.19,Limestone,1.02,16.9
VOLVE_15_9_F5,2602.72,21.79,71.2,484.7,5.2,10.48,Limestone,1.04,18.58
VOLVE_15_9_F5,2603.06,18.34,97.4,421.9,5.19,10.22,Limestone,1.08,16.36
VOLVE_15_9_F5,2603.36,17.89,88.9,458.1,5.2,10.35,Limestone,1.12,16.01
VOLVE_15_9_F5,2603.58,21.72,95.1,505.0,3.14,10.21,Limestone,1.13,18.06
VOLVE_15_9_F5,2603.92,22.47,90.3,423.1,5.55,10.19,Limestone,1.14,18.62
VOLVE_15_9_F5,2604.77,25.79,69.7,416.8,6.25,10.53,Limestone,1.18,16.1
VOLVE_15_9_F5,2605.62,22.09,95.1,440.3,5.36,10.61,Limestone,1.21,18.46
VOLVE_15_9_F5,2606.26,17.4,92.3,437.8,6.3,10.56,Limestone,1.23,17.01
VOLVE_15_9_F5,2606.72,25.53,81.7,413.2,6.91,10.15,Limestone,1.26,17.27
VOLVE_15_9_F5,2607.57,23.07,84.4,459.5,4.74,10.17,Limestone,1.29,16.85
VOLVE_15_9_F5,2607.92,15.42,95.4,461.5,5.35,10.67,Limestone,1.31,16.51
VOLVE_15_9_F5,2608.24,17.86,72.2,473.7,4.74,10.33,Limestone,1.35,18.1
VOLVE_15_9_F5,2608.51,19.21,99.8,422.4,2.79,10.16,Limestone,1.36,16.77
VOLVE_15_9_F5,2609.39,22.53,92.0,417.5,5.18,10.53,Limestone,1.41,17.92
VOLVE_15_9_F5,2610.16,14.49,83.5,450.5,3.32,10.38,Limestone,1.45,14.45
VOLVE_15_9_F5,2610.86,20.15,106.4,445.4,5.57,10.46,Limestone,1.46,18.14
VOLVE_15_9_F5,2611.64,22.4,64.1,446.2,5.8,10.03,Limestone,1.5,16.09
VOLVE_15_9_F5,2611.96,13.36,76.6,426.9,4.09,10.32,Limestone,1.54,14.08
VOLVE_15_9_F5,2612.46,22.32,73.2,468.4,4.03,10.51,Limestone,1.59,19.22
VOLVE_15_9_F5,2613.32,22.62,88.8,417.5,5.65,10.28,Limestone,1.63,17.82
VOLVE_15_9_F5,2614.25,18.34,101.2,450.3,8.1,10.56,Limestone,1.65,15.97
VOLVE_15_9_F5,2614.86,17.58,68.7,443.0,2.01,10.17,Limestone,1.69,15.8
VOLVE_15_9_F5,2615.16,18.3,133.0,453.9,5.92,10.35,Limestone,1.73,19.49
VOLVE_15_9_F5,2616.14,13.78,73.5,502.6,3.69,10.62,Limestone,1.77,15.23
VOLVE_15_9_F5,2616.66,19.65,88.9,402.7,4.59,10.2,Limestone,1.79,16.55
VOLVE_15_9_F5,2617.11,21.02,83.5,359.6,5.02,10.41,Limestone,1.84,15.46
VOLVE_15_9_F5,2617.41,17.42,84.1,431.5,4.42,10.46,Limestone,1.86,15.18
VOLVE_15_9_F5,2617.62,22.9,71.6,409.2,5.86,10.39,Limestone,1.91,16.56
VOLVE_15_9_F5,2618.3,20.73,99.5,334.7,5.07,10.34,Limestone,1.93,16.33
VOLVE_15_9_F5,2618.99,21.13,70.6,525.1,2.37,10.24,Limestone,1.94,16.1
VOLVE_15_9_F5,2619.38,19.47,56.9,477.6,6.14,10.4,Limestone,1.96,16.9
VOLVE_15_9_F5,2619.71,22.34,66.6,481.9,6.36,10.36,Limestone,2.01,17.84
VOLVE_15_9_F5,2620.33,23.71,105.1,443.8,4.98,10.16,Limestone,2.05,19.93
VOLVE_15_9_F5,2620.88,19.46,102.2,472.1,5.34,10.54,Limestone,2.08,16.67
VOLVE_15_9_F5,2621.32,22.39,53.3,438.3,6.28,10.24,Limestone,2.12,14.98
VOLVE_15_9_F5,2621.69,22.42,95.7,487.8,6.69,10.16,Limestone,2.14,18.89
VOLVE_15_9_F5,2622.58,21.54,53.7,462.8,6.37,10.28,Limestone,2.16,16.22
VOLVE_15_9_F5,2623.57,24.69,83.0,453.8,5.92,10.24,Limestone,2.18,18.28
VOLVE_15_9_F5,2624.05,18.68,65.3,456.8,5.58,10.34,Limestone,2.2,15.86
VOLVE_15_9_F5,2624.81,19.45,96.8,513.9,6.89,10.19,Limestone,2.23,19.7
VOLVE_15_9_F5,2625.7,18.56,91.8,461.9,4.63,10.44,Limestone,2.25,16.55
VOLVE_15_9_F5,2625.93,22.32,98.1,414.1,6.01,10.58,Limestone,2.27,18.48
VOLVE_15_9_F5,2626.85,19.83,79.0,468.7,2.39,10.39,Limestone,2.29,16.83
VOLVE_15_9_F5,2627.45,18.77,80.6,474.8,3.0,10.16,Limestone,2.31,16.27
VOLVE_15_9_F5,2628.1,24.67,60.9,449.5,5.73,10.24,Limestone,2.34,17.53
VOLVE_15_9_F5,2628.73,25.04,68.0,453.2,6.06,10.41,Limestone,2.37,16.55
VOLVE_15_9_F5,2629.12,19.69,97.7,412.6,4.77,10.08,Limestone,2.39,16.18
VOLVE_15_9_F5,2629.95,17.1,88.9,459.1,4.15,10.19,Limestone,2.4,16.68
VOLVE_15_9_F5,2630.74,25.18,85.0,406.7,5.11,10.13,Limestone,2.44,16.23
VOLVE_15_9_F5,2631.01,21.7,102.4,445.2,5.72,10.39,Limestone,2.48,18.43
VOLVE_15_9_F5,2631.66,21.58,63.9,428.5,2.12,10.7,Limestone,2.51,14.11
VOLVE_15_9_F5,2632.63,20.79,94.2,494.6,5.84,10.19,Limestone,2.54,19.7
VOLVE_15_9_F5,2633.52,18.53,65.7,517.3,4.69,10.5,Limestone,2.59,15.31
VOLVE_15_9_F5,2634.23,19.5,105.6,409.5,5.64,10.29,Limestone,2.63,18.61
VOLVE_15_9_F5,2634.58,22.23,91.6,455.1,5.23,10.18,Limestone,2.65,17.66
VOLVE_15_9_F5,2635.06,19.42,97.9,442.9,3.56,10.61,Limestone,2.7,16.33
VOLVE_15_9_F5,2635.38,21.62,72.9,473.8,3.72,10.7,Limestone,2.73,17.31
VOLVE_15_9_F5,2636.24,20.58,116.1,459.1,7.42,10.44,Limestone,2.76,18.98
VOLVE_15_9_F5,2637.06,17.91,113.4,439.8,4.54,10.43,Limestone,2.8,16.9
VOLVE_15_9_F5,2637.99,24.6,89.9,459.0,6.53,10.39,Limestone,2.82,17.97
VOLVE_15_9_F5,2638.24,22.04,101.0,446.7,4.2,10.36,Limestone,2.87,17.2
VOLVE_15_9_F5,2639.21,21.38,78.9,518.8,5.09,10.43,Limestone,2.89,19.72
VOLVE_15_9_F5,2640.19,21.95,64.4,423.5,4.41,10.48,Limestone,2.91,13.93
VOLVE_15_9_F5,2640.93,16.08,95.3,465.6,4.53,10.63,Limestone,2.93,14.53
VOLVE_15_9_F5,2641.83,19.33,69.6,475.7,4.38,10.3,Limestone,2.96,17.1
VOLVE_15_9_F5,2642.38,16.75,103.0,472.8,6.79,10.4,Limestone,2.98,18.01
VOLVE_15_9_F5,2642.83,20.88,99.1,443.4,7.68,10.37,Limestone,3.01,16.84
VOLVE_15_9_F5,2643.16,21.39,86.9,510.0,5.51,10.53,Limestone,3.06,15.76
VOLVE_15_9_F5,2643.38,20.93,86.1,371.7,4.68,10.74,Limestone,3.07,17.17
VOLVE_15_9_F5,2643.62,23.52,98.2,411.5,4.0,10.54,Limestone,3.08,16.38
VOLVE_15_9_F5,2644.37,16.83,87.5,481.8,3.15,10.5,Limestone,3.12,15.18
VOLVE_15_9_F5,2644.84,18.58,77.3,420.1,6.57,10.52,Limestone,3.15,15.89
VOLVE_15_9_F5,2645.08,21.62,60.7,417.7,3.09,10.57,Limestone,3.16,14.1
VOLVE_15_9_F5,2645.37,21.24,97.8,436.6,4.85,10.74,Limestone,3.18,18.02
VOLVE_15_9_F5,2646.1,17.3,88.9,423.9,5.08,10.13,Limestone,3.2,16.07
VOLVE_15_9_F5,2647.05,23.58,124.7,480.8,2.87,10.47,Limestone,3.22,17.89
VOLVE_15_9_F5,2647.58,24.45,81.9,491.5,3.93,10.0,Limestone,3.26,17.21
VOLVE_15_9_F5,2648.4,21.66,87.9,458.8,3.66,10.53,Limestone,3.28,18.19
VOLVE_15_9_F5,2649.38,16.82,88.3,497.5,4.04,10.47,Limestone,3.31,15.67
VOLVE_15_9_F5,2650.15,21.0,93.1,399.8,5.6,10.3,Limestone,3.33,17.58
VOLVE_15_9_F5,2650.93,21.45,68.9,458.3,6.2,9.98,Limestone,3.38,16.63
VOLVE_15_9_F5,2651.62,19.93,82.2,509.2,4.23,10.38,Limestone,3.42,14.99
VOLVE_15_9_F5,2652.6,23.98,95.8,494.4,5.04,10.42,Limestone,3.45,19.15
VOLVE_15_9_F5,2653.04,20.32,78.4,512.8,4.86,10.37,Limestone,3.49,17.95
VOLVE_15_9_F5,2653.87,25.88,95.2,431.7,4.79,10.29,Limestone,3.51,20.04
VOLVE_15_9_F5,2654.4,22.58,84.8,492.0,5.81,10.25,Limestone,3.52,15.9
VOLVE_15_9_F5,2654.72,21.31,89.4,438.2,5.8,10.38,Limestone,3.55,13.85
VOLVE_15_9_F5,2655.52,22.92,100.6,479.1,2.31,10.26,Limestone,3.58,18.37
VOLVE_15_9_F5,2656.38,24.45,79.9,507.7,6.17,10.51,Limestone,3.61,17.26
VOLVE_15_9_F5,2657.27,22.88,61.6,423.6,5.14,10.37,Limestone,3.63,14.38
VOLVE_15_9_F5,2658.21,20.44,79.4,381.1,5.34,10.13,Limestone,3.67,16.21
VOLVE_15_9_F5,2659.0,18.99,71.0,529.2,6.19,10.41,Limestone,3.72,15.92
VOLVE_15_9_F5,2659.63,17.83,51.5,474.8,2.23,10.45,Limestone,3.76,12.64
VOLVE_15_9_F5,2660.58,14.54,81.7,451.0,3.03,10.63,Limestone,3.8,14.23
VOLVE_15_9_F5,2660.94,21.08,86.3,448.8,5.11,10.53,Limestone,3.83,17.27
VOLVE_15_9_F5,2661.21,19.68,98.7,371.5,2.47,10.25,Limestone,3.86,16.25
VOLVE_15_9_F5,2661.75,19.81,66.3,463.7,4.52,10.6,Limestone,3.89,15.47
VOLVE_15_9_F5,2662.42,23.22,84.7,434.1,6.38,10.18,Limestone,3.93,17.85
VOLVE_15_9_F5,2663.16,20.37,100.3,457.4,5.81,10.39,Limestone,3.94,15.68
VOLVE_15_9_F5,2664.01,25.39,74.7,456.5,5.5,10.5,Limestone,3.99,17.27
VOLVE_15_9_F5,2664.23,19.22,91.4,320.2,4.82,10.61,Limestone,4.01,15.53
VOLVE_15_9_F5,2665.08,18.23,107.3,474.9,4.74,10.67,Limestone,4.03,16.34
VOLVE_15_9_F5,2665.76,17.52,55.4,462.9,3.83,10.58,Limestone,4.05,13.14
VOLVE_15_9_F5,2666.72,22.47,87.4,468.3,5.61,10.37,Limestone,4.09,16.59
VOLVE_15_9_F5,2667.2,23.55,100.8,448.0,3.77,10.48,Limestone,4.11,17.36
VOLVE_15_9_F5,2667.89,19.19,,457.3,6.65,10.42,Limestone,4.15,17.19
VOLVE_15_9_F5,2668.7,18.01,104.1,462.2,4.3,10.28,Limestone,4.17,18.13
VOLVE_15_9_F5,2669.32,24.5,92.8,466.3,6.27,10.37,Limestone,4.21,19.4
VOLVE_15_9_F5,2669.64,17.05,109.9,474.4,5.28,10.66,Limestone,4.24,14.94
VOLVE_15_9_F5,2669.88,23.21,92.1,466.7,4.09,10.49,Limestone,4.29,16.29
VOLVE_15_9_F5,2670.17,19.25,111.1,529.3,6.95,10.7,Limestone,4.31,18.61
VOLVE_15_9_F5,2670.77,21.68,87.8,426.3,6.57,10.23,Limestone,4.34,18.28
VOLVE_15_9_F5,2671.48,23.38,62.8,440.3,3.16,10.33,Limestone,4.36,14.74
VOLVE_15_9_F5,2672.14,21.88,73.9,523.1,4.99,10.45,Limestone,4.38,17.0
VOLVE_15_9_F5,2672.91,19.95,98.6,449.2,5.52,10.5,Limestone,4.43,15.77
VOLVE_15_9_F5,2673.14,24.18,98.3,492.6,3.17,10.37,Limestone,4.45,18.21
VOLVE_15_9_F5,2673.45,21.42,78.7,460.8,2.56,10.51,Limestone,4.49,15.36
VOLVE_15_9_F5,2674.25,29.9,110.4,446.2,5.35,10.51,Limestone,4.5,19.6
VOLVE_15_9_F5,2675.08,16.44,78.0,494.8,3.07,10.18,Limestone,4.55,14.03
VOLVE_15_9_F5,2675.84,16.4,90.2,476.1,3.58,10.5,Limestone,4.58,13.89
VOLVE_15_9_F5,2676.64,23.19,89.8,394.0,3.86,10.55,Limestone,4.63,19.53
VOLVE_15_9_F5,2677.61,20.63,63.3,462.3,4.66,10.44,Limestone,4.66,15.32
VOLVE_15_9_F5,2678.56,22.7,81.6,415.6,4.2,10.12,Limestone,4.7,18.58
VOLVE_15_9_F5,2679.28,17.97,119.0,506.2,6.74,10.35,Limestone,4.71,19.05
VOLVE_15_9_F5,2679.73,20.85,69.5,525.5,5.14,10.46,Limestone,4.74,14.56
VOLVE_15_9_F5,2679.95,21.86,92.7,530.3,6.31,10.26,Limestone,4.78,18.26
VOLVE_15_9_F5,2680.65,19.36,66.0,469.7,2.71,10.53,Limestone,4.79,13.58
VOLVE_15_9_F5,2681.2,21.3,69.3,436.9,4.2,10.5,Limestone,4.83,15.29
VOLVE_15_9_F5,2681.51,17.32,62.1,468.2,4.65,10.41,Limestone,4.86,12.65
VOLVE_15_9_F5,2681.89,21.71,97.4,417.8,5.96,10.4,Limestone,4.88,15.43
VOLVE_15_9_F5,2682.84,24.34,70.2,549.2,4.47,10.42,Limestone,4.92,16.27
VOLVE_15_9_F5,2683.09,17.64,102.3,503.1,4.52,10.39,Limestone,4.93,16.15
VOLVE_15_9_F5,2683.92,17.49,75.3,467.5,4.23,10.2,Limestone,4.96,15.33
VOLVE_15_9_F5,2684.84,23.71,85.2,495.3,5.05,10.33,Limestone,5.01,16.47
VOLVE_15_9_F5,2685.59,17.45,89.5,435.7,7.51,10.41,Limestone,5.02,16.1
VOLVE_15_9_F5,2685.84,22.84,59.0,411.1,5.32,10.61,Limestone,5.04,16.25
VOLVE_15_9_F5,2686.72,20.89,86.3,366.8,5.22,10.5,Limestone,5.05,16.2
VOLVE_15_9_F5,2687.44,19.71,88.5,458.7,3.59,10.62,Limestone,5.09,15.87
VOLVE_15_9_F5,2687.86,24.42,100.4,447.0,4.22,10.19,Limestone,5.12,18.17
VOLVE_15_9_F5,2688.56,23.07,68.9,476.1,4.85,10.34,Limestone,5.17,14.76
VOLVE_15_9_F5,2688.87,21.45,71.0,455.9,6.35,10.71,Limestone,5.2,16.8
VOLVE_15_9_F5,2689.64,15.38,93.2,474.3,4.54,10.29,Limestone,5.21,14.08
VOLVE_15_9_F5,2690.56,22.54,104.5,487.8,5.41,10.28,Limestone,5.22,19.57
VOLVE_15_9_F5,2691.18,18.09,74.4,397.0,3.85,10.36,Limestone,5.25,15.37
VOLVE_15_9_F5,2692.14,20.22,64.7,490.1,2.7,10.7,Limestone,5.28,15.53
VOLVE_15_9_F5,2692.69,20.79,78.5,439.1,5.57,10.3,Limestone,5.32,16.66
VOLVE_15_9_F5,2693.58,25.52,68.1,476.1,5.01,10.48,Limestone,5.34,16.57
VOLVE_15_9_F5,2694.4,20.14,89.2,496.3,5.69,10.46,Limestone,5.38,15.88
VOLVE_15_9_F5,2694.67,17.22,67.1,496.6,4.74,10.11,Limestone,5.41,14.05
VOLVE_15_9_F5,2695.6,24.46,97.9,460.6,4.51,10.4,Limestone,5.46,19.41
VOLVE_15_9_F5,2696.53,22.6,86.4,462.5,5.6,10.32,Limestone,5.5,17.1
VOLVE_15_9_F5,2697.01,22.7,98.3,491.1,3.97,10.5,Limestone,5.55,16.17
VOLVE_15_9_F5,2697.84,24.51,46.9,395.3,5.17,10.66,Limestone,5.57,14.84
VOLVE_15_9_F5,2698.22,25.1,56.9,417.3,5.04,10.35,Limestone,5.6,15.8
VOLVE_15_9_F5,2698.45,18.56,102.6,444.2,7.06,10.35,Limestone,5.61,16.25
VOLVE_15_9_F5,2698.81,17.32,72.5,402.1,3.61,10.78,Limestone,5.63,13.15
VOLVE_15_9_F5,2699.4,22.9,61.3,444.5,3.39,10.29,Limestone,5.67,16.17
VOLVE_15_9_F5,2699.65,20.14,80.2,442.3,4.52,10.2,Limestone,5.72,16.8
VOLVE_15_9_F5,2699.97,20.37,86.9,458.9,5.87,10.61,Limestone,5.75,16.48
VOLVE_15_9_F5,2700.93,18.0,80.9,453.1,1.48,10.39,Limestone,5.78,15.01
VOLVE_15_9_F5,2701.53,22.27,90.3,498.2,6.41,10.44,Limestone,5.8,16.66
VOLVE_15_9_F5,2702.39,21.81,88.2,478.3,5.04,10.74,Limestone,5.83,17.15
VOLVE_15_9_F5,2702.75,20.42,87.4,452.6,3.78,10.19,Limestone,5.85,15.54
VOLVE_15_9_F5,2703.02,17.34,103.5,442.1,4.67,10.37,Limestone,5.86,14.54
VOLVE_15_9_F5,2703.85,23.84,,453.5,4.5,10.22,Limestone,5.88,17.93
VOLVE_15_9_F5,2704.33,21.46,82.6,454.2,3.7,10.45,Limestone,5.92,15.08
VOLVE_15_9_F5,2704.89,23.61,95.3,556.2,3.23,10.32,Limestone,5.95,16.08
VOLVE_15_9_F5,2705.89,15.57,91.5,397.1,5.65,10.23,Limestone,6.0,16.04
VOLVE_15_9_F5,2706.34,20.97,69.7,418.4,4.26,10.51,Limestone,6.03,13.16
VOLVE_15_9_F5,2706.92,19.04,81.9,412.5,4.47,10.4,Limestone,6.06,14.83
VOLVE_15_9_F5,2707.63,20.92,89.8,466.2,6.24,10.21,Limestone,6.11,15.66
VOLVE_15_9_F5,2707.9,23.19,74.4,464.6,5.27,10.22,Limestone,6.15,15.69
VOLVE_15_9_F5,2708.67,21.76,75.1,432.5,3.21,10.43,Limestone,6.17,17.69
VOLVE_15_9_F5,2709.23,20.88,62.4,491.3,5.62,10.15,Limestone,6.19,15.51
VOLVE_15_9_F5,2709.57,20.87,40.0,470.2,6.26,10.44,Limestone,6.2,14.03
VOLVE_15_9_F5,2710.12,16.94,77.6,492.9,5.29,10.6,Limestone,6.23,15.81
VOLVE_15_9_F5,2710.69,18.58,85.1,503.6,3.91,10.5,Limestone,6.25,15.06
VOLVE_15_9_F5,2711.4,23.65,66.8,370.2,3.36,10.31,Limestone,6.28,15.99
VOLVE_15_9_F5,2712.35,19.59,103.9,482.8,4.24,10.45,Limestone,6.31,17.02
VOLVE_15_9_F5,2713.16,23.7,67.5,403.8,5.27,10.22,Limestone,6.36,16.42
VOLVE_15_9_F5,2713.67,22.92,96.9,465.4,7.23,10.42,Limestone,6.4,16.7
VOLVE_15_9_F5,2714.64,23.06,89.5,452.5,4.51,10.36,Limestone,6.44,17.14
VOLVE_15_9_F5,2715.48,21.69,115.9,454.2,4.91,10.25,Limestone,6.47,17.52
VOLVE_15_9_F5,2715.7,19.77,91.3,407.2,6.37,10.5,Limestone,6.49,17.01
VOLVE_15_9_F5,2715.99,20.49,61.5,496.7,4.25,10.11,Limestone,6.5,14.74
VOLVE_15_9_F5,2716.37,22.47,99.0,403.8,7.56,10.23,Limestone,6.53,19.21
VOLVE_15_9_F5,2716.63,15.55,108.7,485.5,4.85,10.25,Limestone,6.57,16.0
VOLVE_15_9_F5,2717.22,23.98,56.6,398.2,6.41,10.33,Limestone,6.59,14.78
VOLVE_15_9_F5,2717.69,19.62,92.8,454.7,5.62,10.6,Limestone,6.61,15.81
VOLVE_15_9_F5,2718.67,20.66,96.1,527.6,6.15,10.52,Limestone,6.66,17.16
VOLVE_15_9_F5,2719.25,20.68,80.0,549.9,4.85,10.42,Limestone,6.68,15.83
VOLVE_15_9_F5,2719.62,20.78,46.9,390.7,4.44,10.42,Limestone,6.73,14.14
VOLVE_15_9_F5,2720.6,17.6,78.8,427.3,5.27,10.41,Limestone,6.77,14.71
VOLVE_15_9_F5,2721.21,21.26,74.5,434.5,5.99,10.61,Limestone,6.79,17.44
VOLVE_15_9_F5,2721.47,22.37,106.1,545.6,6.24,10.13,Limestone,6.82,17.84
VOLVE_15_9_F5,2721.73,15.78,81.9,452.7,2.53,10.52,Limestone,6.84,14.03
VOLVE_15_9_F5,2722.47,17.64,77.0,498.4,5.05,10.33,Limestone,6.86,14.72
VOLVE_15_9_F5,2723.07,23.13,74.4,467.4,4.41,10.48,Limestone,6.91,18.0
VOLVE_15_9_F5,2723.77,22.67,88.1,407.5,4.71,10.48,Limestone,6.92,14.6
VOLVE_15_9_F5,2724.65,21.65,84.0,381.1,5.76,10.52,Limestone,6.97,15.77
VOLVE_15_9_F5,2725.39,19.2,71.3,430.9,6.84,10.65,Limestone,7.02,15.19
VOLVE_15_9_F5,2726.28,22.69,87.1,548.1,5.07,10.2,Limestone,7.06,16.33
VOLVE_15_9_F5,2727.07,17.9,74.8,465.8,7.1,10.56,Limestone,7.08,17.8
VOLVE_15_9_F5,2727.81,20.57,44.3,497.6,3.2,10.4,Limestone,7.1,12.7
VOLVE_15_9_F5,2728.12,17.65,93.2,398.7,6.46,10.34,Limestone,7.13,15.34
VOLVE_15_9_F5,2728.71,20.51,91.8,442.4,5.74,10.71,Limestone,7.14,17.73
VOLVE_15_9_F5,2729.25,18.34,86.2,486.6,5.19,10.52,Limestone,7.16,15.2
VOLVE_15_9_F5,2729.89,22.81,76.5,411.8,6.86,10.35,Limestone,7.17,16.08
VOLVE_15_9_F5,2730.4,22.0,82.1,452.9,4.45,10.55,Limestone,7.2,15.54
VOLVE_15_9_F5,2731.1,19.5,95.5,420.3,6.72,10.4,Limestone,7.22,15.9
VOLVE_15_9_F5,2731.61,23.65,73.7,488.5,4.98,10.35,Limestone,7.24,17.41
VOLVE_15_9_F5,2732.26,,96.1,471.4,4.34,10.32,Limestone,7.27,15.36
VOLVE_15_9_F5,2732.77,20.84,61.0,482.8,3.2,10.46,Limestone,7.29,12.03
VOLVE_15_9_F5,2733.69,19.4,85.7,490.3,6.93,10.32,Limestone,7.31,16.04
VOLVE_15_9_F5,2734.19,22.79,83.6,446.4,6.67,10.43,Limestone,7.33,16.44
VOLVE_15_9_F5,2734.98,22.55,98.2,495.6,4.93,10.54,Limestone,7.34,17.16
VOLVE_15_9_F5,2735.67,24.2,69.4,431.9,5.87,10.43,Limestone,7.36,15.63
VOLVE_15_9_F5,2736.18,21.15,71.0,480.5,5.12,10.71,Limestone,7.37,14.37
VOLVE_15_9_F5,2737.02,13.55,62.2,376.6,3.73,10.41,Limestone,7.4,11.91
VOLVE_15_9_F5,2737.96,19.87,74.7,425.6,6.07,10.62,Limestone,7.42,16.83
VOLVE_15_9_F5,2738.77,24.87,87.0,548.1,4.79,10.56,Limestone,7.44,17.45
VOLVE_15_9_F5,2739.73,20.15,56.2,479.9,2.03,10.64,Limestone,7.48,14.36
VOLVE_15_9_F5,2740.28,16.17,76.5,479.9,4.91,10.71,Limestone,7.52,13.18
VOLVE_15_9_F5,2741.21,22.09,92.3,422.5,5.45,10.15,Limestone,7.54,16.22
VOLVE_15_9_F5,2742.11,22.28,81.6,411.7,4.52,10.45,Limestone,7.59,14.62
VOLVE_15_9_F5,2742.92,19.15,84.3,444.9,3.92,10.4,Sandstone,7.63,25.42
VOLVE_15_9_F5,2743.79,20.36,60.5,452.8,2.87,10.43,Sandstone,7.66,21.06
VOLVE_15_9_F5,2744.58,18.86,81.6,532.1,4.49,10.36,Sandstone,7.69,25.21
VOLVE_15_9_F5,2745.19,22.29,83.6,496.2,4.21,10.33,Sandstone,7.7,26.28
VOLVE_15_9_F5,2745.83,21.12,80.7,459.8,6.27,10.25,Sandstone,7.73,25.76
VOLVE_15_9_F5,2746.36,18.07,85.4,458.1,5.53,10.43,Sandstone,7.76,21.82
VOLVE_15_9_F5,2747.09,,78.5,485.8,4.48,10.56,Sandstone,7.81,22.7
VOLVE_15_9_F5,2747.55,19.16,76.3,402.7,5.5,10.34,Sandstone,7.86,23.52
VOLVE_15_9_F5,2748.34,24.65,67.5,378.6,5.1,10.37,Sandstone,7.87,23.14
VOLVE_15_9_F5,2748.95,23.23,97.7,485.2,5.23,10.31,Sandstone,7.92,26.65
VOLVE_15_9_F5,2749.43,20.69,64.7,458.4,4.77,10.27,Sandstone,7.96,23.02
VOLVE_15_9_F5,2749.75,21.2,85.5,403.0,7.32,10.38,Sandstone,8.0,24.0
VOLVE_15_9_F5,2750.15,23.54,110.3,371.7,6.55,10.47,Sandstone,8.05,25.53
VOLVE_15_9_F5,2750.87,20.57,99.6,491.3,4.99,10.61,Sandstone,8.07,26.02
VOLVE_15_9_F5,2751.36,22.9,90.8,434.6,6.5,10.24,Sandstone,8.1,24.43
VOLVE_15_9_F5,2751.59,24.7,86.9,471.5,6.56,10.41,Sandstone,8.14,26.33
VOLVE_15_9_F5,2752.05,19.78,81.2,445.0,5.31,10.59,Sandstone,8.16,23.41
VOLVE_15_9_F5,2752.54,25.13,69.6,454.1,4.91,10.24,Sandstone,8.19,25.29
VOLVE_15_9_F5,2752.93,24.4,79.3,431.8,4.91,10.61,Sandstone,8.24,27.68
VOLVE_15_9_F5,2753.36,21.63,91.7,452.4,4.03,10.35,Sandstone,8.28,24.4
VOLVE_15_9_F5,2754.12,19.91,89.0,478.6,5.34,10.52,Sandstone,8.3,25.28
VOLVE_15_9_F5,2754.92,21.61,94.9,444.5,4.64,10.39,Sandstone,8.34,25.69
VOLVE_15_9_F5,2755.89,20.41,101.4,442.2,4.83,10.49,Sandstone,8.35,25.94
VOLVE_15_9_F5,2756.18,19.04,80.7,479.8,5.67,10.66,Sandstone,8.4,23.89
VOLVE_15_9_F5,2756.63,22.36,86.0,482.5,7.33,10.4,Sandstone,8.42,27.71
VOLVE_15_9_F5,2756.89,18.47,54.6,410.0,4.93,10.57,Sandstone,8.46,21.59
VOLVE_15_9_F5,2757.59,20.18,116.9,454.4,5.44,10.46,Sandstone,8.5,27.17
VOLVE_15_9_F5,2757.8,20.22,76.9,434.6,4.95,10.3,Sandstone,8.53,22.61
VOLVE_15_9_F5,2758.16,17.62,92.9,456.1,6.34,10.4,Sandstone,8.56,24.46
VOLVE_15_9_F5,2758.83,22.68,76.9,512.9,5.66,10.39,Sandstone,8.59,25.22
VOLVE_15_9_F5,2759.32,20.47,76.5,469.9,5.22,10.21,Sandstone,8.63,23.59
VOLVE_15_9_F5,2759.95,24.29,79.5,542.1,5.7,10.49,Sandstone,8.67,26.15
VOLVE_15_9_F5,2760.67,20.43,64.4,464.3,3.09,10.52,Sandstone,8.71,22.6
VOLVE_15_9_F5,2761.54,20.03,45.9,448.9,4.96,10.54,Sandstone,8.72,21.5
VOLVE_15_9_F5,2762.05,18.79,100.5,454.7,4.15,10.64,Sandstone,8.74,25.5
VOLVE_15_9_F5,2762.48,21.15,91.3,461.2,5.75,10.56,Sandstone,8.77,26.32
VOLVE_15_9_F5,2763.11,21.16,69.4,468.4,4.06,10.33,Sandstone,8.78,24.0
VOLVE_15_9_F5,2763.36,22.91,89.9,415.8,6.12,10.36,Sandstone,8.82,25.63
VOLVE_15_9_F5,2763.6,21.22,95.5,446.2,5.16,10.55,Sandstone,8.86,24.8
VOLVE_15_9_F5,2764.16,26.29,72.7,426.6,4.08,10.48,Sandstone,8.87,24.69
VOLVE_15_9_F5,2764.53,22.2,89.3,496.7,4.99,10.42,Sandstone,8.9,25.16
VOLVE_15_9_F5,2764.74,18.59,98.2,378.5,7.79,10.29,Sandstone,8.92,23.89
VOLVE_15_9_F5,2765.48,18.38,61.5,461.8,1.85,10.34,Sandstone,8.96,22.09
VOLVE_15_9_F5,2766.33,22.4,91.1,394.8,5.58,10.51,Sandstone,8.98,26.52
VOLVE_15_9_F5,2766.65,18.52,88.5,472.8,3.78,10.13,Sandstone,8.99,23.96
VOLVE_15_9_F5,2767.3,22.56,111.3,439.6,7.35,10.07,Sandstone,9.0,26.97
VOLVE_15_9_F5,2768.29,23.31,91.4,382.9,6.45,10.53,Sandstone,9.03,26.19
VOLVE_15_9_F5,2768.71,23.37,76.9,493.2,5.48,10.34,Sandstone,9.07,23.67
VOLVE_15_9_F5,2769.49,18.9,78.6,354.9,5.98,10.49,Sandstone,9.11,23.55
VOLVE_15_9_F5,2769.82,23.38,113.4,454.3,6.1,10.66,Sandstone,9.12,25.65
VOLVE_15_9_F5,2770.77,21.89,77.8,,5.14,10.27,Sandstone,9.15,25.62
VOLVE_15_9_F5,2770.97,19.56,91.9,510.6,4.42,10.17,Sandstone,9.18,24.96
VOLVE_15_9_F5,2771.4,20.69,79.5,391.1,4.62,10.38,Sandstone,9.22,23.79
VOLVE_15_9_F5,2772.38,22.27,99.3,434.9,4.94,10.32,Sandstone,9.24,27.86
VOLVE_15_9_F5,2773.12,19.41,100.0,498.9,5.26,10.42,Sandstone,9.28,24.42
VOLVE_15_9_F5,2773.49,21.85,82.7,501.6,2.94,10.51,Sandstone,9.32,23.74
VOLVE_15_9_F5,2774.32,24.71,77.0,506.8,6.61,10.47,Sandstone,9.35,26.17
VOLVE_15_9_F5,2775.24,23.51,76.6,558.0,7.6,10.43,Sandstone,9.38,28.27
VOLVE_15_9_F5,2775.83,21.31,57.2,435.2,4.26,10.58,Sandstone,9.39,22.11
VOLVE_15_9_F5,2776.16,21.69,84.6,470.4,6.63,10.53,Sandstone,9.4,25.23
VOLVE_15_9_F5,2776.56,19.76,84.3,441.7,4.88,10.4,Sandstone,9.45,24.0
VOLVE_15_9_F5,2777.52,19.84,70.8,376.6,4.12,10.52,Sandstone,9.48,21.1
VOLVE_15_9_F5,2777.85,17.27,55.5,452.0,3.93,10.19,Sandstone,9.52,20.84
VOLVE_15_9_F5,2778.29,21.74,86.1,375.8,5.35,10.59,Sandstone,9.55,23.53
VOLVE_15_9_F5,2778.61,22.82,88.0,434.7,4.51,10.43,Sandstone,9.56,26.33
VOLVE_15_9_F5,2778.9,20.94,89.0,396.8,5.95,10.25,Sandstone,9.58,25.24
VOLVE_15_9_F5,2779.51,18.92,68.2,473.1,4.1,10.36,Sandstone,9.62,21.24
VOLVE_15_9_F5,2780.03,21.29,89.0,424.4,3.96,10.58,Sandstone,9.63,23.85
VOLVE_15_9_F5,2780.27,24.48,80.4,384.2,5.38,10.31,Sandstone,9.68,25.16
VOLVE_15_9_F5,2780.58,23.37,96.0,490.2,4.71,10.49,Sandstone,9.69,25.22
VOLVE_15_9_F5,2780.81,21.05,68.4,431.4,4.53,10.56,Sandstone,9.73,21.74
VOLVE_15_9_F5,2781.03,26.24,100.3,438.3,5.8,10.43,Sandstone,9.75,26.8
VOLVE_15_9_F5,2781.38,27.87,105.7,416.5,4.49,10.3,Sandstone,9.8,27.57
VOLVE_15_9_F5,2782.17,19.93,84.8,501.5,6.82,10.42,Sandstone,9.84,26.06
VOLVE_15_9_F5,2782.38,20.51,89.1,466.4,6.16,10.22,Sandstone,9.86,25.33
VOLVE_15_9_F5,2782.83,22.86,94.8,431.0,4.72,10.35,Sandstone,9.89,27.81
VOLVE_15_9_F5,2783.48,18.85,67.7,379.0,4.69,10.26,Sandstone,9.94,20.84
VOLVE_15_9_F5,2784.27,23.26,75.7,556.0,5.99,10.42,Sandstone,9.97,26.48
VOLVE_15_9_F5,2785.02,21.39,85.8,534.7,5.46,10.24,Sandstone,9.99,24.72
VOLVE_15_9_F5,2786.01,22.07,113.4,513.3,7.94,10.44,Sandstone,10.03,29.26
VOLVE_15_9_F5,2786.43,19.71,65.1,427.4,4.46,10.6,Sandstone,10.05,23.36
VOLVE_15_9_F5,2786.63,19.18,107.6,435.5,6.77,10.61,Sandstone,10.07,25.5
VOLVE_15_9_F5,2786.86,16.18,80.1,471.6,3.06,10.24,Sandstone,10.12,20.34
VOLVE_15_9_F5,2787.14,24.86,82.5,419.8,4.06,10.33,Sandstone,10.16,25.51
VOLVE_15_9_F5,2788.12,23.51,101.3,416.0,7.66,10.56,Sandstone,10.18,25.28
VOLVE_15_9_F5,2788.77,22.84,113.3,513.9,5.24,10.54,Sandstone,10.2,27.56
VOLVE_15_9_F5,2789.61,22.03,89.4,453.4,3.92,10.34,Sandstone,10.22,23.32
VOLVE_15_9_F5,2790.6,15.4,100.5,410.8,4.84,10.36,Sandstone,10.27,22.68
VOLVE_15_9_F5,2791.48,19.29,69.2,493.7,6.29,10.44,Sandstone,10.31,22.84
VOLVE_15_9_F5,2792.0,20.53,75.1,432.6,4.06,10.16,Sandstone,10.36,22.49
VOLVE_15_9_F5,2792.9,18.47,62.7,376.4,4.55,10.51,Sandstone,10.37,21.34
VOLVE_15_9_F5,2793.45,16.94,75.3,410.2,2.43,10.59,Sandstone,10.38,20.7
VOLVE_15_9_F5,2793.74,18.73,91.5,434.9,4.5,10.37,Sandstone,10.42,23.29
VOLVE_15_9_F5,2794.38,21.3,86.2,464.4,6.41,10.22,Sandstone,10.43,25.75
VOLVE_15_9_F5,2795.31,21.3,108.9,462.5,4.61,10.64,Sandstone,10.45,27.06
VOLVE_15_9_F5,2796.14,23.45,113.8,504.7,4.29,10.46,Sandstone,10.47,27.28
VOLVE_15_9_F5,2796.66,26.34,81.0,446.1,4.65,10.54,Sandstone,10.51,23.32
VOLVE_15_9_F5,2797.54,22.9,72.8,437.0,4.42,10.23,Sandstone,10.54,22.14
VOLVE_15_9_F5,2798.12,20.75,100.4,505.4,6.29,10.24,Sandstone,10.58,26.11
VOLVE_15_9_F5,2798.86,25.7,102.0,494.7,6.3,10.5,Sandstone,10.6,28.47
VOLVE_15_9_F5,2799.33,17.24,89.6,447.1,5.58,10.59,Sandstone,10.64,22.88
VOLVE_15_9_F5,2799.69,16.0,93.6,467.3,4.88,10.26,Sandstone,10.67,23.41
VOLVE_15_9_F5,2800.14,18.98,91.2,436.6,4.33,10.42,Sandstone,10.69,23.32
VOLVE_15_9_F5,2801.04,23.23,68.2,409.1,4.18,10.2,Sandstone,10.72,24.09
VOLVE_15_9_F5,2802.03,21.63,64.7,543.5,5.44,10.33,Sandstone,10.77,24.61
VOLVE_15_9_F5,2802.44,18.39,82.2,433.9,6.8,10.4,Sandstone,10.78,22.22
VOLVE_15_9_F5,2802.77,19.39,80.0,467.4,3.82,10.51,Sandstone,10.82,23.19
VOLVE_15_9_F5,2803.03,18.11,87.1,395.0,3.72,10.12,Sandstone,10.85,21.03
VOLVE_15_9_F5,2803.83,18.11,81.0,485.1,3.48,10.63,Sandstone,10.89,22.89
VOLVE_15_9_F5,2804.45,25.1,57.4,407.4,6.12,10.41,Sandstone,10.93,22.54
VOLVE_15_9_F5,2805.1,20.86,51.3,522.7,4.6,10.63,Sandstone,10.97,21.83
VOLVE_15_9_F5,2805.34,25.65,94.0,527.5,6.39,10.54,Sandstone,11.01,27.43
VOLVE_15_9_F5,2805.6,19.0,73.0,478.2,4.2,10.56,Sandstone,11.03,22.6
VOLVE_15_9_F5,2806.53,22.45,79.5,460.2,5.96,10.74,Sandstone,11.06,25.59
VOLVE_15_9_F5,2807.19,21.8,74.6,448.1,4.74,10.32,Sandstone,11.1,23.57
VOLVE_15_9_F5,2807.57,23.43,69.3,453.7,3.29,10.46,Sandstone,11.15,23.22
VOLVE_15_9_F5,2807.93,21.87,68.9,472.0,6.11,10.29,Sandstone,11.19,25.08
VOLVE_15_9_F5,2808.33,23.7,98.3,459.2,5.56,10.42,Sandstone,11.24,27.78
VOLVE_15_9_F5,2808.58,22.62,79.4,494.9,4.85,10.54,Sandstone,11.27,24.24
VOLVE_15_9_F5,2808.82,18.51,92.5,418.9,5.39,10.61,Sandstone,11.31,22.44
VOLVE_15_9_F5,2809.59,23.07,94.5,516.7,3.76,10.38,Sandstone,11.33,25.26
VOLVE_15_9_F5,2810.0,20.98,87.7,438.7,5.72,10.26,Sandstone,11.36,24.5
VOLVE_15_9_F5,2810.51,19.3,95.0,425.8,4.45,10.45,Sandstone,11.39,23.19
VOLVE_15_9_F5,2811.14,22.98,83.2,470.1,5.13,10.31,Sandstone,11.42,22.93
VOLVE_15_9_F5,2811.6,23.55,103.4,472.7,7.04,10.35,Sandstone,11.46,27.77
VOLVE_15_9_F5,2812.18,20.04,95.3,386.2,6.0,10.54,Sandstone,11.51,24.16
VOLVE_15_9_F5,2813.07,20.38,97.3,436.4,5.08,10.51,Sandstone,11.55,25.29
VOLVE_15_9_F5,2813.47,17.79,68.9,368.7,4.51,10.56,Sandstone,11.6,21.78
VOLVE_15_9_F5,2814.3,16.75,86.9,428.6,1.74,10.39,Sandstone,11.64,21.46
VOLVE_15_9_F5,2814.71,20.65,55.4,430.3,3.7,10.59,Sandstone,11.68,20.97
VOLVE_15_9_F5,2815.06,23.24,104.0,467.5,5.85,10.44,Sandstone,11.72,27.06
VOLVE_15_9_F5,2815.32,19.83,73.6,424.1,3.97,10.4,Sandstone,11.74,20.8
VOLVE_15_9_F5,2816.07,24.83,75.7,433.6,3.78,10.27,Sandstone,11.78,23.73
VOLVE_15_9_F5,2816.6,20.75,62.4,507.8,5.38,10.13,Sandstone,11.8,22.93
VOLVE_15_9_F5,2817.41,20.77,82.4,538.2,6.67,10.2,Sandstone,11.84,25.82
VOLVE_15_9_F5,2817.72,20.55,78.9,418.8,4.17,10.47,Sandstone,11.86,22.03
VOLVE_15_9_F5,2818.4,23.73,110.3,496.4,6.84,10.3,Sandstone,11.89,26.45
VOLVE_15_9_F5,2818.61,18.88,95.8,471.1,6.01,10.19,Sandstone,11.91,23.61
VOLVE_15_9_F5,2819.0,20.95,75.2,386.1,3.84,10.38,Sandstone,11.95,22.57
VOLVE_15_9_F5,2819.69,19.91,58.0,424.0,3.79,10.48,Sandstone,11.99,20.71
VOLVE_15_9_F5,2819.93,19.88,48.7,334.5,6.68,10.5,Sandstone,12.0,18.17
VOLVE_15_9_F5,2820.43,21.37,67.6,468.6,3.6,10.44,Sandstone,12.02,21.28
VOLVE_15_9_F5,2821.08,21.0,63.0,412.6,4.1,10.43,Sandstone,12.07,21.84
VOLVE_15_9_F5,2821.87,23.92,88.2,461.0,7.83,10.36,Sandstone,12.09,25.79
VOLVE_15_9_F5,2822.63,21.26,80.8,558.5,4.44,10.54,Sandstone,12.12,24.45
VOLVE_15_9_F5,2822.95,22.68,83.2,519.4,6.91,10.41,Sandstone,12.17,24.74
VOLVE_15_9_F5,2823.21,21.72,68.7,425.0,3.76,10.43,Sandstone,12.21,23.13
VOLVE_15_9_F5,2823.71,24.8,85.2,415.3,5.68,10.6,Sandstone,12.22,24.64
VOLVE_15_9_F5,2824.1,20.54,61.6,507.4,6.08,10.56,Sandstone,12.26,22.93
VOLVE_15_9_F5,2824.55,20.55,81.6,415.5,4.51,10.41,Sandstone,12.31,23.23
VOLVE_15_9_F5,2825.02,23.16,95.4,495.3,5.64,10.39,Sandstone,12.33,27.1
VOLVE_15_9_F5,2825.54,20.51,77.5,565.1,5.9,10.39,Sandstone,12.37,23.42
VOLVE_15_9_F5,2826.15,22.55,89.6,482.7,4.29,10.14,Sandstone,12.39,24.42
VOLVE_15_9_F5,2826.36,27.15,53.3,503.0,7.93,10.61,Sandstone,12.44,23.4
VOLVE_15_9_F5,2826.8,18.86,52.1,498.4,5.72,10.34,Sandstone,12.46,22.17
VOLVE_15_9_F5,2827.21,25.14,87.8,433.4,5.15,10.57,Sandstone,12.48,24.31
VOLVE_15_9_F5,2827.6,20.08,98.6,467.3,5.0,10.45,Sandstone,12.5,23.32
VOLVE_15_9_F5,2828.43,24.66,79.4,417.4,7.7,10.65,Sandstone,12.55,24.3
VOLVE_15_9_F5,2828.83,23.03,115.1,507.3,5.37,10.52,Sandstone,12.58,26.58
VOLVE_15_9_F5,2829.15,22.82,61.3,412.3,4.41,10.58,Sandstone,12.6,22.75
VOLVE_15_9_F5,2830.03,20.94,72.7,483.7,6.35,10.35,Sandstone,12.61,23.02
VOLVE_15_9_F5,2830.54,20.7,85.0,500.9,3.46,10.25,Sandstone,12.66,22.83
VOLVE_15_9_F5,2830.89,19.52,89.9,436.0,5.01,10.47,Sandstone,12.67,22.03
VOLVE_15_9_F5,2831.69,21.34,74.2,426.8,5.13,10.16,Sandstone,12.71,22.46
VOLVE_15_9_F5,2832.41,20.87,67.0,448.9,4.04,10.37,Sandstone,12.74,24.57
VOLVE_15_9_F5,2833.37,21.81,92.2,420.0,3.47,10.27,Sandstone,12.78,24.1
VOLVE_15_9_F5,2834.27,17.81,84.9,461.9,4.96,10.32,Sandstone,12.82,23.0
VOLVE_15_9_F5,2835.03,21.4,77.7,419.0,5.92,10.53,Sandstone,12.86,22.73
VOLVE_15_9_F5,2835.36,24.5,90.4,421.9,4.75,10.52,Sandstone,12.87,24.36
VOLVE_15_9_F5,2835.94,23.7,80.9,477.5,3.93,10.42,Sandstone,12.9,24.87
VOLVE_15_9_F5,2836.24,21.4,80.8,480.4,6.65,10.49,Sandstone,12.91,24.37
VOLVE_15_9_F5,2836.88,27.75,80.3,443.9,6.34,10.36,Sandstone,12.94,25.62
VOLVE_15_9_F5,2837.81,19.91,70.6,389.8,4.42,10.81,Sandstone,12.97,21.0
VOLVE_15_9_F5,2838.01,21.14,69.1,502.5,6.04,10.49,Sandstone,13.01,22.74
VOLVE_15_9_F5,2838.92,17.73,75.0,437.7,5.01,10.36,Sandstone,13.05,21.72
VOLVE_15_9_F5,2839.55,20.35,83.4,538.2,7.23,10.58,Sandstone,13.1,24.18
VOLVE_15_9_F5,2839.87,25.83,54.8,450.4,5.94,10.63,Sandstone,13.12,24.48
VOLVE_15_9_F5,2840.75,20.45,97.1,461.1,3.63,10.33,Sandstone,13.16,24.57
VOLVE_15_9_F5,2841.38,17.55,83.2,438.4,4.04,10.23,Sandstone,13.2,20.89
VOLVE_15_9_F5,2841.94,23.55,66.9,465.4,4.39,10.26,Sandstone,13.25,21.67
VOLVE_15_9_F5,2842.54,22.34,107.1,594.7,5.99,10.35,Sandstone,13.26,26.61
VOLVE_15_9_F5,2842.86,23.45,83.5,441.7,5.0,10.44,Sandstone,13.3,22.77
VOLVE_15_9_F5,2843.15,20.63,62.9,506.7,3.45,10.2,Sandstone,13.32,21.76
VOLVE_15_9_F5,2843.88,18.86,106.5,459.3,6.0,10.39,Sandstone,13.35,22.86
VOLVE_15_9_F5,2844.78,20.92,103.2,502.6,6.63,10.42,Sandstone,13.38,24.93
VOLVE_15_9_F5,2845.54,22.77,69.3,378.4,4.96,10.5,Sandstone,13.4,21.55
VOLVE_15_9_F5,2846.41,21.2,78.0,533.5,5.33,10.54,Sandstone,13.41,23.73
VOLVE_15_9_F5,2847.29,22.36,76.0,469.3,3.99,10.51,Sandstone,13.45,22.68
VOLVE_15_9_F5,2847.51,20.05,54.5,445.0,4.0,10.72,Sandstone,13.47,19.11
VOLVE_15_9_F5,2848.33,22.46,87.7,491.8,4.76,10.61,Sandstone,13.49,25.23
VOLVE_15_9_F5,2849.15,21.39,95.6,461.5,6.03,10.48,Sandstone,13.53,24.65
VOLVE_15_9_F5,2849.63,19.63,92.7,409.8,5.47,10.3,Sandstone,13.56,22.25
VOLVE_15_9_F5,2850.15,21.75,83.4,358.8,4.81,10.35,Sandstone,13.6,21.46
VOLVE_15_9_F5,2850.95,20.44,97.0,528.7,4.85,10.24,Sandstone,13.65,23.24
VOLVE_15_9_F5,2851.94,22.95,65.8,446.8,2.69,10.47,Sandstone,13.67,20.39
VOLVE_15_9_F5,2852.93,23.59,110.1,431.2,7.7,10.5,Sandstone,13.69,26.53
VOLVE_15_9_F5,2853.51,22.67,71.3,434.3,2.61,10.59,Sandstone,13.7,22.78
VOLVE_15_9_F5,2854.34,17.33,72.9,514.3,5.16,10.49,Sandstone,13.73,21.03
VOLVE_15_9_F5,2854.91,19.01,74.2,436.1,4.87,10.61,Sandstone,13.76,22.57
VOLVE_15_9_F5,2855.81,19.83,73.1,481.5,4.56,10.61,Sandstone,13.81,22.4
VOLVE_15_9_F5,2856.53,19.44,80.0,442.3,4.94,10.3,Sandstone,13.84,22.37
VOLVE_15_9_F5,2857.48,20.07,79.4,405.5,4.2,10.37,Sandstone,13.86,22.55
VOLVE_15_9_F5,2858.47,23.75,84.8,491.8,6.19,10.45,Sandstone,13.91,25.15
VOLVE_15_9_F5,2858.94,23.18,70.6,499.8,3.57,10.35,Sandstone,13.95,23.08
VOLVE_15_9_F5,2859.92,20.38,85.3,428.5,5.51,10.42,Sandstone,13.99,22.61
VOLVE_15_9_F5,2860.67,22.92,66.5,454.2,4.25,10.5,Sandstone,14.02,21.94
VOLVE_15_9_F5,2861.07,22.27,93.8,459.6,4.9,10.44,Sandstone,14.04,22.38
VOLVE_15_9_F5,2861.27,21.36,93.6,473.5,4.85,10.45,Sandstone,14.07,22.98
VOLVE_15_9_F5,2862.01,24.32,82.8,534.6,5.23,10.31,Sandstone,14.09,26.56
VOLVE_15_9_F5,2862.39,19.8,73.1,442.8,5.48,10.53,Sandstone,14.12,20.98
VOLVE_15_9_F5,2862.78,21.58,87.5,442.5,5.21,10.52,Sandstone,14.16,21.31
VOLVE_15_9_F5,2863.42,18.83,69.5,448.7,5.86,10.34,Sandstone,14.19,22.28
VOLVE_15_9_F5,2863.64,18.95,83.4,418.0,6.21,10.26,Sandstone,14.21,22.47
VOLVE_15_9_F5,2864.18,18.05,80.6,386.8,5.2,10.64,Sandstone,14.22,21.06
VOLVE_15_9_F5,2865.02,19.0,122.3,461.1,6.36,10.72,Sandstone,14.26,24.01
VOLVE_15_9_F5,2865.24,21.67,64.4,476.8,7.35,10.49,Sandstone,14.28,23.08
VOLVE_15_9_F5,2865.94,20.71,42.8,455.8,2.81,10.4,Sandstone,14.31,20.57
VOLVE_15_9_F5,2866.26,20.79,73.3,453.2,6.26,10.61,Sandstone,14.35,21.62
VOLVE_15_9_F5,2867.15,20.72,57.1,419.8,6.58,10.53,Sandstone,14.37,21.3
VOLVE_15_9_F5,2867.67,25.9,71.9,465.8,5.93,10.42,Sandstone,14.41,24.81
VOLVE_15_9_F5,2868.52,18.63,63.4,462.5,6.91,10.6,Sandstone,14.43,20.27
VOLVE_15_9_F5,2869.3,18.37,69.3,474.7,6.82,10.33,Sandstone,14.47,23.02
VOLVE_15_9_F5,2870.2,19.37,66.9,468.7,4.34,10.35,Sandstone,14.48,22.14
VOLVE_15_9_F5,2870.81,21.3,97.3,471.5,5.06,10.51,Sandstone,14.5,22.51
VOLVE_15_9_F5,2871.4,22.77,82.1,508.5,5.92,10.47,Sandstone,14.52,25.7
VOLVE_15_9_F5,2871.63,23.03,99.0,478.6,4.81,10.55,Sandstone,14.56,23.01
VOLVE_15_9_F5,2872.26,23.85,83.4,475.0,8.65,10.64,Sandstone,14.6,23.78
VOLVE_15_9_F5,2872.88,21.22,96.7,386.0,6.31,10.22,Sandstone,14.64,23.86
VOLVE_15_9_F5,2873.56,20.5,78.3,497.9,5.08,10.46,Sandstone,14.67,23.6
VOLVE_15_9_F5,2873.87,25.58,106.7,443.8,4.21,10.74,Sandstone,14.72,24.82
VOLVE_15_9_F5,2874.5,14.54,89.9,458.9,4.96,10.37,Sandstone,14.75,19.89
VOLVE_15_9_F5,2875.06,21.66,71.1,404.8,3.59,10.35,Sandstone,14.78,21.05
VOLVE_15_9_F5,2875.74,22.58,92.1,539.3,6.33,10.12,Sandstone,14.81,24.71
VOLVE_15_9_F5,2876.47,26.19,83.2,356.8,2.6,10.47,Sandstone,14.83,23.41
VOLVE_15_9_F5,2876.95,17.36,79.8,515.3,6.42,10.55,Sandstone,14.88,21.45
VOLVE_15_9_F5,2877.56,20.46,84.2,472.8,4.6,10.55,Sandstone,14.93,21.85
VOLVE_15_9_F5,2878.07,18.12,94.1,379.5,3.01,10.3,Sandstone,14.94,19.69
VOLVE_15_9_F5,2878.89,17.02,51.0,537.2,4.28,10.46,Sandstone,14.99,18.59
VOLVE_15_9_F5,2879.72,21.01,77.5,476.3,5.07,10.49,Sandstone,15.0,22.31
VOLVE_15_9_F5,2880.16,23.6,93.0,361.4,5.44,10.47,Sandstone,15.04,21.78
VOLVE_15_9_F5,2880.57,24.54,86.5,438.9,7.16,10.3,Sandstone,15.08,22.6
VOLVE_15_9_F5,2881.31,20.2,65.9,477.1,5.26,10.47,Sandstone,15.1,22.22
VOLVE_15_9_F5,2882.13,23.19,47.3,524.3,5.75,10.34,Sandstone,15.12,20.27
VOLVE_15_9_F5,2882.34,21.04,108.3,439.4,5.22,10.18,Sandstone,15.16,22.53
VOLVE_15_9_F5,2882.88,22.92,80.0,349.9,5.78,10.56,Sandstone,15.19,23.4
VOLVE_15_9_F5,2883.32,24.42,105.5,514.1,4.21,10.48,Sandstone,15.21,26.09
VOLVE_15_9_F5,2884.14,21.05,94.7,475.7,5.63,10.55,Sandstone,15.26,24.38
VOLVE_15_9_F5,2884.45,24.23,70.9,366.5,4.33,10.38,Sandstone,15.28,21.97
VOLVE_15_9_F5,2885.28,18.51,45.3,469.5,5.93,10.56,Sandstone,15.29,20.13
VOLVE_15_9_F5,2886.0,23.19,75.9,473.7,5.32,10.62,Sandstone,15.34,23.71
VOLVE_15_9_F5,2886.88,24.13,82.2,442.8,6.2,10.73,Sandstone,15.38,22.96
VOLVE_15_9_F5,2887.87,23.88,89.5,422.7,5.81,10.58,Sandstone,15.41,22.47
VOLVE_15_9_F5,2888.45,18.59,66.1,431.4,6.83,10.52,Sandstone,15.44,19.27
VOLVE_15_9_F5,2889.21,21.04,85.4,442.8,3.3,10.26,Sandstone,15.48,22.08
VOLVE_15_9_F5,2889.98,22.32,85.4,470.0,5.15,10.45,Sandstone,15.5,22.05
VOLVE_15_9_F5,2890.86,22.67,97.6,487.3,4.35,10.25,Sandstone,15.52,23.49
VOLVE_15_9_F5,2891.47,21.86,78.2,369.9,2.68,10.34,Sandstone,15.54,20.92
VOLVE_15_9_F5,2891.76,25.14,89.4,466.0,4.37,10.76,Sandstone,15.58,25.03
VOLVE_15_9_F5,2892.74,18.33,87.1,475.3,6.36,10.31,Sandstone,15.6,20.68
VOLVE_15_9_F5,2892.98,20.97,95.9,462.6,5.29,10.11,Sandstone,15.63,23.49
VOLVE_15_9_F5,2893.95,17.36,70.5,439.6,4.36,10.59,Sandstone,15.66,18.62
VOLVE_15_9_F5,2894.36,23.13,40.0,512.6,5.61,10.36,Sandstone,15.69,19.3
VOLVE_15_9_F5,2894.95,22.97,79.2,509.6,5.39,10.58,Sandstone,15.71,24.05
VOLVE_15_9_F5,2895.91,29.96,79.3,441.1,6.62,10.29,Sandstone,15.74,23.98
VOLVE_15_9_F5,2896.65,24.15,65.4,452.5,5.54,10.4,Sandstone,15.77,21.8
VOLVE_15_9_F5,2897.32,22.42,60.1,486.7,5.57,10.65,Sandstone,15.79,21.51
VOLVE_15_9_F5,2897.78,22.23,74.1,507.1,4.57,10.27,Sandstone,15.81,23.44
VOLVE_15_9_F5,2898.22,20.8,81.0,423.2,6.34,10.44,Sandstone,15.86,21.46
VOLVE_15_9_F5,2898.44,21.92,84.2,413.9,3.78,10.51,Sandstone,15.89,23.13
VOLVE_15_9_F5,2899.11,22.29,48.5,466.8,4.63,10.36,Sandstone,15.91,19.59
VOLVE_15_9_F5,2899.66,16.69,56.4,410.9,5.66,10.5,Sandstone,15.93,18.64
VOLVE_15_9_F5,2900.04,22.09,99.7,378.0,5.3,10.47,Sandstone,15.95,22.37
VOLVE_15_9_F5,2900.54,21.85,79.9,423.0,4.65,10.55,Sandstone,15.98,22.57
VOLVE_15_9_F5,2901.5,25.99,82.7,472.5,8.33,10.74,Sandstone,16.02,26.2
VOLVE_15_9_F5,2902.38,21.28,62.7,517.9,6.56,10.87,Sandstone,16.03,21.23
VOLVE_15_9_F5,2902.92,19.7,82.7,427.5,5.18,10.54,Sandstone,16.07,21.44
VOLVE_15_9_F5,2903.9,22.29,77.1,450.8,4.0,10.45,Sandstone,16.1,21.45
VOLVE_15_9_F5,2904.47,21.8,73.5,462.0,2.62,10.53,Sandstone,16.12,20.63
VOLVE_15_9_F5,2904.95,21.29,60.8,429.9,5.68,10.43,Sandstone,16.13,19.88
VOLVE_15_9_F5,2905.46,18.42,69.7,426.7,6.22,10.23,Sandstone,16.15,20.52
VOLVE_15_9_F5,2906.36,21.24,112.3,469.2,6.07,10.46,Sandstone,16.19,23.34
VOLVE_15_9_F5,2906.78,20.18,77.5,407.9,2.93,10.63,Sandstone,16.22,19.45
VOLVE_15_9_F5,2907.15,21.09,94.6,425.1,5.51,10.25,Sandstone,16.26,19.48
VOLVE_15_9_F5,2908.12,23.46,79.8,447.7,4.72,10.32,Sandstone,16.28,23.89
VOLVE_15_9_F5,2908.91,19.95,78.0,468.7,5.16,10.38,Sandstone,16.31,23.03
VOLVE_15_9_F5,2909.72,21.09,73.2,395.2,7.33,10.53,Sandstone,16.33,21.84
VOLVE_15_9_F5,2910.51,23.0,102.9,450.6,6.56,10.83,Sandstone,16.36,22.64
VOLVE_15_9_F5,2911.26,20.97,88.3,404.2,5.9,10.35,Sandstone,16.38,20.77
VOLVE_15_9_F5,2911.53,28.17,70.9,428.5,5.54,10.48,Sandstone,16.39,21.37
VOLVE_15_9_F5,2912.34,22.27,76.8,487.4,5.65,10.47,Sandstone,16.44,23.16
VOLVE_15_9_F5,2912.74,18.55,98.9,452.9,4.28,10.43,Sandstone,16.47,23.07
VOLVE_15_9_F5,2913.04,19.55,40.1,522.6,5.03,10.46,Sandstone,16.49,18.61
VOLVE_15_9_F5,2914.03,19.31,87.4,452.9,4.82,10.4,Sandstone,16.53,22.53
VOLVE_15_9_F5,2914.25,19.59,90.8,494.5,4.14,10.88,Sandstone,16.55,22.45
VOLVE_15_9_F5,2914.48,23.0,71.5,487.6,6.12,10.58,Sandstone,16.59,21.61
VOLVE_15_9_F5,2914.92,18.89,85.0,455.3,2.3,10.4,Sandstone,16.64,21.92
VOLVE_15_9_F5,2915.8,20.84,90.2,403.2,4.58,10.65,Sandstone,16.65,22.41
VOLVE_15_9_F5,2916.78,24.52,64.2,451.6,5.91,10.51,Sandstone,16.7,20.72
VOLVE_15_9_F5,2917.08,20.37,95.3,434.5,6.73,10.48,Sandstone,16.72,23.25
VOLVE_15_9_F5,2917.59,23.35,87.2,433.0,5.97,10.45,Sandstone,16.74,22.73
VOLVE_15_9_F5,2918.38,17.47,80.4,462.1,3.97,10.44,Sandstone,16.77,20.02
VOLVE_15_9_F5,2919.1,20.75,84.3,397.9,5.07,10.29,Sandstone,16.81,21.86
VOLVE_15_9_F5,2919.48,19.46,93.3,420.9,5.5,10.22,Sandstone,16.83,22.17
VOLVE_15_9_F5,2919.95,22.43,117.4,415.4,7.65,10.53,Sandstone,16.84,24.83
VOLVE_15_9_F5,2920.62,19.1,91.8,445.7,6.2,10.44,Sandstone,16.87,20.94
VOLVE_15_9_F5,2920.85,26.86,94.9,425.1,6.95,10.61,Sandstone,16.89,24.87
VOLVE_15_9_F5,2921.66,17.59,85.6,427.7,4.95,10.34,Sandstone,16.91,19.47
VOLVE_15_9_F5,2922.08,24.53,111.2,461.3,4.59,10.31,Sandstone,16.93,23.98
VOLVE_15_9_F5,2922.94,23.89,60.7,438.0,3.37,10.59,Sandstone,16.98,20.32
VOLVE_15_9_F5,2923.69,22.47,56.6,456.0,4.51,10.43,Sandstone,17.02,21.37
VOLVE_15_9_F5,2924.4,21.83,85.0,411.2,6.08,10.6,Sandstone,17.07,21.78
VOLVE_15_9_F5,2925.22,26.34,92.6,422.7,5.16,10.48,Sandstone,17.08,23.33
VOLVE_15_9_F5,2925.48,27.88,44.1,537.5,5.86,10.76,Sandstone,17.1,22.45
VOLVE_15_9_F5,2925.88,21.19,82.6,428.0,4.19,10.59,Sandstone,17.13,20.84
VOLVE_15_9_F5,2926.5,22.1,80.0,371.6,4.42,10.54,Sandstone,17.16,20.41
VOLVE_15_9_F5,2927.32,20.33,93.8,469.5,6.93,10.6,Sandstone,17.2,20.61
VOLVE_15_9_F5,2928.2,18.79,89.1,427.5,5.95,10.44,Sandstone,17.21,21.1
VOLVE_15_9_F5,2928.71,22.87,55.6,465.6,4.52,10.23,Sandstone,17.26,19.73
VOLVE_15_9_F5,2929.54,22.34,66.5,452.3,4.01,10.53,Sandstone,17.28,20.54
VOLVE_15_9_F5,2929.92,17.69,70.6,477.9,5.79,10.77,Sandstone,17.31,20.18
VOLVE_15_9_F5,2930.19,22.86,93.8,451.9,6.52,10.13,Sandstone,17.34,22.31
VOLVE_15_9_F5,2930.58,22.43,88.3,446.8,6.11,10.55,Sandstone,17.35,21.78
VOLVE_15_9_F5,2931.51,20.22,73.4,501.8,4.71,10.25,Sandstone,17.37,19.78
VOLVE_15_9_F5,2932.14,20.06,84.8,367.1,3.76,10.47,Sandstone,17.42,19.87
VOLVE_15_9_F5,2932.73,22.79,66.8,402.8,5.04,10.49,Sandstone,17.45,19.73
VOLVE_15_9_F5,2933.52,25.76,113.4,422.9,7.71,10.59,Sandstone,17.46,26.99
VOLVE_15_9_F5,2933.73,22.73,91.3,388.2,4.32,10.51,Sandstone,17.49,23.35
VOLVE_15_9_F5,2934.02,23.69,,436.7,5.61,10.68,Sandstone,17.5,24.25
VOLVE_15_9_F5,2934.3,19.66,103.3,432.7,7.28,10.65,Sandstone,17.55,20.87
VOLVE_15_9_F5,2934.6,20.7,97.9,494.9,4.97,10.45,Sandstone,17.59,22.47
VOLVE_15_9_F5,2935.16,23.26,83.1,452.3,5.19,10.64,Sandstone,17.63,20.8
VOLVE_15_9_F5,2935.59,18.35,79.9,447.4,3.23,10.43,Sandstone,17.67,21.82
VOLVE_15_9_F5,2936.42,22.26,102.0,440.7,6.28,10.41,Sandstone,17.7,24.14
VOLVE_15_9_F5,2937.29,22.98,83.1,413.8,4.43,10.3,Sandstone,17.74,20.62
VOLVE_15_9_F5,2938.23,21.66,71.4,491.5,3.15,10.68,Sandstone,17.77,21.09
VOLVE_15_9_F5,2938.58,22.55,112.2,504.3,4.57,10.43,Sandstone,17.82,22.48
VOLVE_15_9_F5,2939.19,21.9,68.6,407.4,5.25,10.12,Sandstone,17.86,20.54
VOLVE_15_9_F5,2939.43,20.2,56.6,520.7,2.77,10.56,Sandstone,17.89,19.6
VOLVE_15_9_F5,2939.82,18.81,97.5,429.0,3.49,10.41,Sandstone,17.91,21.72
VOLVE_15_9_F5,2940.51,21.54,71.7,425.8,5.68,10.44,Sandstone,17.92,21.87
VOLVE_15_9_F5,2941.05,25.03,89.2,474.8,5.5,10.45,Sandstone,17.95,23.31
VOLVE_15_9_F5,2941.8,24.33,109.9,478.4,4.74,10.43,Sandstone,17.97,23.72
VOLVE_15_9_F5,2942.67,20.91,62.0,453.0,4.43,10.89,Sandstone,17.99,16.27
VOLVE_15_9_F5,2942.92,20.86,82.0,442.0,7.19,10.73,Sandstone,18.02,22.93
VOLVE_15_9_F5,2943.87,20.68,104.9,502.8,6.97,10.59,Sandstone,18.03,22.56
VOLVE_15_9_F5,2944.1,20.68,92.9,431.0,5.13,10.52,Sandstone,18.08,21.55
VOLVE_15_9_F5,2945.09,22.5,79.9,453.1,6.2,10.65,Sandstone,18.09,24.05
VOLVE_15_9_F5,2945.8,24.43,118.5,523.6,6.12,10.52,Sandstone,18.11,23.99
VOLVE_15_9_F5,2946.03,27.44,81.2,402.4,3.56,10.6,Sandstone,18.12,21.96
VOLVE_15_9_F5,2946.55,19.71,88.6,437.5,2.76,10.57,Sandstone,18.17,21.1
VOLVE_15_9_F5,2946.96,23.42,107.4,496.9,4.63,10.5,Sandstone,18.19,24.91
VOLVE_15_9_F5,2947.79,23.15,97.3,477.0,3.65,10.62,Sandstone,18.21,22.74
VOLVE_15_9_F5,2948.17,20.97,102.5,491.7,5.75,10.42,Sandstone,18.23,23.92
VOLVE_15_9_F5,2949.04,19.23,69.1,403.0,4.11,10.49,Sandstone,18.25,18.79
VOLVE_15_9_F5,2949.49,22.49,101.0,468.7,6.05,10.34,Sandstone,18.3,23.69
VOLVE_15_9_F5,2950.48,27.1,85.2,444.5,6.25,10.35,Sandstone,18.33,23.8
VOLVE_15_9_F5,2950.89,22.48,71.4,546.8,5.92,10.1,Sandstone,18.36,22.56
VOLVE_15_9_F5,2951.64,19.84,86.0,488.3,3.96,10.55,Sandstone,18.38,21.42
VOLVE_15_9_F5,2952.48,21.42,85.5,455.0,5.83,10.59,Sandstone,18.39,20.74
VOLVE_15_9_F5,2952.85,18.96,110.6,467.3,4.22,10.65,Sandstone,18.43,21.4
VOLVE_15_9_F5,2953.11,21.86,88.3,458.1,6.15,10.32,Sandstone,18.45,21.16
VOLVE_15_9_F5,2953.76,23.52,70.9,483.9,6.65,10.55,Sandstone,18.49,21.16
VOLVE_15_9_F5,2954.5,20.09,67.4,421.7,5.69,10.48,Sandstone,18.51,20.92
VOLVE_15_9_F5,2955.35,13.68,81.9,510.5,4.25,10.6,Sandstone,18.52,19.03
VOLVE_15_9_F5,2955.77,22.52,62.4,402.9,5.64,10.39,Sandstone,18.56,20.18
VOLVE_15_9_F5,2956.67,20.57,71.9,464.1,3.09,10.44,Sandstone,18.6,18.71
VOLVE_15_9_F5,2957.6,19.95,78.9,422.9,2.87,10.25,Sandstone,18.63,20.28
VOLVE_15_9_F5,2958.42,19.94,76.3,457.6,5.5,10.38,Sandstone,18.67,20.6
VOLVE_15_9_F5,2958.63,22.84,93.5,495.4,7.03,10.49,Sandstone,18.71,23.74
VOLVE_15_9_F5,2958.9,20.82,71.5,387.4,3.47,10.51,Sandstone,18.76,20.79
VOLVE_15_9_F5,2959.9,24.17,45.6,449.1,4.88,10.23,Sandstone,18.78,18.71
VOLVE_15_9_F5,2960.68,24.22,57.3,398.3,5.57,10.41,Sandstone,18.83,19.59
VOLVE_15_9_F5,2961.39,21.17,82.3,444.7,4.4,10.51,Sandstone,18.87,21.77
VOLVE_15_9_F5,2962.31,20.55,73.8,398.2,4.55,10.7,Sandstone,18.9,19.13
VOLVE_15_9_F5,2962.54,22.17,64.0,462.4,5.69,10.36,Sandstone,18.94,20.7
VOLVE_15_9_F5,2963.34,21.49,112.0,438.9,5.74,10.56,Sandstone,18.95,20.82
VOLVE_15_9_F5,2964.07,17.47,95.0,485.8,5.13,10.4,Sandstone,18.98,20.63
VOLVE_15_9_F5,2964.95,26.65,81.7,505.1,4.44,10.42,Sandstone,19.02,24.43
VOLVE_15_9_F5,2965.77,23.65,86.1,456.4,5.38,10.36,Sandstone,19.07,22.56
VOLVE_15_9_F5,2966.36,20.71,78.6,491.7,4.57,10.33,Sandstone,19.1,22.22
VOLVE_15_9_F5,2966.61,17.08,63.8,511.2,4.08,10.42,Sandstone,19.15,19.91
VOLVE_15_9_F5,2967.54,21.42,98.0,419.1,4.75,10.65,Sandstone,19.16,22.75
VOLVE_15_9_F5,2968.35,20.4,95.3,513.3,5.23,10.38,Sandstone,19.21,21.96
VOLVE_15_9_F5,2968.84,21.72,52.9,454.5,3.71,10.35,Sandstone,19.25,19.87
VOLVE_15_9_F5,2969.82,16.47,86.0,416.8,4.79,10.52,Sandstone,19.28,21.39
VOLVE_15_9_F5,2970.27,20.7,87.6,467.9,4.74,10.49,Sandstone,19.32,21.27
VOLVE_15_9_F5,2970.77,20.85,77.7,453.1,3.92,10.48,Sandstone,19.36,19.18
VOLVE_15_9_F5,2971.75,21.41,114.0,399.7,3.3,10.53,Sandstone,19.38,21.1
VOLVE_15_9_F5,2972.48,21.3,112.4,411.9,6.74,10.34,Sandstone,19.4,23.01
VOLVE_15_9_F5,2973.39,22.02,76.9,521.4,6.03,10.36,Sandstone,19.45,20.27
VOLVE_15_9_F5,2974.3,25.7,79.2,467.1,4.54,10.64,Sandstone,19.46,21.26
VOLVE_15_9_F5,2974.93,20.61,77.5,515.2,5.83,10.47,Sandstone,19.5,20.84
VOLVE_15_9_F5,2975.34,19.62,73.4,439.3,3.64,10.58,Sandstone,19.53,19.57
VOLVE_15_9_F5,2976.22,17.59,68.7,423.9,4.25,10.68,Sandstone,19.57,19.9
VOLVE_15_9_F5,2976.82,20.63,90.2,388.6,4.57,10.62,Sandstone,19.62,21.09
VOLVE_15_9_F5,2977.47,18.41,112.0,494.7,5.0,10.29,Sandstone,19.64,20.79
VOLVE_15_9_F5,2978.1,24.31,105.8,472.4,6.55,10.48,Sandstone,19.68,27.36
VOLVE_15_9_F5,2978.31,21.67,94.4,439.7,4.88,10.65,Sandstone,19.71,21.34
VOLVE_15_9_F5,2978.55,24.26,46.4,424.3,4.47,10.57,Sandstone,19.74,16.94
VOLVE_15_9_F5,2979.24,25.58,54.6,501.0,6.01,10.52,Sandstone,19.76,19.89
VOLVE_15_9_F5,2980.08,19.76,98.5,448.9,5.33,10.25,Sandstone,19.78,20.28
VOLVE_15_9_F5,2980.64,21.05,106.8,449.3,4.79,10.4,Sandstone,19.81,20.58
VOLVE_15_9_F5,2981.0,25.25,90.9,431.9,5.92,10.5,Sandstone,19.82,22.95
VOLVE_15_9_F5,2981.52,22.4,78.0,439.7,6.38,10.28,Sandstone,19.86,18.51
VOLVE_15_9_F5,2982.34,23.23,102.8,478.0,6.9,10.61,Sandstone,19.88,24.1
VOLVE_15_9_F5,2982.62,24.51,93.8,399.3,4.02,10.48,Sandstone,19.93,22.42
VOLVE_15_9_F5,2983.27,24.17,99.6,459.2,4.14,10.2,Sandstone,19.97,22.35
VOLVE_15_9_F5,2984.03,22.96,54.7,494.2,6.09,10.41,Sandstone,20.01,20.9
VOLVE_15_9_F5,2984.56,25.43,87.7,452.6,5.26,10.45,Sandstone,20.05,21.3
VOLVE_15_9_F5,2985.25,21.77,109.2,498.1,2.96,10.48,Sandstone,20.1,21.36
VOLVE_15_9_F5,2986.15,23.24,90.4,509.6,4.57,10.71,Sandstone,20.14,22.81
VOLVE_15_9_F5,2986.52,21.5,96.8,,4.86,10.58,Sandstone,20.18,21.48
VOLVE_15_9_F5,2986.83,24.5,83.1,434.5,5.08,10.29,Sandstone,20.21,21.0
VOLVE_15_9_F5,2987.08,20.2,84.1,454.6,6.0,10.27,Sandstone,20.25,20.65
VOLVE_15_9_F5,2987.86,17.74,103.6,469.8,4.04,10.46,Sandstone,20.29,21.98
VOLVE_15_9_F5,2988.78,23.59,72.5,437.2,6.33,10.52,Sandstone,20.32,22.19
VOLVE_15_9_F5,2989.53,19.41,71.0,435.9,5.15,10.65,Sandstone,20.35,19.51
VOLVE_15_9_F5,2990.51,19.16,75.4,433.4,3.31,10.76,Sandstone,20.36,18.67
VOLVE_15_9_F5,2991.28,25.13,82.9,557.7,5.12,10.76,Sandstone,20.41,23.07
VOLVE_15_9_F5,2991.71,24.38,58.4,445.1,5.66,10.43,Sandstone,20.45,19.16
VOLVE_15_9_F5,2992.12,21.11,93.5,498.7,5.35,10.64,Sandstone,20.46,22.83
VOLVE_15_9_F5,2992.85,14.36,80.1,421.2,4.95,10.56,Sandstone,20.48,18.66
VOLVE_15_9_F5,2993.59,23.31,95.3,524.1,4.82,10.33,Sandstone,20.53,24.78
VOLVE_15_9_F5,2994.21,23.63,50.7,440.8,5.55,10.21,Sandstone,20.54,18.4
VOLVE_15_9_F5,2994.83,23.27,95.4,458.1,5.05,10.52,Sandstone,20.58,21.03
VOLVE_15_9_F5,2995.36,23.16,102.6,382.7,8.68,10.27,Sandstone,20.61,22.93
VOLVE_15_9_F5,2995.84,21.53,89.1,500.7,3.69,10.37,Sandstone,20.64,20.89
VOLVE_15_9_F5,2996.55,20.96,83.0,509.3,8.37,10.4,Sandstone,20.66,22.83
VOLVE_15_9_F5,2997.35,19.22,95.5,408.5,4.02,10.53,Sandstone,20.67,21.19
VOLVE_15_9_F5,2998.2,20.25,101.6,503.0,6.87,10.69,Sandstone,20.71,23.76
VOLVE_15_9_F5,2998.65,22.8,90.3,402.5,6.4,10.5,Sandstone,20.73,21.13
VOLVE_15_9_F5,2999.53,22.84,91.5,481.3,4.34,10.42,Sandstone,20.77,22.72
VOLVE_15_9_F5,2999.97,23.97,107.4,444.5,6.49,10.19,Sandstone,20.82,22.54
VOLVE_15_9_F5,3000.42,18.49,93.9,509.5,4.48,10.57,Sandstone,20.86,20.85
VOLVE_15_9_F5,3001.26,17.86,70.5,466.0,4.99,10.5,Sandstone,20.89,18.66
VOLVE_15_9_F5,3002.24,21.06,101.5,493.3,5.6,10.42,Sandstone,20.92,21.86
VOLVE_15_9_F5,3003.18,19.46,80.6,505.5,4.54,10.68,Sandstone,20.94,21.85
VOLVE_15_9_F5,3003.47,22.48,83.0,444.4,4.75,10.32,Sandstone,20.97,19.76
VOLVE_15_9_F5,3003.9,18.74,84.1,454.9,5.36,10.4,Sandstone,21.0,19.87
VOLVE_15_9_F5,3004.71,24.97,97.0,411.6,4.62,10.46,Sandstone,21.05,21.95
VOLVE_15_9_F5,3005.56,19.97,108.7,444.0,4.39,10.42,Sandstone,21.08,21.92
VOLVE_15_9_F5,3006.16,26.01,82.9,533.1,6.73,10.58,Sandstone,21.1,21.87
VOLVE_15_9_F5,3006.37,23.34,108.5,486.2,6.24,10.57,Sandstone,21.12,22.5
VOLVE_15_9_F5,3006.98,,85.0,414.2,3.45,10.66,Sandstone,21.16,18.78
VOLVE_15_9_F5,3007.2,27.27,103.5,521.3,4.8,10.58,Sandstone,21.21,21.67
VOLVE_15_9_F5,3007.63,22.69,85.5,471.6,2.76,10.49,Sandstone,21.23,21.93
VOLVE_15_9_F5,3008.35,22.45,75.1,489.2,6.24,10.45,Sandstone,21.27,19.42
VOLVE_15_9_F5,3008.66,21.87,111.3,475.6,6.46,10.57,Sandstone,21.28,20.73
VOLVE_15_9_F5,3009.43,23.2,73.7,472.8,3.89,10.47,Sandstone,21.33,21.39
VOLVE_15_9_F5,3010.13,23.35,72.7,376.1,5.97,10.51,Sandstone,21.36,19.47
VOLVE_15_9_F5,3010.67,19.88,63.6,500.3,7.13,10.58,Sandstone,21.4,19.24
VOLVE_15_9_F5,3011.17,21.51,101.5,365.8,3.61,10.52,Sandstone,21.43,19.78
VOLVE_15_9_F5,3012.1,22.34,105.0,496.7,4.85,10.55,Sandstone,21.48,23.2
VOLVE_15_9_F5,3012.74,23.51,88.1,460.0,3.56,10.39,Sandstone,21.52,20.69
VOLVE_15_9_F5,3013.65,23.55,67.7,489.4,6.27,10.71,Sandstone,21.53,21.12
VOLVE_15_9_F5,3014.18,22.47,82.4,462.4,5.14,10.34,Sandstone,21.56,19.71
VOLVE_15_9_F5,3014.86,20.68,77.9,497.8,4.55,10.57,Sandstone,21.59,20.46
VOLVE_15_9_F5,3015.82,20.56,67.0,456.7,5.13,10.43,Sandstone,21.63,20.0
VOLVE_15_9_F5,3016.12,19.09,75.1,467.3,4.18,10.67,Sandstone,21.67,20.37
VOLVE_15_9_F5,3016.53,23.55,90.0,472.2,4.99,10.64,Sandstone,21.7,19.79
VOLVE_15_9_F5,3017.46,20.53,73.4,531.2,5.28,10.51,Sandstone,21.72,20.04
VOLVE_15_9_F5,3018.0,21.59,86.8,480.0,4.51,10.74,Sandstone,21.77,22.05
VOLVE_15_9_F5,3018.42,22.67,55.8,403.4,4.31,10.48,Sandstone,21.81,19.1
VOLVE_15_9_F5,3019.42,22.09,107.6,433.5,5.41,10.64,Sandstone,21.84,21.3
VOLVE_15_9_F5,3019.7,22.06,76.6,480.0,5.24,10.4,Sandstone,21.88,20.44
VOLVE_15_9_F5,3020.39,19.82,95.5,506.4,5.94,10.57,Sandstone,21.9,21.26
VOLVE_15_9_F5,3021.22,22.76,85.3,427.2,6.03,10.37,Sandstone,21.92,20.53
VOLVE_15_9_F5,3022.05,21.31,88.5,545.6,3.45,10.51,Sandstone,21.97,21.66
VOLVE_15_9_F5,3022.6,21.87,65.5,463.1,6.64,10.5,Sandstone,22.01,20.15
VOLVE_15_9_F5,3022.84,24.99,71.0,472.9,5.39,10.64,Sandstone,22.02,19.45
VOLVE_15_9_F5,3023.71,23.36,71.4,405.9,4.77,10.41,Sandstone,22.05,19.19
VOLVE_15_9_F5,3024.55,20.67,82.8,500.7,4.02,10.97,Sandstone,22.08,19.44
VOLVE_15_9_F5,3024.94,21.73,102.3,438.2,7.88,10.3,Sandstone,22.1,21.61
VOLVE_15_9_F5,3025.41,26.1,88.9,426.2,8.51,10.54,Sandstone,22.15,22.43
VOLVE_15_9_F5,3026.02,21.34,68.9,443.4,7.19,10.55,Sandstone,22.16,19.71
VOLVE_15_9_F5,3026.32,22.2,83.7,511.4,5.4,10.59,Sandstone,22.19,20.22
VOLVE_15_9_F5,3027.17,23.77,81.2,474.7,5.77,10.43,Sandstone,22.23,22.45
VOLVE_15_9_F5,3028.11,22.65,77.2,420.5,6.99,10.55,Sandstone,22.24,20.1
VOLVE_15_9_F5,3028.56,21.18,82.2,434.8,4.85,10.42,Sandstone,22.27,21.25
VOLVE_15_9_F5,3029.5,20.26,93.9,512.4,5.88,10.79,Sandstone,22.31,22.25
VOLVE_15_9_F5,3030.34,22.1,71.6,446.6,5.34,10.41,Sandstone,22.33,18.76
VOLVE_15_9_F5,3031.12,23.77,77.2,478.5,7.6,10.49,Sandstone,22.35,20.49
VOLVE_15_9_F5,3032.09,25.43,97.2,488.3,7.47,10.41,Sandstone,22.39,22.42
VOLVE_15_9_F5,3032.55,18.47,89.5,319.3,4.84,10.39,Sandstone,22.44,18.66
VOLVE_15_9_F5,3033.49,26.54,101.6,506.6,7.74,10.3,Sandstone,22.48,24.56
VOLVE_15_9_F5,3033.76,21.41,104.0,422.0,5.48,10.61,Sandstone,22.49,21.09
VOLVE_15_9_F5,3034.35,24.45,62.0,441.6,4.48,10.41,Sandstone,22.53,18.81
VOLVE_15_9_F5,3034.99,20.3,86.7,517.6,4.79,10.39,Sandstone,22.56,22.41
VOLVE_15_9_F5,3035.29,18.11,74.8,513.9,4.93,10.37,Sandstone,22.59,18.8
VOLVE_15_9_F5,3036.08,18.86,64.4,475.8,3.72,10.56,Sandstone,22.61,18.92
VOLVE_15_9_F5,3036.66,21.32,70.6,485.2,4.36,10.52,Sandstone,22.64,19.28
VOLVE_15_9_F5,3037.22,23.46,77.9,495.2,3.55,10.52,Sandstone,22.67,20.36
VOLVE_15_9_F5,3037.89,22.23,78.0,513.3,4.18,10.4,Sandstone,22.71,21.2
VOLVE_15_9_F5,3038.19,21.53,73.3,518.4,5.32,10.58,Sandstone,22.73,21.54
VOLVE_15_9_F5,3038.55,24.95,82.2,460.4,6.73,10.41,Sandstone,22.74,21.42
VOLVE_15_9_F5,3038.9,22.16,119.1,426.6,6.88,10.52,Sandstone,22.79,21.43
VOLVE_15_9_F5,3039.86,22.86,56.5,445.9,5.42,10.49,Sandstone,22.83,20.09
VOLVE_15_9_F5,3040.68,29.94,99.5,461.2,4.35,10.26,Sandstone,22.86,23.71
VOLVE_15_9_F5,3041.3,22.15,82.1,454.0,4.19,10.82,Sandstone,22.9,19.8
VOLVE_15_9_F5,3042.03,20.43,75.8,415.6,4.74,10.6,Sandstone,22.94,19.73
VOLVE_15_9_F5,3042.75,23.37,52.1,473.6,6.04,10.54,Sandstone,22.96,18.87
VOLVE_15_9_F5,3043.16,24.01,93.8,393.4,4.9,10.57,Sandstone,23.0,22.89
VOLVE_15_9_F5,3043.43,22.93,60.8,459.5,3.51,10.82,Sandstone,23.04,18.71
VOLVE_15_9_F5,3044.07,22.57,94.8,462.1,7.19,10.69,Sandstone,23.06,22.16
VOLVE_15_9_F5,3044.48,25.88,108.5,460.7,5.08,10.57,Sandstone,23.11,22.63
VOLVE_15_9_F5,3045.38,25.57,63.1,490.1,3.9,10.41,Sandstone,23.16,20.31
VOLVE_15_9_F5,3045.77,21.89,99.9,484.8,5.74,10.43,Sandstone,23.19,21.16
VOLVE_15_9_F5,3046.43,20.58,82.8,545.0,5.03,10.24,Sandstone,23.2,20.37
VOLVE_15_9_F5,3046.97,23.26,51.0,435.4,4.26,10.46,Sandstone,23.25,18.53
VOLVE_15_9_F5,3047.76,20.57,64.3,467.3,4.82,10.62,Sandstone,23.28,17.55
VOLVE_15_9_F5,3048.72,24.41,85.1,464.7,4.36,10.61,Sandstone,23.3,19.9
VOLVE_15_9_F5,3049.25,23.26,88.4,462.8,4.81,10.61,Sandstone,23.34,20.52
VOLVE_15_9_F5,3049.49,28.87,58.7,405.5,5.44,10.44,Sandstone,23.37,20.86
VOLVE_15_9_F5,3050.21,25.88,82.9,408.8,3.13,10.6,Sandstone,23.39,20.12
VOLVE_15_9_F5,3050.52,19.51,94.7,456.4,6.32,10.64,Sandstone,23.41,19.98
VOLVE_15_9_F5,3050.8,20.91,97.4,393.1,3.69,10.18,Sandstone,23.45,18.75
VOLVE_15_9_F5,3051.53,17.42,76.2,442.7,3.58,10.56,Sandstone,23.5,19.39
VOLVE_15_9_F5,3051.81,16.86,88.9,430.2,6.05,10.83,Sandstone,23.53,19.32
VOLVE_15_9_F5,3052.12,22.49,98.5,444.2,6.18,10.47,Sandstone,23.55,22.06
VOLVE_15_9_F5,3052.67,19.23,95.2,501.4,5.26,10.14,Sandstone,23.57,19.03
VOLVE_15_9_F5,3053.23,26.32,95.7,413.0,3.75,10.4,Sandstone,23.6,21.43
VOLVE_15_9_F5,3054.16,25.11,84.1,490.9,4.79,10.25,Sandstone,23.62,20.46
VOLVE_15_9_F5,3054.58,21.54,80.9,433.3,4.89,10.42,Sandstone,23.66,20.41
VOLVE_15_9_F5,3055.1,21.4,86.4,438.2,5.05,10.33,Sandstone,23.67,20.07
VOLVE_15_9_F5,3055.87,25.94,70.9,474.7,6.77,10.66,Sandstone,23.71,21.04
VOLVE_15_9_F5,3056.73,26.51,99.0,445.1,8.26,10.64,Sandstone,23.75,21.52
VOLVE_15_9_F5,3057.21,19.9,59.4,420.4,5.42,10.57,Sandstone,23.79,16.33
VOLVE_15_9_F5,3057.91,19.58,74.8,441.3,4.24,10.7,Sandstone,23.82,17.57
VOLVE_15_9_F5,3058.61,21.48,81.8,385.1,6.62,10.43,Sandstone,23.85,19.77
VOLVE_15_9_F5,3059.06,23.31,89.4,471.4,4.73,10.53,Sandstone,23.88,20.26
VOLVE_15_9_F5,3059.35,20.95,92.2,332.0,2.12,10.85,Sandstone,23.9,18.2
VOLVE_15_9_F5,3060.1,23.37,104.7,491.6,4.17,10.61,Sandstone,23.94,20.27
VOLVE_15_9_F5,3060.51,27.12,83.5,480.7,2.85,10.61,Sandstone,23.98,20.88
VOLVE_15_9_F5,3060.97,18.73,71.6,520.2,4.3,10.41,Sandstone,24.03,20.04
VOLVE_15_9_F5,3061.62,21.13,80.2,543.4,4.89,10.46,Sandstone,24.05,20.53
VOLVE_15_9_F5,3061.95,18.78,77.6,493.6,2.94,10.37,Sandstone,24.08,18.74
VOLVE_15_9_F5,3062.35,20.16,90.1,431.0,4.14,10.77,Sandstone,24.1,19.43
VOLVE_15_9_F5,3062.9,21.51,66.3,543.0,3.22,10.29,Sandstone,24.14,18.74
VOLVE_15_9_F5,3063.8,20.44,79.7,408.4,4.88,10.66,Sandstone,24.16,20.26
VOLVE_15_9_F5,3064.62,23.56,106.7,380.0,4.7,10.61,Sandstone,24.2,20.51
VOLVE_15_9_F5,3065.08,22.64,85.0,530.2,6.52,10.28,Sandstone,24.25,21.31
VOLVE_15_9_F5,3065.52,23.01,66.5,480.2,5.27,10.69,Sandstone,24.27,19.87
VOLVE_15_9_F5,3066.51,21.5,77.2,381.1,7.02,10.48,Sandstone,24.32,19.8
VOLVE_15_9_F5,3067.23,21.73,48.8,401.9,4.14,10.32,Sandstone,24.36,15.59
VOLVE_15_9_F5,3067.98,21.4,81.4,478.2,7.72,10.58,Sandstone,24.39,20.06
VOLVE_15_9_F5,3068.22,21.65,107.0,421.3,5.56,10.4,Sandstone,24.42,22.71
VOLVE_15_9_F5,3068.51,23.32,64.5,427.1,4.43,10.49,Sandstone,24.44,20.29
VOLVE_15_9_F5,3068.94,17.47,60.5,534.8,7.37,10.45,Sandstone,24.46,17.79
VOLVE_15_9_F5,3069.82,23.0,72.5,542.1,2.96,10.39,Sandstone,24.48,20.5
VOLVE_15_9_F5,3070.75,20.11,96.1,462.0,,10.35,Sandstone,24.51,19.5
VOLVE_15_9_F5,3071.1,21.44,107.9,450.1,3.55,10.64,Sandstone,24.53,20.57
VOLVE_15_9_F5,3071.87,18.38,89.0,492.2,2.78,10.57,Sandstone,24.56,18.21
VOLVE_15_9_F5,3072.77,21.39,63.0,433.7,2.39,10.56,Sandstone,24.61,17.16
VOLVE_15_9_F5,3073.67,22.99,82.0,366.9,6.04,10.47,Sandstone,24.65,18.56
VOLVE_15_9_F5,3074.24,23.44,109.2,345.7,4.15,10.53,Sandstone,24.66,21.56
VOLVE_15_9_F5,3074.65,19.33,77.6,453.2,4.6,10.41,Sandstone,24.7,18.0
VOLVE_15_9_F5,3075.61,23.32,,491.4,6.44,10.41,Sandstone,24.72,21.86
VOLVE_15_9_F5,3076.03,25.15,85.9,456.8,6.11,10.78,Sandstone,24.76,20.09
VOLVE_15_9_F5,3076.43,21.07,59.1,488.6,5.28,10.66,Sandstone,24.77,17.36
VOLVE_15_9_F5,3076.8,22.31,97.3,492.5,6.92,10.44,Sandstone,24.79,21.49
VOLVE_15_9_F5,3077.42,17.14,95.1,511.6,6.9,10.3,Sandstone,24.84,18.32
VOLVE_15_9_F5,3077.71,20.07,52.4,463.6,3.09,10.27,Sandstone,24.86,17.74
VOLVE_15_9_F5,3078.37,22.99,62.3,467.2,5.58,10.43,Sandstone,24.87,18.51
VOLVE_15_9_F5,3079.32,24.71,67.8,454.7,4.91,10.54,Sandstone,24.89,18.7
VOLVE_15_9_F5,3079.93,20.82,93.5,445.8,5.1,10.54,Sandstone,24.92,18.75
VOLVE_15_9_F5,3080.9,29.0,71.0,393.3,3.86,10.55,Sandstone,24.96,21.51
VOLVE_15_9_F5,3081.82,23.11,88.3,503.0,4.77,10.58,Sandstone,24.98,20.21
VOLVE_15_9_F5,3082.66,19.15,79.6,440.8,4.41,10.37,Sandstone,24.99,18.24
VOLVE_15_9_F5,3083.34,25.55,83.4,438.5,7.27,10.75,Sandstone,25.03,21.3
VOLVE_15_9_F5,3084.25,19.2,89.7,434.5,3.69,10.5,Sandstone,25.05,17.58
VOLVE_15_9_F5,3084.89,23.16,86.4,402.6,2.52,10.57,Sandstone,25.07,20.16
VOLVE_15_9_F5,3085.26,20.02,82.0,452.7,5.02,10.43,Sandstone,25.08,18.65
VOLVE_15_9_F5,3086.2,18.95,87.2,476.8,3.51,10.58,Sandstone,25.12,17.25
VOLVE_15_9_F5,3086.8,24.75,85.5,428.0,5.34,10.84,Sandstone,25.16,18.97
VOLVE_15_9_F5,3087.73,21.7,79.1,497.7,5.93,10.38,Sandstone,25.19,18.62
VOLVE_15_9_F5,3088.24,26.67,75.8,441.4,5.42,10.36,Sandstone,25.22,20.28
VOLVE_15_9_F5,3088.71,19.81,110.5,394.9,4.92,10.4,Sandstone,25.26,18.71
VOLVE_15_9_F5,3089.52,18.46,75.6,511.1,4.61,10.48,Sandstone,25.3,17.43
VOLVE_15_9_F5,3090.23,21.16,102.8,464.1,6.46,10.45,Sandstone,25.34,20.68
VOLVE_15_9_F5,3090.78,29.59,72.0,490.7,4.36,10.37,Sandstone,25.38,20.83
VOLVE_15_9_F5,3091.68,24.45,94.4,491.7,6.49,10.52,Sandstone,25.42,22.43
VOLVE_15_9_F5,3092.3,23.75,109.0,418.3,4.57,10.76,Sandstone,25.43,21.58
VOLVE_15_9_F5,3092.51,23.84,77.2,435.3,6.03,10.51,Sandstone,25.46,19.37
VOLVE_15_9_F5,3093.26,21.16,72.3,497.6,3.14,10.52,Sandstone,25.5,18.96
VOLVE_15_9_F5,3093.51,29.2,75.8,529.6,6.42,10.58,Sandstone,25.51,19.83
VOLVE_15_9_F5,3094.1,23.52,82.0,458.7,5.22,10.63,Sandstone,25.53,20.13
VOLVE_15_9_F5,3094.45,23.29,87.1,431.1,5.52,10.74,Sandstone,25.55,19.82
VOLVE_15_9_F5,3094.84,24.84,81.7,523.5,6.61,10.57,Sandstone,25.57,21.83
VOLVE_15_9_F5,3095.83,19.2,76.0,431.1,3.88,10.53,Sandstone,25.61,17.3
VOLVE_15_9_F5,3096.12,20.19,111.6,469.4,5.46,10.38,Sandstone,25.62,19.96
VOLVE_15_9_F5,3096.93,21.77,79.3,439.1,5.51,10.64,Sandstone,25.66,18.54
VOLVE_15_9_F5,3097.64,24.87,73.0,467.0,4.97,10.41,Sandstone,25.67,20.91
VOLVE_15_9_F5,3097.99,19.15,94.7,418.4,6.0,10.4,Sandstone,25.7,18.95
VOLVE_15_9_F5,3098.94,22.23,94.9,441.2,5.82,10.56,Sandstone,25.72,18.24
VOLVE_15_9_F5,3099.3,21.88,103.4,431.1,4.82,10.76,Sandstone,25.74,20.25
VOLVE_15_9_F5,3099.91,18.46,111.2,482.7,6.84,10.64,Sandstone,25.77,19.41
VOLVE_15_9_F5,3100.75,21.13,87.4,462.7,5.89,10.53,Sandstone,25.79,20.43
VOLVE_15_9_F5,3101.56,23.76,77.9,491.4,4.3,10.39,Sandstone,25.81,20.22
VOLVE_15_9_F5,3102.01,18.7,53.7,423.2,3.47,10.76,Sandstone,25.85,17.12
VOLVE_15_9_F5,3102.88,25.94,68.2,447.9,5.09,10.53,Sandstone,25.89,20.31
VOLVE_15_9_F5,3103.85,23.59,85.4,481.2,5.94,10.49,Sandstone,25.93,21.04
VOLVE_15_9_F5,3104.43,23.28,64.5,490.6,2.41,10.62,Sandstone,25.96,19.14
VOLVE_15_9_F5,3105.15,22.44,58.5,398.4,3.94,10.47,Sandstone,25.99,17.79
VOLVE_15_9_F5,3105.65,19.69,83.2,468.9,4.33,10.42,Sandstone,26.02,17.72
VOLVE_15_9_F5,3106.13,20.8,93.9,423.7,3.56,10.44,Sandstone,26.05,17.53
VOLVE_15_9_F5,3106.7,23.33,78.5,,4.05,10.44,Sandstone,26.09,18.58
VOLVE_15_9_F5,3107.06,20.8,95.7,530.6,5.47,10.37,Sandstone,26.12,21.15
VOLVE_15_9_F5,3107.81,22.9,91.5,351.7,4.85,10.35,Sandstone,26.16,16.64
VOLVE_15_9_F5,3108.15,20.19,99.5,430.0,4.82,10.68,Sandstone,26.18,18.87
VOLVE_15_9_F5,3108.35,23.56,114.8,466.8,4.19,10.64,Sandstone,26.2,20.52
VOLVE_15_9_F5,3108.9,23.75,121.4,456.1,5.7,10.41,Sandstone,26.23,22.51
VOLVE_15_9_F5,3109.16,18.37,93.2,493.8,3.25,10.67,Sandstone,26.27,18.32
VOLVE_15_9_F5,3109.81,22.61,75.3,459.4,6.92,10.58,Sandstone,26.32,18.8
VOLVE_15_9_F5,3110.43,18.64,83.2,435.0,7.02,10.49,Sandstone,26.34,19.56
VOLVE_15_9_F5,3110.74,17.79,105.8,415.4,4.62,10.35,Sandstone,26.37,18.54
VOLVE_15_9_F5,3111.14,20.96,68.8,408.7,3.57,10.59,Sandstone,26.42,17.08
VOLVE_15_9_F5,3111.36,29.44,103.9,426.5,7.23,10.82,Sandstone,26.44,21.1
VOLVE_15_9_F5,3112.03,24.39,79.7,433.6,6.1,10.54,Sandstone,26.47,19.63
VOLVE_15_9_F5,3112.47,25.93,85.6,471.6,7.87,10.69,Sandstone,26.49,20.22
VOLVE_15_9_F5,3113.24,23.97,70.1,450.0,7.78,10.51,Sandstone,26.53,18.81
VOLVE_15_9_F5,3113.94,22.97,62.4,430.2,2.57,10.68,Sandstone,26.55,18.66
VOLVE_15_9_F5,3114.44,24.7,78.0,415.9,6.78,10.52,Sandstone,26.59,19.29
VOLVE_15_9_F5,3114.66,20.86,101.8,428.1,5.14,10.18,Sandstone,26.61,19.03
VOLVE_15_9_F5,3115.11,23.64,71.7,433.7,5.86,10.43,Sandstone,26.62,17.6
VOLVE_15_9_F5,3115.57,25.41,106.4,426.3,6.82,10.56,Sandstone,26.64,21.0
VOLVE_15_9_F5,3116.04,24.21,73.6,483.2,6.17,10.7,Sandstone,26.66,18.52
VOLVE_15_9_F5,3117.0,25.57,66.2,511.0,6.49,10.52,Sandstone,26.7,19.19
VOLVE_15_9_F5,3117.33,22.93,86.0,409.2,4.68,10.54,Sandstone,26.72,17.92
VOLVE_15_9_F5,3117.75,26.7,92.4,501.0,4.65,10.45,Sandstone,26.73,21.08
VOLVE_15_9_F5,3118.61,21.95,85.0,484.0,6.68,10.77,Sandstone,26.77,18.08
VOLVE_15_9_F5,3119.55,27.77,84.5,463.4,4.72,10.76,Sandstone,26.8,20.41
VOLVE_15_9_F5,3120.13,23.91,106.2,517.3,7.98,10.44,Sandstone,26.83,21.02
VOLVE_15_9_F5,3120.76,21.52,83.6,449.4,4.27,10.31,Sandstone,26.84,19.28
VOLVE_15_9_F5,3121.0,19.54,75.1,472.3,4.43,10.27,Sandstone,26.89,18.55
VOLVE_15_9_F5,3121.85,20.47,65.2,461.2,4.59,10.63,Sandstone,26.92,17.47
VOLVE_15_9_F5,3122.53,20.09,101.3,458.2,3.48,10.56,Sandstone,26.93,19.79
VOLVE_15_9_F5,3123.11,22.27,75.8,474.6,3.3,10.42,Sandstone,26.97,20.13
VOLVE_15_9_F5,3123.55,19.31,77.3,458.1,5.99,10.58,Sandstone,26.99,19.12
VOLVE_15_9_F5,3124.11,25.73,98.0,474.9,3.72,10.36,Sandstone,27.02,19.09
VOLVE_15_9_F5,3124.89,,113.0,429.5,8.77,10.66,Sandstone,27.04,19.83
VOLVE_15_9_F5,3125.16,22.68,86.0,430.7,5.22,10.48,Sandstone,27.07,18.33
VOLVE_15_9_F5,3125.76,19.59,80.1,429.3,3.73,10.38,Sandstone,27.11,18.21
VOLVE_15_9_F5,3125.99,20.58,82.1,441.7,5.59,10.49,Sandstone,27.13,17.59
VOLVE_15_9_F5,3126.81,16.96,75.3,496.8,1.7,10.48,Sandstone,27.17,16.02
VOLVE_15_9_F5,3127.18,26.55,76.8,437.8,5.14,10.6,Sandstone,27.18,18.52
VOLVE_15_9_F5,3128.1,18.97,76.9,482.4,4.61,10.72,Sandstone,27.21,17.96
VOLVE_15_9_F5,3128.68,19.16,95.8,466.9,3.64,10.71,Sandstone,27.23,18.77
VOLVE_15_9_F5,3129.25,26.05,80.9,438.6,4.8,10.57,Sandstone,27.26,18.12
VOLVE_15_9_F5,3129.74,23.49,102.6,508.6,7.48,10.52,Sandstone,27.29,20.62
VOLVE_15_9_F5,3130.35,22.82,80.4,485.7,5.48,10.46,Sandstone,27.33,17.08
VOLVE_15_9_F5,3130.82,23.37,76.7,456.3,5.73,10.28,Sandstone,27.37,16.71
VOLVE_15_9_F5,3131.31,24.91,101.3,453.0,4.82,10.54,Sandstone,27.4,20.67
VOLVE_15_9_F5,3131.66,22.78,82.5,460.0,3.7,10.42,Sandstone,27.45,19.14
VOLVE_15_9_F5,3132.14,18.67,80.3,395.1,4.6,10.73,Sandstone,27.49,17.12
VOLVE_15_9_F5,3132.99,24.36,82.7,423.3,2.48,10.51,Sandstone,27.54,19.95
VOLVE_15_9_F5,3133.39,23.59,104.2,474.8,4.37,10.66,Sandstone,27.57,18.23
VOLVE_15_9_F5,3134.24,25.47,86.8,393.0,4.09,10.47,Sandstone,27.58,16.69
VOLVE_15_9_F5,3135.13,19.42,100.9,426.4,,10.44,Sandstone,27.62,16.9
VOLVE_15_9_F5,3135.87,20.72,78.6,440.6,5.82,10.64,Sandstone,27.64,15.83
VOLVE_15_9_F5,3136.09,23.52,98.5,572.4,5.44,10.59,Sandstone,27.68,20.2
VOLVE_15_9_F5,3136.74,20.19,85.7,483.2,4.36,10.59,Sandstone,27.69,18.94
VOLVE_15_9_F5,3137.61,16.67,95.4,500.2,5.74,10.53,Sandstone,27.73,18.46
VOLVE_15_9_F5,3138.1,23.05,96.7,424.1,3.55,10.66,Sandstone,27.74,19.76
VOLVE_15_9_F5,3138.52,24.79,68.0,470.8,3.64,10.64,Sandstone,27.79,18.64
VOLVE_15_9_F5,3138.98,22.23,83.2,385.9,6.59,10.22,Sandstone,27.82,18.1
VOLVE_15_9_F5,3139.52,23.93,96.5,443.1,8.34,10.51,Sandstone,27.84,19.49
VOLVE_15_9_F5,3139.78,23.57,98.9,476.5,6.43,10.7,Sandstone,27.87,20.37
VOLVE_15_9_F5,3140.17,22.59,101.0,399.6,6.11,10.39,Sandstone,27.9,17.73
VOLVE_15_9_F5,3140.88,22.9,83.7,472.0,4.62,10.29,Sandstone,27.94,15.74
VOLVE_15_9_F5,3141.46,25.94,105.2,475.3,5.24,10.53,Sandstone,27.97,20.95
VOLVE_15_9_F5,3141.86,20.16,72.3,432.2,5.17,10.63,Sandstone,28.01,17.31
VOLVE_15_9_F5,3142.8,24.5,59.7,422.9,6.75,10.48,Sandstone,28.03,19.23
VOLVE_15_9_F5,3143.24,19.62,78.0,427.7,5.45,10.74,Sandstone,28.07,17.85
VOLVE_15_9_F5,3143.54,20.59,100.1,442.4,6.5,10.82,Sandstone,28.08,19.16
VOLVE_15_9_F5,3143.9,25.57,65.8,443.6,4.19,10.26,Sandstone,28.13,17.67
VOLVE_15_9_F5,3144.34,19.55,60.1,476.7,5.4,10.49,Sandstone,28.16,15.93
VOLVE_15_9_F5,3144.96,21.98,56.3,434.9,4.02,10.21,Sandstone,28.21,16.48
VOLVE_15_9_F5,3145.21,28.48,93.2,520.4,6.13,10.65,Sandstone,28.25,21.95
VOLVE_15_9_F5,3146.1,25.15,60.4,520.1,5.91,10.45,Sandstone,28.27,18.98
VOLVE_15_9_F5,3147.0,20.75,90.4,465.7,4.59,10.48,Sandstone,28.29,19.34
VOLVE_15_9_F5,3147.45,21.18,77.2,442.5,3.84,10.72,Sandstone,28.31,17.51
VOLVE_15_9_F5,3148.27,22.17,70.6,435.0,5.49,10.35,Sandstone,28.33,16.94
VOLVE_15_9_F5,3148.95,25.88,67.1,469.0,5.17,10.31,Sandstone,28.34,19.88
VOLVE_15_9_F5,3149.83,20.1,85.2,476.0,5.25,10.21,Sandstone,28.38,19.4
VOLVE_15_9_F5,3150.25,19.95,70.8,448.3,5.65,10.74,Sandstone,28.41,17.08
VOLVE_15_9_F5,3150.94,24.39,82.0,440.6,6.99,10.71,Sandstone,28.45,19.5
VOLVE_15_9_F5,3151.2,18.4,88.1,470.4,5.77,10.51,Sandstone,28.48,18.25
VOLVE_15_9_F5,3151.4,20.33,91.3,459.1,5.84,10.36,Sandstone,28.49,18.03
VOLVE_15_9_F5,3152.3,22.4,96.1,433.4,4.86,10.68,Sandstone,28.52,18.42
VOLVE_15_9_F5,3152.74,22.53,84.6,460.8,4.88,10.96,Sandstone,28.54,17.23
VOLVE_15_9_F5,3153.3,19.2,66.4,432.1,5.27,10.52,Sandstone,28.59,16.28
VOLVE_15_9_F5,3153.68,23.5,89.1,426.2,5.02,10.37,Sandstone,28.63,20.07
VOLVE_15_9_F5,3154.58,24.0,92.0,456.1,6.08,10.74,Sandstone,28.64,20.11
VOLVE_15_9_F5,3155.09,20.96,79.4,433.3,4.1,10.38,Sandstone,28.68,18.26
VOLVE_15_9_F5,3155.43,26.77,77.8,427.0,7.89,10.5,Sandstone,28.71,20.35
VOLVE_15_9_F5,3156.12,23.47,119.2,498.1,6.13,10.16,Sandstone,28.73,20.68
VOLVE_15_9_F5,3156.48,20.11,62.7,440.6,4.9,10.51,Sandstone,28.74,15.38
VOLVE_15_9_F5,3156.89,26.68,89.5,530.0,5.16,10.36,Sandstone,28.75,20.37
VOLVE_15_9_F5,3157.63,21.32,97.8,481.4,7.68,10.74,Sandstone,28.8,19.24
VOLVE_15_9_F5,3158.6,23.08,77.0,423.5,3.73,10.41,Sandstone,28.84,18.43
VOLVE_15_9_F5,3159.4,21.42,79.6,502.7,4.28,10.67,Sandstone,28.87,18.41
VOLVE_15_9_F5,3159.7,24.2,76.1,427.7,6.34,10.54,Sandstone,28.88,19.19
VOLVE_15_9_F5,3160.15,21.44,82.1,535.3,5.45,10.57,Sandstone,28.91,16.74
VOLVE_15_9_F5,3160.99,21.59,95.6,465.4,4.68,10.63,Sandstone,28.93,17.67
VOLVE_15_9_F5,3161.41,22.25,79.1,478.0,4.53,10.55,Sandstone,28.95,18.1
VOLVE_15_9_F5,3162.2,21.39,128.8,457.6,5.51,10.46,Sandstone,28.99,20.54
VOLVE_15_9_F5,3162.78,25.33,75.3,467.0,5.53,10.43,Sandstone,29.0,20.85
VOLVE_15_9_F5,3163.69,19.51,102.8,447.2,7.16,10.63,Sandstone,29.01,17.67
VOLVE_15_9_F5,3164.17,22.56,90.2,419.3,6.11,10.27,Sandstone,29.04,18.0
VOLVE_15_9_F5,3165.12,22.88,83.7,469.9,6.54,10.81,Sandstone,29.07,18.13
VOLVE_15_9_F5,3165.65,22.35,104.1,497.3,5.05,10.57,Sandstone,29.1,18.72
VOLVE_15_9_F5,3166.43,25.09,58.1,408.7,5.75,10.5,Sandstone,29.14,16.11
VOLVE_15_9_F5,3166.78,18.91,88.5,518.0,3.16,10.6,Sandstone,29.18,17.59
VOLVE_15_9_F5,3167.41,24.09,71.3,480.4,5.46,10.47,Sandstone,29.23,19.1
VOLVE_15_9_F5,3167.86,19.56,75.5,438.9,5.03,10.53,Sandstone,29.26,16.96
VOLVE_15_9_F5,3168.07,21.4,74.8,438.1,7.23,10.39,Sandstone,29.3,17.16
VOLVE_15_9_F5,3168.62,19.31,67.6,530.9,6.62,10.61,Sandstone,29.34,16.97
VOLVE_15_9_F5,3168.95,21.85,57.3,493.9,4.52,10.54,Sandstone,29.38,15.55
VOLVE_15_9_F5,3169.92,21.23,87.9,501.9,4.25,10.58,Sandstone,29.41,19.17
VOLVE_15_9_F5,3170.77,26.78,81.1,446.3,4.68,10.78,Sandstone,29.44,20.05
VOLVE_15_9_F5,3171.56,23.29,77.6,478.6,4.91,10.44,Sandstone,29.46,16.71
VOLVE_15_9_F5,3172.12,23.79,93.5,470.3,7.1,10.54,Sandstone,29.49,19.58
VOLVE_15_9_F5,3172.53,19.92,88.8,449.4,5.62,10.31,Sandstone,29.52,17.12
VOLVE_15_9_F5,3172.99,24.54,78.1,,6.0,10.64,Sandstone,29.57,18.42
VOLVE_15_9_F5,3173.35,26.79,127.8,500.7,7.3,10.56,Sandstone,29.6,21.63
VOLVE_15_9_F5,3173.99,24.87,97.3,520.3,4.51,10.56,Sandstone,29.62,18.4
VOLVE_15_9_F5,3174.84,19.42,118.7,446.3,4.68,10.53,Sandstone,29.65,19.69
VOLVE_15_9_F5,3175.19,21.54,75.8,403.8,5.7,10.47,Sandstone,29.7,17.23
VOLVE_15_9_F5,3175.4,22.97,85.8,522.1,4.42,10.93,Sandstone,29.74,17.96
VOLVE_15_9_F5,3175.7,21.26,63.5,522.6,3.03,10.56,Sandstone,29.77,16.93
VOLVE_15_9_F5,3176.27,29.04,77.1,472.4,4.47,10.6,Sandstone,29.78,17.98
VOLVE_15_9_F5,3176.48,21.5,73.3,528.1,6.3,10.39,Sandstone,29.83,18.03
VOLVE_15_9_F5,3177.0,22.6,127.0,469.5,5.49,10.69,Sandstone,29.87,17.78
VOLVE_15_9_F5,3177.29,21.21,71.7,420.0,5.25,10.54,Sandstone,29.92,14.53
VOLVE_15_9_F5,3177.58,23.29,78.5,403.9,4.04,10.63,Sandstone,29.96,16.31
VOLVE_15_9_F5,3178.35,26.17,60.2,403.5,5.71,10.69,Sandstone,29.97,16.57
VOLVE_15_9_F5,3179.35,23.0,90.1,456.5,5.1,10.54,Sandstone,30.02,16.6
VOLVE_15_9_F5,3179.7,22.17,68.5,437.7,5.56,10.46,Sandstone,30.03,16.61
VOLVE_15_9_F5,3180.09,20.04,95.8,433.2,4.67,10.21,Sandstone,30.04,17.39
VOLVE_15_9_F5,3180.53,25.74,55.2,452.1,5.75,10.5,Sandstone,30.08,16.93
VOLVE_15_9_F5,3181.35,22.37,80.2,490.7,4.58,10.46,Sandstone,30.11,18.7
VOLVE_15_9_F5,3181.96,22.26,54.4,434.5,4.72,10.39,Sandstone,30.15,17.83
VOLVE_15_9_F5,3182.61,16.88,74.7,427.7,4.31,10.78,Sandstone,30.18,15.91
VOLVE_15_9_F5,3183.25,22.41,77.7,437.1,5.21,10.71,Sandstone,30.19,16.54
VOLVE_15_9_F5,3184.2,21.73,73.1,493.2,5.39,10.29,Sandstone,30.23,18.46
VOLVE_15_9_F5,3184.43,18.17,74.5,453.6,4.16,10.58,Sandstone,30.27,17.37
VOLVE_15_9_F5,3184.76,25.21,96.6,467.6,5.57,10.44,Sandstone,30.32,18.37
VOLVE_15_9_F5,3185.26,21.4,114.7,518.5,5.87,10.62,Sandstone,30.33,18.37
VOLVE_15_9_F5,3185.85,27.48,87.1,570.1,6.39,10.44,Sandstone,30.36,19.17
VOLVE_15_9_F5,3186.14,26.28,69.1,482.0,5.31,10.48,Sandstone,30.37,17.7
VOLVE_15_9_F5,3187.06,20.95,83.0,478.0,4.07,10.71,Sandstone,30.41,17.45
VOLVE_15_9_F5,3187.8,26.17,76.7,409.0,5.61,10.69,Sandstone,30.45,19.44
VOLVE_15_9_F5,3188.75,26.78,95.4,471.1,6.65,10.79,Sandstone,30.48,20.43
VOLVE_15_9_F5,3189.7,21.36,86.3,458.9,3.62,10.53,Sandstone,30.5,17.8
VOLVE_15_9_F5,3190.31,20.18,58.4,492.1,3.11,10.35,Sandstone,30.54,15.96
VOLVE_15_9_F5,3191.19,17.38,98.5,440.7,4.25,10.7,Sandstone,30.58,17.12
VOLVE_15_9_F5,3191.98,23.72,96.5,464.4,5.35,10.7,Sandstone,30.61,19.02
VOLVE_15_9_F5,3192.47,20.34,104.4,480.6,2.76,10.66,Sandstone,30.63,19.24
VOLVE_15_9_F5,3193.19,23.8,74.3,532.3,5.94,10.45,Sandstone,30.66,18.29
VOLVE_15_9_F5,3194.16,21.36,86.5,518.9,5.0,10.4,Sandstone,30.7,18.53
VOLVE_15_9_F5,3194.97,20.83,64.2,507.0,2.02,10.65,Sandstone,30.73,15.83
VOLVE_15_9_F5,3195.74,21.38,81.2,485.5,3.81,10.43,Sandstone,30.77,17.65
VOLVE_15_9_F5,3196.11,19.53,88.0,439.1,4.72,10.52,Sandstone,30.8,16.76
VOLVE_15_9_F5,3196.98,21.38,72.5,485.5,2.88,11.0,Sandstone,30.82,15.25
VOLVE_15_9_F5,3197.49,20.95,87.1,425.5,6.36,10.89,Sandstone,30.84,18.03
VOLVE_15_9_F5,3198.19,22.76,84.5,448.1,5.54,10.68,Sandstone,30.86,19.09
VOLVE_15_9_F5,3198.93,23.06,75.3,527.5,6.02,10.47,Sandstone,30.88,18.12
VOLVE_15_9_F5,3199.54,20.12,103.0,477.9,4.12,10.46,Sandstone,30.91,18.21
VOLVE_15_9_F5,3199.88,25.55,78.5,465.5,5.97,10.67,Sandstone,30.93,19.0
VOLVE_15_9_F5,3200.63,22.4,84.0,470.6,4.48,10.79,Sandstone,30.98,17.55
VOLVE_15_9_F5,3201.03,26.56,60.0,452.6,5.06,10.49,Sandstone,31.0,17.22
VOLVE_15_9_F5,3201.44,23.41,89.8,370.2,5.88,10.5,Sandstone,31.02,17.49
VOLVE_15_9_F5,3201.75,22.98,74.8,405.8,5.11,10.58,Sandstone,31.03,16.23
VOLVE_15_9_F5,3202.44,21.58,96.4,481.1,6.36,10.36,Sandstone,31.05,18.98
VOLVE_15_9_F5,3202.74,24.35,62.3,419.6,5.29,10.36,Sandstone,31.09,17.16
VOLVE_15_9_F5,3203.21,22.9,88.5,452.1,4.83,10.39,Sandstone,31.13,18.8
VOLVE_15_9_F5,3204.12,24.96,49.3,407.3,6.0,10.65,Sandstone,31.16,15.83
VOLVE_15_9_F5,3204.69,26.83,91.2,427.7,7.05,10.61,Sandstone,31.21,17.82
VOLVE_15_9_F5,3205.6,21.01,79.4,456.2,5.19,10.74,Sandstone,31.23,18.0
VOLVE_15_9_F5,3206.2,24.36,88.0,493.4,7.12,10.31,Sandstone,31.25,18.62
VOLVE_15_9_F5,3206.54,24.29,73.0,501.4,5.0,10.34,Sandstone,31.27,17.21
VOLVE_15_9_F5,3207.35,23.97,67.7,427.0,5.02,10.64,Sandstone,31.29,16.24
VOLVE_15_9_F5,3207.83,21.75,75.5,468.7,5.09,10.44,Sandstone,31.31,15.36
VOLVE_15_9_F5,3208.8,21.8,84.9,399.4,5.08,10.45,Sandstone,31.35,16.75
VOLVE_15_9_F5,3209.21,21.38,90.6,458.7,4.91,10.72,Sandstone,31.4,18.01
VOLVE_15_9_F5,3210.07,21.33,86.5,494.6,4.36,10.49,Sandstone,31.42,17.27
VOLVE_15_9_F5,3210.66,20.74,67.9,453.7,3.69,10.5,Sandstone,31.44,17.5
VOLVE_15_9_F5,3211.54,22.58,109.5,509.1,5.81,10.53,Sandstone,31.49,20.6
VOLVE_15_9_F5,3211.88,20.95,87.0,489.9,6.63,10.54,Sandstone,31.53,18.63
VOLVE_15_9_F5,3212.59,23.94,72.6,466.1,6.22,10.67,Sandstone,31.57,15.56
VOLVE_15_9_F5,3212.88,22.99,88.3,446.4,5.86,10.39,Sandstone,31.6,19.45
VOLVE_15_9_F5,3213.73,23.28,85.8,435.1,6.88,10.54,Sandstone,31.62,17.69
VOLVE_15_9_F5,3214.11,22.17,79.3,398.1,5.21,10.75,Sandstone,31.66,18.19
VOLVE_15_9_F5,3214.66,23.03,77.6,404.6,4.05,10.89,Sandstone,31.67,15.76
VOLVE_15_9_F5,3215.38,22.24,96.7,496.2,5.03,10.37,Sandstone,31.7,18.33
VOLVE_15_9_F5,3215.96,24.81,107.9,517.0,5.78,10.62,Sandstone,31.72,19.77
VOLVE_15_9_F5,3216.79,21.76,51.4,413.2,4.11,10.54,Sandstone,31.75,13.95
VOLVE_15_9_F5,3217.54,23.81,100.4,459.2,6.38,10.56,Sandstone,31.78,17.13
VOLVE_15_9_F5,3217.84,19.61,82.3,393.5,6.12,10.45,Sandstone,31.8,14.09
VOLVE_15_9_F5,3218.66,24.65,85.5,417.4,3.42,10.69,Sandstone,31.82,20.19
VOLVE_15_9_F5,3219.2,21.48,102.2,466.8,5.29,10.68,Sandstone,31.84,16.14
VOLVE_15_9_F5,3219.88,20.6,42.1,435.7,1.0,10.95,Sandstone,31.88,11.65
VOLVE_15_9_F5,3220.25,20.03,94.2,379.8,5.11,10.38,Sandstone,31.93,17.22
VOLVE_15_9_F5,3220.79,19.84,101.2,525.2,5.18,10.31,Sandstone,31.95,16.71
VOLVE_15_9_F5,3221.64,21.68,71.6,454.5,7.16,10.88,Sandstone,31.96,15.04
VOLVE_15_9_F5,3222.58,26.64,61.0,412.3,7.08,10.57,Sandstone,32.01,14.04
VOLVE_15_9_F5,3223.53,21.29,106.5,461.6,6.63,10.51,Sandstone,32.05,18.57
VOLVE_15_9_F5,3224.29,17.37,55.6,453.2,3.25,10.6,Sandstone,32.09,13.22
VOLVE_15_9_F5,3224.56,23.81,88.2,473.3,4.25,10.37,Sandstone,32.12,18.53
VOLVE_15_9_F5,3225.11,20.11,97.3,442.9,3.95,10.63,Sandstone,32.13,16.99
VOLVE_15_9_F5,3225.47,24.94,87.9,469.0,7.39,10.56,Sandstone,32.18,18.71
VOLVE_15_9_F5,3226.22,21.85,90.4,494.2,4.23,10.74,Sandstone,32.21,17.1
VOLVE_15_9_F5,3226.55,22.22,78.0,403.7,4.71,10.7,Sandstone,32.23,16.02
VOLVE_15_9_F5,3227.54,25.9,88.9,428.7,4.58,10.72,Sandstone,32.28,16.9
VOLVE_15_9_F5,3227.89,24.46,71.3,490.0,3.76,10.6,Sandstone,32.31,16.35
VOLVE_15_9_F5,3228.13,19.8,73.2,434.4,5.28,10.82,Sandstone,32.32,14.67
VOLVE_15_9_F5,3229.01,20.17,82.5,453.2,5.24,10.66,Sandstone,32.37,17.98
VOLVE_15_9_F5,3229.37,18.46,58.8,437.6,1.87,10.5,Sandstone,32.4,13.91
VOLVE_15_9_F5,3229.59,29.43,90.6,440.1,4.44,10.46,Sandstone,32.42,16.45
VOLVE_15_9_F5,3230.23,20.76,44.7,436.7,,10.47,Sandstone,32.43,14.49
VOLVE_15_9_F5,3231.2,25.85,87.4,406.1,5.55,10.67,Sandstone,32.46,17.16
VOLVE_15_9_F5,3231.62,21.6,88.8,474.8,4.79,10.38,Sandstone,32.5,17.2
VOLVE_15_9_F5,3232.14,20.23,70.0,499.0,5.6,10.6,Sandstone,32.51,15.98
VOLVE_15_9_F11,2500.68,23.3,92.2,422.2,5.22,10.26,Limestone,0.02,18.25
VOLVE_15_9_F11,2501.21,19.46,71.6,374.6,7.14,10.45,Limestone,0.03,17.48
VOLVE_15_9_F11,2502.18,22.97,87.7,451.8,5.51,10.24,Limestone,0.08,18.0
VOLVE_15_9_F11,2503.02,21.67,74.0,408.8,4.58,10.23,Limestone,0.11,16.92
VOLVE_15_9_F11,2503.99,16.58,57.4,401.7,4.02,10.18,Limestone,0.14,14.32
VOLVE_15_9_F11,2504.6,18.63,96.5,558.8,4.68,10.18,Limestone,0.18,19.54
VOLVE_15_9_F11,2505.05,22.72,93.5,476.7,5.32,10.49,Limestone,0.23,17.37
VOLVE_15_9_F11,2506.03,18.62,83.1,477.7,5.19,10.28,Limestone,0.25,18.06
VOLVE_15_9_F11,2506.3,22.07,84.4,452.9,3.91,10.19,Limestone,0.27,18.38
VOLVE_15_9_F11,2507.24,19.0,80.6,407.2,3.69,10.09,Limestone,0.32,15.85
VOLVE_15_9_F11,2507.51,21.83,68.2,448.4,5.92,10.3,Limestone,0.35,17.24
VOLVE_15_9_F11,2508.36,21.11,103.3,440.8,6.06,10.21,Limestone,0.37,19.22
VOLVE_15_9_F11,2509.18,19.42,82.2,378.0,3.09,10.18,Limestone,0.39,15.72
VOLVE_15_9_F11,2509.91,21.77,89.1,526.7,5.92,10.22,Limestone,0.44,18.46
VOLVE_15_9_F11,2510.74,14.64,76.2,451.4,5.47,10.36,Limestone,0.47,14.29
VOLVE_15_9_F11,2511.01,17.33,90.4,421.7,5.22,10.16,Limestone,0.51,18.91
VOLVE_15_9_F11,2511.51,18.89,100.9,459.9,3.23,10.29,Limestone,0.55,17.14
VOLVE_15_9_F11,2511.98,22.98,86.2,399.9,3.76,10.47,Limestone,0.58,16.34
VOLVE_15_9_F11,2512.96,16.44,89.1,417.5,4.76,10.25,Limestone,0.62,14.65
VOLVE_15_9_F11,2513.54,19.97,96.9,516.5,7.51,10.18,Limestone,0.65,18.37
VOLVE_15_9_F11,2513.78,20.85,94.3,434.2,4.65,10.5,Limestone,0.69,18.03
VOLVE_15_9_F11,2514.19,20.68,99.4,454.3,6.08,10.32,Limestone,0.71,18.18
VOLVE_15_9_F11,2515.06,19.81,88.5,459.2,4.34,10.31,Limestone,0.76,17.95
VOLVE_15_9_F11,2515.98,18.51,88.5,448.1,7.03,10.42,Limestone,0.79,18.17
VOLVE_15_9_F11,2516.92,19.45,87.3,433.5,5.11,10.33,Limestone,0.81,17.19
VOLVE_15_9_F11,2517.23,22.51,96.7,545.8,4.02,10.35,Limestone,0.85,19.05
VOLVE_15_9_F11,2517.98,18.35,77.2,425.4,3.83,10.1,Limestone,0.9,17.94
VOLVE_15_9_F11,2518.5,14.68,91.7,419.3,3.62,10.21,Limestone,0.94,16.44
VOLVE_15_9_F11,2519.29,21.24,118.2,474.7,5.82,10.62,Limestone,0.97,19.51
VOLVE_15_9_F11,2520.15,23.82,89.1,403.6,4.64,10.18,Limestone,1.0,17.98
VOLVE_15_9_F11,2520.56,17.45,65.7,495.9,3.96,10.35,Limestone,1.01,16.67
VOLVE_15_9_F11,2521.16,23.49,79.3,447.0,7.64,10.6,Limestone,1.03,18.55
VOLVE_15_9_F11,2521.62,21.39,93.0,460.2,4.62,10.44,Limestone,1.07,18.34
VOLVE_15_9_F11,2522.19,17.2,73.6,466.9,4.86,10.38,Limestone,1.11,16.84
VOLVE_15_9_F11,2522.62,18.33,69.0,441.5,4.36,10.22,Limestone,1.14,16.36
VOLVE_15_9_F11,2523.09,18.22,63.0,491.7,4.53,10.25,Limestone,1.18,14.6
VOLVE_15_9_F11,2523.51,20.52,80.6,481.0,5.86,10.29,Limestone,1.19,17.7
VOLVE_15_9_F11,2523.95,19.64,107.9,475.7,2.75,10.39,Limestone,1.22,16.77
VOLVE_15_9_F11,2524.61,22.86,75.7,394.5,5.37,10.53,Limestone,1.26,17.71
VOLVE_15_9_F11,2525.29,22.22,96.8,441.1,5.0,10.36,Limestone,1.29,16.79
VOLVE_15_9_F11,2526.23,16.24,79.5,450.6,4.86,10.26,Limestone,1.33,15.96
VOLVE_15_9_F11,2526.74,16.56,77.9,524.6,4.41,10.33,Limestone,1.35,16.58
VOLVE_15_9_F11,2527.47,21.65,91.4,398.5,5.09,10.42,Limestone,1.37,16.49
VOLVE_15_9_F11,2528.44,18.83,60.7,429.5,4.96,10.39,Limestone,1.39,15.49
VOLVE_15_9_F11,2529.01,19.68,108.7,498.3,4.74,10.31,Limestone,1.4,19.34
VOLVE_15_9_F11,2529.84,21.49,91.7,417.5,7.67,10.18,Limestone,1.43,17.7
VOLVE_15_9_F11,2530.81,22.27,99.4,428.8,4.34,10.51,Limestone,1.48,18.35
VOLVE_15_9_F11,2531.64,17.04,79.8,522.0,6.46,10.3,Limestone,1.51,17.4
VOLVE_15_9_F11,2531.91,14.57,91.1,469.7,3.19,10.38,Limestone,1.55,14.5
VOLVE_15_9_F11,2532.26,19.85,97.7,489.4,4.93,10.24,Limestone,1.56,18.27
VOLVE_15_9_F11,2532.7,17.99,82.3,484.0,5.23,10.24,Limestone,1.59,16.85
VOLVE_15_9_F11,2533.45,20.3,70.6,459.8,3.77,10.42,Limestone,1.63,16.33
VOLVE_15_9_F11,2534.18,19.92,69.5,458.7,3.63,10.15,Limestone,1.65,14.86
VOLVE_15_9_F11,2534.49,17.7,77.3,490.5,4.42,10.17,Limestone,1.67,15.05
VOLVE_15_9_F11,2535.05,25.36,87.1,421.2,6.66,10.57,Limestone,1.69,19.81
VOLVE_15_9_F11,2535.59,20.18,81.2,524.4,5.13,10.47,Limestone,1.7,18.38
VOLVE_15_9_F11,2536.34,18.71,76.3,433.7,7.1,10.41,Limestone,1.74,17.0
VOLVE_15_9_F11,2536.75,20.4,93.8,496.0,5.92,10.18,Limestone,1.75,19.22
VOLVE_15_9_F11,2537.14,21.47,76.7,475.3,4.53,10.38,Limestone,1.77,15.93
VOLVE_15_9_F11,2537.82,18.57,74.7,433.2,1.56,10.33,Limestone,1.81,15.46
VOLVE_15_9_F11,2538.09,25.95,97.7,474.4,3.94,10.28,Limestone,1.83,19.0
VOLVE_15_9_F11,2538.82,16.35,91.9,460.2,4.53,10.33,Limestone,1.86,15.69
VOLVE_15_9_F11,2539.37,16.52,65.3,384.5,2.59,10.13,Limestone,1.88,13.47
VOLVE_15_9_F11,2540.0,16.16,63.7,451.6,4.18,10.04,Limestone,1.92,16.39
VOLVE_15_9_F11,2540.84,20.17,67.0,405.1,5.09,10.39,Limestone,1.97,15.38
VOLVE_15_9_F11,2541.19,21.35,83.2,475.4,4.82,10.37,Limestone,2.02,18.18
VOLVE_15_9_F11,2541.56,19.34,101.3,449.4,4.93,10.38,Limestone,2.04,17.97
VOLVE_15_9_F11,2542.48,21.34,105.4,490.2,7.85,10.46,Limestone,2.06,20.07
VOLVE_15_9_F11,2543.27,21.31,94.9,427.2,5.42,10.42,Limestone,2.1,18.48
VOLVE_15_9_F11,2543.68,19.27,112.3,403.3,5.25,10.57,Limestone,2.15,17.01
VOLVE_15_9_F11,2544.46,21.25,86.7,412.0,4.02,10.53,Limestone,2.17,15.7
VOLVE_15_9_F11,2545.02,19.69,100.3,535.9,5.27,10.36,Limestone,2.2,19.18
VOLVE_15_9_F11,2545.72,19.16,75.1,576.3,4.28,10.37,Limestone,2.23,18.52
VOLVE_15_9_F11,2546.54,18.94,60.3,535.1,6.77,10.38,Limestone,2.24,18.86
VOLVE_15_9_F11,2546.78,20.77,79.0,393.5,5.74,10.12,Limestone,2.27,17.88
VOLVE_15_9_F11,2547.47,23.23,81.8,400.0,7.02,10.49,Limestone,2.31,16.91
VOLVE_15_9_F11,2547.94,17.18,122.4,412.5,5.63,10.44,Limestone,2.36,16.9
VOLVE_15_9_F11,2548.55,18.99,83.6,486.1,6.46,10.1,Limestone,2.37,15.39
VOLVE_15_9_F11,2549.04,20.6,68.4,539.4,3.68,10.58,Limestone,2.39,15.97
VOLVE_15_9_F11,2550.0,24.59,98.1,491.3,5.98,10.29,Limestone,2.41,18.04
VOLVE_15_9_F11,2550.67,21.28,72.2,462.7,3.96,10.33,Limestone,2.43,17.26
VOLVE_15_9_F11,2551.55,18.17,85.8,418.1,4.39,10.33,Limestone,2.45,17.1
VOLVE_15_9_F11,2551.96,17.9,96.8,443.7,5.11,10.32,Limestone,2.46,19.09
VOLVE_15_9_F11,2552.45,22.67,69.6,458.7,3.94,10.71,Limestone,2.51,19.66
VOLVE_15_9_F11,2553.28,19.43,106.4,490.4,3.59,10.31,Limestone,2.55,18.08
VOLVE_15_9_F11,2553.67,17.14,100.5,435.1,6.23,10.3,Limestone,2.6,16.35
VOLVE_15_9_F11,2554.67,22.75,88.9,471.2,3.36,10.35,Limestone,2.64,17.32
VOLVE_15_9_F11,2555.39,20.99,109.9,466.1,7.57,10.22,Limestone,2.68,18.24
VOLVE_15_9_F11,2556.31,17.24,77.9,459.1,3.74,10.4,Limestone,2.72,18.17
VOLVE_15_9_F11,2556.6,16.88,95.5,439.3,5.63,10.23,Limestone,2.76,13.85
VOLVE_15_9_F11,2557.13,14.81,87.8,460.0,5.4,10.43,Limestone,2.77,17.2
VOLVE_15_9_F11,2557.6,18.67,74.0,451.3,3.46,10.2,Limestone,2.79,15.06
VOLVE_15_9_F11,2558.57,21.0,74.5,423.8,5.56,10.26,Limestone,2.82,16.35
VOLVE_15_9_F11,2558.89,22.64,114.1,490.5,5.95,10.2,Limestone,2.86,16.84
VOLVE_15_9_F11,2559.69,21.3,99.5,518.1,6.17,10.27,Limestone,2.87,19.74
VOLVE_15_9_F11,2560.39,16.98,96.9,461.9,6.43,10.09,Limestone,2.9,17.81
VOLVE_15_9_F11,2561.27,19.54,74.2,453.3,5.85,9.99,Limestone,2.95,15.57
VOLVE_15_9_F11,2562.25,23.82,94.2,485.5,4.52,10.31,Limestone,2.96,19.58
VOLVE_15_9_F11,2563.1,18.97,78.1,462.5,4.72,10.12,Limestone,2.98,17.5
VOLVE_15_9_F11,2563.5,22.18,109.1,500.7,4.64,10.61,Limestone,3.03,18.18
VOLVE_15_9_F11,2564.37,21.87,101.8,459.4,4.8,10.3,Limestone,3.06,16.07
VOLVE_15_9_F11,2564.99,22.16,97.4,478.6,6.04,10.46,Limestone,3.07,18.02
VOLVE_15_9_F11,2565.71,21.34,95.9,524.5,6.08,10.4,Limestone,3.11,19.41
VOLVE_15_9_F11,2566.14,22.16,82.3,505.8,5.93,10.2,Limestone,3.15,17.23
VOLVE_15_9_F11,2566.99,16.56,90.9,448.9,5.2,10.29,Limestone,3.17,17.33
VOLVE_15_9_F11,2567.54,24.06,106.7,498.4,6.29,10.47,Limestone,3.19,18.41
VOLVE_15_9_F11,2568.39,15.76,90.6,412.4,4.23,10.46,Limestone,3.22,15.29
VOLVE_15_9_F11,2568.93,21.06,71.0,447.1,6.58,10.49,Limestone,3.25,15.93
VOLVE_15_9_F11,2569.63,20.16,102.4,488.5,6.15,10.26,Limestone,3.29,18.32
VOLVE_15_9_F11,2569.91,18.72,73.4,516.3,4.76,10.44,Limestone,3.34,17.23
VOLVE_15_9_F11,2570.18,17.84,83.1,425.1,6.2,10.27,Limestone,3.39,17.82
VOLVE_15_9_F11,2571.14,21.66,76.5,454.0,4.48,10.51,Limestone,3.41,16.86
VOLVE_15_9_F11,2571.93,22.29,44.4,455.3,4.82,10.5,Limestone,3.45,13.06
VOLVE_15_9_F11,2572.26,20.03,86.2,451.5,6.17,10.15,Limestone,3.48,17.81
VOLVE_15_9_F11,2572.94,19.57,116.2,406.5,4.04,10.4,Limestone,3.51,16.94
VOLVE_15_9_F11,2573.77,23.5,88.4,475.2,8.11,10.19,Limestone,3.55,18.37
VOLVE_15_9_F11,2574.45,19.24,128.0,404.1,4.95,10.48,Limestone,3.58,17.71
VOLVE_15_9_F11,2575.0,20.19,81.3,500.7,4.49,10.19,Limestone,3.61,17.66
VOLVE_15_9_F11,2575.87,19.79,86.9,509.1,5.11,10.41,Limestone,3.65,16.89
VOLVE_15_9_F11,2576.11,26.48,82.0,429.6,6.5,10.47,Limestone,3.66,18.51
VOLVE_15_9_F11,2576.82,18.21,84.5,404.4,5.91,10.37,Limestone,3.7,16.42
VOLVE_15_9_F11,2577.4,22.39,89.1,453.9,7.15,10.49,Limestone,3.71,18.31
VOLVE_15_9_F11,2578.12,16.06,106.2,434.4,4.96,10.4,Limestone,3.74,17.0
VOLVE_15_9_F11,2578.55,17.92,71.0,446.8,5.07,10.59,Limestone,3.76,13.12
VOLVE_15_9_F11,2578.88,19.54,83.7,458.8,3.17,10.19,Limestone,3.81,16.04
VOLVE_15_9_F11,2579.86,19.99,92.8,417.9,3.91,10.3,Limestone,3.84,16.53
VOLVE_15_9_F11,2580.75,19.64,102.7,521.5,5.2,10.07,Limestone,3.88,17.92
VOLVE_15_9_F11,2581.68,20.08,51.2,429.5,5.0,10.32,Limestone,3.9,13.8
VOLVE_15_9_F11,2582.49,18.61,62.6,492.6,4.56,10.18,Limestone,3.92,14.9
VOLVE_15_9_F11,2582.74,23.55,84.2,419.6,6.01,10.15,Limestone,3.95,18.19
VOLVE_15_9_F11,2583.45,17.83,100.3,457.6,5.04,10.13,Limestone,3.96,17.48
VOLVE_15_9_F11,2583.95,22.2,76.3,473.2,4.86,10.29,Limestone,4.01,17.03
VOLVE_15_9_F11,2584.42,22.03,93.6,460.6,8.27,10.4,Limestone,4.04,17.15
VOLVE_15_9_F11,2584.82,17.97,113.2,445.0,5.0,10.43,Limestone,4.07,17.83
VOLVE_15_9_F11,2585.16,19.42,83.7,435.5,6.22,10.51,Limestone,4.11,17.27
VOLVE_15_9_F11,2585.47,20.34,80.1,438.9,3.47,10.5,Limestone,4.14,17.36
VOLVE_15_9_F11,2585.77,24.53,90.6,428.2,5.71,10.19,Limestone,4.17,17.2
VOLVE_15_9_F11,2586.54,19.42,86.2,468.5,4.23,10.25,Limestone,4.19,20.34
VOLVE_15_9_F11,2587.49,29.41,87.4,528.4,8.33,10.39,Limestone,4.23,20.32
VOLVE_15_9_F11,2587.99,22.27,80.8,469.5,4.55,10.39,Limestone,4.27,16.27
VOLVE_15_9_F11,2588.27,21.21,79.7,479.0,5.07,10.57,Limestone,4.3,19.09
VOLVE_15_9_F11,2588.65,22.57,68.5,498.5,4.07,10.32,Limestone,4.32,17.58
VOLVE_15_9_F11,2589.45,16.06,92.7,437.1,3.78,10.48,Limestone,4.35,15.67
VOLVE_15_9_F11,2589.93,23.29,67.9,383.0,5.02,10.34,Limestone,4.39,16.4
VOLVE_15_9_F11,2590.66,17.06,71.3,455.3,5.04,10.42,Limestone,4.41,16.42
VOLVE_15_9_F11,2591.02,22.54,65.6,489.4,6.28,10.42,Limestone,4.44,16.93
VOLVE_15_9_F11,2591.83,18.89,78.6,535.6,4.18,10.36,Limestone,4.47,14.7
VOLVE_15_9_F11,2592.55,18.37,83.9,416.0,4.2,10.22,Limestone,4.51,15.82
VOLVE_15_9_F11,2592.93,24.8,67.0,499.2,6.78,10.41,Limestone,4.55,18.26
VOLVE_15_9_F11,2593.88,20.13,79.5,465.6,6.92,10.46,Limestone,4.58,16.56
VOLVE_15_9_F11,2594.49,16.55,85.9,439.6,4.68,10.38,Limestone,4.62,14.42
VOLVE_15_9_F11,2594.87,22.82,60.0,413.4,5.51,9.95,Limestone,4.67,16.08
VOLVE_15_9_F11,2595.52,17.33,72.1,431.8,6.65,10.34,Limestone,4.68,16.17
VOLVE_15_9_F11,2596.05,23.79,110.6,478.1,8.98,10.47,Limestone,4.69,20.61
VOLVE_15_9_F11,2596.99,20.35,72.9,504.1,5.43,10.22,Limestone,4.72,15.42
VOLVE_15_9_F11,2597.44,17.21,94.1,346.2,5.86,10.53,Limestone,4.76,14.13
VOLVE_15_9_F11,2598.35,22.45,75.9,475.7,5.32,10.27,Limestone,4.78,16.83
VOLVE_15_9_F11,2599.14,21.7,86.5,432.3,3.47,10.32,Limestone,4.82,15.95
VOLVE_15_9_F11,2599.88,15.09,71.5,436.0,4.85,10.4,Limestone,4.84,13.69
VOLVE_15_9_F11,2600.23,20.24,55.0,471.9,6.29,10.23,Limestone,4.87,15.15
VOLVE_15_9_F11,2600.5,21.15,76.9,532.0,4.15,10.5,Limestone,4.92,17.42
VOLVE_15_9_F11,2601.39,21.01,90.1,426.5,3.02,10.56,Limestone,4.93,15.41
VOLVE_15_9_F11,2602.05,19.95,93.7,451.4,5.91,10.2,Limestone,4.97,15.98
VOLVE_15_9_F11,2603.02,22.27,85.6,392.2,3.18,10.34,Limestone,5.02,15.66
VOLVE_15_9_F11,2603.63,21.84,71.8,472.7,3.16,10.65,Limestone,5.03,14.44
VOLVE_15_9_F11,2604.31,20.5,97.3,427.6,3.34,10.53,Limestone,5.05,16.52
VOLVE_15_9_F11,2605.3,19.83,72.7,518.3,2.47,10.13,Limestone,5.09,16.2
VOLVE_15_9_F11,2606.08,20.79,73.6,469.6,6.24,10.54,Limestone,5.14,17.45
VOLVE_15_9_F11,2606.56,18.92,68.8,443.9,4.9,9.86,Limestone,5.17,14.55
VOLVE_15_9_F11,2607.43,17.87,77.1,444.2,7.23,10.46,Limestone,5.19,15.83
VOLVE_15_9_F11,2607.86,17.62,79.0,469.8,5.65,10.24,Limestone,5.21,16.08
VOLVE_15_9_F11,2608.48,20.18,87.9,482.9,7.61,10.44,Limestone,5.23,15.58
VOLVE_15_9_F11,2608.87,18.29,63.2,408.5,3.82,10.41,Limestone,5.27,14.65
VOLVE_15_9_F11,2609.87,20.04,76.6,449.3,5.39,10.39,Sandstone,5.31,25.82
VOLVE_15_9_F11,2610.82,23.77,71.5,455.1,3.68,10.46,Sandstone,5.34,25.88
VOLVE_15_9_F11,2611.72,19.93,89.9,463.7,4.81,10.3,Sandstone,5.39,25.26
VOLVE_15_9_F11,2612.24,20.79,88.0,507.5,6.91,10.28,Sandstone,5.4,27.62
VOLVE_15_9_F11,2613.02,19.88,68.0,398.2,4.76,10.51,Sandstone,5.42,21.76
VOLVE_15_9_F11,2613.43,23.72,90.9,493.5,5.22,10.37,Sandstone,5.44,28.77
VOLVE_15_9_F11,2613.94,24.6,82.7,469.8,5.43,10.29,Sandstone,5.48,28.61
VOLVE_15_9_F11,2614.78,19.29,95.4,435.3,5.34,10.34,Sandstone,5.52,25.87
VOLVE_15_9_F11,2615.03,22.28,73.8,487.5,5.29,10.33,Sandstone,5.57,27.81
VOLVE_15_9_F11,2615.27,25.69,92.3,439.9,7.3,10.32,Sandstone,5.59,28.3
VOLVE_15_9_F11,2616.0,17.56,96.4,382.7,4.16,10.44,Sandstone,5.63,23.7
VOLVE_15_9_F11,2616.82,22.92,84.5,317.9,5.08,10.24,Sandstone,5.66,25.29
VOLVE_15_9_F11,2617.32,16.12,114.9,406.6,5.29,10.6,Sandstone,5.68,27.49
VOLVE_15_9_F11,2618.06,20.55,90.8,433.5,4.13,10.41,Sandstone,5.72,25.8
VOLVE_15_9_F11,2618.99,20.13,109.9,462.1,4.92,10.1,Sandstone,5.74,30.0
VOLVE_15_9_F11,2619.27,16.21,121.3,479.1,6.2,10.41,Sandstone,5.78,26.75
VOLVE_15_9_F11,2620.13,23.2,58.4,444.9,3.97,10.23,Sandstone,5.82,23.81
VOLVE_15_9_F11,2620.8,20.85,100.7,398.8,8.72,10.37,Sandstone,5.85,29.34
VOLVE_15_9_F11,2621.33,18.17,91.2,440.0,6.97,10.35,Sandstone,5.88,25.91
VOLVE_15_9_F11,2621.57,21.31,87.1,446.5,5.44,10.48,Sandstone,5.93,26.01
VOLVE_15_9_F11,2622.08,22.75,73.5,524.7,5.84,10.47,Sandstone,5.96,27.91
VOLVE_15_9_F11,2622.92,16.07,70.1,477.5,5.42,10.41,Sandstone,5.97,24.43
VOLVE_15_9_F11,2623.55,12.62,67.6,389.0,4.82,10.66,Sandstone,6.02,19.44
VOLVE_15_9_F11,2623.89,20.39,116.8,442.6,5.7,10.27,Sandstone,6.04,28.79
VOLVE_15_9_F11,2624.28,18.58,90.8,483.1,8.34,10.58,Sandstone,6.07,26.12
VOLVE_15_9_F11,2625.16,23.85,63.0,456.1,4.23,10.58,Sandstone,6.11,23.98
VOLVE_15_9_F11,2625.7,19.58,67.6,390.3,4.31,10.43,Sandstone,6.13,22.65
VOLVE_15_9_F11,2625.98,21.28,53.1,488.0,4.8,10.44,Sandstone,6.15,22.7
VOLVE_15_9_F11,2626.96,20.04,101.3,469.8,6.1,10.52,Sandstone,6.19,27.1
VOLVE_15_9_F11,2627.36,16.64,84.1,449.0,7.17,10.33,Sandstone,6.21,24.78
VOLVE_15_9_F11,2628.2,20.59,91.1,423.0,5.22,10.3,Sandstone,6.24,27.08
VOLVE_15_9_F11,2628.41,17.2,83.5,495.8,5.49,10.31,Sandstone,6.25,25.81
VOLVE_15_9_F11,2628.81,17.08,97.6,382.7,5.46,10.42,Sandstone,6.28,23.8
VOLVE_15_9_F11,2629.28,17.77,77.5,393.1,4.66,10.31,Sandstone,6.32,23.43
VOLVE_15_9_F11,2630.17,17.56,87.9,425.9,6.39,10.27,Sandstone,6.37,24.22
VOLVE_15_9_F11,2630.97,20.0,87.5,467.4,5.63,10.22,Sandstone,6.4,26.43
VOLVE_15_9_F11,2631.41,19.55,66.0,400.7,5.94,10.23,Sandstone,6.42,23.61
VOLVE_15_9_F11,2632.24,21.24,72.6,433.5,4.65,10.28,Sandstone,6.44,25.1
VOLVE_15_9_F11,2633.09,16.6,78.9,441.6,4.03,10.29,Sandstone,6.46,25.13
VOLVE_15_9_F11,2633.7,19.91,88.2,469.0,4.7,10.39,Sandstone,6.51,27.38
VOLVE_15_9_F11,2634.31,19.33,104.2,444.2,5.66,10.26,Sandstone,6.55,25.95
VOLVE_15_9_F11,2634.92,21.04,85.1,444.3,6.51,10.45,Sandstone,6.57,27.02
VOLVE_15_9_F11,2635.25,21.16,82.1,427.0,7.65,10.67,Sandstone,6.59,26.71
VOLVE_15_9_F11,2636.1,20.94,88.1,498.8,5.42,10.57,Sandstone,6.62,25.98
VOLVE_15_9_F11,2636.87,18.07,81.1,481.7,7.08,10.22,Sandstone,6.66,26.79
VOLVE_15_9_F11,2637.75,20.61,83.1,480.2,5.85,10.33,Sandstone,6.7,24.49
VOLVE_15_9_F11,2638.6,19.27,106.1,424.2,4.52,10.19,Sandstone,6.73,27.06
VOLVE_15_9_F11,2639.43,23.84,80.1,434.8,5.49,10.41,Sandstone,6.77,26.43
VOLVE_15_9_F11,2640.26,20.84,87.3,474.3,6.11,10.42,Sandstone,6.78,25.38
VOLVE_15_9_F11,2641.21,20.76,73.7,431.8,5.99,10.41,Sandstone,6.82,24.62
VOLVE_15_9_F11,2641.9,17.37,102.3,418.2,4.52,10.22,Sandstone,6.83,26.86
VOLVE_15_9_F11,2642.76,19.1,69.7,466.8,4.34,10.28,Sandstone,6.84,26.86
VOLVE_15_9_F11,2643.6,21.22,82.3,403.0,4.74,10.52,Sandstone,6.86,24.14
VOLVE_15_9_F11,2644.02,20.38,98.1,446.9,5.07,10.44,Sandstone,6.89,26.44
VOLVE_15_9_F11,2644.67,20.35,70.4,491.0,5.25,10.25,Sandstone,6.94,24.85
VOLVE_15_9_F11,2645.45,16.2,96.4,461.1,7.17,10.19,Sandstone,6.96,25.34
VOLVE_15_9_F11,2645.74,18.55,52.6,413.4,3.95,10.37,Sandstone,6.98,23.13
VOLVE_15_9_F11,2646.36,19.9,67.0,474.2,2.83,10.36,Sandstone,7.03,23.3
VOLVE_15_9_F11,2646.56,23.59,82.0,431.3,3.31,10.19,Sandstone,7.07,25.12
VOLVE_15_9_F11,2646.95,15.86,119.5,489.1,6.2,10.34,Sandstone,7.1,25.62
VOLVE_15_9_F11,2647.54,17.98,85.6,475.7,4.25,10.31,Sandstone,7.14,24.62
VOLVE_15_9_F11,2647.99,15.85,85.9,441.4,5.04,10.29,Sandstone,7.15,24.26
VOLVE_15_9_F11,2648.81,21.41,100.6,425.3,4.59,10.32,Sandstone,7.19,26.69
VOLVE_15_9_F11,2649.52,23.56,67.1,421.3,4.95,10.42,Sandstone,7.23,25.39
VOLVE_15_9_F11,2649.93,21.5,40.0,558.9,4.15,10.4,Sandstone,7.27,23.51
VOLVE_15_9_F11,2650.14,22.04,109.4,363.6,4.8,10.57,Sandstone,7.28,25.79
VOLVE_15_9_F11,2650.55,18.02,92.4,384.9,6.49,10.41,Sandstone,7.3,24.56
VOLVE_15_9_F11,2651.16,21.53,76.7,499.4,6.66,10.5,Sandstone,7.32,26.66
VOLVE_15_9_F11,2651.97,18.68,84.2,490.8,5.71,10.19,Sandstone,7.33,24.93
VOLVE_15_9_F11,2652.65,20.76,99.2,469.7,7.81,10.41,Sandstone,7.38,27.35
VOLVE_15_9_F11,2652.9,21.87,81.4,375.6,3.61,10.33,Sandstone,7.39,25.51
VOLVE_15_9_F11,2653.47,19.88,85.5,476.9,4.82,10.49,Sandstone,7.41,25.39
VOLVE_15_9_F11,2654.44,22.67,113.9,416.1,5.33,10.42,Sandstone,7.45,28.9
VOLVE_15_9_F11,2655.36,20.21,64.7,451.4,5.64,10.62,Sandstone,7.47,22.6
VOLVE_15_9_F11,2656.16,21.31,91.1,471.6,3.77,10.25,Sandstone,7.5,26.49
VOLVE_15_9_F11,2656.58,25.35,65.0,475.6,6.06,10.28,Sandstone,7.51,26.8
VOLVE_15_9_F11,2656.8,21.87,106.8,429.3,3.84,10.44,Sandstone,7.56,26.71
VOLVE_15_9_F11,2657.37,18.76,87.8,506.7,5.9,10.37,Sandstone,7.61,25.45
VOLVE_15_9_F11,2657.87,19.43,73.1,487.8,6.23,10.24,Sandstone,7.63,23.39
VOLVE_15_9_F11,2658.61,22.82,60.8,416.9,3.61,10.44,Sandstone,7.65,24.6
VOLVE_15_9_F11,2658.86,23.24,78.1,436.1,4.82,10.31,Sandstone,7.69,24.25
VOLVE_15_9_F11,2659.8,20.55,86.1,425.0,6.57,10.45,Sandstone,7.73,23.83
VOLVE_15_9_F11,2660.59,16.82,100.7,452.8,6.7,10.13,Sandstone,7.75,25.98
VOLVE_15_9_F11,2661.57,18.27,66.9,480.5,2.94,10.34,Sandstone,7.78,22.53
VOLVE_15_9_F11,2662.46,21.1,71.0,381.3,5.42,10.41,Sandstone,7.79,23.84
VOLVE_15_9_F11,2663.0,22.1,75.9,376.0,5.91,10.41,Sandstone,7.81,23.23
VOLVE_15_9_F11,2663.73,23.17,71.7,422.0,5.15,10.49,Sandstone,7.84,25.15
VOLVE_15_9_F11,2664.61,15.58,75.6,509.4,6.26,10.35,Sandstone,7.87,24.33
VOLVE_15_9_F11,2664.97,22.84,69.2,464.8,4.44,10.46,Sandstone,7.9,23.37
VOLVE_15_9_F11,2665.18,24.23,89.6,518.4,5.03,10.38,Sandstone,7.92,27.74
VOLVE_15_9_F11,2665.63,14.68,76.1,449.1,3.67,10.5,Sandstone,7.94,22.63
VOLVE_15_9_F11,2666.18,20.65,83.5,421.7,5.41,10.16,Sandstone,7.95,23.83
VOLVE_15_9_F11,2666.88,22.56,87.9,388.3,5.03,10.0,Sandstone,7.97,25.89
VOLVE_15_9_F11,2667.29,17.14,62.6,422.2,5.53,10.58,Sandstone,8.0,21.91
VOLVE_15_9_F11,2667.84,19.42,92.2,430.5,4.71,10.3,Sandstone,8.02,25.45
VOLVE_15_9_F11,2668.56,22.07,86.5,358.3,5.08,10.13,Sandstone,8.05,24.65
VOLVE_15_9_F11,2669.42,19.37,86.5,421.7,5.34,10.37,Sandstone,8.1,23.26
VOLVE_15_9_F11,2669.8,19.77,81.3,421.3,4.07,10.31,Sandstone,8.14,23.86
VOLVE_15_9_F11,2670.64,21.23,79.3,456.2,6.38,10.45,Sandstone,8.19,24.83
VOLVE_15_9_F11,2671.59,17.76,84.1,453.7,5.75,10.46,Sandstone,8.21,23.89
VOLVE_15_9_F11,2672.12,18.02,84.8,468.1,5.74,10.33,Sandstone,8.26,25.94
VOLVE_15_9_F11,2672.76,21.86,65.6,390.4,3.79,10.53,Sandstone,8.31,21.58
VOLVE_15_9_F11,2672.97,23.06,106.9,409.9,7.6,10.21,Sandstone,8.33,28.65
VOLVE_15_9_F11,2673.74,21.69,72.9,492.4,2.89,10.04,Sandstone,8.35,26.76
VOLVE_15_9_F11,2674.64,24.1,84.3,445.0,6.39,10.41,Sandstone,8.37,28.3
VOLVE_15_9_F11,2674.85,21.75,100.8,489.2,5.7,10.35,Sandstone,8.41,29.07
VOLVE_15_9_F11,2675.73,25.32,78.2,449.7,6.32,10.11,Sandstone,8.45,27.01
VOLVE_15_9_F11,2676.05,20.87,86.9,462.8,4.99,10.48,Sandstone,8.46,25.29
VOLVE_15_9_F11,2676.92,21.34,50.4,476.5,4.84,10.14,Sandstone,8.51,21.18
VOLVE_15_9_F11,2677.55,21.72,53.6,433.1,5.66,10.38,Sandstone,8.55,22.52
VOLVE_15_9_F11,2678.05,19.14,82.9,428.7,5.03,10.51,Sandstone,8.59,25.0
VOLVE_15_9_F11,2679.0,18.78,86.1,428.2,5.31,10.43,Sandstone,8.61,22.72
VOLVE_15_9_F11,2679.69,18.47,99.9,452.2,5.52,10.42,Sandstone,8.63,24.24
VOLVE_15_9_F11,2679.92,19.33,95.3,478.3,7.87,10.32,Sandstone,8.67,26.37
VOLVE_15_9_F11,2680.74,25.9,59.4,439.1,3.37,10.42,Sandstone,8.71,22.51
VOLVE_15_9_F11,2681.08,25.28,102.3,501.6,7.43,10.47,Sandstone,8.74,30.66
VOLVE_15_9_F11,2682.02,19.91,65.4,525.3,5.38,10.3,Sandstone,8.78,24.86
VOLVE_15_9_F11,2682.35,19.68,96.2,420.2,5.68,10.22,Sandstone,8.8,25.54
VOLVE_15_9_F11,2682.94,15.36,76.5,502.9,3.07,10.51,Sandstone,8.83,23.06
VOLVE_15_9_F11,2683.56,18.25,124.0,454.7,6.95,10.67,Sandstone,8.85,25.95
VOLVE_15_9_F11,2684.21,18.71,74.4,470.6,3.51,10.62,Sandstone,8.9,23.48
VOLVE_15_9_F11,2684.84,19.64,82.2,450.0,6.83,10.0,Sandstone,8.93,24.17
VOLVE_15_9_F11,2685.39,19.32,85.7,504.1,4.44,10.58,Sandstone,8.95,22.44
VOLVE_15_9_F11,2686.16,21.28,79.6,469.3,6.94,10.3,Sandstone,8.97,25.58
VOLVE_15_9_F11,2686.49,22.68,68.3,441.5,4.28,10.67,Sandstone,9.02,25.49
VOLVE_15_9_F11,2687.32,18.93,116.3,438.7,4.4,10.24,Sandstone,9.07,27.5
VOLVE_15_9_F11,2687.55,24.34,74.1,407.3,5.25,10.23,Sandstone,9.11,24.85
VOLVE_15_9_F11,2688.42,21.62,73.6,432.5,4.22,10.39,Sandstone,9.14,23.62
VOLVE_15_9_F11,2689.22,22.98,81.6,504.2,5.07,10.34,Sandstone,9.18,24.65
VOLVE_15_9_F11,2690.06,19.66,86.2,498.7,7.15,10.34,Sandstone,9.21,26.75
VOLVE_15_9_F11,2690.49,22.13,73.0,429.8,4.49,10.54,Sandstone,9.23,24.3
VOLVE_15_9_F11,2691.37,21.9,97.6,411.5,5.71,10.58,Sandstone,9.24,25.42
VOLVE_15_9_F11,2692.13,24.44,85.6,493.5,7.46,10.26,Sandstone,9.27,25.49
VOLVE_15_9_F11,2693.1,22.4,83.6,472.6,5.62,10.64,Sandstone,9.29,23.65
VOLVE_15_9_F11,2693.32,22.91,91.6,376.3,6.85,10.21,Sandstone,9.32,25.88
VOLVE_15_9_F11,2694.15,19.45,70.5,570.6,5.54,10.31,Sandstone,9.35,23.39
VOLVE_15_9_F11,2694.85,23.77,74.5,455.9,6.52,10.78,Sandstone,9.38,25.8
VOLVE_15_9_F11,2695.84,17.59,82.9,523.5,4.81,10.45,Sandstone,9.42,24.67
VOLVE_15_9_F11,2696.39,19.35,97.2,462.4,5.96,10.3,Sandstone,9.47,24.08
VOLVE_15_9_F11,2696.82,21.49,79.6,413.8,7.36,10.44,Sandstone,9.49,24.84
VOLVE_15_9_F11,2697.72,17.91,78.5,463.2,4.46,10.51,Sandstone,9.51,22.04
VOLVE_15_9_F11,2698.18,18.48,51.6,396.7,5.0,10.45,Sandstone,9.53,21.67
VOLVE_15_9_F11,2698.94,18.49,72.8,450.4,4.01,10.59,Sandstone,9.56,25.78
VOLVE_15_9_F11,2699.41,21.74,58.5,411.9,6.14,10.27,Sandstone,9.57,22.69
VOLVE_15_9_F11,2700.37,20.4,62.2,447.2,2.83,10.3,Sandstone,9.62,24.09
VOLVE_15_9_F11,2700.99,23.21,88.7,465.3,5.13,10.27,Sandstone,9.65,26.97
VOLVE_15_9_F11,2701.44,25.51,133.0,467.2,7.56,10.28,Sandstone,9.68,30.02
VOLVE_15_9_F11,2702.3,21.49,86.2,397.0,5.11,10.41,Sandstone,9.71,25.08
VOLVE_15_9_F11,2702.55,19.53,88.2,429.6,2.99,10.24,Sandstone,9.72,22.62
VOLVE_15_9_F11,2702.83,21.73,71.8,376.4,4.17,10.44,Sandstone,9.76,23.2
VOLVE_15_9_F11,2703.69,18.58,67.5,480.2,3.92,10.5,Sandstone,9.79,22.12
VOLVE_15_9_F11,2704.15,20.66,114.1,463.5,7.52,10.22,Sandstone,9.81,28.51
VOLVE_15_9_F11,2704.49,26.97,71.2,408.4,6.5,10.31,Sandstone,9.85,24.94
VOLVE_15_9_F11,2705.16,20.31,53.2,511.6,5.76,10.33,Sandstone,9.88,21.76
VOLVE_15_9_F11,2705.57,21.58,86.9,474.1,3.83,10.37,Sandstone,9.91,24.08
VOLVE_15_9_F11,2706.56,20.42,76.8,451.2,5.05,10.38,Sandstone,9.95,24.84
VOLVE_15_9_F11,2707.41,19.81,92.2,436.5,7.09,10.54,Sandstone,10.0,24.65
VOLVE_15_9_F11,2708.33,22.04,106.7,429.9,6.72,10.55,Sandstone,10.04,24.47
VOLVE_15_9_F11,2709.19,17.66,88.8,423.8,4.37,10.28,Sandstone,10.05,24.27
VOLVE_15_9_F11,2710.1,20.42,86.6,502.4,6.14,10.51,Sandstone,10.09,23.65
VOLVE_15_9_F11,2710.57,17.45,93.1,466.4,3.48,10.61,Sandstone,10.12,22.72
VOLVE_15_9_F11,2711.31,24.71,123.8,413.5,5.11,10.59,Sandstone,10.14,27.26
VOLVE_15_9_F11,2712.24,23.32,117.4,507.3,3.66,10.43,Sandstone,10.18,26.29
VOLVE_15_9_F11,2712.98,18.93,78.5,451.8,4.81,10.4,Sandstone,10.2,21.64
VOLVE_15_9_F11,2713.98,16.22,97.5,418.7,5.74,10.19,Sandstone,10.24,24.21
VOLVE_15_9_F11,2714.87,22.09,110.0,534.4,4.54,10.34,Sandstone,10.26,28.07
VOLVE_15_9_F11,2715.13,20.75,93.6,411.6,5.22,10.18,Sandstone,10.28,24.88
VOLVE_15_9_F11,2715.73,26.47,82.2,422.4,4.67,10.58,Sandstone,10.3,25.79
VOLVE_15_9_F11,2716.15,24.37,75.7,455.4,4.68,10.37,Sandstone,10.32,23.46
VOLVE_15_9_F11,2717.05,22.46,84.7,468.3,4.09,10.39,Sandstone,10.37,25.4
VOLVE_15_9_F11,2718.0,19.55,66.1,425.3,6.3,10.31,Sandstone,10.41,23.2
VOLVE_15_9_F11,2718.66,20.22,96.6,367.0,4.5,10.19,Sandstone,10.42,24.46
VOLVE_15_9_F11,2718.9,21.63,104.1,456.7,5.27,10.51,Sandstone,10.45,26.2
VOLVE_15_9_F11,2719.38,21.77,77.2,413.6,4.55,10.48,Sandstone,10.49,24.57
VOLVE_15_9_F11,2719.73,19.11,76.4,441.1,5.3,10.55,Sandstone,10.53,23.08
VOLVE_15_9_F11,2720.35,17.47,67.4,423.0,7.63,10.14,Sandstone,10.56,22.32
VOLVE_15_9_F11,2721.34,25.71,90.2,412.1,9.07,10.6,Sandstone,10.59,25.1
VOLVE_15_9_F11,2721.82,20.97,83.0,444.8,4.93,10.39,Sandstone,10.61,24.85
VOLVE_15_9_F11,2722.6,21.95,61.5,430.2,5.46,10.52,Sandstone,10.64,22.12
VOLVE_15_9_F11,2723.47,18.75,126.9,421.8,6.81,10.01,Sandstone,10.65,25.71
VOLVE_15_9_F11,2724.33,24.31,56.5,494.1,6.6,10.47,Sandstone,10.69,23.57
VOLVE_15_9_F11,2724.65,23.5,61.6,415.7,5.86,10.4,Sandstone,10.71,22.01
VOLVE_15_9_F11,2725.04,21.05,97.3,445.4,6.74,10.38,Sandstone,10.74,25.42
VOLVE_15_9_F11,2725.42,21.43,93.0,454.0,5.88,10.39,Sandstone,10.78,26.18
VOLVE_15_9_F11,2725.86,21.62,72.5,387.8,4.34,10.32,Sandstone,10.81,21.86
VOLVE_15_9_F11,2726.1,21.15,71.5,410.7,6.36,10.2,Sandstone,10.83,23.56
VOLVE_15_9_F11,2726.73,22.3,90.1,453.9,5.59,10.22,Sandstone,10.86,25.96
VOLVE_15_9_F11,2727.52,21.85,88.9,452.4,5.76,10.41,Sandstone,10.88,22.45
VOLVE_15_9_F11,2727.93,20.47,72.6,423.9,3.37,10.61,Sandstone,10.92,24.29
VOLVE_15_9_F11,2728.64,17.99,98.1,454.4,4.23,10.58,Sandstone,10.96,23.24
VOLVE_15_9_F11,2729.28,20.85,91.8,466.2,4.85,10.44,Sandstone,10.98,23.75
VOLVE_15_9_F11,2729.56,22.79,103.2,478.9,6.3,10.34,Sandstone,11.0,26.83
VOLVE_15_9_F11,2729.95,22.6,82.4,482.1,7.49,10.72,Sandstone,11.04,24.63
VOLVE_15_9_F11,2730.34,24.2,95.3,503.8,6.61,10.51,Sandstone,11.08,26.74
VOLVE_15_9_F11,2730.93,24.47,79.7,459.8,5.24,10.5,Sandstone,11.1,24.29
VOLVE_15_9_F11,2731.64,22.68,91.3,399.9,4.29,10.21,Sandstone,11.14,25.76
VOLVE_15_9_F11,2732.08,21.4,88.5,443.6,6.81,10.45,Sandstone,11.18,27.53
VOLVE_15_9_F11,2732.38,21.79,95.9,404.7,5.84,10.23,Sandstone,11.21,25.8
VOLVE_15_9_F11,2732.79,19.5,91.0,489.3,1.34,10.72,Sandstone,11.24,23.44
VOLVE_15_9_F11,2733.03,22.93,54.8,510.4,6.2,10.28,Sandstone,11.28,23.0
VOLVE_15_9_F11,2733.82,24.24,73.8,455.2,5.8,10.32,Sandstone,11.3,25.83
VOLVE_15_9_F11,2734.58,23.54,84.4,502.0,2.87,10.31,Sandstone,11.35,24.41
VOLVE_15_9_F11,2735.32,22.33,90.2,499.2,6.17,10.36,Sandstone,11.39,26.25
VOLVE_15_9_F11,2736.02,20.34,95.5,467.6,5.43,10.51,Sandstone,11.41,24.19
VOLVE_15_9_F11,2736.45,20.06,91.4,476.5,3.66,10.41,Sandstone,11.45,22.86
VOLVE_15_9_F11,2736.75,20.55,72.6,493.4,7.45,10.42,Sandstone,11.47,23.91
VOLVE_15_9_F11,2737.42,19.12,96.9,399.6,5.76,10.52,Sandstone,11.49,22.69
VOLVE_15_9_F11,2738.21,21.64,71.0,465.4,,10.19,Sandstone,11.54,25.13
VOLVE_15_9_F11,2739.06,13.96,102.1,477.6,3.91,10.53,Sandstone,11.57,20.92
VOLVE_15_9_F11,2739.84,19.61,103.1,398.1,5.14,10.43,Sandstone,11.6,23.78
VOLVE_15_9_F11,2740.57,21.13,83.0,532.0,5.02,10.31,Sandstone,11.64,24.3
VOLVE_15_9_F11,2741.43,27.22,73.4,499.2,6.3,10.43,Sandstone,11.67,24.84
VOLVE_15_9_F11,2742.24,20.98,72.7,499.5,4.75,10.43,Sandstone,11.69,24.16
VOLVE_15_9_F11,2743.19,21.08,66.7,471.8,4.46,10.02,Sandstone,11.7,23.19
VOLVE_15_9_F11,2743.4,18.89,69.3,417.5,4.99,10.62,Sandstone,11.75,24.06
VOLVE_15_9_F11,2743.71,25.27,80.4,404.7,5.02,10.6,Sandstone,11.77,25.47
VOLVE_15_9_F11,2744.38,18.94,74.7,451.5,4.75,10.22,Sandstone,11.8,22.78
VOLVE_15_9_F11,2744.9,26.06,59.0,483.4,6.95,10.3,Sandstone,11.83,24.66
VOLVE_15_9_F11,2745.37,19.13,75.9,477.2,4.34,10.62,Sandstone,11.86,22.54
VOLVE_15_9_F11,2746.17,23.34,84.5,523.9,5.22,10.52,Sandstone,11.89,24.64
VOLVE_15_9_F11,2746.8,20.85,78.0,443.1,4.13,10.47,Sandstone,11.94,21.62
VOLVE_15_9_F11,2747.42,19.58,69.7,441.1,6.13,10.48,Sandstone,11.96,21.64
VOLVE_15_9_F11,2747.66,23.51,47.3,455.8,2.8,10.47,Sandstone,11.98,22.53
VOLVE_15_9_F11,2748.23,24.31,100.3,409.2,4.7,10.26,Sandstone,12.03,25.76
VOLVE_15_9_F11,2748.91,20.53,82.5,515.6,5.94,10.33,Sandstone,12.05,25.18
VOLVE_15_9_F11,2749.34,20.94,87.9,445.5,5.02,10.57,Sandstone,12.09,24.68
VOLVE_15_9_F11,2749.73,19.97,85.8,465.6,6.14,10.52,Sandstone,12.14,23.64
VOLVE_15_9_F11,2750.37,21.56,90.6,488.1,5.07,10.46,Sandstone,12.18,24.16
VOLVE_15_9_F11,2751.3,18.27,86.7,425.4,4.14,10.32,Sandstone,12.19,24.79
VOLVE_15_9_F11,2751.59,14.27,84.6,466.6,4.41,10.57,Sandstone,12.2,21.61
VOLVE_15_9_F11,2752.04,16.33,94.6,455.2,3.34,10.27,Sandstone,12.22,20.66
VOLVE_15_9_F11,2752.29,20.46,97.8,494.5,4.32,10.64,Sandstone,12.25,22.67
VOLVE_15_9_F11,2752.75,18.34,103.9,455.8,6.3,10.31,Sandstone,12.29,24.91
VOLVE_15_9_F11,2753.5,20.72,70.6,341.2,4.61,10.29,Sandstone,12.32,20.94
VOLVE_15_9_F11,2753.96,19.73,86.9,418.1,5.04,10.42,Sandstone,12.33,23.09
VOLVE_15_9_F11,2754.48,19.25,59.0,395.5,4.77,10.45,Sandstone,12.34,18.61
VOLVE_15_9_F11,2755.42,19.4,75.9,532.6,3.0,10.43,Sandstone,12.37,22.53
VOLVE_15_9_F11,2755.9,23.44,80.2,512.1,3.44,10.22,Sandstone,12.38,25.67
VOLVE_15_9_F11,2756.53,21.61,94.2,369.5,5.82,10.48,Sandstone,12.42,23.1
VOLVE_15_9_F11,2757.48,24.94,81.3,415.1,4.97,10.57,Sandstone,12.44,22.74
VOLVE_15_9_F11,2758.09,21.29,93.2,400.1,5.05,10.41,Sandstone,12.47,23.46
VOLVE_15_9_F11,2758.42,16.26,77.9,464.2,5.37,10.19,Sandstone,12.51,21.95
VOLVE_15_9_F11,2758.74,18.43,74.4,417.3,3.65,10.39,Sandstone,12.54,21.19
VOLVE_15_9_F11,2759.66,21.33,71.1,444.9,4.31,10.25,Sandstone,12.59,21.2
VOLVE_15_9_F11,2760.57,21.65,93.5,400.4,4.93,10.13,Sandstone,12.63,24.58
VOLVE_15_9_F11,2760.97,19.58,77.4,472.7,5.33,10.34,Sandstone,12.65,22.45
VOLVE_15_9_F11,2761.66,19.06,46.7,388.4,3.98,10.66,Sandstone,12.66,19.23
VOLVE_15_9_F11,2762.0,19.53,92.6,555.6,4.39,10.41,Sandstone,12.7,23.73
VOLVE_15_9_F11,2762.38,20.69,69.2,515.7,6.93,10.38,Sandstone,12.74,24.97
VOLVE_15_9_F11,2763.32,20.93,86.0,554.8,5.22,10.53,Sandstone,12.79,25.52
VOLVE_15_9_F11,2763.84,18.31,66.2,479.8,5.43,10.51,Sandstone,12.8,21.25
VOLVE_15_9_F11,2764.21,21.67,83.3,517.8,3.03,10.2,Sandstone,12.85,24.45
VOLVE_15_9_F11,2764.83,21.65,40.0,491.2,3.0,10.7,Sandstone,12.9,21.06
VOLVE_15_9_F11,2765.71,20.79,82.6,415.4,5.81,10.45,Sandstone,12.92,24.39
VOLVE_15_9_F11,2766.57,19.34,70.0,440.6,4.5,10.56,Sandstone,12.93,23.02
VOLVE_15_9_F11,2767.3,22.75,64.1,472.5,4.54,10.33,Sandstone,12.96,23.47
VOLVE_15_9_F11,2768.15,24.38,94.5,501.6,4.47,10.13,Sandstone,12.98,25.52
VOLVE_15_9_F11,2768.98,19.96,81.3,455.3,6.18,10.41,Sandstone,13.01,23.78
VOLVE_15_9_F11,2769.95,19.51,79.4,477.7,5.73,10.26,Sandstone,13.02,24.98
VOLVE_15_9_F11,2770.67,22.25,72.2,442.2,5.01,10.6,Sandstone,13.06,23.48
VOLVE_15_9_F11,2771.35,18.16,96.5,439.0,5.38,10.21,Sandstone,13.08,22.42
VOLVE_15_9_F11,2772.28,17.9,76.5,396.7,4.39,10.43,Sandstone,13.13,21.28
VOLVE_15_9_F11,2772.77,19.47,105.4,473.3,4.51,10.51,Sandstone,13.15,24.83
VOLVE_15_9_F11,2773.36,21.87,101.5,435.9,4.87,10.49,Sandstone,13.19,24.61
VOLVE_15_9_F11,2774.25,18.9,104.4,404.2,6.18,10.35,Sandstone,13.21,24.26
VOLVE_15_9_F11,2775.23,21.05,97.6,431.8,4.89,10.16,Sandstone,13.23,23.61
VOLVE_15_9_F11,2775.77,16.08,74.0,467.0,4.63,10.2,Sandstone,13.27,20.95
VOLVE_15_9_F11,2776.44,22.65,83.8,482.3,4.78,10.31,Sandstone,13.29,24.61
VOLVE_15_9_F11,2777.31,24.71,80.0,448.2,6.55,10.21,Sandstone,13.31,25.28
VOLVE_15_9_F11,2777.92,18.84,95.6,498.3,4.35,10.41,Sandstone,13.34,22.76
VOLVE_15_9_F11,2778.45,22.22,82.9,515.2,7.08,10.31,Sandstone,13.37,22.69
VOLVE_15_9_F11,2778.7,20.59,79.4,444.1,4.36,10.23,Sandstone,13.41,19.88
VOLVE_15_9_F11,2779.07,21.38,107.9,494.5,4.86,10.21,Sandstone,13.42,25.55
VOLVE_15_9_F11,2779.54,20.5,78.1,428.9,7.42,10.19,Sandstone,13.47,23.55
VOLVE_15_9_F11,2780.06,20.36,73.7,403.5,3.66,10.42,Sandstone,13.48,21.56
VOLVE_15_9_F11,2780.88,19.04,77.0,417.8,4.82,10.32,Sandstone,13.52,21.82
VOLVE_15_9_F11,2781.21,18.39,99.1,421.0,6.36,10.43,Sandstone,13.56,24.73
VOLVE_15_9_F11,2781.47,23.87,85.9,438.1,3.58,10.42,Sandstone,13.58,23.42
VOLVE_15_9_F11,2782.14,16.93,89.9,534.9,5.18,10.4,Sandstone,13.62,23.43
VOLVE_15_9_F11,2782.35,21.08,86.6,434.6,3.35,10.52,Sandstone,13.65,24.59
VOLVE_15_9_F11,2783.29,20.97,50.1,440.5,4.68,10.21,Sandstone,13.69,19.65
VOLVE_15_9_F11,2783.7,21.02,67.0,461.7,7.34,10.53,Sandstone,13.73,24.43
VOLVE_15_9_F11,2784.56,22.8,78.9,402.7,2.41,10.49,Sandstone,13.76,23.36
VOLVE_15_9_F11,2785.07,20.21,87.8,461.4,5.04,10.4,Sandstone,13.8,23.09
VOLVE_15_9_F11,2786.06,22.78,68.3,481.8,4.53,10.31,Sandstone,13.81,20.52
VOLVE_15_9_F11,2786.67,26.11,67.8,514.9,4.16,10.43,Sandstone,13.85,25.61
VOLVE_15_9_F11,2787.64,20.77,78.3,508.1,3.21,10.5,Sandstone,13.88,24.67
VOLVE_15_9_F11,2788.21,16.07,102.9,470.1,6.31,10.22,Sandstone,13.93,22.06
VOLVE_15_9_F11,2788.98,20.8,50.7,446.6,4.87,10.52,Sandstone,13.97,22.33
VOLVE_15_9_F11,2789.23,20.56,43.3,449.0,2.27,10.69,Sandstone,13.98,17.25
VOLVE_15_9_F11,2789.79,22.16,109.1,471.9,4.5,10.42,Sandstone,14.02,25.32
VOLVE_15_9_F11,2790.21,16.18,60.1,453.7,3.7,10.63,Sandstone,14.05,19.16
VOLVE_15_9_F11,2791.04,21.98,76.9,452.0,3.25,10.5,Sandstone,14.09,21.37
VOLVE_15_9_F11,2791.67,20.11,60.5,418.2,4.82,10.47,Sandstone,14.11,20.51
VOLVE_15_9_F11,2792.38,23.18,78.5,482.4,5.57,10.33,Sandstone,14.16,24.15
VOLVE_15_9_F11,2792.78,19.87,81.0,467.5,5.29,10.38,Sandstone,14.17,21.66
VOLVE_15_9_F11,2793.08,23.34,107.2,425.3,8.13,10.28,Sandstone,14.22,26.36
VOLVE_15_9_F11,2793.82,17.4,93.8,515.1,3.84,10.57,Sandstone,14.24,21.75
VOLVE_15_9_F11,2794.37,21.22,63.8,463.9,4.3,10.32,Sandstone,14.26,21.46
VOLVE_15_9_F11,2794.91,18.75,54.4,398.6,3.87,10.7,Sandstone,14.3,20.76
VOLVE_15_9_F11,2795.88,19.96,90.5,493.4,6.18,10.5,Sandstone,14.32,23.01
VOLVE_15_9_F11,2796.17,27.98,75.2,428.7,6.54,10.49,Sandstone,14.34,22.29
VOLVE_15_9_F11,2796.89,18.81,72.2,439.2,3.42,10.23,Sandstone,14.38,21.13
VOLVE_15_9_F11,2797.14,20.26,100.8,448.1,7.07,10.53,Sandstone,14.4,23.95
VOLVE_15_9_F11,2797.88,18.33,56.7,490.1,3.41,10.4,Sandstone,14.42,20.01
VOLVE_15_9_F11,2798.53,20.43,77.5,453.3,6.03,10.35,Sandstone,14.46,23.63
VOLVE_15_9_F11,2799.31,20.82,92.5,480.3,6.21,10.33,Sandstone,14.48,24.55
VOLVE_15_9_F11,2800.11,19.36,65.3,392.7,5.2,10.25,Sandstone,14.49,20.0
VOLVE_15_9_F11,2800.42,25.14,102.5,411.5,5.4,10.43,Sandstone,14.51,25.57
VOLVE_15_9_F11,2800.84,24.09,67.8,456.9,4.81,10.41,Sandstone,14.54,23.11
VOLVE_15_9_F11,2801.24,18.84,81.9,426.6,5.5,10.24,Sandstone,14.57,22.39
VOLVE_15_9_F11,2801.93,23.25,72.6,447.4,5.81,10.51,Sandstone,14.6,22.89
VOLVE_15_9_F11,2802.33,20.01,41.9,485.4,5.28,10.75,Sandstone,14.65,19.47
VOLVE_15_9_F11,2802.95,18.14,76.7,423.5,5.63,10.22,Sandstone,14.67,21.67
VOLVE_15_9_F11,2803.5,19.42,94.9,426.2,5.58,10.42,Sandstone,14.72,22.61
VOLVE_15_9_F11,2804.17,18.08,67.5,460.0,6.33,10.68,Sandstone,14.75,21.28
VOLVE_15_9_F11,2804.65,23.57,73.6,370.6,4.5,10.32,Sandstone,14.78,22.71
VOLVE_15_9_F11,2805.59,19.03,75.2,495.9,4.89,10.5,Sandstone,14.81,22.41
VOLVE_15_9_F11,2806.56,24.45,91.0,460.8,4.9,10.49,Sandstone,14.83,25.04
VOLVE_15_9_F11,2807.04,21.58,77.6,,8.04,10.53,Sandstone,14.86,21.08
VOLVE_15_9_F11,2807.97,20.22,83.3,434.0,5.99,10.71,Sandstone,14.89,23.19
VOLVE_15_9_F11,2808.81,19.98,83.5,483.2,6.27,10.17,Sandstone,14.91,22.19
VOLVE_15_9_F11,2809.19,25.62,75.1,449.2,5.97,10.47,Sandstone,14.94,24.77
VOLVE_15_9_F11,2809.84,21.27,108.3,504.7,5.47,10.36,Sandstone,14.97,23.89
VOLVE_15_9_F11,2810.34,19.98,67.6,387.2,8.02,10.43,Sandstone,15.01,22.97
VOLVE_15_9_F11,2811.18,23.38,93.5,458.2,6.97,10.44,Sandstone,15.05,22.42
VOLVE_15_9_F11,2812.1,22.71,102.1,457.3,5.19,10.39,Sandstone,15.08,24.92
VOLVE_15_9_F11,2812.8,18.78,80.9,468.1,4.58,10.27,Sandstone,15.13,21.81
VOLVE_15_9_F11,2813.5,21.27,83.9,511.8,5.44,10.28,Sandstone,15.16,24.31
VOLVE_15_9_F11,2814.28,16.74,90.9,401.1,4.22,10.76,Sandstone,15.2,22.29
VOLVE_15_9_F11,2814.87,21.18,77.4,399.8,4.65,10.23,Sandstone,15.21,22.15
VOLVE_15_9_F11,2815.45,22.05,,441.5,2.98,10.62,Sandstone,15.22,21.22
VOLVE_15_9_F11,2816.1,22.38,79.2,379.9,2.33,10.28,Sandstone,15.25,23.18
VOLVE_15_9_F11,2816.95,18.77,107.6,547.9,7.68,10.45,Sandstone,15.29,24.28
VOLVE_15_9_F11,2817.67,19.42,91.5,493.0,4.51,10.73,Sandstone,15.31,23.0
VOLVE_15_9_F11,2817.99,21.89,84.1,476.3,4.87,10.56,Sandstone,15.34,24.55
VOLVE_15_9_F11,2818.3,24.4,94.3,487.0,5.69,10.22,Sandstone,15.36,25.59
VOLVE_15_9_F11,2818.83,21.51,80.8,506.5,5.98,10.39,Sandstone,15.4,22.77
VOLVE_15_9_F11,2819.56,19.88,83.4,431.1,5.97,10.44,Sandstone,15.42,22.76
VOLVE_15_9_F11,2820.07,23.71,76.5,441.2,6.52,10.59,Sandstone,15.46,23.3
VOLVE_15_9_F11,2820.58,21.61,90.1,469.3,5.99,10.45,Sandstone,15.51,24.02
VOLVE_15_9_F11,2821.49,21.73,74.9,435.5,4.76,10.42,Sandstone,15.54,21.49
VOLVE_15_9_F11,2822.39,23.28,78.2,418.5,6.79,10.7,Sandstone,15.57,23.1
VOLVE_15_9_F11,2822.97,21.05,96.1,434.5,5.12,10.68,Sandstone,15.58,22.92
VOLVE_15_9_F11,2823.74,18.96,80.0,470.9,6.14,10.55,Sandstone,15.59,21.14
VOLVE_15_9_F11,2824.31,20.91,91.4,492.1,3.41,10.35,Sandstone,15.64,24.58
VOLVE_15_9_F11,2824.99,24.08,92.7,404.8,7.12,10.04,Sandstone,15.68,23.63
VOLVE_15_9_F11,2825.41,26.03,81.8,448.1,4.5,10.25,Sandstone,15.73,23.19
VOLVE_15_9_F11,2826.01,18.26,77.7,453.5,3.07,10.21,Sandstone,15.78,19.69
VOLVE_15_9_F11,2826.72,25.4,63.1,400.0,3.67,10.43,Sandstone,15.79,21.42
VOLVE_15_9_F11,2827.27,20.39,66.5,473.6,5.08,10.58,Sandstone,15.83,21.12
VOLVE_15_9_F11,2828.08,21.36,92.1,451.4,8.05,10.74,Sandstone,15.85,24.24
VOLVE_15_9_F11,2828.5,25.56,91.8,418.1,5.44,10.63,Sandstone,15.88,22.78
VOLVE_15_9_F11,2828.71,20.29,68.1,436.4,4.71,10.34,Sandstone,15.92,19.27
VOLVE_15_9_F11,2829.64,20.63,88.9,477.1,6.11,10.48,Sandstone,15.96,21.37
VOLVE_15_9_F11,2830.13,19.71,86.2,494.8,4.38,10.5,Sandstone,15.98,22.84
VOLVE_15_9_F11,2830.53,21.42,97.0,469.2,5.2,10.21,Sandstone,16.02,24.79
VOLVE_15_9_F11,2831.11,22.1,115.4,531.9,5.3,10.31,Sandstone,16.06,26.67
VOLVE_15_9_F11,2831.51,19.61,91.5,500.3,7.5,10.38,Sandstone,16.1,23.08
VOLVE_15_9_F11,2832.29,24.96,72.6,477.7,5.43,10.76,Sandstone,16.13,22.87
VOLVE_15_9_F11,2832.74,19.46,94.1,427.6,6.06,10.5,Sandstone,16.15,20.09
VOLVE_15_9_F11,2833.73,22.58,67.3,500.9,4.19,10.25,Sandstone,16.2,23.82
VOLVE_15_9_F11,2834.15,21.4,116.2,424.9,4.3,10.38,Sandstone,16.24,24.85
VOLVE_15_9_F11,2834.64,24.45,64.5,485.5,5.96,10.51,Sandstone,16.26,23.44
VOLVE_15_9_F11,2835.27,19.33,89.5,357.9,5.39,10.41,Sandstone,16.28,20.38
VOLVE_15_9_F11,2835.48,22.77,82.9,435.9,6.53,10.39,Sandstone,16.3,22.58
VOLVE_15_9_F11,2835.68,27.4,76.7,399.8,4.55,10.56,Sandstone,16.34,22.71
VOLVE_15_9_F11,2836.07,17.74,75.8,444.2,4.62,10.66,Sandstone,16.37,22.03
VOLVE_15_9_F11,2836.33,19.09,103.3,394.1,3.72,10.63,Sandstone,16.39,22.66
VOLVE_15_9_F11,2837.14,26.56,91.4,456.8,5.17,10.4,Sandstone,16.4,24.35
VOLVE_15_9_F11,2838.04,21.02,80.6,474.4,3.37,10.42,Sandstone,16.43,22.71
VOLVE_15_9_F11,2838.57,21.64,108.9,429.7,5.24,10.4,Sandstone,16.45,22.78
VOLVE_15_9_F11,2839.18,20.53,81.1,442.9,6.63,10.6,Sandstone,16.5,20.74
VOLVE_15_9_F11,2839.87,25.49,93.9,464.5,4.67,10.39,Sandstone,16.55,24.28
VOLVE_15_9_F11,2840.15,17.33,62.8,453.8,3.46,10.16,Sandstone,16.58,18.31
VOLVE_15_9_F11,2840.72,24.46,63.6,509.6,4.95,10.52,Sandstone,16.62,20.65
VOLVE_15_9_F11,2841.69,17.67,93.5,428.3,4.77,10.53,Sandstone,16.67,21.17
VOLVE_15_9_F11,2842.06,17.45,87.5,477.2,5.81,10.39,Sandstone,16.71,21.43
VOLVE_15_9_F11,2842.32,18.65,115.1,466.1,3.85,10.73,Sandstone,16.73,21.62
VOLVE_15_9_F11,2842.75,21.05,72.3,392.1,1.97,10.37,Sandstone,16.77,19.94
VOLVE_15_9_F11,2843.39,19.59,93.0,459.2,5.23,10.66,Sandstone,16.82,22.53
VOLVE_15_9_F11,2844.28,19.44,79.2,452.2,6.97,10.25,Sandstone,16.86,21.57
VOLVE_15_9_F11,2844.77,19.06,95.6,436.0,4.92,10.49,Sandstone,16.89,22.0
VOLVE_15_9_F11,2845.24,19.11,94.4,526.7,5.61,10.33,Sandstone,16.9,22.68
VOLVE_15_9_F11,2845.72,19.05,82.5,507.1,4.86,10.44,Sandstone,16.93,23.75
VOLVE_15_9_F11,2846.59,21.97,71.8,425.2,5.95,10.56,Sandstone,16.96,23.03
VOLVE_15_9_F11,2847.16,19.8,77.8,481.1,4.6,10.36,Sandstone,16.98,21.71
VOLVE_15_9_F11,2847.63,14.73,66.2,485.5,4.23,10.34,Sandstone,17.01,18.12
VOLVE_15_9_F11,2847.97,21.3,88.4,461.5,7.21,10.42,Claystone,17.04,24.25
VOLVE_15_9_F11,2848.27,23.27,40.7,411.8,6.08,11.01,Claystone,17.09,18.52
VOLVE_15_9_F11,2849.25,20.7,74.2,417.6,4.15,10.48,Claystone,17.13,21.57
VOLVE_15_9_F11,2849.84,18.25,96.4,476.8,4.29,10.47,Claystone,17.16,24.18
VOLVE_15_9_F11,2850.1,23.26,96.1,476.0,4.82,10.52,Claystone,17.18,24.78
VOLVE_15_9_F11,2851.02,17.97,58.7,444.3,3.15,10.19,Claystone,17.22,20.37
VOLVE_15_9_F11,2851.99,20.61,91.6,508.3,4.57,10.59,Claystone,17.26,25.54
VOLVE_15_9_F11,2852.38,21.35,65.8,515.4,4.76,10.56,Claystone,17.29,23.49
VOLVE_15_9_F11,2852.83,24.11,77.2,515.0,4.4,10.18,Claystone,17.33,25.18
VOLVE_15_9_F11,2853.8,22.86,94.4,515.1,6.09,10.81,Claystone,17.36,25.55
VOLVE_15_9_F11,2854.01,22.01,68.2,455.1,3.0,10.45,Claystone,17.39,22.08
VOLVE_15_9_F11,2854.47,23.74,104.3,402.3,4.29,10.28,Claystone,17.44,25.83
VOLVE_15_9_F11,2855.01,18.53,86.7,,5.76,10.5,Claystone,17.48,23.05
VOLVE_15_9_F11,2855.83,25.37,89.8,451.1,7.91,10.32,Claystone,17.51,25.88
VOLVE_15_9_F11,2856.32,13.76,99.0,430.5,5.03,10.21,Claystone,17.54,19.99
VOLVE_15_9_F11,2856.79,25.0,96.2,440.5,4.69,10.41,Claystone,17.59,25.9
VOLVE_15_9_F11,2857.58,19.33,94.9,409.5,3.83,10.42,Claystone,17.62,23.22
VOLVE_15_9_F11,2858.46,22.38,73.0,484.3,4.66,10.22,Claystone,17.63,22.17
VOLVE_15_9_F11,2858.73,25.06,66.2,520.8,6.77,10.34,Claystone,17.66,24.76
VOLVE_15_9_F11,2859.05,22.84,78.6,551.0,5.85,10.3,Claystone,17.69,25.5
VOLVE_15_9_F11,2859.77,22.37,90.0,465.6,3.88,10.4,Claystone,17.73,24.1
VOLVE_15_9_F11,2860.23,23.61,63.6,448.9,5.51,10.55,Claystone,17.74,24.82
VOLVE_15_9_F11,2860.96,17.74,91.6,454.2,6.69,10.47,Claystone,17.78,24.46
VOLVE_15_9_F11,2861.3,18.12,88.5,510.2,6.37,10.45,Claystone,17.81,22.16
VOLVE_15_9_F11,2862.14,22.13,80.1,509.5,6.79,10.18,Claystone,17.85,24.69
VOLVE_15_9_F11,2862.6,20.96,83.8,446.1,6.1,10.45,Claystone,17.87,24.63
VOLVE_15_9_F11,2863.07,20.67,83.8,503.9,3.58,10.29,Claystone,17.91,23.64
VOLVE_15_9_F11,2863.41,24.55,89.5,462.2,4.58,10.2,Claystone,17.95,25.74
VOLVE_15_9_F11,2863.78,24.33,94.0,426.3,7.69,10.59,Claystone,17.97,24.5
VOLVE_15_9_F11,2864.46,19.16,125.9,449.5,5.2,10.26,Claystone,18.01,23.4
VOLVE_15_9_F11,2865.12,22.57,85.4,523.9,3.04,10.47,Claystone,18.04,25.07
VOLVE_15_9_F11,2865.98,17.55,73.2,484.6,5.41,10.38,Claystone,18.07,21.53
VOLVE_15_9_F11,2866.69,17.5,54.2,435.5,5.66,10.31,Claystone,18.11,22.6
VOLVE_15_9_F11,2867.23,19.24,61.7,493.2,4.56,10.64,Claystone,18.12,22.29
VOLVE_15_9_F11,2868.07,21.34,71.5,484.3,5.65,10.37,Claystone,18.15,22.22
VOLVE_15_9_F11,2868.29,19.84,93.2,443.3,4.19,10.38,Claystone,18.19,23.83
VOLVE_15_9_F11,2869.05,22.6,76.9,425.9,4.63,10.35,Claystone,18.21,23.06
VOLVE_15_9_F11,2869.68,21.44,88.9,411.3,3.09,10.48,Claystone,18.26,23.51
VOLVE_15_9_F11,2870.06,24.27,71.8,390.0,3.97,10.43,Claystone,18.29,21.81
VOLVE_15_9_F11,2870.77,22.85,89.7,429.6,7.13,10.35,Claystone,18.3,24.84
VOLVE_15_9_F11,2871.76,18.89,95.9,448.6,1.16,10.32,Claystone,18.32,23.5
VOLVE_15_9_F11,2872.24,23.74,76.8,506.2,4.82,10.45,Claystone,18.33,24.98
VOLVE_15_9_F11,2872.95,19.34,89.3,488.7,4.44,10.36,Claystone,18.37,24.34
VOLVE_15_9_F11,2873.5,22.52,76.2,463.6,5.88,10.72,Claystone,18.39,26.4
VOLVE_15_9_F11,2874.01,20.27,64.3,380.8,2.23,10.38,Claystone,18.43,19.93
VOLVE_15_9_F11,2874.46,24.81,91.1,467.6,4.68,10.51,Claystone,18.47,26.8
VOLVE_15_9_F11,2874.84,23.33,89.0,389.9,4.73,10.44,Claystone,18.52,23.74
VOLVE_15_9_F11,2875.23,19.77,91.7,490.7,5.64,10.42,Claystone,18.56,23.44
VOLVE_15_9_F11,2876.05,20.54,97.1,491.8,5.29,10.59,Claystone,18.59,24.26
VOLVE_15_9_F11,2876.51,29.68,79.1,457.8,3.87,10.55,Claystone,18.6,26.05
VOLVE_15_9_F11,2877.13,18.36,80.2,488.4,4.45,10.54,Claystone,18.63,21.79
VOLVE_15_9_F11,2877.5,19.71,78.5,496.3,4.02,10.54,Claystone,18.65,20.61
VOLVE_15_9_F11,2877.87,19.83,88.0,460.1,5.66,10.22,Claystone,18.7,24.2
VOLVE_15_9_F11,2878.54,18.62,80.7,450.0,4.59,10.53,Claystone,18.74,22.17
VOLVE_15_9_F11,2879.21,18.88,84.7,402.6,7.07,10.42,Claystone,18.77,21.97
VOLVE_15_9_F11,2879.81,21.25,72.0,441.6,4.2,10.38,Claystone,18.79,21.05
VOLVE_15_9_F11,2880.57,22.71,67.4,415.9,4.37,10.98,Claystone,18.81,21.92
VOLVE_15_9_F11,2881.28,17.54,69.2,415.5,3.98,10.24,Claystone,18.84,21.83
VOLVE_15_9_F11,2881.64,20.27,89.0,426.4,4.93,10.45,Claystone,18.85,21.89
VOLVE_15_9_F11,2881.88,19.52,82.2,377.3,6.0,10.43,Claystone,18.9,22.08
VOLVE_15_9_F11,2882.3,18.6,75.4,494.9,4.27,10.45,Claystone,18.93,24.15
VOLVE_15_9_F11,2882.84,24.02,92.7,464.5,5.08,10.31,Claystone,18.96,25.84
VOLVE_15_9_F11,2883.21,19.62,104.7,502.2,5.76,10.49,Claystone,18.98,24.44
VOLVE_15_9_F11,2883.79,18.11,75.4,487.8,3.62,10.29,Claystone,19.01,21.58
VOLVE_15_9_F11,2884.02,23.74,66.5,475.7,5.89,10.5,Claystone,19.04,22.64
VOLVE_15_9_F11,2884.61,24.67,97.0,487.5,5.22,10.49,Claystone,19.05,25.24
VOLVE_15_9_F11,2885.09,22.13,83.0,461.8,4.15,10.43,Claystone,19.06,22.9
VOLVE_15_9_F11,2886.05,19.19,80.0,508.0,2.72,10.45,Claystone,19.1,21.91
VOLVE_15_9_F11,2886.96,20.85,98.0,435.4,4.03,10.7,Claystone,19.13,22.88
VOLVE_15_9_F11,2887.92,19.91,78.8,455.0,4.73,10.55,Claystone,19.17,20.62
VOLVE_15_9_F11,2888.64,21.43,88.7,444.6,5.15,10.49,Claystone,19.21,23.32
VOLVE_15_9_F11,2889.62,23.35,85.2,536.5,5.04,10.53,Claystone,19.26,27.39
VOLVE_15_9_F11,2889.97,21.5,131.4,430.5,4.13,10.47,Claystone,19.3,23.66
VOLVE_15_9_F11,2890.6,21.55,80.8,507.3,4.9,10.55,Claystone,19.32,24.94
VOLVE_15_9_F11,2891.39,20.28,96.8,401.2,3.41,10.37,Claystone,19.34,23.85
VOLVE_15_9_F11,2891.98,23.23,79.0,459.8,3.75,10.8,Claystone,19.38,23.34
VOLVE_15_9_F11,2892.35,22.49,89.5,448.5,6.67,10.49,Claystone,19.43,23.53
VOLVE_15_9_F11,2893.07,16.98,79.8,415.0,4.56,10.89,Claystone,19.47,21.36
VOLVE_15_9_F11,2894.05,17.12,94.7,429.2,5.47,10.8,Claystone,19.51,23.45
VOLVE_15_9_F11,2894.67,20.75,81.3,475.9,6.77,10.39,Claystone,19.55,24.59
VOLVE_15_9_F11,2895.07,24.01,90.3,442.3,5.41,10.5,Claystone,19.57,24.26
VOLVE_15_9_F11,2895.3,24.5,71.4,417.2,6.39,10.52,Claystone,19.59,23.02
VOLVE_15_9_F11,2895.58,23.49,70.8,491.7,5.6,10.61,Claystone,19.61,22.57
VOLVE_15_9_F11,2896.4,21.21,54.5,454.9,3.82,10.49,Claystone,19.63,20.66
VOLVE_15_9_F11,2896.99,25.25,88.2,469.0,5.38,10.65,Claystone,19.67,24.96
VOLVE_15_9_F11,2897.36,19.78,73.0,499.5,3.94,10.2,Claystone,19.69,22.29
VOLVE_15_9_F11,2898.25,20.74,115.7,517.6,6.3,10.37,Claystone,19.73,25.46
VOLVE_15_9_F11,2898.8,18.04,75.7,364.4,5.92,10.44,Claystone,19.77,20.58
VOLVE_15_9_F11,2899.63,20.74,101.4,451.5,3.71,10.37,Claystone,19.81,25.44
VOLVE_15_9_F11,2900.48,19.45,99.9,388.7,4.15,10.21,Claystone,19.86,22.71
VOLVE_15_9_F11,2901.26,25.45,79.1,564.8,5.01,10.6,Claystone,19.9,25.22
VOLVE_15_9_F11,2902.23,24.96,71.7,461.8,4.3,10.3,Claystone,19.94,21.0
VOLVE_15_9_F11,2903.15,21.77,80.7,494.7,4.85,10.37,Claystone,19.98,24.43
VOLVE_15_9_F11,2903.45,22.78,99.8,430.7,5.94,10.58,Claystone,20.0,24.47
VOLVE_15_9_F11,2903.93,20.11,117.0,441.6,7.07,10.65,Claystone,20.04,24.89
VOLVE_15_9_F11,2904.89,15.28,64.2,499.8,3.69,10.38,Claystone,20.08,20.26
VOLVE_15_9_F11,2905.61,19.72,83.0,476.4,4.32,10.31,Claystone,20.11,21.52
VOLVE_15_9_F11,2906.17,23.49,73.7,522.9,5.63,10.35,Claystone,20.12,23.53
VOLVE_15_9_F11,2907.06,22.72,77.3,422.4,5.1,10.64,Claystone,20.15,24.06
VOLVE_15_9_F11,2907.77,20.65,108.3,447.1,3.57,10.64,Claystone,20.16,21.75
VOLVE_15_9_F11,2908.27,23.48,71.2,476.3,4.11,10.52,Claystone,20.2,21.38
VOLVE_15_9_F11,2908.68,20.46,58.6,482.4,4.26,10.51,Claystone,20.24,19.44
VOLVE_15_9_F11,2909.57,18.78,85.8,472.6,5.87,10.27,Claystone,20.25,22.39
VOLVE_15_9_F11,2910.44,23.49,88.4,402.9,6.73,10.54,Claystone,20.28,25.14
VOLVE_15_9_F11,2911.38,20.12,76.4,418.1,3.64,10.59,Claystone,20.32,21.53
VOLVE_15_9_F11,2912.2,24.22,72.5,469.5,4.3,10.5,Claystone,20.36,23.8
VOLVE_15_9_F11,2912.55,16.66,85.1,394.1,5.77,10.5,Claystone,20.38,18.67
VOLVE_15_9_F11,2913.06,20.23,62.5,420.4,4.16,10.32,Claystone,20.41,19.69
VOLVE_15_9_F11,2913.53,23.15,89.0,457.3,5.8,10.65,Claystone,20.42,23.02
VOLVE_15_9_F11,2913.93,22.89,77.5,424.8,4.95,10.27,Claystone,20.45,24.3
VOLVE_15_9_F11,2914.77,21.11,103.5,465.0,5.44,10.47,Claystone,20.47,24.14
VOLVE_15_9_F11,2915.07,22.38,87.5,452.2,4.78,10.54,Claystone,20.49,22.94
VOLVE_15_9_F11,2915.65,22.01,80.4,424.3,6.48,10.64,Claystone,20.51,22.86
VOLVE_15_9_F11,2916.54,17.94,79.3,425.3,2.89,10.63,Claystone,20.53,20.11
VOLVE_15_9_F11,2917.37,20.76,53.7,507.0,4.15,10.64,Claystone,20.54,22.46
VOLVE_15_9_F11,2917.79,22.24,80.8,471.2,6.39,10.43,Claystone,20.59,25.1
VOLVE_15_9_F11,2918.02,22.94,79.7,465.7,4.95,10.82,Claystone,20.64,23.8
VOLVE_15_9_F11,2918.55,21.51,83.5,458.0,5.0,10.64,Claystone,20.68,23.58
VOLVE_15_9_F11,2919.22,20.3,79.8,419.5,6.12,10.42,Claystone,20.69,21.46
VOLVE_15_9_F11,2920.11,18.34,104.1,433.3,5.71,10.43,Claystone,20.72,23.0
VOLVE_15_9_F11,2920.73,23.56,78.7,359.8,6.26,10.59,Claystone,20.74,20.01
VOLVE_15_9_F11,2921.14,23.29,70.0,430.4,6.52,10.4,Claystone,20.77,22.06
VOLVE_15_9_F11,2921.89,24.16,57.7,431.1,3.25,10.28,Claystone,20.81,19.39
VOLVE_15_9_F11,2922.42,18.99,76.0,477.8,4.24,10.49,Claystone,20.85,21.95
VOLVE_15_9_F11,2923.28,22.0,67.0,431.7,3.93,10.13,Claystone,20.86,21.56
VOLVE_15_9_F11,2923.5,19.96,63.2,487.3,5.07,10.53,Claystone,20.88,21.99
VOLVE_15_9_F11,2924.03,21.81,78.0,445.5,6.31,10.57,Claystone,20.91,23.01
VOLVE_15_9_F11,2924.57,28.96,99.8,461.8,3.04,10.43,Claystone,20.95,26.45
VOLVE_15_9_F11,2925.24,23.96,96.7,454.6,3.64,10.65,Claystone,20.99,22.78
VOLVE_15_9_F11,2925.72,19.81,63.5,483.8,2.18,10.6,Claystone,21.01,18.59
VOLVE_15_9_F11,2926.25,21.07,83.2,504.1,4.04,10.32,Claystone,21.04,24.83
VOLVE_15_9_F11,2927.03,20.8,89.0,416.4,5.17,10.48,Claystone,21.07,21.69
VOLVE_15_9_F11,2927.37,22.02,91.5,526.2,7.2,10.4,Claystone,21.11,24.38
VOLVE_15_9_F11,2927.76,17.9,106.7,421.6,3.54,10.43,Claystone,21.14,22.85
VOLVE_15_9_F11,2928.04,22.52,65.1,448.5,7.77,10.65,Claystone,21.18,21.56
VOLVE_15_9_F11,2928.45,16.42,69.4,434.7,5.04,10.57,Claystone,21.2,18.41
VOLVE_15_9_F11,2929.05,17.53,72.7,516.2,5.24,10.37,Claystone,21.21,23.31
VOLVE_15_9_F11,2929.41,26.72,88.2,413.4,6.48,10.51,Claystone,21.25,23.5
VOLVE_15_9_F11,2929.66,20.82,41.8,484.6,2.7,10.36,Claystone,21.3,20.58
VOLVE_15_9_F11,2930.66,25.29,79.2,367.5,4.65,10.4,Claystone,21.35,22.76
VOLVE_15_9_F11,2931.23,19.7,55.9,488.4,3.27,10.71,Claystone,21.39,20.77
VOLVE_15_9_F11,2932.09,16.47,82.6,448.2,5.38,10.86,Claystone,21.43,21.17
VOLVE_15_9_F11,2932.88,19.1,113.7,440.9,4.22,10.74,Claystone,21.45,22.11
VOLVE_15_9_F11,2933.21,28.45,96.2,428.2,5.63,10.52,Claystone,21.5,25.41
VOLVE_15_9_F11,2933.82,18.21,64.3,453.2,3.68,10.51,Claystone,21.53,21.95
VOLVE_15_9_F11,2934.48,26.18,76.4,441.7,7.1,10.63,Claystone,21.57,24.67
VOLVE_15_9_F11,2934.81,22.6,69.3,396.2,4.22,10.49,Claystone,21.6,22.19
VOLVE_15_9_F11,2935.09,22.04,102.1,424.5,4.07,10.26,Claystone,21.65,23.93
VOLVE_15_9_F11,2935.51,19.87,49.6,487.8,4.99,10.75,Claystone,21.68,19.22
VOLVE_15_9_F11,2935.91,19.49,76.1,439.8,4.7,10.3,Claystone,21.71,20.24
VOLVE_15_9_F11,2936.34,23.16,72.2,424.2,6.73,10.66,Claystone,21.75,23.54
VOLVE_15_9_F11,2936.74,25.05,65.1,457.7,5.48,10.59,Claystone,21.77,21.45
VOLVE_15_9_F11,2937.38,22.24,107.5,475.4,5.82,10.76,Claystone,21.79,23.47
VOLVE_15_9_F11,2937.81,23.6,59.2,481.9,5.95,10.61,Claystone,21.81,21.48
VOLVE_15_9_F11,2938.63,20.69,64.7,469.4,5.27,10.39,Claystone,21.84,19.61
VOLVE_15_9_F11,2938.87,27.19,106.6,504.2,6.88,10.64,Claystone,21.88,25.49
VOLVE_15_9_F11,2939.57,22.35,81.2,457.8,5.96,10.43,Claystone,21.91,21.85
VOLVE_15_9_F11,2940.39,26.84,80.0,446.4,5.1,10.33,Claystone,21.95,22.14
VOLVE_15_9_F11,2940.94,19.35,73.3,490.8,3.28,10.21,Claystone,21.98,19.99
VOLVE_15_9_F11,2941.39,21.65,82.6,427.5,4.86,10.46,Claystone,22.0,21.73
VOLVE_15_9_F11,2941.83,24.45,76.2,439.7,2.82,10.23,Claystone,22.04,23.34
VOLVE_15_9_F11,2942.3,22.12,71.6,392.2,4.06,10.7,Claystone,22.06,20.6
VOLVE_15_9_F11,2942.59,23.06,61.6,528.4,4.41,10.25,Claystone,22.08,20.72
VOLVE_15_9_F11,2943.25,19.33,83.2,539.3,6.43,10.42,Claystone,22.09,22.05
VOLVE_15_9_F11,2943.95,20.76,73.7,448.9,4.67,10.43,Claystone,22.11,21.52
VOLVE_15_9_F11,2944.46,19.59,75.6,486.4,6.88,10.51,Claystone,22.15,22.94
VOLVE_15_9_F11,2945.43,21.57,92.5,483.9,5.78,10.35,Claystone,22.16,24.31
VOLVE_15_9_F11,2946.36,21.31,75.0,463.5,2.97,10.65,Claystone,22.19,21.4
VOLVE_15_9_F11,2946.8,20.46,81.0,504.5,6.31,10.51,Claystone,22.24,23.88
VOLVE_15_9_F11,2947.58,23.37,107.7,405.3,6.85,10.48,Claystone,22.28,23.36
VOLVE_15_9_F11,2947.88,19.13,88.4,448.5,2.92,10.39,Claystone,22.31,20.15
VOLVE_15_9_F11,2948.68,16.42,74.5,372.4,5.35,10.57,Claystone,22.34,18.71
VOLVE_15_9_F11,2949.47,20.37,66.2,415.5,6.44,10.69,Claystone,22.39,21.57
VOLVE_15_9_F11,2949.96,27.18,80.6,390.9,2.97,10.89,Claystone,22.4,22.73
VOLVE_15_9_F11,2950.47,23.08,94.4,382.4,4.08,10.34,Claystone,22.44,23.14
VOLVE_15_9_F11,2951.13,19.69,73.8,436.1,5.9,10.46,Claystone,22.47,20.71
VOLVE_15_9_F11,2951.56,22.92,82.0,470.5,4.96,10.2,Claystone,22.51,23.04
VOLVE_15_9_F11,2952.22,21.47,73.4,429.3,6.7,10.59,Claystone,22.54,21.19
VOLVE_15_9_F11,2953.13,22.78,76.5,434.1,6.23,10.28,Claystone,22.56,21.33
VOLVE_15_9_F11,2953.68,24.02,63.5,426.5,6.01,10.53,Claystone,22.6,21.21
VOLVE_15_9_F11,2954.05,22.3,85.8,461.5,6.59,10.67,Claystone,22.62,22.4
VOLVE_15_9_F11,2954.69,22.12,83.9,431.7,4.17,10.42,Claystone,22.66,21.32
VOLVE_15_9_F11,2955.41,25.54,103.8,415.6,5.38,10.35,Claystone,22.69,24.49
VOLVE_15_9_F11,2956.04,23.17,83.3,493.2,7.57,10.68,Claystone,22.71,23.48
VOLVE_15_9_F11,2956.25,22.31,70.9,421.0,4.55,10.59,Claystone,22.74,22.18
VOLVE_15_9_F11,2956.99,21.93,103.4,405.0,6.74,10.32,Claystone,22.77,22.24
VOLVE_15_9_F11,2957.22,20.41,87.1,485.5,4.81,10.51,Claystone,22.8,21.49
VOLVE_15_9_F11,2957.75,18.72,84.5,388.6,3.93,10.36,Claystone,22.84,18.49
VOLVE_15_9_F11,2958.28,23.51,81.4,505.1,4.05,10.65,Claystone,22.85,21.67
VOLVE_15_9_F11,2959.16,25.03,83.9,414.9,6.08,10.5,Claystone,22.87,23.46
VOLVE_15_9_F11,2960.05,22.91,68.6,459.1,6.56,10.72,Claystone,22.89,22.34
VOLVE_15_9_F11,2960.87,23.26,80.3,416.1,5.79,10.35,Claystone,22.93,22.75
VOLVE_15_9_F11,2961.73,19.63,78.2,456.4,5.15,10.52,Claystone,22.95,22.29
VOLVE_15_9_F11,2962.1,20.36,86.9,435.1,3.66,10.49,Claystone,22.99,21.82
VOLVE_15_9_F11,2962.88,18.65,98.3,416.6,5.05,10.53,Claystone,23.03,21.19
VOLVE_15_9_F11,2963.68,21.23,96.0,391.8,5.47,10.4,Claystone,23.07,22.64
VOLVE_15_9_F11,2964.5,24.32,89.2,434.3,4.37,10.15,Claystone,23.1,22.26
VOLVE_15_9_F11,2965.33,20.12,55.7,474.9,5.07,10.59,Claystone,23.12,17.94
VOLVE_15_9_F11,2965.66,21.68,75.0,482.9,4.15,10.5,Claystone,23.14,21.07
VOLVE_15_9_F11,2966.07,23.62,54.2,427.2,4.37,10.36,Claystone,23.18,19.68
VOLVE_15_9_F11,2966.9,24.89,97.7,427.3,6.54,10.41,Claystone,23.21,23.82
VOLVE_15_9_F11,2967.21,17.75,79.7,449.0,6.61,10.31,Claystone,23.23,20.07
VOLVE_15_9_F11,2967.51,20.68,79.3,456.0,6.77,10.21,Claystone,23.25,21.43
VOLVE_15_9_F11,2968.5,20.03,71.2,455.8,4.6,10.65,Claystone,23.27,21.1
VOLVE_15_9_F11,2969.47,,100.5,438.6,5.84,10.58,Claystone,23.28,20.74
VOLVE_15_9_F11,2969.94,20.92,83.0,441.3,5.8,10.29,Claystone,23.31,21.79
VOLVE_15_9_F11,2970.15,17.01,79.8,444.5,5.39,10.87,Claystone,23.35,19.1
VOLVE_15_9_F11,2970.66,20.96,83.4,359.3,5.2,10.32,Claystone,23.4,19.15
VOLVE_15_9_F11,2970.89,21.97,84.5,439.7,6.71,10.6,Claystone,23.42,21.47
VOLVE_15_9_F11,2971.2,19.28,79.5,487.2,4.1,10.49,Claystone,23.45,20.1
VOLVE_15_9_F11,2971.58,20.68,100.4,511.7,3.91,10.3,Claystone,23.47,22.43
VOLVE_15_9_F11,2972.45,21.94,100.3,503.0,5.81,10.54,Claystone,23.51,23.47
VOLVE_15_9_F11,2972.95,22.19,82.9,459.5,4.78,10.46,Claystone,23.52,19.66
VOLVE_15_9_F11,2973.16,17.81,69.8,408.4,6.86,10.4,Claystone,23.55,20.81
VOLVE_15_9_F11,2973.87,,86.4,434.0,4.77,10.69,Claystone,23.58,24.95
VOLVE_15_9_F11,2974.12,23.71,72.6,425.5,6.37,10.58,Claystone,23.61,20.75
VOLVE_15_9_F11,2975.04,20.04,102.9,399.6,5.83,10.6,Claystone,23.63,21.09
VOLVE_15_9_F11,2975.44,26.1,105.1,418.3,4.16,10.46,Claystone,23.66,22.69
VOLVE_15_9_F11,2975.83,23.04,92.3,426.8,6.08,10.54,Claystone,23.69,21.31
VOLVE_15_9_F11,2976.34,22.68,64.1,400.2,4.13,10.49,Claystone,23.72,21.95
VOLVE_15_9_F11,2976.63,23.61,74.5,,8.04,10.57,Claystone,23.76,22.3
VOLVE_15_9_F11,2976.85,19.32,78.5,480.3,3.88,10.35,Claystone,23.77,21.48
VOLVE_15_9_F11,2977.78,21.03,68.9,454.0,3.73,10.14,Claystone,23.8,21.81
VOLVE_15_9_F11,2978.67,23.46,77.0,471.2,2.56,10.7,Claystone,23.83,22.27
VOLVE_15_9_F11,2979.6,19.92,85.0,468.2,4.06,10.49,Claystone,23.86,22.28
VOLVE_15_9_F11,2980.34,21.04,89.4,426.6,6.02,10.58,Claystone,23.89,20.38
VOLVE_15_9_F11,2980.55,23.42,100.8,527.9,4.29,10.39,Claystone,23.93,24.78
VOLVE_15_9_F11,2981.53,22.7,81.2,425.2,5.79,10.46,Claystone,23.96,21.32
VOLVE_15_9_F11,2982.3,21.98,77.0,389.2,5.35,10.72,Claystone,23.99,22.2
VOLVE_15_9_F11,2982.83,22.09,62.2,462.4,3.66,10.55,Claystone,24.01,19.08
VOLVE_15_9_F11,2983.62,21.5,86.7,478.5,5.0,10.83,Claystone,24.03,20.46
VOLVE_15_9_F11,2984.27,24.07,74.7,443.9,4.07,10.63,Claystone,24.07,21.12
VOLVE_15_9_F11,2985.01,27.17,78.4,505.8,6.56,10.39,Claystone,24.1,24.37
VOLVE_15_9_F11,2985.87,22.68,73.0,463.2,2.86,10.56,Claystone,24.13,18.95
VOLVE_15_9_F11,2986.82,25.15,73.4,423.1,6.16,10.75,Claystone,24.16,21.18
VOLVE_15_9_F11,2987.65,20.86,92.3,432.2,4.31,10.53,Claystone,24.19,20.27
VOLVE_15_9_F11,2988.57,20.25,80.7,461.9,5.08,10.59,Claystone,24.22,21.79
VOLVE_15_9_F11,2989.23,19.99,104.9,459.2,5.84,10.71,Claystone,24.24,21.36
VOLVE_15_9_F11,2989.7,19.66,64.7,504.5,4.82,10.14,Claystone,24.28,21.25
VOLVE_15_9_F11,2990.43,21.23,100.3,489.4,7.8,10.6,Claystone,24.33,22.31
VOLVE_15_9_F11,2991.08,24.18,74.1,393.3,4.7,10.7,Claystone,24.37,20.95
VOLVE_15_9_F11,2991.32,24.47,80.7,449.2,3.68,10.38,Claystone,24.39,20.46
VOLVE_15_9_F11,2991.98,20.69,88.9,406.3,7.71,10.65,Claystone,24.42,21.22
VOLVE_15_9_F11,2992.52,21.16,96.9,514.3,5.71,10.5,Claystone,24.46,21.62
VOLVE_15_9_F11,2993.01,21.97,97.5,417.0,5.54,10.24,Claystone,24.51,23.66
VOLVE_15_9_F11,2993.79,22.56,97.2,464.1,8.09,10.62,Claystone,24.52,23.88
VOLVE_15_9_F11,2994.7,23.45,78.4,428.1,3.63,10.5,Claystone,24.53,21.31
VOLVE_15_9_F11,2995.06,20.98,108.7,376.8,5.34,10.49,Claystone,24.56,22.51
VOLVE_15_9_F11,2995.89,21.48,90.7,405.8,3.91,10.6,Claystone,24.58,20.28
VOLVE_15_9_F11,2996.23,25.37,40.0,446.0,4.67,10.36,Claystone,24.6,19.25
VOLVE_15_9_F11,2996.89,21.29,82.4,478.7,3.36,10.61,Claystone,24.63,20.83
VOLVE_15_9_F11,2997.77,20.55,76.2,477.2,5.02,10.36,Claystone,24.64,21.33
VOLVE_15_9_F11,2998.69,21.78,77.2,402.8,5.06,10.73,Claystone,24.68,20.31
VOLVE_15_9_F11,2999.14,22.19,91.4,468.5,5.25,10.67,Claystone,24.7,21.9
VOLVE_15_9_F11,3000.0,18.15,86.5,494.0,2.13,10.73,Claystone,24.71,17.95
VOLVE_15_9_F11,3000.9,20.89,71.8,476.5,5.8,10.57,Claystone,24.76,19.91
VOLVE_15_9_F11,3001.24,23.05,104.4,441.5,5.29,10.44,Claystone,24.79,24.31
VOLVE_15_9_F11,3001.74,27.02,62.6,457.9,8.45,10.39,Claystone,24.84,21.82
VOLVE_15_9_F11,3002.57,20.69,61.6,462.1,4.15,10.38,Claystone,24.85,18.65
VOLVE_15_9_F11,3002.78,23.92,65.6,511.9,4.3,10.48,Claystone,24.88,21.22
VOLVE_15_9_F11,3003.48,22.46,88.6,524.1,5.48,10.4,Claystone,24.91,21.09
VOLVE_15_9_F11,3004.01,24.92,87.4,481.8,4.01,10.55,Claystone,24.96,21.78
VOLVE_15_9_F11,3004.62,20.47,69.7,458.1,6.29,10.38,Claystone,24.97,20.24
VOLVE_15_9_F11,3005.16,24.78,73.0,454.8,4.14,10.41,Claystone,25.0,21.62
VOLVE_15_9_F11,3005.51,25.53,81.8,458.9,4.47,10.44,Claystone,25.02,22.34
VOLVE_15_9_F11,3005.99,25.64,65.9,464.2,6.24,10.39,Claystone,25.07,22.98
VOLVE_15_9_F11,3006.88,25.6,93.9,435.4,5.97,10.45,Claystone,25.09,22.22
VOLVE_15_9_F11,3007.57,22.51,105.4,534.7,5.84,10.59,Claystone,25.12,21.77
VOLVE_15_9_F11,3008.15,23.49,79.2,424.3,3.67,10.37,Claystone,25.16,20.43
VOLVE_15_9_F11,3008.92,20.99,87.1,507.8,6.36,10.32,Claystone,25.18,21.33
VOLVE_15_9_F11,3009.26,16.48,83.5,368.1,3.5,10.48,Claystone,25.19,18.49
VOLVE_15_9_F11,3009.53,22.68,102.4,445.0,3.51,10.33,Claystone,25.22,21.59
VOLVE_15_9_F11,3010.17,21.64,111.0,442.5,6.06,10.7,Claystone,25.24,22.28
VOLVE_15_9_F11,3010.38,24.45,76.5,465.2,5.09,10.4,Claystone,25.27,21.77
VOLVE_15_9_F11,3010.7,24.2,82.4,441.4,5.13,10.51,Claystone,25.28,22.6
VOLVE_15_9_F11,3011.47,19.39,94.7,511.5,5.97,10.57,Claystone,25.32,21.58
VOLVE_15_9_F11,3012.39,27.9,87.0,446.3,5.43,10.31,Claystone,25.36,23.22
VOLVE_15_9_F11,3012.82,23.02,68.2,414.9,3.0,10.38,Claystone,25.4,21.75
VOLVE_15_9_F11,3013.33,18.84,54.7,417.4,4.11,10.41,Claystone,25.42,16.14
VOLVE_15_9_F11,3014.07,19.2,72.9,437.1,5.17,10.62,Claystone,25.45,19.52
VOLVE_15_9_F11,3014.92,16.62,86.8,485.0,5.01,10.78,Claystone,25.49,19.34
VOLVE_15_9_F11,3015.32,23.97,76.0,492.3,5.08,10.78,Claystone,25.54,21.48
VOLVE_15_9_F11,3016.19,20.75,66.0,407.9,7.75,10.7,Claystone,25.56,20.14
VOLVE_15_9_F11,3017.16,19.97,73.2,424.0,6.89,10.32,Claystone,25.6,19.25
VOLVE_15_9_F11,3017.43,20.46,109.3,413.4,4.04,10.37,Claystone,25.63,20.75
VOLVE_15_9_F11,3017.81,21.32,64.9,444.6,3.25,10.71,Claystone,25.67,19.76
VOLVE_15_9_F11,3018.59,23.51,77.1,494.5,6.86,10.74,Claystone,25.68,21.43
VOLVE_15_9_F11,3018.82,17.96,74.1,462.9,6.01,10.63,Claystone,25.72,18.3
VOLVE_15_9_F11,3019.25,19.4,111.2,478.0,7.19,10.63,Claystone,25.75,22.79
VOLVE_15_9_F11,3020.13,23.24,59.8,485.9,4.46,10.44,Claystone,25.77,20.64
VOLVE_15_9_F11,3020.87,20.6,70.1,432.6,4.71,10.76,Claystone,25.8,19.42
VOLVE_15_9_F11,3021.58,23.54,82.8,404.8,3.23,10.4,Claystone,25.85,21.06
VOLVE_15_9_F11,3022.27,20.85,84.4,432.5,5.31,10.27,Claystone,25.88,21.27
VOLVE_15_9_F11,3022.88,26.03,98.7,488.9,5.06,10.63,Claystone,25.89,23.0
VOLVE_15_9_F11,3023.69,22.62,97.1,480.2,4.56,10.42,Claystone,25.91,22.28
VOLVE_15_9_F11,3024.58,25.16,71.3,459.2,6.44,10.31,Claystone,25.95,20.19
VOLVE_15_9_F11,3025.42,23.4,86.6,494.0,5.22,10.64,Claystone,25.99,21.46
VOLVE_15_9_F11,3026.0,23.55,79.3,461.9,6.3,10.23,Claystone,26.03,22.69
VOLVE_15_9_F11,3026.83,20.23,75.0,442.8,4.82,10.58,Claystone,26.06,21.68
VOLVE_15_9_F11,3027.63,25.03,97.1,393.3,6.37,10.44,Claystone,26.08,22.23
VOLVE_15_9_F11,3028.2,22.65,85.7,506.9,3.75,10.75,Claystone,26.1,20.31
VOLVE_15_9_F11,3028.66,19.73,105.8,452.2,4.18,10.58,Claystone,26.12,20.54
VOLVE_15_9_F11,3029.19,16.84,89.0,438.0,5.39,10.67,Claystone,26.15,17.75
VOLVE_15_9_F11,3029.79,22.47,95.8,452.0,7.49,10.35,Claystone,26.19,22.9
VOLVE_15_9_F11,3030.1,25.89,41.1,516.0,5.51,10.26,Claystone,26.21,19.19
VOLVE_15_9_F11,3030.48,19.85,83.2,495.8,5.05,10.46,Claystone,26.22,19.55
VOLVE_15_9_F11,3030.76,19.77,88.4,441.7,6.91,10.6,Claystone,26.24,20.33
VOLVE_15_9_F11,3031.02,21.33,89.7,474.9,5.0,10.52,Claystone,26.28,21.8
VOLVE_15_9_F11,3031.67,24.88,105.1,505.1,4.86,10.68,Claystone,26.3,22.91
VOLVE_15_9_F11,3032.43,17.54,91.2,470.0,4.95,10.59,Claystone,26.34,19.09
VOLVE_15_9_F11,3033.12,20.51,63.7,460.9,5.25,10.35,Claystone,26.36,20.34
VOLVE_15_9_F11,3033.9,19.62,90.0,372.5,3.6,10.58,Claystone,26.38,19.68
VOLVE_15_9_F11,3034.43,23.54,94.5,505.9,5.69,10.54,Claystone,26.4,21.61
VOLVE_15_9_F11,3035.27,21.78,72.8,414.9,2.98,10.7,Claystone,26.43,19.11
VOLVE_15_9_F11,3036.06,21.28,75.8,381.2,4.69,10.37,Claystone,26.45,17.37
VOLVE_15_9_F11,3036.83,21.7,93.7,383.9,5.17,10.41,Claystone,26.47,20.91
VOLVE_15_9_F11,3037.64,24.11,82.0,421.9,5.36,10.57,Claystone,26.51,23.54
VOLVE_15_9_F11,3038.03,24.96,98.4,475.5,3.37,10.72,Claystone,26.55,22.97
VOLVE_15_9_F11,3038.69,24.72,84.8,502.5,5.62,10.48,Claystone,26.59,21.74
VOLVE_15_9_F11,3039.51,23.6,49.2,469.7,5.91,10.6,Claystone,26.62,19.0
VOLVE_15_9_F11,3039.78,25.62,82.9,525.5,7.24,10.52,Claystone,26.64,23.42
VOLVE_15_9_F11,3040.18,19.83,,440.0,6.67,10.51,Claystone,26.68,20.25
VOLVE_15_9_F11,3040.77,23.13,91.2,446.8,5.48,10.69,Claystone,26.7,21.13
VOLVE_15_9_F11,3041.31,28.04,88.4,381.4,8.82,10.53,Claystone,26.74,20.26
VOLVE_15_9_F11,3042.24,17.58,67.9,433.1,3.69,10.45,Claystone,26.79,17.54
VOLVE_15_9_F11,3043.04,20.84,85.0,374.4,4.28,10.44,Claystone,26.81,18.83
VOLVE_15_9_F11,3043.27,19.58,90.0,402.4,5.13,10.47,Claystone,26.83,19.76
VOLVE_15_9_F11,3043.84,22.9,88.7,481.3,6.38,10.41,Claystone,26.85,21.06
VOLVE_15_9_F11,3044.65,25.77,96.7,388.6,6.54,10.48,Claystone,26.87,22.71
VOLVE_15_9_F11,3045.39,23.53,66.7,392.6,2.28,10.52,Dolomite,26.9,10.34
VOLVE_15_9_F11,3046.02,21.64,79.7,385.8,3.99,10.56,Dolomite,26.95,9.7
VOLVE_15_9_F11,3046.29,23.55,48.6,487.1,5.77,10.37,Dolomite,26.97,8.32
VOLVE_15_9_F11,3047.22,21.46,99.7,521.7,4.36,10.45,Dolomite,27.0,11.29
VOLVE_15_9_F11,3047.75,22.68,83.8,453.1,5.14,10.46,Dolomite,27.02,10.27
VOLVE_15_9_F11,3048.07,23.74,80.7,493.8,5.78,10.4,Dolomite,27.04,10.3
VOLVE_15_9_F11,3048.33,26.58,80.5,409.5,6.18,10.43,Dolomite,27.07,8.99
VOLVE_15_9_F11,3049.16,23.32,89.6,505.3,6.48,10.65,Dolomite,27.09,9.66
VOLVE_15_9_F11,3049.85,22.74,98.0,427.5,7.04,10.72,Dolomite,27.12,10.21
VOLVE_15_9_F11,3050.25,27.29,78.0,482.8,6.39,10.47,Dolomite,27.16,12.01
VOLVE_15_9_F11,3050.88,17.31,88.5,455.0,3.41,10.41,Dolomite,27.2,9.94
VOLVE_15_9_F11,3051.84,21.98,88.3,379.4,6.01,10.51,Dolomite,27.22,9.68
VOLVE_15_9_F11,3052.43,20.36,49.4,420.7,5.87,10.53,Dolomite,27.24,8.06
VOLVE_15_9_F11,3052.94,21.62,71.7,462.9,5.57,10.62,Dolomite,27.28,9.78
VOLVE_15_9_F11,3053.39,23.72,88.9,382.1,7.02,10.46,Dolomite,27.29,9.93
VOLVE_15_9_F11,3053.74,24.67,100.9,468.0,6.02,10.44,Dolomite,27.31,11.65
VOLVE_15_9_F11,3054.66,20.92,102.7,399.5,5.27,10.89,Dolomite,27.34,7.97
VOLVE_15_9_F11,3055.0,23.89,64.0,477.7,4.09,10.32,Dolomite,27.37,9.05
VOLVE_15_9_F11,3055.25,19.98,97.4,401.7,7.7,10.65,Dolomite,27.4,9.84
VOLVE_15_9_F11,3055.56,19.02,97.9,473.8,3.93,10.74,Dolomite,27.44,10.38
VOLVE_15_9_F11,3055.91,22.4,88.6,488.8,5.34,10.48,Dolomite,27.48,11.48
VOLVE_15_9_F11,3056.45,21.68,52.1,449.4,4.3,10.58,Dolomite,27.53,6.63
VOLVE_15_9_F11,3057.37,25.96,74.3,452.9,3.85,10.27,Dolomite,27.58,8.67
VOLVE_15_9_F11,3057.68,,84.0,515.5,6.81,10.52,Dolomite,27.59,10.14
VOLVE_15_9_F11,3058.0,20.71,78.8,424.8,5.64,10.69,Dolomite,27.61,7.53
VOLVE_15_9_F11,3058.55,17.71,49.8,434.7,4.63,10.54,Dolomite,27.65,9.03
VOLVE_15_9_F11,3059.47,18.82,78.4,481.7,4.12,10.53,Dolomite,27.7,8.74
VOLVE_15_9_F11,3060.41,20.15,68.4,473.0,5.52,10.78,Dolomite,27.73,9.56
VOLVE_15_9_F11,3061.37,22.76,91.2,446.4,5.1,10.64,Dolomite,27.74,9.12
VOLVE_15_9_F11,3061.68,21.59,89.5,407.5,5.86,10.63,Dolomite,27.76,9.58
VOLVE_15_9_F11,3062.44,19.1,90.2,495.1,6.8,10.4,Dolomite,27.81,7.88
VOLVE_15_9_F11,3063.16,26.72,76.8,406.6,2.62,10.15,Dolomite,27.82,8.08
VOLVE_15_9_F11,3063.38,23.91,82.6,547.3,6.59,10.58,Dolomite,27.87,8.81
VOLVE_15_9_F11,3064.12,26.65,81.1,408.3,8.46,10.52,Dolomite,27.89,7.93
VOLVE_15_9_F11,3064.88,17.76,96.0,411.9,7.1,10.64,Dolomite,27.94,9.67
VOLVE_15_9_F11,3065.6,25.44,74.3,469.8,6.33,10.54,Dolomite,27.96,9.28
VOLVE_15_9_F11,3065.98,21.89,71.0,478.1,6.5,10.53,Dolomite,28.0,10.0
VOLVE_15_9_F11,3066.44,21.29,96.8,417.2,4.35,10.53,Dolomite,28.04,8.92
VOLVE_15_9_F11,3067.08,22.33,94.6,523.8,5.72,10.36,Dolomite,28.08,10.9
VOLVE_15_9_F11,3067.39,20.52,89.3,469.3,5.01,10.25,Dolomite,28.09,10.16
VOLVE_15_9_F11,3067.72,21.91,106.0,446.2,5.0,10.39,Dolomite,28.11,9.49
VOLVE_15_9_F11,3068.48,24.64,113.7,471.6,7.11,10.36,Dolomite,28.13,10.59
VOLVE_15_9_F11,3068.81,17.37,100.8,504.6,4.84,10.52,Dolomite,28.17,9.27
VOLVE_15_9_F11,3069.03,26.02,71.1,520.5,3.18,10.28,Dolomite,28.18,10.5
VOLVE_15_9_F11,3069.37,23.26,94.8,463.9,6.04,10.45,Dolomite,28.22,9.64
VOLVE_15_9_F11,3069.64,22.0,84.0,405.2,5.21,10.81,Dolomite,28.23,9.16
VOLVE_15_9_F11,3070.06,24.62,73.9,405.8,6.16,10.51,Dolomite,28.27,7.54
VOLVE_15_9_F11,3070.87,23.19,71.2,399.5,4.66,10.53,Dolomite,28.29,7.68
VOLVE_15_9_F11,3071.7,21.09,86.4,430.4,3.13,10.53,Dolomite,28.34,8.04
VOLVE_15_9_F11,3071.96,20.36,94.6,457.7,4.08,10.56,Dolomite,28.36,9.57
VOLVE_15_9_F11,3072.61,26.04,103.0,464.7,4.79,10.45,Dolomite,28.4,9.32
VOLVE_15_9_F11,3072.88,18.59,92.4,501.2,3.83,10.5,Dolomite,28.44,9.13
VOLVE_15_9_F11,3073.23,21.8,90.9,373.2,4.65,10.44,Dolomite,28.46,8.68
VOLVE_15_9_F11,3074.06,18.77,79.2,455.7,5.75,10.3,Dolomite,28.5,8.68
VOLVE_15_9_F11,3075.04,23.52,85.6,474.6,3.74,10.7,Dolomite,28.52,10.04
VOLVE_15_9_F11,3075.45,22.06,59.9,343.8,5.94,10.39,Dolomite,28.56,8.17
VOLVE_15_9_F11,3076.28,19.18,90.8,474.3,3.56,10.77,Dolomite,28.59,8.32
VOLVE_15_9_F11,3076.75,20.13,88.8,565.4,4.69,10.41,Dolomite,28.63,9.69
VOLVE_15_9_F11,3077.58,22.42,111.0,487.1,5.64,10.32,Dolomite,28.65,11.45
VOLVE_15_9_F11,3078.23,23.03,81.7,468.5,4.94,10.82,Dolomite,28.67,8.97
VOLVE_15_9_F11,3078.87,17.47,100.2,445.2,5.82,10.3,Dolomite,28.71,7.48
VOLVE_15_9_F11,3079.72,20.56,75.2,465.5,4.85,10.19,Dolomite,28.73,7.35
VOLVE_15_9_F11,3080.47,22.72,107.8,517.6,5.47,10.31,Dolomite,28.77,9.7
VOLVE_15_9_F11,3081.45,25.35,104.0,442.3,2.99,10.51,Dolomite,28.81,8.28
VOLVE_15_9_F11,3081.94,24.43,99.3,503.9,6.17,10.33,Dolomite,28.83,7.59
VOLVE_15_9_F11,3082.9,21.19,83.2,474.7,7.41,10.44,Dolomite,28.85,8.81
VOLVE_15_9_F11,3083.77,24.83,79.0,521.2,4.83,10.22,Dolomite,28.86,9.88
VOLVE_15_9_F11,3084.36,21.55,76.7,499.7,5.88,10.69,Dolomite,28.91,10.22
VOLVE_15_9_F11,3084.96,14.53,67.7,463.8,3.33,10.59,Dolomite,28.96,7.39
VOLVE_15_9_F11,3085.88,25.95,89.3,461.2,6.86,10.34,Dolomite,29.0,9.98
VOLVE_15_9_F11,3086.55,23.49,78.6,443.6,5.92,10.18,Dolomite,29.03,9.55
VOLVE_15_9_F11,3087.02,22.82,88.0,495.3,4.93,10.39,Dolomite,29.06,9.36
VOLVE_15_9_F11,3087.26,22.37,84.8,432.6,4.77,10.63,Dolomite,29.1,8.12
VOLVE_15_9_F11,3087.7,23.11,66.2,460.7,5.85,10.69,Dolomite,29.15,10.72
VOLVE_15_9_F11,3088.07,22.37,98.2,448.4,5.54,10.49,Dolomite,29.16,8.24
VOLVE_15_9_F11,3088.37,21.63,83.7,402.5,3.72,10.45,Dolomite,29.18,8.94
VOLVE_15_9_F11,3089.11,20.72,95.2,465.0,3.46,10.44,Dolomite,29.2,8.12
VOLVE_15_9_F11,3089.63,22.55,64.8,395.2,5.71,10.58,Dolomite,29.24,8.3
VOLVE_15_9_F11,3089.9,20.16,70.8,438.3,3.96,10.66,Dolomite,29.27,8.59
VOLVE_15_9_F11,3090.37,19.51,76.4,482.9,4.94,10.51,Dolomite,29.29,8.26
VOLVE_15_9_F11,3090.68,23.04,85.9,462.9,6.07,10.47,Dolomite,29.33,7.9
VOLVE_15_9_F11,3091.36,24.82,80.7,462.3,4.0,10.65,Dolomite,29.35,8.69
VOLVE_15_9_F11,3091.9,20.38,102.7,421.6,4.16,10.75,Dolomite,29.37,9.7
VOLVE_15_9_F11,3092.85,20.82,97.8,498.1,7.29,10.49,Dolomite,29.4,7.78
VOLVE_15_9_F11,3093.53,18.13,71.3,420.7,4.21,10.54,Dolomite,29.45,9.41
VOLVE_15_9_F11,3094.34,19.09,126.5,484.4,6.84,10.42,Dolomite,29.48,9.54
VOLVE_15_9_F11,3094.81,19.18,81.0,508.1,7.95,10.54,Dolomite,29.53,9.56
VOLVE_15_9_F11,3095.62,24.82,101.6,395.0,6.05,10.39,Dolomite,29.58,8.36
VOLVE_15_9_F11,3096.4,18.04,78.0,439.9,3.76,10.75,Dolomite,29.59,7.84
VOLVE_15_9_F11,3097.4,23.54,91.6,436.3,5.65,10.67,Dolomite,29.62,8.35
VOLVE_15_9_F11,3098.13,21.73,96.5,467.1,5.18,10.79,Dolomite,29.64,9.3
VOLVE_15_9_F11,3099.06,23.91,59.7,418.5,5.13,10.45,Dolomite,29.67,7.19
VOLVE_15_9_F11,3099.95,25.32,108.5,409.6,6.77,10.84,Dolomite,29.7,8.87
VOLVE_15_9_F11,3100.89,22.33,70.5,454.1,6.07,10.57,Dolomite,29.74,10.64
VOLVE_15_9_F11,3101.55,25.24,77.0,433.8,3.02,10.51,Dolomite,29.78,9.33
VOLVE_15_9_F11,3101.93,26.28,73.2,450.4,6.89,10.72,Dolomite,29.79,9.46
VOLVE_15_9_F11,3102.59,25.78,73.7,491.9,5.75,10.38,Dolomite,29.81,9.49
VOLVE_15_9_F11,3103.53,20.73,74.4,391.5,4.29,10.54,Dolomite,29.84,9.41
VOLVE_15_9_F11,3104.51,17.49,64.3,451.7,5.42,10.51,Dolomite,29.86,7.52
VOLVE_15_9_F11,3105.47,22.11,93.7,432.6,4.13,10.6,Dolomite,29.87,9.69
VOLVE_15_9_F11,3106.02,22.87,84.0,457.2,4.11,10.47,Dolomite,29.92,6.45
VOLVE_15_9_F11,3106.86,17.54,80.2,432.7,6.05,10.45,Dolomite,29.95,7.96
VOLVE_15_9_F11,3107.45,22.58,97.5,409.0,5.57,10.48,Dolomite,29.98,8.59
VOLVE_15_9_F11,3108.21,16.0,108.7,471.9,6.95,10.49,Dolomite,30.0,7.97
VOLVE_15_9_F11,3108.75,26.3,58.8,567.1,4.43,10.55,Dolomite,30.04,9.68
VOLVE_15_9_F11,3109.19,23.63,106.6,452.2,6.08,10.73,Dolomite,30.09,9.22
VOLVE_15_9_F11,3109.75,20.39,81.9,427.2,5.53,10.21,Dolomite,30.11,8.3
VOLVE_15_9_F11,3110.19,22.76,62.0,427.1,5.46,10.65,Dolomite,30.13,7.31
VOLVE_15_9_F11,3110.73,23.07,88.4,493.6,6.15,10.47,Dolomite,30.17,8.74
VOLVE_15_9_F11,3111.47,23.65,80.5,421.1,5.89,10.51,Dolomite,30.21,6.68
VOLVE_15_9_F11,3111.83,22.62,95.1,508.2,5.49,10.37,Dolomite,30.25,9.05
VOLVE_15_9_F11,3112.58,24.81,84.4,390.8,3.17,10.54,Dolomite,30.28,7.09
VOLVE_15_9_F11,3112.83,19.28,87.6,463.9,6.09,10.48,Dolomite,30.32,10.0
VOLVE_15_9_F11,3113.04,22.13,75.7,482.8,2.28,10.5,Dolomite,30.36,9.08
VOLVE_15_9_F11,3113.42,26.92,66.8,486.7,3.94,10.63,Dolomite,30.39,9.66
VOLVE_15_9_F11,3113.78,21.58,93.3,483.9,4.5,10.63,Dolomite,30.43,7.6
VOLVE_15_9_F11,3114.65,23.06,74.3,466.9,6.27,10.75,Dolomite,30.45,9.46
VOLVE_15_9_F11,3115.46,19.97,88.2,502.4,4.85,10.45,Dolomite,30.48,8.05
VOLVE_15_9_F11,3116.19,27.86,104.5,416.6,8.32,10.64,Dolomite,30.5,10.01
VOLVE_15_9_F11,3116.95,23.18,79.8,430.5,3.62,10.63,Dolomite,30.53,8.24
VOLVE_15_9_F11,3117.68,19.32,92.7,440.1,3.81,10.55,Dolomite,30.57,6.86
VOLVE_15_9_F11,3118.55,25.2,81.7,515.6,2.79,10.79,Dolomite,30.59,7.91
VOLVE_15_9_F11,3119.17,19.79,76.7,474.9,3.56,10.44,Dolomite,30.61,8.83
VOLVE_15_9_F11,3119.39,24.19,58.8,483.5,4.3,10.56,Dolomite,30.64,8.83
VOLVE_15_9_F11,3120.28,25.06,81.6,449.1,7.24,10.59,Dolomite,30.66,7.7
VOLVE_15_9_F11,3120.85,27.55,79.7,488.9,6.93,10.36,Dolomite,30.68,10.58
VOLVE_15_9_F11,3121.8,23.05,69.1,394.2,5.4,10.73,Dolomite,30.72,7.66
VOLVE_15_9_F11,3122.71,22.61,51.7,439.9,4.44,10.52,Dolomite,30.75,6.3
VOLVE_15_9_F11,3123.23,17.43,57.1,447.6,5.34,10.61,Dolomite,30.8,6.83
VOLVE_15_9_F11,3124.18,21.36,109.0,437.3,7.08,10.78,Dolomite,30.84,7.64
VOLVE_15_9_F11,3124.42,20.71,82.8,443.4,4.33,10.57,Dolomite,30.87,7.53
VOLVE_15_9_F11,3125.15,22.05,60.6,478.1,4.24,10.55,Dolomite,30.89,7.55
VOLVE_15_9_F11,3125.9,21.2,73.2,465.8,4.49,10.55,Dolomite,30.91,8.72
VOLVE_15_9_F11,3126.77,24.47,82.3,504.0,3.36,10.39,Dolomite,30.94,9.59
VOLVE_15_9_F11,3127.35,21.11,88.9,372.8,6.69,10.49,Dolomite,30.97,9.56
VOLVE_15_9_F11,3127.74,23.7,78.7,515.8,4.61,10.52,Dolomite,30.99,9.6
VOLVE_15_9_F11,3127.98,22.22,112.5,430.3,5.34,10.56,Dolomite,31.02,7.1
VOLVE_15_9_F11,3128.55,20.96,113.2,508.9,7.33,10.75,Dolomite,31.04,7.88
VOLVE_15_9_F11,3129.11,20.73,87.9,439.6,4.54,10.68,Dolomite,31.07,9.39
VOLVE_15_9_F11,3129.6,23.1,76.7,471.0,6.75,10.46,Dolomite,31.08,8.23
VOLVE_15_9_F11,3130.31,25.95,87.9,413.2,3.56,10.54,Dolomite,31.11,8.63
VOLVE_15_9_F11,3130.93,20.7,,407.6,5.47,10.75,Dolomite,31.14,8.13
VOLVE_15_9_F11,3131.22,22.64,97.2,479.5,4.96,10.29,Dolomite,31.18,10.41
VOLVE_15_9_F11,3131.46,23.74,84.7,349.7,3.51,10.51,Dolomite,31.22,8.72
VOLVE_15_9_F11,3132.37,22.48,64.1,407.7,3.62,10.35,Dolomite,31.26,6.87
VOLVE_15_9_F11,3133.17,18.13,73.4,486.9,4.9,10.91,Dolomite,31.3,6.56
VOLVE_15_9_F11,3133.74,23.73,90.8,439.7,4.35,10.66,Dolomite,31.31,7.57
VOLVE_15_9_F11,3134.34,18.77,57.2,421.0,5.01,10.47,Dolomite,31.36,8.5
VOLVE_15_9_F11,3134.63,18.81,68.8,517.2,3.83,10.54,Dolomite,31.38,8.75
VOLVE_15_9_F11,3135.04,19.28,75.2,531.2,2.92,10.42,Dolomite,31.42,8.21
VOLVE_15_9_F11,3135.9,22.14,96.8,456.3,6.61,10.84,Dolomite,31.44,7.39
VOLVE_15_9_F11,3136.2,20.14,107.9,507.2,5.78,10.2,Dolomite,31.46,9.93
VOLVE_15_9_F11,3136.48,18.96,87.8,517.0,2.86,10.59,Dolomite,31.5,8.42
VOLVE_15_9_F11,3137.13,23.5,40.0,455.6,5.5,10.54,Dolomite,31.52,6.53
VOLVE_15_9_F11,3138.0,22.48,65.4,435.8,5.15,10.39,Dolomite,31.55,7.94
VOLVE_15_9_F11,3138.5,24.45,134.6,459.8,5.7,10.51,Dolomite,31.56,10.22
VOLVE_15_9_F11,3139.22,20.73,84.5,398.1,4.66,10.3,Dolomite,31.57,7.71
VOLVE_15_9_F11,3140.14,22.4,43.1,479.0,6.27,10.78,Dolomite,31.62,6.34
VOLVE_15_9_F11,3141.06,24.57,117.7,443.1,6.36,10.55,Dolomite,31.66,9.61
VOLVE_15_9_F11,3141.63,19.28,62.1,458.5,6.33,10.68,Dolomite,31.69,7.89
VOLVE_15_9_F11,3142.07,20.91,90.7,458.0,5.81,10.47,Dolomite,31.72,6.59
VOLVE_15_9_F11,3142.73,25.05,64.9,422.4,5.51,10.75,Dolomite,31.73,8.06
VOLVE_15_9_F11,3143.66,22.62,115.2,454.9,4.85,10.55,Dolomite,31.77,8.14
VOLVE_15_9_F11,3144.41,22.2,60.9,401.9,5.1,10.71,Dolomite,31.79,8.1
VOLVE_15_9_F11,3145.37,22.49,73.4,437.0,6.35,10.63,Dolomite,31.81,6.58
VOLVE_15_9_F11,3146.04,25.64,97.9,411.8,5.87,10.54,Dolomite,31.83,7.72
VOLVE_15_9_F11,3146.25,22.52,73.8,421.2,7.46,10.7,Dolomite,31.85,5.93
VOLVE_15_9_F11,3146.81,22.7,89.4,366.0,6.61,11.18,Dolomite,31.9,8.59
VOLVE_15_9_F11,3147.73,22.55,94.6,439.1,4.01,10.38,Dolomite,31.93,7.03
VOLVE_15_9_F11,3147.96,18.55,84.8,475.7,4.36,10.53,Dolomite,31.95,6.62
VOLVE_15_9_F11,3148.66,23.85,65.5,463.4,5.94,10.36,Dolomite,31.98,8.19
VOLVE_15_9_F11,3149.16,20.54,70.3,499.7,3.07,10.61,Dolomite,32.01,7.72
VOLVE_15_9_F11,3149.68,19.44,76.4,418.2,4.76,10.58,Dolomite,32.03,8.33
VOLVE_15_9_F11,3150.34,18.24,90.9,437.2,3.89,10.84,Dolomite,32.08,8.46
VOLVE_15_9_F11,3150.86,18.76,94.3,493.0,5.15,10.51,Dolomite,32.11,9.31
VOLVE_15_9_F11,3151.8,16.93,85.2,452.8,3.69,10.69,Dolomite,32.13,9.3
VOLVE_15_9_F11,3152.24,20.05,92.7,463.7,6.46,10.24,Dolomite,32.16,9.72
VOLVE_15_9_F11,3153.05,21.53,58.2,540.9,4.2,10.57,Dolomite,32.2,8.16
VOLVE_15_9_F11,3153.32,25.27,86.6,446.1,6.37,10.42,Dolomite,32.22,9.03
VOLVE_15_9_F11,3153.79,22.77,81.1,436.9,3.47,10.64,Dolomite,32.27,8.86
VOLVE_15_9_F11,3154.12,23.25,89.5,416.6,5.07,10.72,Dolomite,32.28,6.26
VOLVE_15_9_F11,3154.49,25.82,93.4,444.7,4.19,10.46,Dolomite,32.3,8.79
VOLVE_15_9_F11,3155.15,15.49,66.3,497.2,5.82,10.63,Dolomite,32.35,5.45
VOLVE_15_9_F11,3155.62,23.6,80.5,479.3,4.4,10.5,Dolomite,32.37,7.75
VOLVE_15_9_F11,3155.86,23.41,102.1,513.6,5.53,10.56,Dolomite,32.38,7.76
VOLVE_15_9_F11,3156.75,24.69,86.7,470.7,5.94,10.61,Dolomite,32.39,9.16
VOLVE_15_9_F11,3157.49,18.14,80.6,366.7,3.95,10.4,Dolomite,32.43,8.07
VOLVE_15_9_F11,3158.45,21.2,63.8,481.5,3.43,10.4,Dolomite,32.46,8.96
VOLVE_15_9_F11,3159.29,20.31,90.2,460.5,5.4,10.68,Dolomite,32.5,7.21
VOLVE_15_9_F11,3159.94,19.42,61.2,456.4,2.35,10.45,Dolomite,32.53,6.75
VOLVE_15_9_F11,3160.51,28.42,79.4,505.1,7.36,10.75,Dolomite,32.57,10.23
VOLVE_15_9_F11,3161.47,21.23,74.7,445.3,4.87,10.29,Dolomite,32.62,7.5
VOLVE_15_9_F11,3162.01,24.97,88.0,479.5,3.8,10.69,Dolomite,32.66,7.98
VOLVE_15_9_F11,3162.64,24.41,73.1,413.3,4.98,10.56,Dolomite,32.68,8.91
VOLVE_15_9_F11,3163.11,19.05,77.2,395.6,5.57,10.54,Dolomite,32.72,8.04
VOLVE_15_9_F11,3163.53,21.34,68.4,432.4,3.97,10.58,Dolomite,32.75,8.71
VOLVE_15_9_F11,3164.41,22.81,78.4,443.8,2.9,10.34,Dolomite,32.79,8.58
VOLVE_15_9_F11,3164.81,23.65,85.3,478.3,5.26,10.72,Dolomite,32.82,8.14
VOLVE_15_9_F11,3165.12,23.49,76.9,412.4,6.18,10.49,Dolomite,32.84,9.58
VOLVE_15_9_F11,3165.9,27.05,77.4,516.6,5.87,10.43,Dolomite,32.88,9.88
VOLVE_15_9_F11,3166.78,24.94,84.6,417.7,6.0,10.88,Dolomite,32.91,8.29
VOLVE_15_9_F11,3167.72,24.31,97.1,452.8,6.79,10.5,Dolomite,32.96,9.85
VOLVE_15_9_F11,3168.45,25.09,93.2,456.8,7.56,10.43,Dolomite,32.98,9.05
VOLVE_15_9_F11,3168.93,26.06,62.7,468.3,2.05,10.68,Dolomite,33.02,6.94
VOLVE_15_9_F11,3169.54,21.12,93.6,474.4,3.71,10.6,Dolomite,33.05,8.41
VOLVE_15_9_F11,3169.89,,102.6,546.8,5.43,10.71,Dolomite,33.09,10.43
VOLVE_15_9_F11,3170.26,21.16,92.7,432.2,5.63,10.57,Dolomite,33.11,9.3
VOLVE_15_9_F11,3171.18,19.25,45.9,468.9,2.56,10.7,Dolomite,33.14,7.12
VOLVE_15_9_F11,3172.06,20.23,86.0,453.0,4.17,10.87,Dolomite,33.18,6.97
VOLVE_15_9_F11,3172.48,22.94,102.8,495.7,7.67,10.44,Dolomite,33.21,7.9
VOLVE_15_9_F11,3172.98,21.31,75.3,474.3,4.62,10.49,Dolomite,33.25,7.8
VOLVE_15_9_F11,3173.95,24.32,125.6,465.1,6.32,10.32,Dolomite,33.3,8.79
VOLVE_15_9_F11,3174.46,23.46,49.4,396.6,7.0,10.62,Dolomite,33.33,7.37
VOLVE_15_9_F11,3174.93,23.61,84.3,438.2,5.5,10.58,Dolomite,33.37,8.47
VOLVE_15_9_F11,3175.29,19.54,92.9,417.3,6.1,10.75,Dolomite,33.42,6.57
VOLVE_15_9_F11,3175.81,20.51,84.6,438.5,5.8,10.55,Dolomite,33.44,7.27
VOLVE_15_9_F11,3176.3,17.93,84.4,423.3,4.48,10.55,Dolomite,33.47,7.17
VOLVE_15_9_F11,3177.09,24.13,66.5,435.6,4.7,10.59,Dolomite,33.52,8.34
VOLVE_15_9_F11,3177.57,27.52,73.4,439.9,7.0,10.52,Dolomite,33.55,9.08
VOLVE_15_9_F11,3178.14,23.16,90.7,440.6,5.43,10.61,Dolomite,33.58,7.36
VOLVE_15_9_F11,3178.59,23.38,50.3,444.6,3.65,10.59,Dolomite,33.59,6.04
VOLVE_15_9_F11,3179.05,21.39,95.6,419.2,6.66,10.64,Dolomite,33.61,7.31
VOLVE_15_9_F11,3179.45,22.18,80.3,457.8,1.78,10.53,Dolomite,33.65,8.76
VOLVE_15_9_F11,3180.05,25.91,90.3,420.3,7.58,10.64,Dolomite,33.7,8.26
VOLVE_15_9_F11,3180.59,22.95,94.7,432.4,5.26,10.65,Dolomite,33.74,8.42
VOLVE_15_9_F11,3180.84,24.32,138.0,454.4,6.27,10.51,Dolomite,33.78,9.83
VOLVE_15_9_F11,3181.78,25.98,103.0,353.1,5.98,10.55,Dolomite,33.82,9.86
VOLVE_15_9_F11,3182.26,25.48,64.0,556.0,6.85,10.53,Dolomite,33.85,7.23
VOLVE_15_9_F11,3183.07,22.81,114.5,477.4,5.98,10.38,Dolomite,33.87,10.34
VOLVE_15_9_F11,3183.99,23.0,41.3,469.2,4.66,10.49,Dolomite,33.9,7.63
VOLVE_15_9_F11,3184.2,21.77,75.4,435.5,3.95,10.68,Dolomite,33.95,9.29
VOLVE_15_9_F11,3184.5,23.99,84.6,460.1,4.57,10.69,Dolomite,33.98,9.72
VOLVE_15_9_F11,3184.85,21.71,77.2,408.0,5.88,10.61,Dolomite,34.02,7.83
VOLVE_15_9_F11,3185.76,23.62,86.3,476.0,5.69,10.41,Dolomite,34.06,7.7
VOLVE_15_9_F11,3186.4,25.34,79.5,389.0,7.5,10.71,Dolomite,34.08,8.85
VOLVE_15_9_F11,3186.85,18.53,101.3,405.6,4.21,10.84,Dolomite,34.1,6.48
VOLVE_15_9_F11,3187.08,18.1,74.8,428.0,3.37,10.65,Dolomite,34.13,7.43
VOLVE_15_9_F11,3187.31,22.64,80.3,516.8,5.6,10.56,Dolomite,34.16,7.62
VOLVE_15_9_F11,3187.97,24.42,108.6,,5.72,10.43,Dolomite,34.18,8.52
VOLVE_15_9_F11,3188.73,23.47,96.6,469.7,4.12,10.56,Dolomite,34.21,6.29
VOLVE_15_9_F11,3189.24,19.73,79.5,373.9,4.35,10.49,Dolomite,34.25,7.26
VOLVE_15_9_F11,3189.67,25.01,89.1,457.4,6.43,10.53,Dolomite,34.29,8.71
VOLVE_15_9_F11,3190.52,27.53,110.1,525.8,4.55,10.76,Dolomite,34.33,8.84
VOLVE_15_9_F11,3191.41,20.59,61.3,476.4,3.41,10.7,Dolomite,34.37,7.14
VOLVE_15_9_F11,3191.92,20.96,65.7,373.5,4.0,10.51,Dolomite,34.41,6.14
VOLVE_15_9_F11,3192.72,22.83,73.4,458.1,4.31,10.58,Dolomite,34.44,8.58
VOLVE_15_9_F11,3193.61,22.46,85.3,437.8,6.25,10.56,Dolomite,34.45,8.17
VOLVE_15_9_F11,3194.12,25.78,96.5,505.4,5.1,10.5,Dolomite,34.48,11.17
VOLVE_15_9_F11,3194.44,23.49,70.5,452.4,7.13,10.36,Dolomite,34.52,8.44
VOLVE_15_9_F11,3194.94,22.05,67.9,398.8,3.75,10.69,Dolomite,34.54,7.75
VOLVE_15_9_F11,3195.19,21.31,62.3,450.9,5.29,10.74,Dolomite,34.59,6.91
VOLVE_15_9_F11,3195.42,18.96,67.9,428.5,4.68,10.47,Dolomite,34.62,8.39
VOLVE_15_9_F11,3196.28,26.21,72.2,370.0,5.45,10.47,Dolomite,34.64,7.4
VOLVE_15_9_F11,3197.16,24.36,49.6,449.4,1.98,10.7,Dolomite,34.67,8.73
VOLVE_15_9_F11,3197.88,22.57,73.6,456.6,3.82,10.47,Dolomite,34.71,9.6
VOLVE_15_9_F11,3198.76,23.07,66.3,471.7,4.87,10.36,Dolomite,34.74,7.22
VOLVE_15_9_F11,3199.71,22.53,79.5,497.1,2.86,10.5,Dolomite,34.75,7.65
VOLVE_15_9_F11,3200.46,18.39,107.5,445.2,1.76,10.77,Dolomite,34.78,6.8
VOLVE_15_9_F11,3201.39,19.25,58.1,396.4,3.12,10.49,Dolomite,34.8,5.35
VOLVE_15_9_F11,3202.32,22.3,97.2,422.9,5.87,10.47,Dolomite,34.83,8.46
VOLVE_15_9_F11,3202.74,22.26,107.0,455.7,6.18,10.5,Dolomite,34.87,8.48
VOLVE_15_9_F11,3203.7,22.78,96.5,505.0,4.03,10.4,Dolomite,34.89,9.15
VOLVE_15_9_F11,3204.69,27.06,87.1,456.6,5.5,10.37,Dolomite,34.92,8.64
VOLVE_15_9_F11,3205.12,22.1,101.7,451.1,6.02,10.53,Dolomite,34.96,9.27
VOLVE_15_9_F11,3205.82,20.92,91.5,447.0,6.84,10.36,Dolomite,34.99,8.04
VOLVE_15_9_F11,3206.19,22.96,98.6,456.1,7.09,10.51,Dolomite,35.01,8.23
VOLVE_15_9_F11,3206.71,19.33,83.8,532.8,6.09,10.61,Dolomite,35.04,7.93
VOLVE_15_9_F11,3207.41,23.22,66.1,453.0,4.43,10.63,Dolomite,35.09,8.25
VOLVE_15_9_F11,3207.64,21.02,99.4,445.9,5.32,10.55,Dolomite,35.13,7.67
VOLVE_15_9_F11,3208.35,23.4,121.1,457.9,6.01,10.39,Dolomite,35.15,9.77
VOLVE_15_9_F11,3208.94,22.39,76.9,429.4,4.91,10.51,Dolomite,35.2,7.0
VOLVE_15_9_F11,3209.24,22.48,82.3,394.0,3.61,10.62,Dolomite,35.22,7.25
VOLVE_15_9_F11,3209.99,24.41,83.7,386.8,7.18,10.66,Dolomite,35.24,6.25
VOLVE_15_9_F11,3210.94,24.68,59.9,427.4,5.64,10.53,Dolomite,35.27,7.33
VOLVE_15_9_F11,3211.15,27.93,69.2,503.7,6.6,10.46,Dolomite,35.32,7.33
VOLVE_15_9_F11,3211.7,24.58,86.5,503.1,6.3,10.58,Dolomite,35.34,8.94
VOLVE_15_9_F11,3212.0,22.24,80.6,411.8,4.69,10.52,Dolomite,35.36,8.15
VOLVE_15_9_F11,3212.36,21.27,82.2,450.1,3.35,10.42,Dolomite,35.37,8.88
VOLVE_15_9_F11,3212.96,23.72,82.4,461.7,6.27,10.62,Dolomite,35.4,9.84
VOLVE_15_9_F11,3213.39,26.51,80.2,427.4,6.41,10.57,Dolomite,35.43,8.0
VOLVE_15_9_F11,3214.11,25.0,70.5,508.8,5.65,10.41,Dolomite,35.46,7.33
VOLVE_15_9_F11,3214.52,21.08,88.5,486.9,7.81,10.48,Dolomite,35.48,8.71
VOLVE_15_9_F11,3215.34,23.99,86.9,470.9,4.78,10.54,Dolomite,35.5,7.77
VOLVE_15_9_F11,3215.69,23.42,68.8,459.2,4.76,10.34,Dolomite,35.54,7.09
VOLVE_15_9_F11,3216.61,25.49,88.2,393.9,5.86,10.46,Dolomite,35.56,8.1
VOLVE_15_9_F11,3217.13,23.62,72.6,510.7,4.62,10.67,Dolomite,35.57,7.3
VOLVE_15_9_F11,3217.38,23.53,91.8,479.7,5.21,10.5,Dolomite,35.59,10.38
VOLVE_15_9_F11,3217.66,19.92,81.3,472.8,6.25,10.45,Dolomite,35.63,7.34
VOLVE_15_9_F11,3218.28,24.85,87.9,426.9,4.78,10.74,Dolomite,35.67,8.01
VOLVE_15_9_F11,3219.21,19.4,84.6,430.4,4.32,10.63,Dolomite,35.68,8.25
VOLVE_15_9_F11,3219.82,23.1,81.1,476.2,5.99,10.68,Dolomite,35.71,10.23
VOLVE_15_9_F11,3220.38,21.5,86.9,500.5,3.65,10.46,Dolomite,35.75,7.84
VOLVE_15_9_F11,3221.2,21.36,94.6,525.4,5.24,10.53,Dolomite,35.79,6.36
VOLVE_15_9_F11,3221.58,24.34,83.8,427.0,5.29,10.57,Dolomite,35.83,7.89
VOLVE_15_9_F11,3222.33,22.88,83.5,450.1,6.06,10.61,Dolomite,35.84,6.32
VOLVE_15_9_F11,3222.7,16.91,76.6,372.7,5.64,10.92,Dolomite,35.86,6.2
VOLVE_15_9_F11,3223.58,22.4,54.7,358.0,4.64,10.59,Dolomite,35.91,8.34
VOLVE_15_9_F11,3224.48,21.93,82.4,477.4,5.11,10.74,Dolomite,35.95,7.05
VOLVE_15_9_F11,3224.84,26.04,62.9,422.3,5.25,10.92,Dolomite,35.99,6.43
VOLVE_15_9_F11,3225.15,19.79,73.4,377.5,4.51,10.83,Dolomite,36.02,7.8
VOLVE_15_9_F11,3225.93,27.7,68.9,409.9,7.08,10.6,Dolomite,36.05,7.72
VOLVE_15_9_F11,3226.65,25.05,71.2,470.2,5.92,10.75,Dolomite,36.07,9.07
VOLVE_15_9_F11,3227.35,22.21,72.1,471.8,6.6,10.59,Dolomite,36.11,7.38
VOLVE_15_9_F11,3227.96,21.86,89.2,391.0,4.25,10.57,Dolomite,36.14,8.26
VOLVE_15_9_F11,3228.26,21.32,86.9,505.9,6.72,10.7,Dolomite,36.16,6.6
VOLVE_15_9_F11,3229.04,23.71,83.6,428.6,5.53,10.71,Dolomite,36.2,6.79
VOLVE_15_9_F11,3229.37,20.95,100.1,467.5,6.21,10.65,Dolomite,36.25,7.94
VOLVE_15_9_F11,3230.0,22.63,127.8,458.0,3.66,10.55,Dolomite,36.28,8.07
VOLVE_15_9_F11,3230.48,20.21,89.5,456.0,7.11,10.5,Dolomite,36.29,10.4
VOLVE_15_9_F11,3230.94,24.71,95.5,419.0,6.19,10.4,Dolomite,36.33,9.25
VOLVE_15_9_F11,3231.81,23.35,86.1,455.5,7.63,10.6,Dolomite,36.36,9.1
VOLVE_15_9_F11,3232.37,21.76,91.6,467.2,6.67,10.61,Dolomite,36.39,7.92
VOLVE_15_9_F11,3232.97,22.33,57.6,448.5,2.42,10.7,Dolomite,36.44,5.49
VOLVE_15_9_F11,3233.89,21.2,41.3,460.5,6.35,10.36,Dolomite,36.47,8.32
VOLVE_15_9_F11,3234.53,23.72,50.2,500.5,5.11,10.59,Dolomite,36.49,5.5
VOLVE_15_9_F11,3235.37,19.8,72.5,437.6,5.64,10.55,Dolomite,36.54,6.66
VOLVE_15_9_F11,3236.26,25.2,102.4,482.6,6.45,10.57,Dolomite,36.58,9.22
VOLVE_15_9_F11,3237.02,23.38,85.7,448.1,5.27,10.77,Dolomite,36.6,10.45
VOLVE_15_9_F11,3237.34,21.83,76.0,513.5,4.62,10.77,Dolomite,36.62,9.42
VOLVE_15_9_F11,3237.63,24.42,90.4,400.2,6.4,10.73,Dolomite,36.65,8.52
VOLVE_15_9_F11,3238.18,23.92,87.2,508.6,4.46,10.59,Dolomite,36.68,10.26
VOLVE_15_9_F11,3238.43,20.34,61.6,435.2,4.79,10.55,Dolomite,36.72,6.48
VOLVE_15_9_F11,3238.87,26.22,88.9,540.9,7.38,10.76,Dolomite,36.74,9.2
VOLVE_15_9_F11,3239.24,16.72,94.4,473.9,3.46,10.84,Dolomite,36.76,8.52
VOLVE_15_9_F11,3239.47,25.68,113.4,490.5,5.77,10.82,Dolomite,36.78,7.37
VOLVE_15_9_F11,3239.99,22.55,80.7,450.0,6.64,10.65,Dolomite,36.82,8.07
VOLVE_15_9_F11,3240.39,25.44,107.3,483.7,4.92,10.59,Dolomite,36.83,9.01
VOLVE_15_9_F11,3240.67,26.56,75.8,483.7,3.24,10.68,Dolomite,36.87,8.29
VOLVE_15_9_F11,3241.45,21.9,116.8,450.8,3.34,10.69,Dolomite,36.91,6.96
VOLVE_15_9_F11,3242.38,22.02,73.0,487.1,4.51,10.52,Dolomite,36.93,7.94
VOLVE_15_9_F11,3243.08,23.76,91.5,322.1,7.53,10.55,Dolomite,36.98,7.86
VOLVE_15_9_F11,3244.02,20.14,86.2,430.7,4.19,11.04,Dolomite,37.01,6.69
VOLVE_15_9_F11,3244.36,22.15,104.2,457.3,5.21,10.52,Dolomite,37.03,8.83
VOLVE_15_9_F11,3245.17,21.94,102.2,476.6,5.57,,Dolomite,37.08,9.39
VOLVE_15_9_F11,3245.7,20.02,66.2,495.4,6.12,10.5,Dolomite,37.13,6.51
VOLVE_15_9_F11,3246.29,21.81,76.8,446.4,,10.56,Dolomite,37.14,8.05
VOLVE_15_9_F11,3247.02,24.87,113.8,440.9,5.76,10.44,Dolomite,37.18,9.89
VOLVE_15_9_F11,3247.85,24.69,83.4,491.4,6.19,10.44,Dolomite,37.21,9.47
VOLVE_15_9_F11,3248.09,22.55,94.1,502.6,6.71,10.68,Dolomite,37.26,7.97
VOLVE_15_9_F11,3248.6,23.15,65.8,486.1,3.1,10.66,Dolomite,37.29,8.26
VOLVE_15_9_F11,3249.42,22.24,78.2,450.4,4.72,10.86,Dolomite,37.34,7.14
VOLVE_15_9_F11,3250.04,18.6,71.2,558.4,3.3,10.59,Dolomite,37.38,8.02
VOLVE_15_9_F11,3250.52,20.46,95.8,459.7,4.41,10.61,Dolomite,37.42,6.87
VOLVE_15_9_F11,3250.75,25.4,92.9,465.2,6.46,10.58,Dolomite,37.43,6.76
VOLVE_15_9_F11,3250.96,26.0,100.2,521.8,4.4,10.44,Dolomite,37.47,9.14
VOLVE_15_9_F11,3251.5,20.86,65.6,517.6,7.63,10.67,Dolomite,37.52,8.23
VOLVE_15_9_F11,3252.08,25.81,90.1,484.8,6.46,10.56,Dolomite,37.56,8.98
VOLVE_15_9_F11,3252.47,20.01,82.2,420.4,4.33,10.37,Dolomite,37.6,6.28
VOLVE_15_9_F11,3253.31,21.72,45.2,461.0,4.47,10.75,Dolomite,37.63,3.94
VOLVE_15_9_F11,3254.09,22.72,88.8,477.2,3.83,10.5,Dolomite,37.67,8.58
VOLVE_15_9_F11,3254.44,22.33,101.2,534.6,3.76,10.63,Dolomite,37.68,9.58
VOLVE_15_9_F11,3254.79,21.29,105.4,574.5,5.03,10.64,Dolomite,37.72,6.41
VOLVE_15_9_F11,3255.68,23.34,81.3,432.6,6.89,10.62,Dolomite,37.75,7.45
VOLVE_15_9_F11,3256.61,24.97,94.3,490.6,3.97,10.43,Dolomite,37.8,7.17
VOLVE_15_9_F11,3257.6,19.4,90.0,423.9,6.58,10.8,Dolomite,37.83,7.56
VOLVE_15_9_F11,3258.35,23.35,70.5,451.5,4.94,10.48,Dolomite,37.85,8.76
VOLVE_15_9_F11,3259.29,25.45,68.4,421.8,5.6,10.22,Dolomite,37.9,7.44
VOLVE_15_9_F11,3259.61,22.01,81.1,523.3,5.29,10.71,Dolomite,37.92,7.2
VOLVE_15_9_F11,3259.94,21.67,78.3,466.0,6.05,10.71,Dolomite,37.95,7.82
VOLVE_15_9_F11,3260.17,20.91,83.2,468.3,6.45,10.41,Dolomite,37.99,5.46
VOLVE_15_9_F11,3260.8,28.04,75.6,458.5,5.4,10.59,Dolomite,38.0,8.78
VOLVE_15_9_F11,3261.18,26.78,85.0,471.6,6.3,10.75,Dolomite,38.03,9.22
VOLVE_15_9_F11,3261.83,22.31,65.8,472.9,6.56,10.8,Dolomite,38.07,7.2
VOLVE_15_9_F11,3262.04,26.0,104.7,429.1,6.89,10.68,Dolomite,38.12,7.79
VOLVE_15_9_F11,3262.66,21.74,54.5,389.0,4.28,10.71,Dolomite,38.13,6.33
VOLVE_15_9_F11,3263.57,22.67,80.6,403.4,5.02,10.7,Dolomite,38.16,6.92
VOLVE_15_9_F11,3264.35,20.41,78.8,392.1,3.83,10.57,Dolomite,38.19,6.91
VOLVE_15_9_F11,3264.85,18.45,79.8,464.3,7.04,10.42,Dolomite,38.23,5.67
VOLVE_15_9_F11,3265.1,21.61,69.2,423.9,5.35,10.55,Dolomite,38.27,7.47
VOLVE_15_9_F11,3265.5,22.0,59.2,495.7,3.18,10.76,Dolomite,38.29,6.4
VOLVE_15_9_F11,3266.1,24.13,85.4,466.2,4.45,10.76,Dolomite,38.34,7.82
VOLVE_15_9_F11,3266.51,24.7,78.8,383.1,5.22,10.62,Dolomite,38.38,6.78
VOLVE_15_9_F11,3267.33,22.76,87.6,440.1,6.97,10.54,Dolomite,38.41,8.05
VOLVE_15_9_F11,3268.28,20.6,57.1,371.6,4.48,10.85,Dolomite,38.45,7.55
VOLVE_15_9_F11,3268.62,21.43,107.6,410.8,6.27,10.61,Dolomite,38.48,7.79
VOLVE_15_9_F11,3268.82,27.05,80.6,436.9,4.79,10.69,Dolomite,38.49,6.12
VOLVE_15_9_F11,3269.09,24.65,40.0,418.7,5.59,10.41,Dolomite,38.52,6.35
VOLVE_15_9_F11,3269.93,26.64,84.7,531.9,7.23,10.58,Dolomite,38.55,8.53
VOLVE_15_9_F11,3270.17,27.52,74.7,486.5,6.55,10.75,Dolomite,38.58,7.81
VOLVE_15_9_F11,3270.97,21.44,64.8,443.4,1.95,10.38,Dolomite,38.63,6.02
VOLVE_15_9_F11,3271.5,25.14,100.3,513.6,5.58,10.58,Dolomite,38.67,8.26
VOLVE_15_9_F11,3272.04,20.83,95.8,417.6,4.04,10.65,Dolomite,38.71,8.16
VOLVE_15_9_F11,3272.82,25.67,86.9,443.3,6.42,10.81,Dolomite,38.75,7.55
VOLVE_15_9_F11,3273.28,25.16,83.0,490.7,5.59,10.74,Dolomite,38.77,9.14
VOLVE_15_9_F11,3274.12,17.81,89.4,411.9,7.0,10.85,Dolomite,38.81,6.19
VOLVE_15_9_F11,3274.4,24.1,58.1,484.0,4.64,10.72,Dolomite,38.84,5.96
VOLVE_15_9_F11,3275.18,20.96,84.7,468.3,5.24,10.73,Dolomite,38.86,7.1
VOLVE_15_9_F11,3276.1,22.25,100.4,480.1,5.36,10.45,Dolomite,38.89,5.83
VOLVE_15_9_F11,3276.43,21.46,97.4,528.4,6.25,10.44,Dolomite,38.92,7.84
VOLVE_15_9_F11,3277.07,25.38,66.0,474.8,4.11,10.84,Dolomite,38.93,6.88
VOLVE_15_9_F11,3277.79,21.4,84.6,461.6,3.99,10.52,Dolomite,38.98,7.91
VOLVE_15_9_F11,3278.09,19.91,65.0,396.7,4.09,10.51,Dolomite,39.01,4.8
VOLVE_15_9_F11,3278.73,21.1,84.2,465.0,5.86,10.25,Dolomite,39.03,8.29
VOLVE_15_9_F11,3279.13,22.58,70.5,437.4,6.34,10.75,Dolomite,39.07,7.11
VOLVE_15_9_F11,3279.93,24.15,68.8,451.6,5.09,10.43,Dolomite,39.09,8.94
VOLVE_15_9_F11,3280.59,26.11,87.2,437.6,6.37,10.47,Dolomite,39.14,7.63
VOLVE_15_9_F11,3281.11,24.41,70.9,476.2,5.87,10.76,Dolomite,39.15,7.77
VOLVE_15_9_F11,3281.91,24.59,69.9,416.9,5.19,10.26,Dolomite,39.2,7.94
VOLVE_15_9_F11,3282.69,24.98,87.1,465.0,5.46,10.8,Dolomite,39.21,5.62
VOLVE_15_9_F11,3283.06,25.18,59.6,414.9,6.07,10.47,Dolomite,39.23,8.16
VOLVE_15_9_F11,3283.28,25.72,77.0,384.6,7.77,10.57,Dolomite,39.24,7.3
VOLVE_15_9_F11,3283.68,29.4,58.7,442.9,6.71,10.48,Dolomite,39.27,6.08
VOLVE_15_9_F11,3284.59,25.14,61.5,475.1,6.63,10.4,Dolomite,39.31,7.31
VOLVE_15_9_F11,3285.11,23.86,99.3,425.5,8.08,10.48,Dolomite,39.33,9.06
VOLVE_15_9_F11,3285.47,21.98,75.5,462.0,4.27,10.47,Dolomite,39.36,6.91
VOLVE_15_9_F11,3285.96,23.92,71.0,442.1,6.06,10.41,Dolomite,39.39,7.45
VOLVE_15_9_F11,3286.47,26.03,94.5,415.2,7.51,10.83,Dolomite,39.41,5.78
VOLVE_15_9_F11,3287.03,20.1,106.0,478.9,6.53,10.45,Dolomite,39.44,6.88
VOLVE_15_9_F11,3287.59,26.3,85.6,430.5,4.93,10.31,Limestone,39.48,10.83
VOLVE_15_9_F11,3288.03,22.09,97.1,471.6,4.49,10.29,Limestone,39.52,11.18
VOLVE_15_9_F11,3288.47,22.57,73.5,398.2,7.09,10.66,Limestone,39.55,9.39
VOLVE_15_9_F11,3289.31,24.46,82.6,462.1,5.94,10.34,Limestone,39.57,10.58
VOLVE_15_9_F11,3290.04,21.84,81.9,481.5,5.56,10.57,Limestone,39.6,9.24
VOLVE_15_9_F11,3290.78,24.31,86.6,470.7,5.51,10.89,Limestone,39.62,9.88
VOLVE_15_9_F11,3291.14,20.28,96.2,492.3,7.08,10.62,Limestone,39.63,8.74
VOLVE_15_9_F11,3292.13,25.36,59.7,482.4,6.35,10.65,Limestone,39.64,8.96
VOLVE_15_9_F11,3292.4,23.66,68.4,468.6,4.93,10.52,Limestone,39.65,9.43
VOLVE_15_9_F11,3293.14,23.16,74.5,490.4,6.3,10.6,Limestone,39.7,8.1
VOLVE_15_9_F11,3293.94,23.86,67.2,441.6,5.37,10.57,Limestone,39.73,11.53
VOLVE_15_9_F11,3294.35,23.13,85.2,477.4,6.41,10.64,Limestone,39.74,9.15
VOLVE_15_9_F11,3294.61,24.28,85.0,457.5,7.09,10.85,Limestone,39.77,10.03
VOLVE_15_9_F11,3295.4,22.66,82.6,530.6,6.76,10.53,Limestone,39.8,8.78
VOLVE_15_9_F11,3296.06,22.46,75.7,467.5,3.09,10.48,Limestone,39.83,6.22
VOLVE_15_9_F11,3297.03,18.77,102.0,405.2,5.84,10.59,Limestone,39.87,11.0
VOLVE_15_9_F11,3297.81,26.6,85.0,466.7,7.44,10.74,Limestone,39.88,10.41
VOLVE_15_9_F11,3298.76,20.29,79.5,418.5,4.16,10.55,Limestone,39.92,6.76
VOLVE_15_9_F11,3299.46,27.24,82.7,485.7,8.08,10.64,Limestone,39.94,9.35
VOLVE_15_9_F11,3300.06,22.59,92.9,486.5,6.17,10.68,Limestone,39.99,12.06
VOLVE_15_9_F11,3301.02,26.25,85.0,432.2,6.79,10.92,Limestone,0.03,16.93
VOLVE_15_9_F11,3301.87,25.81,68.8,415.1,6.5,10.74,Limestone,0.06,12.98
VOLVE_15_9_F11,3302.1,25.61,108.2,461.9,4.31,10.47,Limestone,0.08,16.87
VOLVE_15_9_F11,3302.77,23.33,88.7,420.4,6.62,10.27,Limestone,0.11,16.19
VOLVE_15_9_F11,3303.09,20.23,64.5,423.1,5.38,10.62,Limestone,0.14,14.8
VOLVE_15_9_F11,3304.04,22.76,54.5,436.4,4.33,10.5,Limestone,0.17,14.19
VOLVE_15_9_F11,3304.79,22.43,92.1,481.6,7.35,10.53,Limestone,0.22,14.88
VOLVE_15_9_F11,3305.35,22.97,101.1,397.3,3.31,10.45,Limestone,0.25,15.17
VOLVE_15_9_F11,3306.31,20.16,88.5,426.4,4.41,10.53,Limestone,0.27,14.31
VOLVE_15_9_F11,3306.78,22.51,90.9,552.6,7.13,10.52,Limestone,0.3,17.96
VOLVE_15_9_F11,3307.34,15.92,91.3,534.8,6.01,10.59,Limestone,0.31,14.61
VOLVE_15_9_F11,3307.86,22.48,81.8,505.0,4.61,10.5,Limestone,0.34,15.46
VOLVE_15_9_F11,3308.16,23.55,56.5,458.4,4.11,10.5,Limestone,0.38,14.27
VOLVE_15_9_F11,3308.48,21.28,71.2,486.7,4.79,10.68,Limestone,0.4,14.21
VOLVE_15_9_F11,3309.16,22.56,93.6,441.2,5.91,10.6,Limestone,0.42,17.56
VOLVE_15_9_F11,3309.41,23.64,90.5,348.4,5.07,10.6,Limestone,0.43,16.43
VOLVE_15_9_F11,3310.36,25.77,78.8,433.8,5.52,10.6,Limestone,0.46,17.28
VOLVE_15_9_F11,3310.82,25.88,73.5,437.7,5.66,10.47,Limestone,0.5,14.74
VOLVE_15_9_F11,3311.28,24.01,84.3,457.8,5.16,10.82,Limestone,0.54,16.37
VOLVE_15_9_F11,3311.59,23.17,76.6,475.9,4.84,10.91,Limestone,0.58,16.36
VOLVE_15_9_F11,3312.07,24.14,80.5,522.7,4.12,10.79,Limestone,0.62,15.07
VOLVE_15_9_F11,3312.82,27.75,83.7,457.9,5.87,10.34,Limestone,0.66,15.82
VOLVE_15_9_F11,3313.79,24.51,70.1,416.5,5.35,10.51,Limestone,0.69,14.18
VOLVE_15_9_F11,3314.14,23.91,93.7,448.8,4.59,10.71,Limestone,0.72,14.73
VOLVE_15_9_F11,3314.48,25.94,79.2,482.4,6.01,10.49,Limestone,0.76,17.47
VOLVE_15_9_F11,3314.79,23.38,89.0,452.1,7.0,10.5,Limestone,0.78,17.28
VOLVE_15_9_F11,3315.45,21.13,82.7,424.5,5.37,10.4,Limestone,0.81,14.96
VOLVE_15_9_F11,3315.75,24.41,104.8,477.6,6.44,10.55,Limestone,0.85,17.16
VOLVE_15_9_F11,3316.02,23.69,89.9,410.9,6.82,10.48,Limestone,0.86,15.46
VOLVE_15_9_F11,3316.81,22.72,87.8,421.5,5.47,10.25,Limestone,0.87,18.19
VOLVE_15_9_F11,3317.65,24.63,87.3,473.3,6.75,10.78,Limestone,0.91,15.97
VOLVE_15_9_F11,3318.1,18.74,113.0,425.2,2.77,10.67,Limestone,0.93,14.47
VOLVE_15_9_F11,3318.76,21.92,81.0,442.5,4.49,10.41,Limestone,0.96,15.25
VOLVE_15_9_F11,3319.56,21.08,84.2,457.3,3.99,10.74,Limestone,0.97,13.77
VOLVE_15_9_F11,3319.8,21.34,83.3,455.0,7.01,10.63,Limestone,1.01,15.9
VOLVE_15_9_F11,3320.5,22.9,52.2,417.9,5.75,10.78,Limestone,1.04,15.2
VOLVE_15_9_F11,3320.93,21.01,83.1,469.8,3.84,10.72,Limestone,1.06,14.92
VOLVE_15_9_F11,3321.46,27.48,96.9,419.9,4.91,10.49,Limestone,1.11,17.66
VOLVE_15_9_F11,3321.95,24.42,89.4,522.7,4.04,10.71,Limestone,1.12,14.51
VOLVE_15_9_F11,3322.72,21.3,104.4,440.6,6.03,10.71,Limestone,1.17,15.05
VOLVE_15_9_F11,3323.3,18.94,93.5,481.0,5.49,10.77,Limestone,1.22,15.28
VOLVE_15_9_F11,3324.1,21.84,89.2,486.0,4.95,10.76,Limestone,1.25,14.07
VOLVE_15_9_F11,3324.56,22.47,95.0,442.5,4.55,10.92,Limestone,1.3,16.0
VOLVE_15_9_F11,3325.19,21.71,87.2,418.0,5.37,10.75,Limestone,1.34,14.99
VOLVE_15_9_F11,3326.11,29.66,77.5,485.8,9.07,10.49,Limestone,1.37,17.9
VOLVE_15_9_F11,3326.66,19.17,79.8,399.7,4.61,10.64,Limestone,1.38,13.9
VOLVE_15_9_F11,3327.33,23.44,45.9,405.9,6.32,10.45,Limestone,1.4,13.38
VOLVE_15_9_F11,3328.06,22.99,105.6,480.9,5.44,10.79,Limestone,1.41,13.95
VOLVE_15_9_F11,3328.99,22.69,78.7,448.6,6.53,10.48,Limestone,1.44,14.47
VOLVE_15_9_F11,3329.7,18.47,66.0,428.4,5.52,10.94,Limestone,1.45,14.08
VOLVE_15_9_F11,3330.39,23.21,76.2,436.7,5.34,10.57,Limestone,1.48,13.78
VOLVE_15_9_F11,3331.26,23.78,108.0,424.8,6.67,10.6,Limestone,1.5,15.61
VOLVE_15_9_F11,3332.25,25.1,82.7,543.9,7.09,10.54,Limestone,1.55,16.47
VOLVE_15_9_F11,3333.17,24.54,85.5,497.4,5.72,10.5,Limestone,1.56,16.09
VOLVE_15_9_F11,3333.47,26.38,113.0,423.7,6.0,10.53,Limestone,1.6,17.94
VOLVE_15_9_F11,3334.21,18.22,94.2,444.2,6.0,10.65,Limestone,1.61,15.08
VOLVE_15_9_F11,3334.67,22.75,77.3,480.5,7.31,10.61,Limestone,1.64,15.1
VOLVE_15_9_F11,3335.21,29.6,56.2,417.6,3.98,10.55,Limestone,1.67,13.09
VOLVE_15_9_F11,3335.92,25.99,91.2,434.3,4.33,10.66,Limestone,1.7,19.24
VOLVE_15_9_F11,3336.24,19.71,71.5,444.7,6.69,10.53,Limestone,1.71,14.47
VOLVE_15_9_F11,3336.99,23.57,91.6,421.4,4.99,10.61,Limestone,1.74,16.54
VOLVE_15_9_F11,3337.43,20.73,80.9,500.5,6.72,10.88,Limestone,1.77,12.9
VOLVE_15_9_F11,3338.28,22.27,87.8,428.1,4.66,10.53,Limestone,1.81,14.96
VOLVE_15_9_F11,3338.78,28.35,95.1,452.0,5.56,10.57,Limestone,1.83,16.72
VOLVE_15_9_F11,3339.02,25.75,55.7,461.3,6.55,10.44,Limestone,1.84,14.49
VOLVE_15_9_F11,3339.7,19.56,83.6,520.1,6.04,10.56,Limestone,1.89,16.04
VOLVE_15_9_F11,3340.5,21.45,81.4,453.2,3.94,10.67,Limestone,1.92,14.64
VOLVE_15_9_F11,3341.19,23.37,86.0,542.2,6.26,10.53,Limestone,1.96,16.15
VOLVE_15_9_F11,3342.02,22.71,89.2,442.2,4.73,10.44,Limestone,1.98,15.56
VOLVE_15_9_F11,3342.86,24.15,83.9,447.9,6.1,10.67,Limestone,2.02,15.82
VOLVE_15_9_F11,3343.09,21.44,71.9,494.2,5.23,10.68,Limestone,2.04,13.78
VOLVE_15_9_F11,3343.29,22.46,64.7,533.5,4.93,10.71,Limestone,2.09,15.87
VOLVE_15_9_F11,3343.67,21.41,57.8,446.1,4.2,10.43,Limestone,2.11,13.31
VOLVE_15_9_F11,3344.05,22.46,83.4,506.1,3.41,10.82,Limestone,2.15,15.31
VOLVE_15_9_F11,3344.7,25.14,89.5,490.6,5.0,10.54,Limestone,2.17,17.92
VOLVE_15_9_F11,3345.09,24.12,76.5,426.3,6.3,10.46,Limestone,2.19,18.24
VOLVE_15_9_F11,3345.58,21.63,94.1,456.0,6.05,10.77,Limestone,2.21,16.17
VOLVE_15_9_F11,3346.14,26.22,79.9,455.1,4.71,10.82,Limestone,2.24,14.02
VOLVE_15_9_F11,3346.82,26.05,80.3,415.4,7.03,10.57,Limestone,2.27,15.64
VOLVE_15_9_F11,3347.82,23.39,60.1,463.3,5.6,10.49,Limestone,2.31,16.27
VOLVE_15_9_F11,3348.57,22.75,75.0,459.9,6.07,10.68,Limestone,2.36,14.97
VOLVE_15_9_F11,3348.98,27.8,95.4,471.7,4.85,10.42,Limestone,2.37,17.78
VOLVE_15_9_F11,3349.46,27.42,102.6,459.5,8.33,11.0,Limestone,2.41,18.12
VOLVE_15_9_F11,3349.7,19.61,78.8,430.0,5.69,10.46,Limestone,2.45,13.74
VOLVE_15_9_F11,3350.23,26.39,94.6,554.5,7.81,10.67,Limestone,2.49,19.42
VOLVE_15_9_F11,3350.91,27.71,102.8,465.4,5.45,10.59,Limestone,2.53,17.51
VOLVE_15_9_F11,3351.86,25.05,67.6,508.7,3.25,10.48,Limestone,2.58,15.22
VOLVE_15_9_F11,3352.28,22.24,86.4,474.2,4.34,10.48,Limestone,2.62,15.29
VOLVE_15_9_F11,3352.67,22.55,84.5,517.0,6.72,10.79,Limestone,2.65,14.73
VOLVE_15_9_F11,3352.89,27.69,97.7,425.7,4.78,10.67,Limestone,2.68,15.64
VOLVE_15_9_F11,3353.55,25.5,69.1,453.2,7.3,10.51,Limestone,2.71,14.51
VOLVE_15_9_F11,3354.54,24.79,86.3,438.8,4.83,10.53,Limestone,2.73,18.01
VOLVE_15_9_F11,3355.04,29.25,77.7,433.8,6.44,10.5,Limestone,2.75,17.51
VOLVE_15_9_F11,3355.64,20.9,88.0,467.4,5.66,10.75,Limestone,2.78,14.1
VOLVE_15_9_F11,3355.89,23.2,99.9,446.9,5.39,10.76,Limestone,2.81,17.78
VOLVE_15_9_F11,3356.54,23.9,103.8,399.6,5.52,10.7,Limestone,2.84,17.24
VOLVE_15_9_F11,3356.91,22.9,100.1,444.6,4.56,10.66,Limestone,2.88,15.08
VOLVE_15_9_F11,3357.12,18.83,66.8,441.3,7.22,10.71,Limestone,2.92,14.23
VOLVE_15_9_F11,3357.87,25.94,74.5,491.9,6.25,10.37,Limestone,2.94,15.47
VOLVE_15_9_F11,3358.19,21.55,96.7,398.8,3.62,10.66,Limestone,2.96,15.87
VOLVE_15_9_F11,3358.47,21.51,90.7,436.2,3.84,10.78,Limestone,3.0,15.28
VOLVE_15_9_F11,3358.85,22.54,77.7,426.7,6.0,10.65,Limestone,3.02,14.36
VOLVE_15_9_F11,3359.16,22.86,67.9,486.5,5.24,10.63,Limestone,3.07,13.55
VOLVE_15_9_F11,3359.86,23.14,40.0,434.9,2.68,10.52,Limestone,3.11,12.3
VOLVE_15_9_F11,3360.27,25.85,57.7,498.6,8.41,10.53,Limestone,3.13,15.77
VOLVE_15_9_F11,3361.01,26.37,77.0,454.8,2.36,10.54,Limestone,3.14,16.5
VOLVE_15_9_F11,3361.65,22.8,77.2,476.3,4.83,10.65,Limestone,3.18,15.66
VOLVE_15_9_F11,3362.13,21.95,87.8,501.0,5.49,10.55,Limestone,3.2,16.59
VOLVE_15_9_F11,3362.49,23.13,90.6,408.6,4.79,10.35,Limestone,3.22,14.55
VOLVE_15_9_F11,3363.22,21.22,115.5,446.8,6.84,10.74,Limestone,3.24,14.06
VOLVE_15_9_F11,3363.84,23.38,70.0,473.6,5.94,10.7,Limestone,3.28,13.21
VOLVE_15_9_F11,3364.62,21.09,52.3,464.6,5.03,10.67,Limestone,3.32,12.96
VOLVE_15_9_F11,3365.22,28.78,67.7,404.9,5.69,10.48,Limestone,3.33,14.48
VOLVE_15_9_F11,3366.07,23.78,106.7,484.6,6.56,10.55,Limestone,3.37,16.55
VOLVE_15_9_F11,3366.71,22.12,81.8,458.6,5.14,10.7,Limestone,3.4,15.68
VOLVE_15_9_F11,3367.56,25.23,96.8,461.9,4.08,10.63,Limestone,3.44,16.76
VOLVE_15_9_F11,3368.2,20.39,73.1,447.9,6.27,10.52,Limestone,3.46,11.94
VOLVE_15_9_F11,3369.17,21.7,74.1,329.5,7.34,10.82,Limestone,3.48,16.43
VOLVE_15_9_F11,3370.05,24.54,55.9,478.6,5.32,10.5,Limestone,3.52,14.72
VOLVE_15_9_F11,3370.45,23.82,76.6,480.3,5.59,10.18,Limestone,3.55,15.84
VOLVE_15_9_F11,3371.23,26.11,81.7,439.9,5.71,10.64,Limestone,3.59,15.44
VOLVE_15_9_F11,3371.54,16.66,94.6,397.4,3.51,10.64,Limestone,3.63,13.26
VOLVE_15_9_F11,3372.47,25.54,90.0,435.3,5.17,10.63,Limestone,3.64,16.67
VOLVE_15_9_F11,3372.95,22.13,111.4,496.5,6.79,10.68,Limestone,3.67,15.4
VOLVE_15_9_F11,3373.53,20.57,79.3,440.4,5.52,10.54,Limestone,3.69,14.84
VOLVE_15_9_F11,3373.74,19.19,85.2,457.6,7.24,10.78,Limestone,3.73,16.18
VOLVE_15_9_F11,3374.64,22.11,81.3,443.4,6.28,10.42,Limestone,3.75,15.38
VOLVE_15_9_F11,3375.6,27.48,71.1,469.4,5.23,10.62,Limestone,3.79,16.01
VOLVE_15_9_F11,3376.17,25.93,87.7,404.1,6.63,10.53,Limestone,3.83,14.36
VOLVE_15_9_F11,3376.52,27.59,77.4,448.7,5.59,10.78,Limestone,3.87,16.28
VOLVE_15_9_F11,3377.28,23.22,106.5,500.6,3.89,10.51,Limestone,3.9,16.56
VOLVE_15_9_F11,3377.72,23.78,69.7,420.1,6.62,10.64,Limestone,3.95,14.52
VOLVE_15_9_F11,3378.68,19.57,76.5,445.8,5.7,10.64,Limestone,3.99,14.75
VOLVE_15_9_F11,3379.13,19.57,62.9,498.9,8.41,10.66,Limestone,4.04,12.97
VOLVE_15_9_F11,3379.79,23.15,86.6,486.6,4.92,10.52,Limestone,4.08,17.36
VOLVE_15_9_F11,3380.03,20.08,61.6,474.9,5.79,10.68,Limestone,4.11,16.64
VOLVE_15_9_F11,3381.02,21.38,81.4,472.3,4.44,10.63,Limestone,4.12,14.07
VOLVE_15_9_F11,3381.69,23.63,64.0,471.7,4.23,10.68,Limestone,4.15,15.4
VOLVE_15_9_F11,3382.67,26.71,66.8,447.5,8.39,10.86,Limestone,4.19,15.09
VOLVE_15_9_F11,3383.11,23.56,70.1,500.9,2.88,10.65,Limestone,4.24,13.27
VOLVE_15_9_F11,3383.73,20.13,92.5,438.0,5.33,10.48,Limestone,4.26,16.12
VOLVE_15_9_F11,3383.94,18.98,80.1,417.0,7.18,10.92,Limestone,4.28,13.54
VOLVE_15_9_F11,3384.76,23.84,79.7,401.4,3.66,10.78,Limestone,4.32,15.0
VOLVE_15_9_F11,3385.09,21.97,90.0,432.1,4.89,10.73,Limestone,4.35,16.69
VOLVE_15_9_F11,3385.63,23.83,71.6,431.6,6.48,10.6,Limestone,4.38,15.16
VOLVE_15_9_F11,3386.37,23.04,52.0,428.3,3.58,10.74,Limestone,4.43,13.23
VOLVE_15_9_F11,3386.63,23.37,65.0,409.7,5.65,10.32,Limestone,4.46,13.17
VOLVE_15_9_F11,3387.46,26.55,77.2,471.7,4.77,10.86,Limestone,4.49,14.38
VOLVE_15_9_F11,3388.31,26.19,80.8,418.9,7.35,10.76,Limestone,4.53,15.2
VOLVE_15_9_F11,3388.93,24.48,89.9,478.7,7.29,10.6,Limestone,4.56,15.64
VOLVE_15_9_F11,3389.61,21.32,79.3,485.6,4.7,10.76,Limestone,4.59,15.14
VOLVE_15_9_F11,3389.89,22.18,96.8,559.7,2.17,10.72,Limestone,4.63,14.5
VOLVE_15_9_F11,3390.45,25.47,86.9,438.6,6.39,10.48,Limestone,4.68,14.97
VOLVE_15_9_F11,3391.32,26.82,60.4,450.4,6.72,10.66,Limestone,4.73,14.51
VOLVE_15_9_F11,3391.59,20.38,43.3,426.9,5.28,10.69,Limestone,4.76,12.21
VOLVE_15_9_F11,3392.58,27.39,66.4,409.9,6.11,10.61,Limestone,4.78,14.91
VOLVE_15_9_F11,3393.17,21.62,83.6,440.0,5.69,10.6,Limestone,4.83,14.48
VOLVE_15_9_F11,3393.38,25.25,87.1,425.7,5.34,10.77,Limestone,4.87,14.35
VOLVE_15_9_F11,3393.86,30.58,79.9,409.4,5.2,10.66,Limestone,4.89,16.31
VOLVE_15_9_F11,3394.46,19.6,83.3,466.3,5.22,10.91,Limestone,4.93,15.23
VOLVE_15_9_F11,3395.42,24.84,101.3,413.9,5.63,10.53,Limestone,4.95,16.03
VOLVE_15_9_F11,3396.19,22.8,81.7,479.4,6.25,10.69,Limestone,5.0,14.32
VOLVE_15_9_F11,3396.85,24.71,86.8,491.0,4.65,10.49,Limestone,5.02,13.73
VOLVE_15_9_F11,3397.83,22.04,105.5,422.2,5.19,10.73,Limestone,5.05,16.75
VOLVE_15_9_F11,3398.26,17.39,54.3,512.7,4.62,10.47,Limestone,5.09,12.48
VOLVE_15_9_F11,3398.77,21.71,107.1,472.8,4.78,10.68,Limestone,5.11,16.67
VOLVE_15_9_F11,3399.58,24.47,43.1,453.9,3.31,10.81,Limestone,5.14,14.23
VOLVE_15_9_F11,3400.26,26.97,69.1,385.7,6.36,10.64,Limestone,5.17,15.38
VOLVE_15_9_F11,3400.63,24.62,73.1,388.3,3.87,10.48,Limestone,5.19,15.0
VOLVE_15_9_F11,3401.43,27.29,57.0,519.7,5.66,10.78,Limestone,5.21,15.56
VOLVE_15_9_F11,3401.85,22.37,79.0,509.6,5.96,10.69,Limestone,5.22,14.73
VOLVE_15_9_F11,3402.49,22.17,80.7,520.8,7.04,10.62,Limestone,5.25,14.21
VOLVE_15_9_F11,3403.38,24.47,92.6,531.1,8.48,10.49,Limestone,5.28,17.34
VOLVE_15_9_F11,3403.8,22.68,92.1,511.8,7.13,10.39,Limestone,5.33,14.41
VOLVE_15_9_F11,3404.61,26.42,84.1,466.3,4.91,10.97,Limestone,5.35,14.77
VOLVE_15_9_F11,3405.5,20.11,98.3,479.2,5.05,10.55,Limestone,5.36,14.28
VOLVE_15_9_F11,3405.95,25.78,91.2,429.4,6.17,10.49,Limestone,5.39,16.25
VOLVE_15_9_F11,3406.31,26.65,76.6,466.4,,10.68,Limestone,5.41,15.52
VOLVE_15_9_F11,3407.2,24.54,83.3,486.6,5.76,10.48,Limestone,5.43,14.82
VOLVE_15_9_F11,3407.77,25.91,71.9,487.4,7.03,10.71,Limestone,5.46,14.94
VOLVE_15_9_F11,3408.22,22.01,63.1,451.8,5.2,10.84,Limestone,5.49,15.46
VOLVE_15_9_F11,3408.43,21.56,87.9,375.6,6.47,10.48,Limestone,5.51,13.61
VOLVE_15_9_F11,3408.78,,59.0,396.3,3.85,10.59,Limestone,5.56,13.14
VOLVE_15_9_F11,3409.39,21.83,78.7,475.9,5.84,10.7,Limestone,5.58,15.04
VOLVE_15_9_F11,3410.26,24.39,47.0,436.6,3.01,10.45,Limestone,5.6,12.8
VOLVE_15_9_F11,3410.86,24.4,82.5,483.4,6.89,10.5,Limestone,5.62,16.04
VOLVE_15_9_F11,3411.28,23.48,70.6,408.1,5.06,10.62,Limestone,5.66,15.09
VOLVE_15_9_F11,3412.22,24.35,90.0,511.3,4.0,10.93,Limestone,5.68,16.8
VOLVE_15_9_F11,3412.72,25.24,78.1,419.3,5.22,10.51,Limestone,5.71,14.83
VOLVE_15_9_F11,3413.05,23.4,79.6,515.9,5.98,10.6,Limestone,5.73,15.58
VOLVE_15_9_F11,3414.01,22.46,82.2,394.8,3.88,11.01,Limestone,5.76,13.91
VOLVE_15_9_F11,3414.52,25.71,72.3,481.0,4.45,10.76,Limestone,5.78,13.83
VOLVE_15_9_F11,3415.11,24.34,73.0,419.6,4.92,10.38,Limestone,5.8,14.5
VOLVE_15_9_F11,3415.97,24.79,73.0,456.5,6.43,10.6,Limestone,5.84,13.19
VOLVE_15_9_F11,3416.4,25.12,79.6,499.9,3.15,,Limestone,5.88,15.28
VOLVE_15_9_F11,3417.03,24.04,73.1,492.9,5.92,10.86,Limestone,5.91,12.46
VOLVE_15_9_F11,3417.92,22.81,88.2,423.9,5.18,10.85,Limestone,5.94,13.58
VOLVE_15_9_F11,3418.32,22.13,54.9,432.3,6.21,10.72,Limestone,5.99,13.85
VOLVE_15_9_F11,3419.24,23.46,59.0,393.9,5.58,10.75,Limestone,6.01,13.67
VOLVE_15_9_F11,3419.59,24.88,109.8,385.2,7.62,10.45,Limestone,6.04,15.92
VOLVE_15_9_F11,3420.48,25.0,74.9,423.5,5.97,10.54,Limestone,6.06,14.21
VOLVE_15_9_F11,3420.99,24.04,66.2,422.7,3.81,10.45,Limestone,6.09,12.88
VOLVE_15_9_F11,3421.63,24.57,81.1,396.6,6.05,10.8,Limestone,6.12,13.84
VOLVE_15_9_F11,3422.27,20.93,93.0,448.6,5.98,10.7,Limestone,6.16,15.2
VOLVE_15_9_F11,3422.63,22.53,91.1,455.5,4.66,10.66,Limestone,6.18,14.49
VOLVE_15_9_F11,3422.97,25.37,70.2,456.3,4.79,10.87,Limestone,6.2,12.26
VOLVE_15_9_F11,3423.74,21.61,73.8,424.9,2.26,10.72,Limestone,6.25,11.95
VOLVE_15_9_F11,3424.6,24.05,76.4,433.7,6.29,10.81,Limestone,6.27,13.64
VOLVE_15_9_F11,3424.91,23.83,86.1,444.2,5.36,10.76,Limestone,6.29,14.43
VOLVE_15_9_F11,3425.71,23.42,82.1,489.5,4.74,10.77,Limestone,6.34,14.41
VOLVE_15_9_F11,3426.18,25.4,67.7,429.8,4.18,10.49,Limestone,6.37,12.97
VOLVE_15_9_F11,3426.85,24.28,73.8,389.7,4.78,10.79,Limestone,6.42,14.39
VOLVE_15_9_F11,3427.48,20.72,77.5,444.0,5.63,10.71,Limestone,6.44,11.98
VOLVE_15_9_F11,3428.27,25.0,103.7,439.4,6.1,,Limestone,6.45,14.94
VOLVE_15_9_F11,3428.91,22.45,78.8,392.3,4.88,10.75,Limestone,6.48,14.53
VOLVE_15_9_F11,3429.18,20.31,131.1,440.9,4.4,10.84,Limestone,6.5,15.55
VOLVE_15_9_F11,3429.6,25.57,77.4,421.5,5.13,10.63,Limestone,6.54,14.44
VOLVE_15_9_F11,3430.12,20.76,56.2,453.7,3.78,10.53,Limestone,6.56,13.7
VOLVE_15_9_F11,3430.78,22.84,86.7,473.7,5.16,10.54,Limestone,6.57,15.08
VOLVE_15_9_F11,3431.12,24.46,97.1,435.4,6.47,10.43,Limestone,6.6,15.62
VOLVE_15_9_F11,3431.59,23.54,88.5,477.3,4.86,10.62,Limestone,6.62,15.57
VOLVE_15_9_F11,3431.84,22.17,84.4,444.6,7.33,10.73,Limestone,6.64,14.96
VOLVE_15_9_F11,3432.29,21.24,75.7,446.3,4.42,10.9,Limestone,6.66,14.88
VOLVE_15_9_F11,3432.9,21.83,77.1,444.5,3.12,10.52,Limestone,6.68,13.38
VOLVE_15_9_F11,3433.85,21.04,46.5,449.1,4.38,10.7,Limestone,6.71,11.86
VOLVE_15_9_F11,3434.2,23.42,94.3,401.8,4.85,10.65,Limestone,6.74,14.71
VOLVE_15_9_F11,3434.42,22.37,75.7,383.7,9.3,10.64,Limestone,6.78,14.17
VOLVE_15_9_F11,3434.92,20.29,98.6,501.6,4.8,10.42,Limestone,6.81,16.71
VOLVE_15_9_F11,3435.61,23.02,73.4,465.3,3.39,10.49,Limestone,6.83,14.56
VOLVE_15_9_F11,3436.29,22.14,80.6,435.2,5.25,10.92,Limestone,6.84,13.2
VOLVE_15_9_F11,3436.77,24.42,100.1,499.4,5.5,10.8,Limestone,6.88,14.05
VOLVE_15_9_F11,3437.0,24.65,101.4,571.5,4.34,10.69,Limestone,6.9,17.78
VOLVE_15_9_F11,3437.93,27.11,94.0,396.9,6.28,10.72,Limestone,6.95,14.87
VOLVE_15_9_F11,3438.53,25.37,53.3,455.3,5.76,10.76,Limestone,6.96,13.79
VOLVE_15_9_F11,3439.36,21.04,62.2,483.6,4.92,10.58,Limestone,7.0,13.21
VOLVE_15_9_F11,3439.87,18.33,91.9,391.7,4.71,10.59,Limestone,7.03,14.17
VOLVE_15_9_F11,3440.74,19.97,70.9,395.8,4.42,10.55,Limestone,7.06,12.24
VOLVE_15_9_F11,3441.57,22.51,82.5,495.0,4.52,10.67,Limestone,7.08,14.71
VOLVE_15_9_F11,3441.84,19.75,84.5,454.7,3.51,10.47,Limestone,7.13,13.18
VOLVE_15_9_F11,3442.08,22.23,85.2,429.1,7.06,10.55,Limestone,7.17,17.24
VOLVE_15_9_F11,3442.4,23.85,65.6,391.3,8.05,10.72,Limestone,7.2,12.98
VOLVE_15_9_F11,3443.26,22.37,96.7,469.9,4.23,10.59,Limestone,7.25,15.22
VOLVE_15_9_F11,3443.68,24.47,73.5,400.8,4.58,10.39,Limestone,7.26,16.79
VOLVE_15_9_F11,3444.19,22.26,90.2,416.1,4.06,10.59,Limestone,7.3,15.26
VOLVE_15_9_F11,3444.86,21.87,78.3,418.7,6.21,10.73,Limestone,7.35,13.83
VOLVE_15_9_F11,3445.58,28.05,110.2,443.3,4.96,10.67,Limestone,7.4,16.21
VOLVE_15_9_F11,3446.12,23.7,103.1,412.8,6.52,10.4,Limestone,7.42,14.44
VOLVE_15_9_F11,3446.68,24.07,113.4,418.9,6.38,10.8,Limestone,7.46,17.11
VOLVE_15_9_F11,3447.14,25.9,106.2,494.7,,10.61,Limestone,7.47,15.89
VOLVE_15_9_F11,3447.42,25.98,79.4,463.6,7.16,10.7,Limestone,7.51,14.81
VOLVE_15_9_F11,3447.73,22.88,73.4,457.5,4.74,10.81,Limestone,7.55,12.89
VOLVE_15_9_F11,3448.65,26.41,64.3,474.3,5.34,10.63,Limestone,7.57,13.92
VOLVE_15_9_F11,3449.63,22.68,85.4,414.5,3.86,10.36,Limestone,7.6,14.03
VOLVE_15_9_F11,3450.49,26.34,81.7,471.4,2.67,10.91,Limestone,7.62,15.45
VOLVE_15_9_F11,3450.93,20.72,80.7,474.0,6.35,10.32,Limestone,7.64,14.61
VOLVE_15_9_F11,3451.27,23.04,68.9,416.0,4.37,10.6,Limestone,7.65,14.43
VOLVE_15_9_F11,3451.88,24.36,86.8,480.8,6.88,10.84,Limestone,7.68,12.67
VOLVE_15_9_F11,3452.16,24.71,75.6,466.3,4.94,10.55,Limestone,7.71,15.74
VOLVE_15_9_F11,3453.09,21.7,74.1,467.4,4.93,10.56,Limestone,7.74,12.47
VOLVE_15_9_F11,3453.9,19.69,83.8,523.6,5.28,10.62,Limestone,7.77,14.9
VOLVE_15_9_F11,3454.88,24.97,80.2,461.8,4.8,10.62,Limestone,7.81,11.54
VOLVE_15_9_F11,3455.77,23.31,60.0,420.0,3.06,10.52,Limestone,7.82,12.9
VOLVE_15_9_F11,3456.29,22.85,69.5,462.1,4.05,,Limestone,7.87,14.6
VOLVE_15_9_F11,3456.75,27.96,89.3,457.4,4.72,10.81,Limestone,7.89,14.21
VOLVE_15_9_F11,3457.61,23.1,80.6,412.6,5.25,10.57,Limestone,7.91,13.88
VOLVE_15_9_F11,3458.28,22.54,52.2,376.0,6.15,10.73,Limestone,7.93,13.31
VOLVE_15_9_F11,3459.19,19.34,91.8,454.3,4.25,10.52,Limestone,7.97,14.55
VOLVE_15_9_F11,3459.65,21.13,80.6,494.6,4.99,10.86,Limestone,8.0,12.35
VOLVE_15_9_F11,3460.28,26.03,65.4,495.0,5.61,10.79,Limestone,8.02,15.28
VOLVE_15_9_F11,3460.85,22.03,71.3,468.2,4.1,10.64,Limestone,8.07,15.14
VOLVE_15_9_F11,3461.2,25.42,83.8,519.7,6.01,10.75,Limestone,8.1,16.5
VOLVE_15_9_F11,3461.83,20.62,48.2,463.9,5.9,10.88,Limestone,8.14,10.79
VOLVE_15_9_F11,3462.1,21.68,87.7,449.0,5.74,10.5,Limestone,8.16,13.17
VOLVE_15_9_F11,3462.6,21.61,96.1,465.1,5.33,10.5,Limestone,8.18,14.83
VOLVE_15_9_F11,3463.23,25.04,94.7,427.6,4.67,10.71,Limestone,8.2,15.2
VOLVE_15_9_F11,3463.54,23.32,98.7,406.2,5.44,10.46,Limestone,8.22,15.56
VOLVE_15_9_F11,3464.35,21.08,69.6,417.8,4.04,10.42,Limestone,8.27,12.28
VOLVE_15_9_F11,3464.7,25.65,96.8,437.8,5.06,10.41,Limestone,8.28,15.03
VOLVE_15_9_F11,3465.48,25.1,85.4,491.6,5.39,10.68,Limestone,8.3,14.22
VOLVE_15_9_F11,3465.7,24.71,68.8,399.0,5.01,10.35,Limestone,8.32,12.57
VOLVE_15_9_F11,3466.45,24.6,88.3,418.0,6.78,10.59,Limestone,8.36,15.04
VOLVE_15_9_F11,3466.97,21.73,87.9,489.1,4.57,10.14,Limestone,8.38,14.5
VOLVE_15_9_F11,3467.8,27.02,104.4,442.7,6.46,10.72,Limestone,8.4,16.09
VOLVE_15_9_F11,3468.45,23.62,99.3,449.0,5.06,10.73,Limestone,8.41,14.36
VOLVE_15_9_F11,3468.96,24.55,71.0,441.9,4.18,10.62,Limestone,8.46,14.29
VOLVE_15_9_F11,3469.69,24.84,86.4,534.2,6.26,10.83,Limestone,8.5,14.15
VOLVE_15_9_F11,3470.2,21.52,86.3,479.4,5.73,10.78,Limestone,8.53,13.5
VOLVE_15_9_F11,3470.68,28.62,85.1,467.0,5.13,10.54,Limestone,8.57,13.97
VOLVE_15_9_F11,3471.22,23.82,76.7,464.8,1.54,10.53,Limestone,8.61,13.94
VOLVE_15_9_F11,3471.99,23.97,107.6,473.3,7.12,10.79,Limestone,8.63,17.29
VOLVE_15_9_F11,3472.68,22.86,72.0,530.9,6.07,10.76,Limestone,8.68,14.63
VOLVE_15_9_F11,3473.62,26.77,106.3,442.0,7.39,10.62,Limestone,8.69,15.81
VOLVE_15_9_F11,3473.82,26.88,,463.7,6.77,10.39,Limestone,8.74,13.9
VOLVE_15_9_F11,3474.15,24.29,75.6,458.1,5.34,10.8,Limestone,8.77,13.41
VOLVE_15_9_F11,3474.74,20.23,92.8,493.1,4.71,10.67,Limestone,8.81,15.15
VOLVE_15_9_F11,3475.48,23.49,65.5,525.1,2.95,10.65,Limestone,8.84,14.07
VOLVE_15_9_F11,3475.75,23.74,70.3,433.4,5.35,10.23,Limestone,8.87,12.02
VOLVE_15_9_F11,3476.18,22.78,89.3,475.1,4.85,10.74,Limestone,8.9,15.31
VOLVE_15_9_F11,3477.18,21.45,55.4,464.0,3.82,10.65,Limestone,8.93,11.59
VOLVE_15_9_F11,3477.64,20.02,97.9,401.2,3.64,10.58,Limestone,8.96,12.85
VOLVE_15_9_F11,3478.14,27.59,103.5,495.8,4.8,10.53,Limestone,8.97,16.35
VOLVE_15_9_F11,3478.53,25.77,104.1,519.5,4.27,10.68,Limestone,9.02,14.95
VOLVE_15_9_F11,3478.75,24.0,86.2,489.7,6.64,10.73,Limestone,9.03,16.91
VOLVE_15_9_F11,3479.18,22.29,74.9,,6.47,10.6,Limestone,9.07,13.42
VOLVE_15_9_F11,3479.5,24.82,75.9,402.7,4.48,10.74,Limestone,9.11,14.11
VOLVE_15_9_F11,3480.01,24.43,85.6,482.6,6.95,10.49,Limestone,9.15,13.46
VOLVE_15_9_F11,3480.39,22.92,83.2,413.8,5.43,10.56,Limestone,9.18,13.15
VOLVE_15_9_F11,3480.92,24.9,75.6,417.8,7.14,10.76,Limestone,9.21,13.82
VOLVE_15_9_F11,3481.33,25.21,105.1,465.3,6.56,10.6,Limestone,9.24,16.48
VOLVE_15_9_F11,3482.27,25.65,77.6,486.4,6.23,10.92,Limestone,9.25,13.29
VOLVE_15_9_F11,3482.7,21.71,102.9,443.5,5.79,10.7,Limestone,9.29,15.48
VOLVE_15_9_F11,3483.05,25.01,82.8,448.7,4.63,10.49,Limestone,9.34,14.5
VOLVE_15_9_F11,3483.86,26.88,81.9,452.5,4.06,10.43,Limestone,9.37,14.79
VOLVE_15_9_F11,3484.71,24.68,89.1,420.3,5.8,10.78,Limestone,9.42,13.51
VOLVE_15_9_F11,3485.36,29.46,88.9,441.8,5.87,10.57,Limestone,9.47,14.3
VOLVE_15_9_F11,3485.84,23.49,79.1,392.3,8.42,10.8,Limestone,9.49,11.48
VOLVE_15_9_F11,3486.7,19.65,89.8,486.4,6.01,10.58,Limestone,9.51,14.07
VOLVE_15_9_F11,3487.44,21.83,91.6,568.5,4.32,10.7,Limestone,9.54,15.25
VOLVE_15_9_F11,3487.94,22.28,106.1,459.4,5.49,10.61,Limestone,9.56,14.36
VOLVE_15_9_F11,3488.46,25.35,82.3,504.6,5.07,10.7,Limestone,9.57,12.95
VOLVE_15_9_F11,3488.66,26.03,69.6,446.5,5.34,10.77,Limestone,9.58,13.14
VOLVE_15_9_F11,3488.9,24.3,71.1,403.1,3.68,10.67,Limestone,9.61,13.54
VOLVE_15_9_F11,3489.21,24.69,116.8,547.0,7.06,10.76,Limestone,9.64,16.39
VOLVE_15_9_F11,3489.61,28.75,53.1,423.2,4.91,10.41,Limestone,9.65,14.0
VOLVE_15_9_F11,3490.55,21.88,63.4,494.9,5.71,10.73,Limestone,9.67,11.53
VOLVE_15_9_F11,3491.41,23.78,81.7,465.6,4.64,10.67,Limestone,9.71,13.52
VOLVE_15_9_F11,3491.64,22.84,72.0,504.5,4.66,10.62,Limestone,9.74,13.63
VOLVE_15_9_F11,3491.85,21.03,93.6,454.3,6.01,10.31,Limestone,9.78,14.79
VOLVE_15_9_F11,3492.52,18.91,92.2,410.4,2.6,10.41,Limestone,9.8,12.33
VOLVE_15_9_F11,3493.02,27.21,73.2,430.4,6.73,10.7,Limestone,9.83,14.67
VOLVE_15_9_F11,3493.86,22.06,103.8,551.1,7.31,10.72,Limestone,9.85,14.32
VOLVE_15_9_F11,3494.84,23.35,64.7,469.8,6.81,10.73,Limestone,9.9,13.65
VOLVE_15_9_F11,3495.44,25.06,70.2,544.1,4.47,10.66,Limestone,9.95,13.7
VOLVE_15_9_F11,3495.78,21.01,104.8,442.3,5.83,10.49,Limestone,9.97,14.0
VOLVE_15_9_F11,3496.69,21.9,61.7,485.5,4.36,10.51,Limestone,9.99,15.29
VOLVE_15_9_F11,3497.23,23.93,86.5,405.6,3.67,10.35,Limestone,10.0,13.24
VOLVE_15_9_F11,3497.77,22.9,104.8,458.2,5.74,10.68,Limestone,10.02,14.19
VOLVE_15_9_F11,3498.53,20.8,42.3,545.9,2.76,10.95,Limestone,10.06,10.01
VOLVE_15_9_F11,3499.03,25.51,76.2,425.6,6.16,10.65,Limestone,10.07,14.82
VOLVE_15_9_F11,3499.41,22.84,95.5,429.4,6.47,10.55,Limestone,10.09,13.86
VOLVE_15_9_F11,3500.21,24.34,77.2,490.1,6.9,10.67,Limestone,10.12,14.28
VOLVE_15_9_F11,3500.56,24.14,82.1,461.6,6.02,10.65,Limestone,10.16,13.27
VOLVE_15_9_F11,3500.79,26.43,84.1,532.8,5.14,10.41,Limestone,10.17,15.51
VOLVE_15_9_F11,3501.38,24.89,85.9,447.4,5.3,10.71,Limestone,10.19,15.11
VOLVE_15_9_F11,3501.61,21.85,69.2,459.8,5.15,10.65,Limestone,10.2,14.24
VOLVE_15_9_F11,3502.44,26.92,92.7,469.7,7.57,10.64,Limestone,10.22,15.31
VOLVE_15_9_F11,3503.43,22.83,85.1,414.0,7.1,10.97,Limestone,10.23,13.03
VOLVE_15_9_F11,3504.39,21.98,64.0,405.1,4.84,10.65,Limestone,10.27,11.92
VOLVE_15_9_F11,3504.7,21.61,74.3,401.4,6.24,10.94,Limestone,10.32,12.76
VOLVE_15_9_F11,3505.65,18.16,60.0,324.7,3.92,10.54,Limestone,10.34,11.34
VOLVE_15_9_F11,3505.94,22.5,84.4,453.6,5.82,10.44,Limestone,10.36,14.37
VOLVE_15_9_F11,3506.42,25.02,88.6,405.0,5.16,10.55,Limestone,10.38,12.98
VOLVE_15_9_F11,3506.69,20.62,84.4,435.5,5.41,10.84,Limestone,10.39,13.34
VOLVE_15_9_F11,3507.55,28.3,89.5,497.8,4.9,10.56,Limestone,10.43,14.16
VOLVE_15_9_F11,3507.93,18.43,83.2,419.2,3.2,10.46,Limestone,10.46,12.31
VOLVE_15_9_F11,3508.66,22.08,92.7,484.6,3.88,10.72,Limestone,10.48,15.03
VOLVE_15_9_F11,3509.47,20.32,79.3,393.8,5.72,10.61,Limestone,10.5,12.52
VOLVE_15_9_F11,3509.97,26.34,91.8,429.6,4.41,10.76,Limestone,10.52,13.39
VOLVE_15_9_F11,3510.81,25.67,61.9,526.7,4.83,10.57,Limestone,10.53,13.97
VOLVE_15_9_F11,3511.27,23.38,60.3,439.9,6.08,10.53,Limestone,10.57,13.78
VOLVE_15_9_F11,3511.58,20.49,82.5,508.5,6.43,10.92,Limestone,10.61,12.73
VOLVE_15_9_F11,3512.15,21.05,91.5,551.2,4.09,10.55,Limestone,10.62,12.72
VOLVE_15_9_F11,3512.92,24.68,77.1,440.3,2.5,10.55,Limestone,10.64,12.55
VOLVE_15_9_F11,3513.15,22.36,90.8,430.4,4.41,10.74,Limestone,10.68,12.94
VOLVE_15_9_F11,3514.0,22.65,85.9,370.6,5.57,10.25,Limestone,10.72,15.0
VOLVE_15_9_F11,3514.4,23.87,50.5,468.7,5.71,10.78,Limestone,10.73,10.98
VOLVE_15_9_F11,3515.15,23.03,116.1,472.2,4.4,10.94,Limestone,10.77,12.88
VOLVE_15_9_F11,3515.44,19.69,62.3,487.9,2.59,10.8,Limestone,10.81,12.35
VOLVE_15_9_F11,3515.95,20.74,67.0,512.7,3.78,10.52,Limestone,10.84,12.11
VOLVE_15_9_F11,3516.52,20.8,98.5,416.0,4.73,10.56,Limestone,10.88,12.3
VOLVE_15_9_F11,3517.1,22.25,81.5,531.9,7.73,10.68,Limestone,10.92,14.89
VOLVE_15_9_F11,3517.52,24.3,69.7,445.8,5.36,10.73,Limestone,10.94,13.26
VOLVE_15_9_F11,3518.14,24.19,74.2,471.6,6.07,10.91,Limestone,10.99,14.66
VOLVE_15_9_F11,3518.56,27.04,68.0,454.3,6.77,10.91,Limestone,11.02,14.42
VOLVE_15_9_F11,3518.89,20.56,69.2,426.2,4.35,10.64,Limestone,11.03,11.21
VOLVE_15_9_F11,3519.2,24.84,93.0,409.1,5.75,10.59,Limestone,11.07,12.51
VOLVE_15_9_F11,3520.12,22.11,73.7,465.5,5.4,10.56,Limestone,11.09,14.3
VOLVE_15_9_F11,3520.42,29.02,65.2,418.5,6.32,10.77,Limestone,11.11,13.5
VOLVE_15_9_F11,3520.94,23.82,69.8,448.2,5.04,10.84,Limestone,11.14,16.07
VOLVE_15_9_F11,3521.34,22.68,78.9,440.6,6.48,10.68,Limestone,11.17,14.56
VOLVE_15_9_F11,3522.03,24.77,70.0,442.6,6.6,10.67,Limestone,11.19,14.91
VOLVE_15_9_F11,3522.51,24.58,76.6,385.1,5.02,10.99,Limestone,11.23,11.93
VOLVE_15_9_F11,3522.94,23.14,86.4,330.4,6.29,10.78,Limestone,11.24,12.86
VOLVE_15_9_F11,3523.91,25.58,74.0,490.6,5.88,10.37,Limestone,11.26,14.91
VOLVE_15_9_F11,3524.91,27.88,68.3,502.1,8.73,10.67,Limestone,11.29,14.36
VOLVE_15_9_F11,3525.22,26.4,70.7,354.6,6.51,10.71,Limestone,11.33,13.14
VOLVE_15_9_F11,3525.97,23.73,102.1,473.8,6.13,10.63,Limestone,11.36,14.79
VOLVE_15_9_F11,3526.88,28.55,113.8,465.7,5.59,10.86,Limestone,11.39,14.73
VOLVE_15_9_F11,3527.86,25.32,81.9,404.1,4.27,10.63,Limestone,11.44,12.56
VOLVE_15_9_F11,3528.3,21.37,92.1,493.0,5.94,10.53,Limestone,11.46,13.85
VOLVE_15_9_F11,3529.12,24.25,67.1,502.6,3.14,10.57,Limestone,11.49,12.7
VOLVE_15_9_F11,3529.59,23.58,72.3,499.4,7.16,10.78,Limestone,11.53,12.67
VOLVE_15_9_F11,3530.28,22.77,87.9,526.9,2.9,10.47,Limestone,11.57,13.74
VOLVE_15_9_F11,3530.89,24.91,45.7,497.1,3.69,10.6,Limestone,11.61,10.74
VOLVE_15_9_F11,3531.66,19.43,92.8,423.8,6.34,10.8,Limestone,11.63,13.86
VOLVE_15_9_F11,3532.59,28.14,72.7,457.8,5.58,10.47,Limestone,11.67,14.72
VOLVE_15_9_F11,3532.88,25.66,65.0,472.5,5.5,10.52,Limestone,11.7,14.17
VOLVE_15_9_F11,3533.26,19.53,87.0,517.8,4.24,10.42,Limestone,11.74,12.57
VOLVE_15_9_F11,3533.93,25.64,102.8,447.0,5.7,10.54,Limestone,11.76,13.56
VOLVE_15_9_F11,3534.41,25.25,76.5,431.8,6.24,10.6,Limestone,11.81,14.87
VOLVE_15_9_F11,3535.06,27.8,85.5,390.9,4.79,10.64,Limestone,11.85,13.55
VOLVE_15_9_F11,3535.89,28.45,88.0,492.0,5.57,10.54,Limestone,11.89,15.56
VOLVE_15_9_F11,3536.65,28.88,84.8,465.4,5.88,10.62,Limestone,11.94,13.53
VOLVE_15_9_F11,3537.46,23.46,66.2,422.4,4.78,10.83,Limestone,11.95,12.24
VOLVE_15_9_F11,3537.79,25.5,84.5,487.9,6.46,10.73,Limestone,11.99,15.4
VOLVE_15_9_F11,3538.01,22.95,83.9,443.5,5.88,11.0,Limestone,12.03,13.37
VOLVE_15_9_F11,3538.91,26.6,40.2,404.1,4.87,10.58,Limestone,12.07,11.16
VOLVE_15_9_F11,3539.47,18.75,94.0,510.3,3.05,10.61,Limestone,12.09,13.64
VOLVE_15_9_F11,3540.18,20.97,58.6,374.6,6.18,10.7,Limestone,12.11,11.98
VOLVE_15_9_F11,3540.44,23.08,83.1,462.8,4.21,10.6,Limestone,12.15,15.5
VOLVE_15_9_F11,3541.2,24.01,103.9,452.6,7.85,10.68,Dolomite,12.17,11.22
VOLVE_15_9_F11,3541.48,24.57,77.5,391.5,4.36,10.39,Dolomite,12.22,10.7
VOLVE_15_9_F11,3542.31,27.36,65.5,470.1,5.75,10.63,Dolomite,12.25,10.24
VOLVE_15_9_F11,3542.56,22.55,89.5,429.3,6.14,10.81,Dolomite,12.27,9.31
VOLVE_15_9_F11,3542.83,20.94,102.2,524.4,5.18,10.97,Dolomite,12.29,11.06
VOLVE_15_9_F11,3543.3,23.2,64.5,497.2,5.43,10.9,Dolomite,12.3,8.29
VOLVE_15_9_F11,3543.67,22.66,45.7,465.9,4.39,10.7,Dolomite,12.32,9.81
VOLVE_15_9_F11,3544.66,25.56,98.9,357.4,8.05,10.75,Dolomite,12.34,9.39
VOLVE_15_9_F11,3545.22,27.99,93.9,434.9,6.17,10.73,Dolomite,12.37,10.18
VOLVE_15_9_F11,3545.8,27.77,86.9,431.8,5.66,10.6,Dolomite,12.41,9.88
VOLVE_15_9_F11,3546.04,26.91,54.1,505.5,5.53,10.54,Dolomite,12.46,10.66
VOLVE_15_9_F11,3546.63,22.76,90.1,464.2,6.76,10.72,Dolomite,12.49,9.43
VOLVE_15_9_F11,3546.88,23.78,96.6,469.8,6.06,10.67,Dolomite,12.52,11.37
VOLVE_15_9_F11,3547.58,25.25,113.5,497.8,6.19,10.81,Dolomite,12.54,10.8
VOLVE_15_9_F11,3548.57,22.27,76.9,522.3,3.44,10.33,Dolomite,12.59,10.15
VOLVE_15_9_F11,3549.03,22.5,83.5,515.5,6.66,10.66,Dolomite,12.61,10.07
VOLVE_15_9_F11,3549.88,25.14,48.8,478.9,5.42,10.86,Dolomite,12.65,11.53
VOLVE_15_9_F11,3550.85,20.79,95.6,446.2,4.77,10.77,Dolomite,12.69,8.35
VOLVE_15_9_F11,3551.82,26.94,95.3,474.5,6.25,10.54,Dolomite,12.7,11.68
VOLVE_15_9_F11,3552.62,23.21,87.2,455.8,7.07,10.49,Dolomite,12.74,10.48
VOLVE_15_9_F11,3553.52,25.57,98.9,488.5,6.64,10.68,Dolomite,12.78,10.58
VOLVE_15_9_F11,3554.0,24.73,69.4,434.4,7.63,10.8,Dolomite,12.82,10.52
VOLVE_15_9_F11,3554.66,27.35,77.8,493.2,6.68,10.76,Dolomite,12.85,9.92
VOLVE_15_9_F11,3555.4,18.9,78.4,459.0,2.56,10.7,Dolomite,12.88,8.14
VOLVE_15_9_F11,3555.77,27.37,97.6,472.6,7.44,10.78,Dolomite,12.89,10.14
VOLVE_15_9_F11,3556.22,27.32,97.9,409.3,3.84,10.72,Dolomite,12.91,10.66
VOLVE_15_9_F11,3556.71,24.93,85.9,446.2,7.15,10.78,Dolomite,12.96,9.93
VOLVE_15_9_F11,3556.96,25.53,85.1,475.0,6.64,10.83,Dolomite,12.98,9.76
VOLVE_15_9_F11,3557.53,25.72,89.4,449.8,7.67,10.62,Dolomite,13.0,11.26
VOLVE_15_9_F11,3558.35,21.98,76.1,363.2,5.65,10.55,Dolomite,13.03,10.53
VOLVE_15_9_F11,3559.07,24.37,101.5,407.8,6.06,10.8,Dolomite,13.05,9.17
VOLVE_15_9_F11,3559.77,26.46,74.3,470.8,6.98,10.61,Dolomite,13.08,10.89
VOLVE_15_9_F11,3560.46,19.77,87.5,517.3,3.68,10.39,Dolomite,13.09,10.43
VOLVE_15_9_F11,3560.68,25.42,72.2,447.8,5.42,10.9,Dolomite,13.11,11.23
VOLVE_15_9_F11,3560.88,24.46,95.3,437.6,5.35,10.73,Dolomite,13.16,10.23
VOLVE_15_9_F11,3561.21,25.81,79.6,499.2,5.0,10.72,Dolomite,13.18,12.08
VOLVE_15_9_F11,3562.14,21.07,112.1,457.6,4.89,10.66,Dolomite,13.2,11.01
VOLVE_15_9_F11,3563.03,22.39,79.2,486.8,5.39,10.81,Dolomite,13.24,8.09
VOLVE_15_9_F11,3563.69,20.76,95.2,445.3,6.16,10.5,Dolomite,13.26,10.44
VOLVE_15_9_F11,3564.2,20.74,71.6,440.9,6.73,10.69,Dolomite,13.3,9.38
VOLVE_15_9_F11,3565.17,26.34,76.5,490.0,5.18,10.73,Dolomite,13.33,11.41
VOLVE_15_9_F11,3565.42,22.79,80.5,484.0,4.82,10.77,Dolomite,13.37,11.24
VOLVE_15_9_F11,3565.7,22.61,86.4,444.3,1.94,10.43,Dolomite,13.38,8.83
VOLVE_15_9_F11,3566.4,26.99,69.9,412.2,,10.78,Dolomite,13.39,10.91
VOLVE_15_9_F11,3567.04,23.41,72.5,390.4,3.57,10.63,Dolomite,13.44,9.3
VOLVE_15_9_F11,3568.02,26.68,82.4,395.6,6.21,10.59,Dolomite,13.46,9.69
VOLVE_15_9_F11,3568.86,21.65,87.1,431.8,5.61,10.46,Dolomite,13.48,11.4
VOLVE_15_9_F11,3569.81,23.41,80.5,469.8,6.5,11.02,Dolomite,13.51,9.53
VOLVE_15_9_F11,3570.59,22.02,78.4,390.5,4.1,10.67,Dolomite,13.53,9.4
VOLVE_15_9_F11,3571.53,25.66,61.2,393.1,5.92,10.73,Dolomite,13.56,9.35
VOLVE_15_9_F11,3572.28,23.77,88.6,472.2,7.42,10.53,Dolomite,13.59,11.12
VOLVE_15_9_F11,3572.9,26.12,93.7,519.9,6.04,10.46,Dolomite,13.64,12.42
VOLVE_15_9_F11,3573.57,24.68,95.5,500.7,4.6,10.81,Dolomite,13.66,12.31
VOLVE_15_9_F11,3574.49,19.43,83.3,383.5,3.24,10.49,Dolomite,13.67,10.0
VOLVE_15_9_F11,3574.77,23.64,72.0,472.8,6.99,10.89,Dolomite,13.69,8.33
VOLVE_15_9_F11,3575.42,20.46,76.2,495.4,4.46,10.96,Dolomite,13.72,10.92
VOLVE_15_9_F11,3575.94,25.17,83.4,437.3,5.23,10.58,Dolomite,13.76,10.92
VOLVE_15_9_F11,3576.67,25.69,80.8,447.7,8.56,10.62,Dolomite,13.8,11.66
VOLVE_15_9_F11,3577.35,25.96,68.4,470.5,6.47,10.31,Dolomite,13.82,9.91
VOLVE_15_9_F11,3577.87,24.0,55.8,476.7,6.37,10.43,Dolomite,13.84,9.47
VOLVE_15_9_F11,3578.62,20.23,72.7,472.2,6.88,10.79,Dolomite,13.87,10.55
VOLVE_15_9_F11,3579.25,24.84,76.9,486.1,3.52,10.88,Dolomite,13.88,11.93
VOLVE_15_9_F11,3579.6,25.34,85.7,465.8,7.41,10.58,Dolomite,13.9,10.94
VOLVE_15_9_F11,3580.31,23.86,74.9,432.1,7.28,10.6,Dolomite,13.93,8.69
VOLVE_15_9_F11,3580.53,24.54,77.3,439.3,4.83,10.46,Dolomite,13.97,10.49
VOLVE_15_9_F11,3581.39,19.61,82.7,426.0,5.91,10.52,Dolomite,13.98,9.32
VOLVE_15_9_F11,3582.32,24.49,104.5,438.7,6.93,10.89,Dolomite,14.01,9.56
VOLVE_15_9_F11,3582.58,24.06,78.5,479.6,4.49,10.74,Dolomite,14.05,9.87
VOLVE_15_9_F11,3582.98,21.3,57.8,426.3,5.88,10.43,Dolomite,14.08,9.45
VOLVE_15_9_F11,3583.29,25.65,70.8,500.0,4.61,10.78,Dolomite,14.09,11.08
VOLVE_15_9_F11,3584.1,23.1,108.2,417.6,8.81,11.05,Dolomite,14.13,10.15
VOLVE_15_9_F11,3584.36,24.91,102.6,465.3,5.97,10.64,Dolomite,14.16,10.37
VOLVE_15_9_F11,3584.99,25.56,95.1,490.6,6.41,10.6,Dolomite,14.19,10.8
VOLVE_15_9_F11,3585.5,25.16,91.6,475.1,3.69,10.78,Dolomite,14.22,12.05
VOLVE_15_9_F11,3586.3,20.99,91.7,383.3,5.74,10.85,Dolomite,14.25,10.88
VOLVE_15_9_F11,3587.02,23.39,77.4,462.5,6.73,10.82,Dolomite,14.29,10.52
VOLVE_15_9_F11,3587.65,29.67,94.0,427.7,5.01,10.65,Dolomite,14.33,11.32
VOLVE_15_9_F11,3588.25,27.84,94.6,404.3,5.3,10.63,Dolomite,14.35,10.29
VOLVE_15_9_F11,3589.07,26.44,93.7,466.1,4.93,10.44,Dolomite,14.36,11.49
VOLVE_15_9_F11,3589.66,25.04,72.0,407.2,3.95,10.51,Dolomite,14.38,8.6
VOLVE_15_9_F11,3590.19,21.89,76.2,467.0,3.56,10.75,Dolomite,14.4,9.83
VOLVE_15_9_F11,3590.41,23.96,71.4,515.4,6.46,10.62,Dolomite,14.44,8.12
VOLVE_15_9_F11,3590.83,23.31,96.0,469.3,4.02,10.73,Dolomite,14.47,8.49
VOLVE_15_9_F11,3591.32,24.15,85.6,447.9,3.32,10.66,Dolomite,14.5,7.99
VOLVE_15_9_F11,3591.99,20.75,86.9,450.8,4.53,10.71,Dolomite,14.54,11.53
VOLVE_15_9_F11,3592.72,26.76,89.7,493.7,5.81,10.7,Dolomite,14.59,10.61
VOLVE_15_9_F11,3593.69,17.66,59.8,445.0,5.18,10.81,Dolomite,14.62,7.05
VOLVE_15_9_F11,3594.12,26.52,94.2,438.6,4.74,10.83,Dolomite,14.65,12.75
VOLVE_15_9_F11,3594.75,26.57,72.9,419.9,4.78,10.7,Dolomite,14.66,9.0
VOLVE_15_9_F11,3595.56,30.2,74.3,421.4,6.48,10.67,Dolomite,14.71,10.85
VOLVE_15_9_F11,3596.0,23.76,68.5,492.9,6.25,10.69,Dolomite,14.72,8.95
VOLVE_15_9_F11,3596.64,23.09,82.2,437.8,6.8,10.58,Dolomite,14.76,10.64
VOLVE_15_9_F11,3597.18,24.69,80.0,479.4,6.0,10.86,Dolomite,14.79,10.07
VOLVE_15_9_F11,3597.7,25.79,60.1,482.6,3.23,10.61,Dolomite,14.82,8.72
VOLVE_15_9_F11,3597.95,24.17,54.2,419.0,3.94,10.68,Dolomite,14.83,7.51
VOLVE_15_9_F11,3598.17,21.44,78.0,425.4,6.6,10.73,Dolomite,14.87,8.68
VOLVE_15_9_F11,3598.6,25.79,93.2,480.3,7.84,10.75,Dolomite,14.89,9.75
VOLVE_15_9_F11,3599.53,24.4,91.8,462.8,5.47,10.74,Dolomite,14.91,8.45
VOLVE_15_9_F11,3599.89,21.88,96.0,450.0,5.2,10.68,Dolomite,14.95,10.64
VOLVE_15_9_F11,3600.14,20.34,78.0,475.7,3.8,10.95,Dolomite,14.98,10.28
VOLVE_15_9_F11,3600.83,30.58,75.7,497.7,7.59,10.71,Dolomite,15.02,10.19
VOLVE_15_9_F11,3601.8,26.49,79.3,455.6,4.3,10.66,Dolomite,15.04,7.94
VOLVE_15_9_F11,3602.04,25.81,93.1,434.4,8.07,10.97,Dolomite,15.06,10.73
VOLVE_15_9_F11,3602.84,24.12,105.2,461.9,5.65,10.58,Dolomite,15.07,10.8
VOLVE_15_9_F11,3603.13,26.14,74.1,425.0,4.43,10.97,Dolomite,15.09,8.59
VOLVE_15_9_F11,3603.44,21.78,77.0,462.9,2.98,10.4,Dolomite,15.1,9.38
VOLVE_15_9_F11,3604.38,24.92,81.5,457.3,5.14,10.64,Dolomite,15.15,7.27
VOLVE_15_9_F11,3605.15,25.03,77.0,424.6,5.26,10.45,Dolomite,15.17,9.86
VOLVE_15_9_F11,3605.79,21.85,72.3,441.0,4.67,10.5,Dolomite,15.19,9.15
VOLVE_15_9_F11,3606.12,24.16,79.1,444.2,5.37,10.77,Dolomite,15.23,11.02
VOLVE_15_9_F11,3606.77,23.4,69.1,486.5,6.81,10.75,Dolomite,15.27,10.02
VOLVE_15_9_F11,3607.02,22.52,91.9,422.2,6.15,10.61,Dolomite,15.32,10.01
VOLVE_15_9_F11,3607.54,23.08,103.1,424.8,5.86,10.95,Dolomite,15.34,11.95
VOLVE_15_9_F11,3608.3,20.17,76.7,442.3,6.34,10.87,Dolomite,15.36,8.32
VOLVE_15_9_F11,3608.96,27.09,105.9,479.8,4.93,10.7,Dolomite,15.39,9.5
VOLVE_15_9_F11,3609.7,28.34,79.4,486.3,6.6,10.43,Dolomite,15.44,11.56
VOLVE_15_9_F11,3609.99,22.12,70.5,467.7,5.88,10.85,Dolomite,15.46,10.33
VOLVE_15_9_F11,3610.8,27.22,91.3,485.8,7.62,10.63,Dolomite,15.51,11.9
VOLVE_15_9_F11,3611.76,24.37,67.1,503.7,3.55,10.75,Dolomite,15.55,9.26
VOLVE_15_9_F11,3612.69,24.43,90.3,463.5,4.51,10.82,Dolomite,15.57,9.26
VOLVE_15_9_F11,3612.96,21.21,84.8,425.2,4.21,10.64,Dolomite,15.61,8.08
VOLVE_15_9_F11,3613.24,23.06,74.9,454.1,5.77,10.9,Dolomite,15.62,8.71
VOLVE_15_9_F11,3613.85,25.79,73.3,402.8,5.69,10.65,Dolomite,15.65,7.99
VOLVE_15_9_F11,3614.47,22.02,67.9,473.0,5.68,10.79,Dolomite,15.66,8.76
VOLVE_15_9_F11,3615.35,,96.4,437.6,2.95,10.82,Dolomite,15.69,11.29
VOLVE_15_9_F11,3615.85,23.19,77.6,461.7,7.02,10.84,Dolomite,15.7,9.06
VOLVE_15_9_F11,3616.46,15.95,85.6,453.8,5.0,10.97,Dolomite,15.74,8.73
VOLVE_15_9_F11,3616.82,25.29,80.8,441.9,6.15,10.58,Dolomite,15.79,10.58
VOLVE_15_9_F11,3617.78,26.06,77.8,466.3,5.96,10.54,Dolomite,15.8,9.65
VOLVE_15_9_F11,3618.07,25.38,85.9,452.2,4.82,10.66,Dolomite,15.83,9.63
VOLVE_15_9_F11,3619.0,26.83,88.6,432.0,6.37,11.16,Dolomite,15.86,11.37
VOLVE_15_9_F11,3619.91,23.37,83.0,413.3,5.44,10.91,Dolomite,15.88,9.68
VOLVE_15_9_F11,3620.15,29.01,78.1,471.5,5.86,10.62,Dolomite,15.9,11.67
VOLVE_15_9_F11,3620.97,22.37,64.6,409.0,5.58,10.65,Dolomite,15.92,11.24
VOLVE_15_9_F11,3621.44,23.92,71.9,529.0,5.11,10.7,Dolomite,15.95,8.94
VOLVE_15_9_F11,3621.82,23.68,76.4,508.7,3.64,10.75,Dolomite,16.0,9.47
VOLVE_15_9_F11,3622.34,24.96,81.2,393.7,5.25,10.8,Dolomite,16.03,9.33
VOLVE_15_9_F11,3623.28,23.89,54.9,482.3,6.92,10.81,Dolomite,16.07,8.58
VOLVE_15_9_F11,3623.8,24.24,90.2,502.8,4.87,10.89,Dolomite,16.11,9.67
VOLVE_15_9_F11,3624.2,22.8,85.8,433.8,5.45,11.01,Dolomite,16.15,10.88
VOLVE_15_9_F11,3624.82,23.4,72.2,471.3,6.19,10.69,Dolomite,16.19,9.65
VOLVE_15_9_F11,3625.34,18.92,67.2,452.2,7.25,10.68,Dolomite,16.21,11.28
VOLVE_15_9_F11,3625.56,26.51,70.6,484.5,5.14,10.65,Dolomite,16.22,9.35
VOLVE_15_9_F11,3625.91,21.95,61.1,439.4,3.42,10.67,Dolomite,16.23,10.19
VOLVE_15_9_F11,3626.12,23.28,75.8,497.8,6.04,10.76,Dolomite,16.25,11.52
VOLVE_15_9_F11,3626.74,21.86,78.2,451.5,4.17,10.8,Dolomite,16.28,9.16
VOLVE_15_9_F11,3627.45,25.93,94.7,444.6,6.11,10.97,Dolomite,16.31,10.65
VOLVE_15_9_F11,3628.23,23.15,88.0,483.2,6.13,10.6,Dolomite,16.34,10.84
VOLVE_15_9_F11,3628.59,18.41,99.6,493.3,4.58,10.76,Dolomite,16.35,8.79
VOLVE_15_9_F11,3629.44,25.22,82.6,363.8,5.18,10.58,Dolomite,16.4,11.19
VOLVE_15_9_F11,3629.97,22.65,67.3,341.1,6.03,10.77,Dolomite,16.41,7.77
VOLVE_15_9_F11,3630.21,24.46,107.0,470.9,7.12,11.11,Dolomite,16.45,9.84
VOLVE_15_9_F11,3631.15,26.61,76.1,430.8,5.59,10.69,Dolomite,16.49,9.35
VOLVE_15_9_F11,3631.9,22.06,57.7,404.4,5.05,11.08,Dolomite,16.52,8.59
VOLVE_15_9_F11,3632.55,24.4,84.2,442.3,4.11,10.59,Dolomite,16.54,10.0
VOLVE_15_9_F11,3632.78,22.6,57.1,573.7,5.03,10.64,Dolomite,16.57,8.47
VOLVE_15_9_F11,3633.0,27.0,79.6,404.1,5.15,10.66,Dolomite,16.62,9.55
VOLVE_15_9_F11,3633.65,24.73,73.8,492.7,5.43,10.74,Dolomite,16.66,8.62
VOLVE_15_9_F11,3634.55,24.48,88.8,426.8,7.24,10.69,Dolomite,16.68,11.01
VOLVE_15_9_F11,3635.27,21.44,95.2,399.2,4.01,10.83,Dolomite,16.7,9.94
VOLVE_15_9_F11,3635.47,26.42,76.0,432.8,6.93,10.3,Dolomite,16.74,9.54
VOLVE_15_9_F11,3636.18,26.74,75.0,400.4,5.76,10.57,Dolomite,16.76,9.37
VOLVE_15_9_F11,3636.66,22.63,92.3,394.6,5.39,11.0,Dolomite,16.8,8.58
VOLVE_15_9_F11,3636.96,24.93,69.4,428.3,4.24,10.5,Dolomite,16.84,8.32
VOLVE_15_9_F11,3637.81,26.02,81.9,413.7,5.91,10.66,Dolomite,16.86,8.56
VOLVE_15_9_F11,3638.47,30.1,89.0,451.4,8.65,10.8,Dolomite,16.88,9.8
VOLVE_15_9_F11,3639.25,25.53,69.0,464.0,2.28,10.71,Dolomite,16.91,10.19
VOLVE_15_9_F11,3639.58,24.56,76.4,425.7,3.01,10.59,Dolomite,16.93,10.29
VOLVE_15_9_F11,3639.87,24.17,82.4,482.5,5.2,10.78,Dolomite,16.96,8.39
VOLVE_15_9_F11,3640.49,24.32,100.9,430.7,6.09,10.84,Dolomite,16.98,10.71
VOLVE_15_9_F11,3641.11,26.48,62.8,451.1,6.45,10.62,Dolomite,17.01,8.19
VOLVE_15_9_F11,3641.77,22.36,78.7,370.5,5.73,10.78,Dolomite,17.03,9.71
VOLVE_15_9_F11,3642.57,26.9,101.2,460.6,3.98,10.84,Dolomite,17.05,10.33
VOLVE_15_9_F11,3643.3,20.72,95.5,547.4,6.04,10.88,Dolomite,17.07,9.31
VOLVE_15_9_F11,3644.04,26.24,76.8,489.1,5.31,10.77,Dolomite,17.08,10.25
VOLVE_15_9_F11,3644.38,26.94,79.8,450.4,6.68,10.97,Dolomite,17.13,11.32
VOLVE_15_9_F11,3644.92,26.6,87.8,411.0,4.85,10.72,Dolomite,17.16,7.92
VOLVE_15_9_F11,3645.6,25.26,88.1,522.6,3.76,10.57,Dolomite,17.17,11.32
VOLVE_15_9_F11,3646.21,25.57,101.6,450.9,5.28,10.68,Dolomite,17.21,9.43
VOLVE_15_9_F11,3646.65,23.59,97.9,430.4,6.18,10.9,Dolomite,17.24,11.16
VOLVE_15_9_F11,3647.61,21.78,60.1,431.4,5.32,10.58,Dolomite,17.29,9.44
VOLVE_15_9_F11,3647.92,25.22,57.0,540.2,5.14,10.38,Dolomite,17.3,8.16
VOLVE_15_9_F11,3648.9,24.77,72.7,452.6,4.59,10.79,Dolomite,17.33,8.78
VOLVE_15_9_F11,3649.73,26.91,53.1,475.3,5.06,10.65,Dolomite,17.35,9.54
VOLVE_15_9_F11,3650.4,24.25,100.6,449.2,7.47,11.05,Dolomite,17.39,10.94
VOLVE_15_9_F11,3650.71,25.0,58.4,454.7,8.19,10.76,Dolomite,17.42,9.67
VOLVE_15_9_F11,3651.36,25.32,76.4,440.3,5.94,10.9,Dolomite,17.44,9.88
VOLVE_15_9_F11,3651.63,26.04,67.8,514.2,6.59,10.64,Dolomite,17.47,9.12
VOLVE_15_9_F11,3652.57,26.98,57.1,459.1,4.41,10.81,Dolomite,17.51,9.03
VOLVE_15_9_F11,3653.0,22.23,98.6,401.0,7.1,10.77,Dolomite,17.56,9.54
VOLVE_15_9_F11,3653.52,26.37,72.2,473.1,5.04,10.92,Dolomite,17.58,8.0
VOLVE_15_9_F11,3654.23,24.17,109.5,452.7,4.3,10.75,Dolomite,17.59,10.37
VOLVE_15_9_F11,3654.45,26.22,101.9,472.6,7.27,10.64,Dolomite,17.62,10.19
VOLVE_15_9_F11,3655.08,28.32,80.8,444.0,5.87,10.87,Dolomite,17.65,11.22
VOLVE_15_9_F11,3655.85,19.35,49.4,435.7,6.16,10.61,Dolomite,17.69,9.14
VOLVE_15_9_F11,3656.22,27.66,75.8,493.1,6.62,10.6,Dolomite,17.73,10.37
VOLVE_15_9_F11,3656.54,24.33,115.1,531.7,4.36,10.71,Dolomite,17.74,11.57
VOLVE_15_9_F11,3657.13,22.49,87.3,383.0,5.55,10.67,Dolomite,17.77,9.77
VOLVE_15_9_F11,3657.76,23.54,78.3,460.6,4.22,10.72,Dolomite,17.78,9.2
VOLVE_15_9_F11,3658.31,22.05,71.7,435.7,6.58,10.62,Dolomite,17.82,7.64
VOLVE_15_9_F11,3658.75,25.9,94.2,420.8,5.85,10.89,Dolomite,17.85,9.68
VOLVE_15_9_F11,3659.27,22.05,86.4,371.1,4.49,10.89,Dolomite,17.9,8.51
VOLVE_15_9_F11,3659.72,27.65,85.1,471.8,3.33,10.84,Dolomite,17.93,9.64
VOLVE_15_9_F11,3660.12,26.37,97.9,438.0,7.24,10.83,Dolomite,17.96,9.91
VOLVE_15_9_F11,3660.7,25.21,97.1,435.6,5.31,10.44,Dolomite,17.99,11.04
VOLVE_15_9_F11,3661.22,19.55,87.4,505.4,4.76,10.74,Dolomite,18.03,10.27
VOLVE_15_9_F11,3661.77,21.34,57.0,439.7,5.36,10.85,Dolomite,18.05,7.86
VOLVE_15_9_F11,3661.97,24.45,66.1,438.1,4.13,10.92,Dolomite,18.08,7.51
VOLVE_15_9_F11,3662.72,24.59,71.6,403.9,3.46,10.69,Dolomite,18.1,7.96
VOLVE_15_9_F11,3662.96,27.0,80.3,421.0,5.87,10.92,Dolomite,18.14,10.76
VOLVE_15_9_F11,3663.32,17.37,103.3,516.0,4.0,10.77,Dolomite,18.17,10.08
VOLVE_15_9_F11,3664.17,22.76,111.6,481.8,5.63,10.33,Dolomite,18.21,9.04
VOLVE_15_9_F11,3665.15,26.75,86.7,508.8,4.67,10.71,Dolomite,18.26,8.54
VOLVE_15_9_F11,3666.15,23.82,,423.7,3.85,10.6,Dolomite,18.28,8.87
VOLVE_15_9_F11,3666.82,23.5,58.2,471.8,3.02,10.63,Dolomite,18.3,10.32
VOLVE_15_9_F11,3667.23,20.64,74.5,499.2,5.1,10.88,Dolomite,18.31,9.37
VOLVE_15_9_F11,3668.1,27.32,72.5,480.5,6.86,10.77,Dolomite,18.33,9.52
VOLVE_15_9_F11,3668.82,23.46,71.3,520.6,6.35,10.65,Dolomite,18.35,9.24
VOLVE_15_9_F11,3669.81,27.41,89.5,473.4,5.84,10.62,Dolomite,18.36,8.25
VOLVE_15_9_F11,3670.44,28.35,74.1,457.3,7.37,10.79,Dolomite,18.41,9.54
VOLVE_15_9_F11,3671.07,27.98,52.4,363.2,4.66,10.7,Dolomite,18.43,9.69
VOLVE_15_9_F11,3671.3,24.6,93.5,474.0,6.6,10.83,Dolomite,18.48,9.39
VOLVE_15_9_F11,3671.66,23.48,98.9,481.2,5.01,10.6,Dolomite,18.5,9.55
VOLVE_15_9_F11,3672.39,23.31,85.1,503.2,4.5,10.67,Dolomite,18.53,9.88
VOLVE_15_9_F11,3673.39,29.61,78.3,425.6,6.81,10.56,Dolomite,18.57,8.74
VOLVE_15_9_F11,3673.97,24.17,67.3,456.0,5.7,10.64,Dolomite,18.59,9.44
VOLVE_15_9_F11,3674.19,27.33,68.3,393.7,6.24,11.05,Dolomite,18.62,8.18
VOLVE_15_9_F11,3674.71,25.9,96.9,392.8,4.0,10.61,Dolomite,18.66,9.09
VOLVE_15_9_F11,3675.01,23.67,69.6,477.9,6.41,10.65,Dolomite,18.7,8.89
VOLVE_15_9_F11,3675.98,24.07,111.0,508.0,6.64,10.6,Dolomite,18.74,9.97
VOLVE_15_9_F11,3676.29,27.66,95.1,509.4,5.43,10.7,Dolomite,18.77,10.47
VOLVE_15_9_F11,3676.58,24.78,85.9,474.9,6.22,10.71,Dolomite,18.81,9.63
VOLVE_15_9_F11,3677.15,23.57,121.5,539.2,7.26,10.91,Dolomite,18.85,10.44
VOLVE_15_9_F11,3677.78,22.69,99.9,441.7,4.66,10.67,Dolomite,18.88,9.59
VOLVE_15_9_F11,3678.56,25.51,74.3,493.3,4.54,10.74,Dolomite,18.92,8.47
VOLVE_15_9_F11,3679.05,23.43,65.4,404.6,4.74,10.45,Dolomite,18.95,6.29
VOLVE_15_9_F11,3679.97,26.2,74.4,331.6,2.81,10.6,Dolomite,18.98,8.71
VOLVE_15_9_F11,3680.65,31.08,79.3,438.1,6.38,10.89,Dolomite,19.02,9.13
VOLVE_15_9_F11,3680.89,26.02,69.4,452.5,6.48,10.6,Dolomite,19.04,9.87
VOLVE_15_9_F11,3681.11,29.23,63.9,466.7,6.27,10.84,Dolomite,19.06,8.78
VOLVE_15_9_F11,3681.69,22.94,84.3,449.9,5.9,10.59,Dolomite,19.1,7.35
VOLVE_15_9_F11,3682.24,26.44,94.1,471.8,7.02,10.7,Dolomite,19.14,10.0
VOLVE_15_9_F11,3682.8,27.87,108.7,527.0,6.02,10.98,Dolomite,19.17,11.68
VOLVE_15_9_F11,3683.05,28.18,81.9,486.9,3.88,10.84,Dolomite,19.22,10.03
VOLVE_15_9_F11,3683.29,27.93,89.8,426.7,6.02,10.43,Dolomite,19.27,8.54
VOLVE_15_9_F11,3683.54,24.78,53.0,356.9,6.59,11.21,Dolomite,19.29,7.35
VOLVE_15_9_F11,3684.33,26.96,93.7,414.4,6.27,10.57,Dolomite,19.32,9.31
VOLVE_15_9_F11,3685.01,22.2,65.7,511.1,4.54,11.01,Dolomite,19.35,8.5
VOLVE_15_9_F11,3685.32,28.76,85.4,437.2,6.81,10.66,Dolomite,19.4,9.3
VOLVE_15_9_F11,3685.86,22.36,80.1,484.5,5.68,10.54,Dolomite,19.43,7.49
VOLVE_15_9_F11,3686.82,27.88,77.2,483.0,5.41,10.66,Dolomite,19.45,9.45
VOLVE_15_9_F11,3687.07,27.36,58.5,455.1,5.48,10.63,Dolomite,19.46,10.38
VOLVE_15_9_F11,3687.42,27.34,69.4,453.9,5.12,10.65,Dolomite,19.49,8.6
VOLVE_15_9_F11,3687.93,29.92,66.5,430.8,6.43,10.74,Dolomite,19.52,8.12
VOLVE_15_9_F11,3688.32,27.38,71.9,546.5,4.46,10.8,Dolomite,19.55,11.13
VOLVE_15_9_F11,3688.65,21.44,98.5,419.1,5.8,10.94,Dolomite,19.58,11.1
VOLVE_15_9_F11,3689.63,26.23,75.5,502.2,6.54,10.76,Dolomite,19.61,9.24
VOLVE_15_9_F11,3690.44,20.04,70.7,490.6,5.15,10.74,Dolomite,19.64,8.85
VOLVE_15_9_F11,3691.23,24.54,90.5,482.0,5.87,10.62,Dolomite,19.67,9.92
VOLVE_15_9_F11,3692.17,23.71,85.7,452.6,5.5,10.69,Dolomite,19.69,10.19
VOLVE_15_9_F11,3692.52,26.36,111.3,398.2,6.68,10.66,Dolomite,19.72,8.91
VOLVE_15_9_F11,3693.43,22.72,95.9,411.5,5.05,10.53,Dolomite,19.75,9.24
VOLVE_15_9_F11,3694.42,22.8,50.9,426.4,4.66,11.11,Dolomite,19.79,6.72
VOLVE_15_9_F11,3695.09,26.03,92.8,472.2,4.65,10.77,Dolomite,19.83,10.05
VOLVE_15_9_F11,3696.01,27.72,91.1,493.0,5.54,10.77,Dolomite,19.85,11.5
VOLVE_15_9_F11,3696.86,24.79,105.7,470.0,3.41,10.91,Dolomite,19.89,9.97
VOLVE_15_9_F11,3697.32,30.6,77.8,467.8,5.95,10.35,Dolomite,19.94,9.2
VOLVE_15_9_F11,3697.78,23.93,97.2,499.1,6.35,11.07,Dolomite,19.98,10.62
VOLVE_15_9_F11,3698.52,26.49,75.4,373.8,5.44,10.6,Dolomite,20.02,8.35
VOLVE_15_9_F11,3699.17,25.65,85.1,369.1,6.69,10.6,Dolomite,20.06,9.68
VOLVE_15_9_F11,3699.67,23.94,64.9,395.5,6.73,10.65,Dolomite,20.08,7.73
VOLVE_15_9_F11,3699.91,28.08,60.1,494.4,5.41,10.88,Dolomite,20.13,7.78
VOLVE_15_9_F11,3700.13,22.57,93.8,377.0,4.24,11.06,Dolomite,20.15,7.89
VOLVE_15_9_F11,3700.41,19.61,80.8,457.0,6.29,10.98,Dolomite,20.17,5.94
VOLVE_15_9_F11,3700.93,24.49,61.5,421.0,6.19,10.66,Sandstone,20.19,16.56
VOLVE_15_9_F11,3701.15,24.16,93.0,463.6,6.11,10.46,Sandstone,20.22,21.98
VOLVE_15_9_F11,3701.47,27.46,40.0,451.7,4.44,10.67,Sandstone,20.26,13.6
VOLVE_15_9_F11,3702.45,21.69,68.6,467.4,5.43,10.64,Sandstone,20.28,16.31
VOLVE_15_9_F11,3703.01,26.12,55.8,441.4,4.81,10.49,Sandstone,20.33,19.51
VOLVE_15_9_F11,3703.95,25.82,98.7,485.7,4.92,10.82,Sandstone,20.36,19.45
VOLVE_15_9_F11,3704.31,25.62,74.2,515.9,5.85,10.74,Sandstone,20.41,19.01
VOLVE_15_9_F11,3704.79,27.43,81.9,508.0,4.53,10.81,Sandstone,20.45,20.0
VOLVE_15_9_F11,3705.53,24.76,85.3,442.9,6.42,10.84,Sandstone,20.48,17.42
VOLVE_15_9_F11,3706.52,24.96,92.9,422.8,5.98,10.84,Sandstone,20.53,20.31
VOLVE_15_9_F11,3707.28,25.95,91.2,465.2,5.57,10.73,Sandstone,20.58,19.76
VOLVE_15_9_F11,3708.2,24.58,92.7,536.4,5.55,10.98,Sandstone,20.61,19.34
VOLVE_15_9_F11,3708.44,21.45,76.7,455.3,3.79,10.66,Sandstone,20.63,18.74
VOLVE_15_9_F11,3708.89,23.81,93.5,491.0,4.33,10.64,Sandstone,20.64,18.17
VOLVE_15_9_F11,3709.79,24.19,70.9,488.8,7.32,10.7,Sandstone,20.65,19.07
VOLVE_15_9_F11,3710.41,23.44,74.7,488.3,5.05,10.82,Sandstone,20.67,17.55
VOLVE_15_9_F11,3710.75,24.05,57.7,508.3,3.32,10.84,Sandstone,20.7,16.05
VOLVE_15_9_F11,3711.08,25.29,105.9,404.7,6.97,10.69,Sandstone,20.73,22.04
VOLVE_15_9_F11,3711.89,24.16,65.8,418.9,3.93,10.69,Sandstone,20.77,17.53
VOLVE_15_9_F11,3712.21,26.98,101.9,459.3,6.65,10.93,Sandstone,20.81,21.6
VOLVE_15_9_F11,3712.81,27.03,88.8,506.6,7.53,10.54,Sandstone,20.84,20.26
VOLVE_15_9_F11,3713.16,18.91,83.7,506.5,4.7,11.15,Sandstone,20.88,16.26
VOLVE_15_9_F11,3713.52,21.27,86.2,455.6,6.6,10.69,Sandstone,20.93,15.39
VOLVE_15_9_F11,3714.04,18.84,64.7,497.4,5.55,10.71,Sandstone,20.97,16.46
VOLVE_15_9_F11,3714.34,24.17,104.8,440.6,7.64,10.79,Sandstone,21.01,18.24
VOLVE_15_9_F11,3715.06,24.02,75.3,424.4,5.99,10.82,Sandstone,21.06,18.25
VOLVE_15_9_F11,3715.4,25.24,95.9,404.3,5.08,10.64,Sandstone,21.09,17.81
VOLVE_15_9_F11,3716.2,26.97,72.6,451.9,3.02,10.79,Sandstone,21.12,18.85
VOLVE_15_9_F11,3716.82,24.76,59.2,443.6,4.17,10.6,Sandstone,21.15,19.25
VOLVE_15_9_F11,3717.29,23.36,110.5,497.6,5.16,10.65,Sandstone,21.17,23.33
VOLVE_15_9_F11,3717.98,24.86,71.7,479.9,6.5,10.5,Sandstone,21.22,19.34
VOLVE_15_9_F11,3718.51,23.64,87.6,459.6,6.9,10.76,Sandstone,21.24,19.08
VOLVE_15_9_F11,3718.78,21.18,40.0,459.8,3.19,10.71,Sandstone,21.26,14.06
VOLVE_15_9_F11,3719.22,27.27,79.6,440.7,7.12,10.44,Sandstone,21.31,18.87
VOLVE_15_9_F11,3719.84,25.94,89.8,386.3,4.75,10.64,Sandstone,21.35,17.96
VOLVE_15_9_F11,3720.13,28.5,82.8,410.1,4.81,10.74,Sandstone,21.37,20.56
VOLVE_15_9_F11,3720.91,21.79,79.2,488.9,3.49,10.87,Sandstone,21.41,17.31
VOLVE_15_9_F11,3721.4,20.85,77.5,451.9,5.44,10.55,Sandstone,21.42,19.76
VOLVE_15_9_F11,3721.76,22.55,93.8,405.0,4.73,10.7,Sandstone,21.45,17.36
VOLVE_15_9_F11,3721.97,25.89,61.3,512.1,6.82,10.58,Sandstone,21.49,18.43
VOLVE_15_9_F11,3722.24,27.04,77.1,525.4,4.5,10.85,Sandstone,21.53,18.13
VOLVE_15_9_F11,3722.63,25.61,102.2,505.6,6.72,10.64,Sandstone,21.58,21.01
VOLVE_15_9_F11,3723.12,25.25,58.5,474.4,3.69,10.82,Sandstone,21.59,17.1
VOLVE_15_9_F11,3723.44,27.03,79.1,468.9,6.86,10.69,Sandstone,21.62,19.45
VOLVE_15_9_F11,3724.08,23.75,64.1,456.5,5.24,10.49,Sandstone,21.66,17.18
VOLVE_15_9_F11,3724.43,27.54,85.2,464.0,6.11,10.73,Sandstone,21.67,20.3
VOLVE_15_9_F11,3725.4,29.86,81.2,482.6,5.48,10.56,Sandstone,21.71,20.85
VOLVE_15_9_F11,3726.05,22.25,66.5,485.7,4.5,10.91,Sandstone,21.73,18.0
VOLVE_15_9_F11,3726.89,24.27,81.0,475.6,6.0,11.02,Sandstone,21.78,17.73
VOLVE_15_9_F11,3727.42,21.44,81.7,326.4,7.32,10.84,Sandstone,21.8,17.22
VOLVE_15_9_F11,3727.79,22.5,71.5,503.5,3.84,10.65,Sandstone,21.85,17.07
VOLVE_15_9_F11,3728.35,25.89,74.4,465.4,5.04,10.75,Sandstone,21.89,19.84
VOLVE_15_9_F11,3728.88,20.7,71.0,403.2,4.19,10.79,Sandstone,21.94,16.62
VOLVE_15_9_F11,3729.58,22.97,46.5,465.4,2.95,10.91,Sandstone,21.98,15.7
VOLVE_15_9_F11,3730.51,27.56,94.6,469.6,4.07,10.72,Sandstone,22.0,19.52
VOLVE_15_9_F11,3730.89,25.48,98.6,394.6,4.89,10.8,Sandstone,22.03,18.07
VOLVE_15_9_F11,3731.17,26.84,54.4,431.8,4.76,10.49,Sandstone,22.06,17.44
VOLVE_15_9_F11,3731.94,21.69,98.8,413.2,7.13,10.78,Sandstone,22.08,19.8
VOLVE_15_9_F11,3732.14,25.1,86.7,418.5,6.75,10.61,Sandstone,22.1,18.21
VOLVE_15_9_F11,3732.98,29.65,64.1,480.3,4.65,10.75,Sandstone,22.13,19.82
VOLVE_15_9_F11,3733.76,23.28,77.5,432.6,6.19,10.59,Sandstone,22.17,18.43
VOLVE_15_9_F11,3734.62,23.72,70.1,461.2,4.23,10.81,Sandstone,22.21,15.66
VOLVE_15_9_F11,3734.9,26.39,94.5,487.0,5.69,10.84,Sandstone,22.25,18.91
VOLVE_15_9_F11,3735.26,22.69,66.9,440.1,5.43,10.71,Sandstone,22.28,19.61
VOLVE_15_9_F11,3735.9,26.74,112.5,488.6,,10.62,Sandstone,22.32,21.13
VOLVE_15_9_F11,3736.36,20.45,98.0,511.7,5.63,10.83,Sandstone,22.36,17.84
VOLVE_15_9_F11,3737.24,18.88,62.3,491.3,2.86,10.98,Sandstone,22.38,14.88
VOLVE_15_9_F11,3737.81,25.74,105.2,481.5,6.79,11.03,Sandstone,22.41,20.0
VOLVE_15_9_F11,3738.35,22.5,91.6,491.7,6.76,,Sandstone,22.42,19.92
VOLVE_15_9_F11,3738.7,23.54,78.4,473.3,6.36,10.79,Sandstone,22.43,17.97
VOLVE_15_9_F11,3739.35,27.15,90.8,491.4,4.61,10.55,Sandstone,22.46,19.03
VOLVE_15_9_F11,3739.82,26.52,94.5,410.5,5.95,10.94,Sandstone,22.49,16.69
VOLVE_15_9_F11,3740.38,21.89,69.3,454.5,4.99,10.4,Sandstone,22.53,16.48
VOLVE_15_9_F11,3740.8,26.26,93.2,473.2,7.88,10.93,Sandstone,22.57,19.02
VOLVE_15_9_F11,3741.49,24.22,74.2,454.5,6.03,10.75,Sandstone,22.61,18.27
VOLVE_15_9_F11,3742.36,26.01,92.9,557.6,7.79,10.38,Sandstone,22.65,21.32
VOLVE_15_9_F11,3742.57,24.92,78.6,449.8,4.57,10.8,Sandstone,22.66,19.57
VOLVE_15_9_F11,3742.96,21.21,65.5,386.2,4.63,10.72,Sandstone,22.67,14.88
VOLVE_15_9_F11,3743.7,23.19,90.1,459.7,4.79,10.68,Sandstone,22.69,18.53
VOLVE_15_9_F11,3744.47,,75.0,490.6,6.0,10.71,Sandstone,22.71,17.3
VOLVE_15_9_F11,3744.9,25.44,83.0,422.6,6.9,10.75,Sandstone,22.73,17.64
VOLVE_15_9_F11,3745.33,25.97,86.8,456.0,6.11,10.75,Sandstone,22.76,19.9
VOLVE_15_9_F11,3746.13,23.22,102.7,454.6,5.74,10.53,Sandstone,22.78,20.79
VOLVE_15_9_F11,3746.77,24.7,74.1,455.1,5.84,10.81,Sandstone,22.79,17.99
VOLVE_15_9_F11,3747.29,22.55,67.9,433.6,3.39,10.69,Sandstone,22.8,16.13
VOLVE_15_9_F11,3747.53,28.13,105.3,501.4,5.62,10.99,Sandstone,22.81,21.84
VOLVE_15_9_F11,3748.25,21.78,80.7,544.2,4.77,10.88,Sandstone,22.82,18.66
VOLVE_15_9_F11,3748.69,24.22,72.5,423.9,5.25,10.9,Sandstone,22.83,16.25
VOLVE_15_9_F11,3749.35,21.75,86.1,405.2,4.47,11.03,Sandstone,22.86,16.87
VOLVE_15_9_F11,3750.13,25.59,75.5,440.0,4.42,10.86,Sandstone,22.9,17.44
VOLVE_15_9_F11,3750.7,27.6,76.6,513.8,3.72,10.73,Sandstone,22.93,17.95
VOLVE_15_9_F11,3751.1,19.81,119.2,447.2,6.09,10.37,Sandstone,22.95,18.02
VOLVE_15_9_F11,3751.47,26.64,65.8,472.2,3.74,10.79,Sandstone,22.98,17.05
VOLVE_15_9_F11,3752.24,29.09,59.0,421.0,6.7,11.01,Sandstone,23.02,18.21
VOLVE_15_9_F11,3753.15,25.34,99.0,528.9,6.15,10.89,Sandstone,23.05,19.55
VOLVE_15_9_F11,3754.13,23.33,74.9,445.7,6.29,10.68,Sandstone,23.08,17.76
VOLVE_15_9_F11,3754.98,24.92,85.4,467.5,4.45,10.76,Sandstone,23.12,19.43
VOLVE_15_9_F11,3755.66,23.66,90.2,425.7,7.72,10.67,Sandstone,23.14,18.3
VOLVE_15_9_F11,3756.55,29.94,54.4,421.8,8.17,10.8,Sandstone,23.19,16.41
VOLVE_15_9_F11,3757.06,27.12,97.7,457.4,5.94,10.68,Sandstone,23.23,20.74
VOLVE_15_9_F11,3757.97,27.28,72.2,461.7,6.01,10.97,Sandstone,23.25,18.01
VOLVE_15_9_F11,3758.51,30.42,109.1,492.0,6.36,10.77,Sandstone,23.26,22.94
VOLVE_15_9_F11,3759.19,28.4,68.7,390.0,6.79,10.79,Sandstone,23.28,18.89
VOLVE_15_9_F11,3759.52,24.73,104.1,419.5,6.74,10.63,Sandstone,23.32,19.68
VOLVE_15_9_F11,3760.12,25.1,106.8,430.0,3.73,10.69,Sandstone,23.37,19.11
VOLVE_15_9_F11,3760.59,30.94,73.3,462.3,4.89,10.58,Sandstone,23.41,20.02
VOLVE_15_9_F11,3761.09,23.2,77.7,412.3,5.73,10.97,Sandstone,23.46,17.51
VOLVE_15_9_F11,3761.77,24.62,75.9,453.7,6.28,10.68,Sandstone,23.48,15.84
VOLVE_15_9_F11,3762.67,22.52,103.4,431.8,5.76,10.78,Sandstone,23.51,18.24
VOLVE_15_9_F11,3763.53,20.51,83.3,452.1,3.06,10.52,Sandstone,23.55,17.5
VOLVE_15_9_F11,3764.01,22.86,88.6,426.5,6.05,10.57,Sandstone,23.57,17.1
VOLVE_15_9_F11,3764.8,22.91,78.4,417.1,7.43,10.72,Sandstone,23.59,20.16
VOLVE_15_9_F11,3765.44,23.5,87.7,468.9,2.67,10.71,Sandstone,23.61,17.57
VOLVE_15_9_F11,3765.91,26.59,88.6,502.1,6.85,10.79,Sandstone,23.64,19.83
VOLVE_15_9_F11,3766.84,25.04,71.6,490.1,7.53,11.06,Sandstone,23.68,19.21
VOLVE_15_9_F11,3767.17,27.6,107.2,502.0,7.22,10.45,Sandstone,23.69,21.5
VOLVE_15_9_F11,3768.01,25.45,77.5,506.7,5.36,10.9,Sandstone,23.7,18.18
VOLVE_15_9_F11,3768.38,25.52,96.0,451.1,6.81,10.83,Sandstone,23.71,19.38
VOLVE_15_9_F11,3769.3,24.35,61.7,532.4,5.01,10.66,Sandstone,23.75,17.16
VOLVE_15_9_F11,3770.07,29.95,90.8,487.8,6.71,10.69,Sandstone,23.77,20.01
VOLVE_15_9_F11,3770.65,24.02,96.5,419.5,5.71,,Sandstone,23.8,16.92
VOLVE_15_9_F11,3770.91,27.38,84.6,430.8,5.87,10.75,Sandstone,23.83,18.23
VOLVE_15_9_F11,3771.25,22.13,96.7,463.6,4.53,10.71,Sandstone,23.85,16.81
VOLVE_15_9_F11,3771.58,24.48,70.0,492.8,4.7,10.6,Sandstone,23.89,17.84
VOLVE_15_9_F11,3772.39,30.11,87.7,448.4,7.97,10.63,Sandstone,23.91,19.71
VOLVE_15_9_F11,3773.09,26.8,57.8,418.7,4.54,10.58,Sandstone,23.95,17.33
VOLVE_15_9_F11,3773.47,21.59,82.8,489.2,2.84,10.89,Sandstone,23.99,15.65
VOLVE_15_9_F11,3773.96,22.52,68.7,412.9,9.28,10.64,Sandstone,24.01,16.05
VOLVE_15_9_F11,3774.41,29.1,79.5,469.7,5.29,10.58,Sandstone,24.04,18.33
VOLVE_15_9_F11,3775.13,25.32,101.3,459.3,5.48,10.78,Sandstone,24.06,19.02
VOLVE_15_9_F11,3775.59,24.41,106.6,403.9,5.31,10.64,Sandstone,24.09,18.23
VOLVE_15_9_F11,3776.41,23.16,61.3,528.6,5.02,10.99,Sandstone,24.13,18.18
VOLVE_15_9_F11,3777.16,24.32,99.2,458.2,4.77,10.77,Sandstone,24.15,18.58
VOLVE_15_9_F11,3777.56,28.64,101.5,410.1,7.89,10.79,Sandstone,24.19,19.72
VOLVE_15_9_F11,3778.02,23.36,85.4,459.5,5.14,10.79,Sandstone,24.2,16.69
VOLVE_15_9_F11,3778.66,23.61,100.9,388.4,4.38,10.85,Sandstone,24.21,17.46
VOLVE_15_9_F11,3779.58,26.62,74.3,472.0,2.07,10.87,Sandstone,24.24,16.15
VOLVE_15_9_F11,3779.87,22.52,72.8,492.0,6.43,10.76,Sandstone,24.26,18.01
VOLVE_15_9_F11,3780.36,22.78,72.9,565.6,4.62,10.61,Sandstone,24.27,18.85
VOLVE_15_9_F11,3781.04,25.14,91.3,461.5,6.08,10.74,Sandstone,24.29,17.13
VOLVE_15_9_F11,3781.5,25.2,79.1,431.2,4.34,10.77,Sandstone,24.33,17.54
VOLVE_15_9_F11,3781.93,23.1,69.8,465.8,5.24,10.52,Sandstone,24.38,17.03
VOLVE_15_9_F11,3782.48,26.31,70.5,515.2,5.39,10.45,Sandstone,24.42,19.43
VOLVE_15_9_F11,3782.83,25.68,80.6,477.6,6.62,10.58,Sandstone,24.47,17.45
VOLVE_15_9_F11,3783.51,20.2,67.8,490.9,5.03,10.47,Sandstone,24.51,15.7
VOLVE_15_9_F11,3784.42,27.09,90.6,488.0,4.45,10.69,Sandstone,24.55,19.3
VOLVE_15_9_F11,3785.34,23.72,98.5,477.8,8.49,10.65,Sandstone,24.57,18.73
VOLVE_15_9_F11,3785.92,27.16,95.1,401.5,6.39,10.78,Sandstone,24.61,18.17
VOLVE_15_9_F11,3786.36,30.34,124.2,399.3,5.46,10.87,Sandstone,24.64,19.55
VOLVE_15_9_F11,3786.86,24.98,86.7,394.4,5.78,10.81,Sandstone,24.68,18.0
VOLVE_15_9_F11,3787.24,23.54,106.0,409.7,6.18,10.83,Sandstone,24.72,19.27
VOLVE_15_9_F11,3787.92,28.6,83.3,414.3,6.4,10.9,Sandstone,24.77,18.25
VOLVE_15_9_F11,3788.23,23.06,76.4,532.0,,10.71,Sandstone,24.78,17.56
VOLVE_15_9_F11,3788.69,29.89,82.3,429.3,6.22,10.37,Sandstone,24.8,19.75
VOLVE_15_9_F11,3789.02,24.0,83.0,461.6,6.51,10.5,Sandstone,24.83,18.27
VOLVE_15_9_F11,3789.39,23.59,78.7,447.8,6.18,10.84,Sandstone,24.87,17.57
VOLVE_15_9_F11,3790.12,31.08,64.3,465.3,6.66,10.79,Sandstone,24.91,19.17
VOLVE_15_9_F11,3791.12,26.07,65.8,460.4,3.2,10.87,Sandstone,24.92,15.58
VOLVE_15_9_F11,3791.86,29.22,97.5,407.3,4.01,11.19,Sandstone,24.97,18.06
VOLVE_15_9_F11,3792.25,25.1,93.0,481.5,4.7,10.8,Sandstone,24.99,17.39
VOLVE_15_9_F11,3792.78,24.93,107.2,430.4,5.55,10.75,Sandstone,25.04,18.16
VOLVE_15_9_F11,3793.48,17.86,74.6,429.1,3.81,10.82,Sandstone,25.08,14.04
VOLVE_15_9_F11,3794.38,27.71,73.2,445.3,4.37,10.59,Sandstone,25.13,17.43
VOLVE_15_9_F11,3795.15,26.14,63.3,489.9,5.59,10.88,Sandstone,25.17,17.67
VOLVE_15_9_F11,3795.46,24.9,96.4,432.6,4.64,10.74,Sandstone,25.21,15.57
VOLVE_15_9_F11,3796.15,26.66,67.1,461.3,2.52,11.02,Sandstone,25.24,16.27
VOLVE_15_9_F11,3796.5,25.28,80.0,473.7,3.85,10.53,Sandstone,25.27,17.86
VOLVE_15_9_F11,3797.0,22.83,85.2,467.9,4.6,10.77,Sandstone,25.3,17.34
VOLVE_15_9_F11,3797.98,26.1,57.1,465.7,4.89,10.67,Sandstone,25.33,14.71
VOLVE_15_9_F11,3798.89,24.72,92.2,401.5,6.69,10.61,Sandstone,25.35,18.84
VOLVE_15_9_F11,3799.29,27.05,95.7,462.7,6.39,10.86,Sandstone,25.38,19.84
VOLVE_15_9_F11,3800.08,24.5,84.7,421.0,3.07,10.72,Sandstone,25.39,18.2
VOLVE_15_9_F11,3800.54,24.03,79.2,387.2,7.09,10.97,Sandstone,25.43,16.14
VOLVE_15_9_F11,3800.75,23.84,80.0,439.1,5.11,10.69,Sandstone,25.46,17.25
VOLVE_15_9_F11,3801.63,23.0,101.5,436.8,5.68,10.71,Sandstone,25.48,17.24
VOLVE_15_9_F11,3802.49,23.9,81.3,576.0,5.52,11.07,Sandstone,25.52,17.02
VOLVE_15_9_F11,3802.92,26.29,80.2,496.7,4.55,10.57,Sandstone,25.57,17.06
VOLVE_15_9_F11,3803.74,23.34,70.2,489.0,5.83,10.65,Sandstone,25.58,17.45
VOLVE_15_9_F11,3803.96,22.28,40.0,441.3,2.27,10.3,Sandstone,25.62,14.74
VOLVE_15_9_F11,3804.6,27.19,96.9,450.2,7.51,10.7,Sandstone,25.63,20.59
VOLVE_15_9_F11,3805.58,24.88,80.4,560.5,5.67,10.87,Sandstone,25.67,18.44
VOLVE_15_9_F11,3806.41,27.15,67.4,432.2,5.89,10.83,Sandstone,25.72,16.18
VOLVE_15_9_F11,3807.07,24.68,112.1,467.8,6.53,10.79,Sandstone,25.74,18.78
VOLVE_15_9_F11,3807.56,23.8,87.1,531.3,4.92,10.64,Sandstone,25.78,19.09
VOLVE_15_9_F11,3808.35,20.88,77.4,428.7,6.57,10.74,Sandstone,25.82,17.9
VOLVE_15_9_F11,3809.33,22.41,95.7,463.6,4.58,10.71,Sandstone,25.87,18.74
VOLVE_15_9_F11,3809.69,23.06,86.0,456.9,4.16,10.77,Sandstone,25.89,18.22
VOLVE_15_9_F11,3809.93,25.94,85.7,422.1,5.8,10.8,Sandstone,25.9,19.01
VOLVE_15_9_F11,3810.43,24.97,71.3,488.6,3.66,10.72,Sandstone,25.94,17.07
VOLVE_15_9_F11,3811.04,22.68,90.9,413.0,4.73,10.77,Sandstone,25.97,17.18
VOLVE_15_9_F11,3811.44,18.29,94.6,488.7,5.38,10.76,Sandstone,26.01,17.74
VOLVE_15_9_F11,3812.13,26.41,71.4,474.8,6.33,10.67,Sandstone,26.04,18.29
VOLVE_15_9_F11,3812.58,27.44,52.0,493.5,5.21,10.78,Sandstone,26.05,17.0
VOLVE_15_9_F11,3813.56,27.67,94.7,449.9,4.83,10.58,Sandstone,26.08,17.94
VOLVE_15_9_F11,3813.97,22.84,89.9,473.2,5.0,10.8,Sandstone,26.12,18.83
VOLVE_15_9_F11,3814.82,27.83,93.1,498.7,5.1,10.6,Sandstone,26.14,18.44
VOLVE_15_9_F11,3815.79,26.68,81.2,401.3,5.5,10.77,Sandstone,26.17,18.42
VOLVE_15_9_F11,3816.39,26.67,94.9,409.3,5.08,10.84,Sandstone,26.2,17.85
VOLVE_15_9_F11,3816.75,23.74,70.7,480.9,4.02,10.63,Sandstone,26.24,16.06
VOLVE_15_9_F11,3817.66,24.94,77.7,490.6,4.09,10.93,Sandstone,26.26,15.35
VOLVE_15_9_F11,3818.18,29.85,64.8,463.1,3.45,11.04,Sandstone,26.28,16.51
VOLVE_15_9_F11,3818.82,29.47,97.8,494.4,7.42,10.68,Sandstone,26.32,18.55
VOLVE_15_9_F11,3819.06,25.16,79.8,443.2,6.32,10.75,Sandstone,26.34,16.43
VOLVE_15_9_F11,3819.53,25.76,83.9,508.3,4.1,10.95,Sandstone,26.38,18.21
VOLVE_15_9_F11,3820.18,19.79,86.9,454.7,5.87,10.5,Sandstone,26.41,15.18
VOLVE_15_9_F11,3820.93,28.29,76.9,426.5,5.75,10.78,Sandstone,26.45,18.69
VOLVE_15_9_F11,3821.89,27.15,92.8,514.6,4.29,10.73,Sandstone,26.46,21.22
VOLVE_15_9_F11,3822.56,26.15,105.3,490.7,4.67,10.91,Sandstone,26.49,18.32
VOLVE_15_9_F11,3822.98,23.79,95.1,439.6,5.39,10.74,Sandstone,26.51,18.7
VOLVE_15_9_F11,3823.62,25.46,54.6,440.4,6.0,10.84,Sandstone,26.54,14.31
VOLVE_15_9_F11,3823.88,28.96,82.1,481.7,6.55,10.65,Sandstone,26.58,19.1
VOLVE_15_9_F11,3824.2,26.2,82.8,417.6,4.95,10.92,Sandstone,26.61,17.53
VOLVE_15_9_F11,3824.68,31.88,99.1,470.5,6.91,10.61,Sandstone,26.62,22.79
VOLVE_15_9_F11,3824.9,27.33,72.2,450.9,5.35,10.91,Sandstone,26.67,16.77
VOLVE_15_9_F11,3825.16,23.0,64.8,466.2,4.16,10.79,Sandstone,26.68,16.39
VOLVE_15_9_F11,3825.36,24.27,93.0,376.8,6.73,10.42,Sandstone,26.72,17.22
VOLVE_15_9_F11,3825.71,23.53,80.1,421.4,5.51,10.78,Sandstone,26.76,16.37
VOLVE_15_9_F11,3826.57,27.45,71.1,467.8,6.15,10.87,Sandstone,26.8,17.0
VOLVE_15_9_F11,3827.05,28.19,76.5,499.8,4.37,10.59,Sandstone,26.85,17.49
VOLVE_15_9_F11,3827.97,29.6,59.3,452.4,4.93,10.65,Sandstone,26.87,16.23
VOLVE_15_9_F11,3828.88,24.48,83.0,486.6,6.43,10.79,Sandstone,26.91,17.74
VOLVE_15_9_F11,3829.77,26.49,75.9,398.4,5.19,10.7,Sandstone,26.93,15.84
VOLVE_15_9_F11,3830.14,28.52,88.4,439.7,5.63,10.83,Sandstone,26.96,17.51
VOLVE_15_9_F11,3830.62,29.2,77.3,468.9,4.51,10.75,Sandstone,26.98,19.73
VOLVE_15_9_F11,3831.19,22.25,81.0,455.2,5.45,10.58,Sandstone,27.0,16.6
VOLVE_15_9_F11,3831.74,26.88,73.6,488.2,,11.13,Sandstone,27.04,17.8
VOLVE_15_9_F11,3832.0,22.35,76.6,447.4,5.6,10.73,Sandstone,27.09,16.13
VOLVE_15_9_F11,3832.39,23.83,63.5,447.8,3.9,10.8,Sandstone,27.11,16.39
VOLVE_15_9_F11,3833.09,22.07,95.9,483.8,5.17,11.04,Sandstone,27.14,16.94
VOLVE_15_9_F11,3833.83,23.78,79.8,436.2,7.23,10.91,Sandstone,27.18,14.17
VOLVE_15_9_F11,3834.32,21.71,50.6,421.4,5.15,10.86,Sandstone,27.22,14.24
VOLVE_15_9_F11,3834.76,22.38,56.6,476.3,4.45,10.94,Sandstone,27.26,14.09
VOLVE_15_9_F11,3835.43,23.08,96.0,419.1,6.55,10.86,Sandstone,27.29,16.88
VOLVE_15_9_F11,3836.16,26.1,79.8,514.4,4.68,10.86,Sandstone,27.3,18.22
VOLVE_15_9_F11,3836.93,25.43,80.1,384.0,4.31,10.86,Sandstone,27.34,18.2
VOLVE_15_9_F11,3837.77,21.24,80.4,445.7,4.68,10.75,Sandstone,27.37,14.59
VOLVE_15_9_F11,3838.44,32.21,87.7,522.7,7.53,10.94,Sandstone,27.41,19.32
VOLVE_15_9_F11,3838.94,24.13,103.4,536.7,6.97,10.88,Sandstone,27.42,18.52
VOLVE_15_9_F11,3839.42,22.03,87.1,454.0,4.69,10.43,Sandstone,27.44,16.84
VOLVE_15_9_F11,3839.65,26.81,85.0,501.8,5.35,10.91,Sandstone,27.45,17.9
VOLVE_15_9_F11,3840.18,25.35,71.8,488.7,5.86,10.66,Sandstone,27.49,17.81
VOLVE_15_9_F11,3841.08,23.33,57.3,438.0,7.87,10.82,Sandstone,27.51,15.04
VOLVE_15_9_F11,3841.78,26.34,87.5,476.4,5.4,10.53,Sandstone,27.53,17.57
VOLVE_15_9_F11,3842.45,23.69,88.7,423.2,7.12,10.69,Sandstone,27.57,17.43
VOLVE_15_9_F11,3842.83,24.63,96.9,395.2,5.97,10.73,Sandstone,27.61,16.42
VOLVE_15_9_F11,3843.51,29.04,106.1,477.9,7.23,10.86,Sandstone,27.66,18.67
VOLVE_15_9_F11,3843.86,25.68,63.0,480.2,6.47,10.69,Sandstone,27.67,16.33
VOLVE_15_9_F11,3844.33,26.91,71.2,410.3,5.7,10.46,Sandstone,27.7,16.15
VOLVE_15_9_F11,3845.0,24.07,90.4,452.0,5.49,10.71,Sandstone,27.73,16.2
VOLVE_15_9_F11,3845.23,25.76,80.4,410.2,5.28,10.72,Sandstone,27.74,15.69
VOLVE_15_9_F11,3845.68,23.46,102.0,439.2,6.06,10.88,Sandstone,27.79,17.36
VOLVE_15_9_F11,3845.95,23.35,77.5,440.2,6.69,10.8,Sandstone,27.84,17.9
VOLVE_15_9_F11,3846.28,24.35,110.4,487.3,7.44,10.67,Sandstone,27.87,19.06
VOLVE_15_9_F11,3846.76,23.65,81.2,437.7,6.8,10.82,Sandstone,27.92,15.81
VOLVE_15_9_F11,3847.52,27.99,104.8,407.2,5.53,11.06,Sandstone,27.97,19.21
VOLVE_15_9_F11,3847.93,26.84,44.3,526.3,4.4,10.96,Sandstone,28.01,14.47
VOLVE_15_9_F11,3848.15,19.66,87.7,477.5,4.09,10.5,Sandstone,28.02,17.67
VOLVE_15_9_F11,3848.67,29.71,80.7,493.5,6.07,11.15,Sandstone,28.03,17.76
VOLVE_15_9_F11,3849.05,27.0,49.0,482.0,6.28,10.96,Sandstone,28.06,15.64
VOLVE_15_9_F11,3849.87,28.26,80.1,495.3,5.07,11.02,Sandstone,28.1,17.17
VOLVE_15_9_F11,3850.73,24.98,61.8,475.2,4.96,10.56,Sandstone,28.13,15.58
VOLVE_15_9_F11,3851.46,21.67,72.6,476.3,5.82,10.72,Sandstone,28.17,17.3
VOLVE_15_9_F11,3852.15,22.1,84.9,462.8,4.88,10.87,Sandstone,28.21,16.08
VOLVE_15_9_F11,3852.94,29.68,78.5,440.1,5.62,10.62,Sandstone,28.25,18.53
VOLVE_15_9_F11,3853.44,21.35,85.7,493.2,6.54,10.86,Sandstone,28.27,16.59
VOLVE_15_9_F11,3854.16,21.8,82.7,447.1,5.23,11.03,Sandstone,28.31,15.9
VOLVE_15_9_F11,3854.69,24.34,115.7,462.4,5.06,10.73,Sandstone,28.33,18.77
VOLVE_15_9_F11,3855.24,21.96,84.3,472.5,5.36,11.04,Sandstone,28.36,16.22
VOLVE_15_9_F11,3856.07,26.76,82.0,475.9,6.16,10.89,Sandstone,28.39,16.71
VOLVE_15_9_F11,3856.9,26.95,86.7,417.1,8.73,10.51,Sandstone,28.42,17.13
VOLVE_15_9_F11,3857.42,26.46,80.0,465.8,7.4,10.66,Sandstone,28.45,18.08
VOLVE_15_9_F11,3858.37,23.9,56.6,416.9,8.83,10.95,Sandstone,28.46,12.98
VOLVE_15_9_F11,3859.01,26.16,90.7,464.9,4.44,10.63,Sandstone,28.51,17.69
VOLVE_15_9_F11,3859.6,29.9,99.7,488.9,7.86,10.95,Sandstone,28.54,17.64
VOLVE_15_9_F11,3860.2,21.86,103.7,529.7,7.39,10.88,Sandstone,28.56,17.75
VOLVE_15_9_F11,3861.02,28.24,90.7,480.8,5.94,10.83,Sandstone,28.6,19.44
VOLVE_15_9_F11,3861.99,27.47,76.3,492.3,5.15,10.7,Sandstone,28.62,16.26
VOLVE_15_9_F11,3862.75,25.19,84.3,414.2,6.42,10.83,Sandstone,28.65,17.1
VOLVE_15_9_F11,3863.22,25.87,107.1,479.3,5.54,11.04,Sandstone,28.67,19.1
VOLVE_15_9_F11,3863.83,26.35,77.0,413.1,4.15,10.73,Sandstone,28.72,15.66
VOLVE_15_9_F11,3864.28,23.02,62.4,505.8,3.31,10.88,Sandstone,28.76,14.57
VOLVE_15_9_F11,3865.0,21.38,113.5,415.1,3.83,11.09,Sandstone,28.8,16.54
VOLVE_15_9_F11,3866.0,27.73,65.1,418.6,5.75,10.83,Sandstone,28.84,17.1
VOLVE_15_9_F11,3866.89,22.36,56.8,487.9,5.67,10.72,Sandstone,28.86,17.14
VOLVE_15_9_F11,3867.47,22.74,85.1,524.9,4.15,10.71,Sandstone,28.89,16.08
VOLVE_15_9_F11,3867.94,24.18,86.5,500.0,6.05,10.48,Sandstone,28.92,17.95
VOLVE_15_9_F11,3868.51,26.19,87.2,443.6,6.24,10.61,Sandstone,28.96,16.66
VOLVE_15_9_F11,3868.96,24.23,93.5,418.2,6.0,10.84,Sandstone,29.0,15.63
VOLVE_15_9_F11,3869.95,23.67,77.9,440.6,6.11,10.94,Sandstone,29.03,15.71
VOLVE_15_9_F11,3870.31,27.86,78.1,462.8,5.94,10.73,Sandstone,29.06,16.8
VOLVE_15_9_F11,3871.16,24.65,71.7,454.6,6.89,10.93,Sandstone,29.1,16.33
VOLVE_15_9_F11,3871.69,23.49,82.4,416.6,6.1,10.92,Sandstone,29.11,16.48
VOLVE_15_9_F11,3872.42,26.48,88.4,509.2,4.2,10.68,Sandstone,29.14,17.68
VOLVE_15_9_F11,3873.35,25.64,93.9,510.1,7.92,10.7,Sandstone,29.17,19.26
VOLVE_15_9_F11,3874.03,25.57,66.8,533.1,4.15,10.59,Sandstone,29.2,18.31
VOLVE_15_9_F11,3874.72,26.61,61.6,391.3,5.3,10.9,Sandstone,29.21,15.27
VOLVE_15_9_F11,3874.95,25.16,93.6,425.4,8.73,10.79,Sandstone,29.26,16.85
VOLVE_15_9_F11,3875.25,27.61,72.4,467.8,6.16,10.92,Sandstone,29.3,16.56
VOLVE_15_9_F11,3875.88,21.93,65.5,457.9,3.97,10.78,Sandstone,29.32,14.55
VOLVE_15_9_F11,3876.38,28.61,52.6,439.8,5.77,10.65,Sandstone,29.36,14.86
VOLVE_15_9_F11,3877.07,23.23,101.4,423.5,6.24,10.91,Sandstone,29.41,15.23
VOLVE_15_9_F11,3877.58,21.42,84.4,417.8,5.44,10.5,Sandstone,29.45,14.33
VOLVE_15_9_F11,3877.92,23.54,88.5,538.8,4.84,10.74,Sandstone,29.49,17.8
VOLVE_15_9_F11,3878.75,24.64,86.9,400.7,3.98,10.68,Sandstone,29.53,16.9
VOLVE_15_9_F11,3879.63,23.68,83.5,395.5,3.99,11.02,Sandstone,29.55,15.74
VOLVE_15_9_F11,3880.6,23.11,80.0,410.2,4.34,11.06,Sandstone,29.56,15.08
VOLVE_15_9_F11,3880.96,28.05,79.2,465.5,7.27,10.86,Sandstone,29.57,16.66
VOLVE_15_9_F11,3881.41,23.35,65.6,446.8,3.62,10.71,Sandstone,29.6,13.62
VOLVE_15_9_F11,3881.84,19.88,53.8,,4.78,11.05,Sandstone,29.62,13.23
VOLVE_15_9_F11,3882.78,24.66,114.0,429.5,7.61,10.69,Sandstone,29.63,16.95
VOLVE_15_9_F11,3883.46,30.65,80.9,461.3,6.75,10.59,Sandstone,29.66,16.42
VOLVE_15_9_F11,3884.4,22.88,73.7,461.2,6.87,10.5,Sandstone,29.68,16.2
VOLVE_15_9_F11,3885.31,23.29,68.3,520.8,4.42,10.81,Sandstone,29.7,14.87
VOLVE_15_9_F11,3885.71,24.53,96.0,528.9,6.4,10.54,Sandstone,29.74,17.93
VOLVE_15_9_F11,3886.25,29.41,82.5,451.7,7.26,11.01,Sandstone,29.77,15.87
VOLVE_15_9_F11,3886.78,24.65,67.3,492.0,6.36,10.71,Sandstone,29.8,16.56
VOLVE_15_9_F11,3887.37,22.99,75.7,464.3,6.27,10.6,Sandstone,29.83,16.39
VOLVE_15_9_F11,3888.37,26.46,84.9,488.6,4.22,10.96,Sandstone,29.87,16.16
VOLVE_15_9_F11,3888.71,26.28,74.5,473.2,6.28,10.93,Sandstone,29.88,17.79
VOLVE_15_9_F11,3889.52,26.77,92.5,487.2,6.38,11.05,Sandstone,29.91,17.2
VOLVE_15_9_F11,3889.91,22.9,112.1,491.9,5.56,10.54,Sandstone,29.94,17.82
VOLVE_15_9_F11,3890.7,24.15,73.9,474.8,4.56,10.51,Sandstone,29.98,14.29
VOLVE_15_9_F11,3891.06,28.38,76.0,463.3,6.23,11.03,Sandstone,30.0,15.71
VOLVE_15_9_F11,3891.68,26.59,67.8,499.5,4.23,10.38,Sandstone,30.05,15.64
VOLVE_15_9_F11,3892.42,27.59,78.0,452.4,5.14,10.62,Sandstone,30.06,17.2
VOLVE_15_9_F11,3892.96,25.44,50.9,434.7,6.18,10.81,Sandstone,30.09,15.45
VOLVE_15_9_F11,3893.93,28.22,96.8,395.6,7.24,10.6,Sandstone,30.12,16.78
VOLVE_15_9_F11,3894.7,26.31,60.3,474.8,5.85,10.83,Sandstone,30.15,15.71
VOLVE_15_9_F11,3895.02,24.27,68.2,485.5,4.66,10.63,Sandstone,30.2,16.49
VOLVE_15_9_F11,3895.52,27.45,81.5,388.8,4.36,10.99,Sandstone,30.23,15.52
VOLVE_15_9_F11,3895.97,23.4,100.9,433.2,4.68,10.91,Sandstone,30.27,14.74
VOLVE_15_9_F11,3896.41,29.44,67.4,487.8,7.2,10.84,Sandstone,30.31,17.42
VOLVE_15_9_F11,3896.78,28.11,77.5,452.0,5.92,10.75,Sandstone,30.33,17.12
VOLVE_15_9_F11,3897.13,24.86,84.7,460.0,5.38,10.64,Sandstone,30.36,16.48
VOLVE_15_9_F11,3898.02,25.13,70.2,494.3,5.51,10.78,Sandstone,30.38,16.96
VOLVE_15_9_F11,3899.02,25.93,78.4,453.5,6.33,10.61,Sandstone,30.42,17.26
VOLVE_15_9_F11,3899.34,25.17,56.4,473.2,3.88,11.09,Sandstone,30.47,15.19
VOLVE_15_9_F11,3900.18,28.9,72.3,414.6,5.1,10.85,Sandstone,30.49,14.86
VOLVE_15_9_F11,3900.56,24.26,98.7,471.9,6.44,10.67,Sandstone,30.51,15.57
VOLVE_15_9_F11,3901.18,21.85,92.5,404.2,5.64,11.04,Sandstone,30.55,15.7
VOLVE_15_9_F11,3901.53,24.96,73.6,405.9,6.68,10.79,Sandstone,30.59,15.64
VOLVE_15_9_F11,3901.95,27.49,65.0,437.7,6.35,11.01,Sandstone,30.61,15.63
VOLVE_15_9_F11,3902.48,28.15,77.1,479.8,4.76,11.01,Sandstone,30.63,18.22
VOLVE_15_9_F11,3903.24,25.9,58.3,459.9,1.2,10.87,Sandstone,30.64,15.43
VOLVE_15_9_F11,3903.82,24.03,77.3,426.2,5.57,10.61,Sandstone,30.66,15.36
VOLVE_15_9_F11,3904.67,25.51,74.1,492.9,4.15,10.71,Sandstone,30.68,15.37
VOLVE_15_9_F11,3904.95,23.98,73.5,470.6,5.87,11.34,Sandstone,30.72,15.99
VOLVE_15_9_F11,3905.61,19.86,78.1,499.6,6.87,10.72,Sandstone,30.74,15.75
VOLVE_15_9_F11,3905.89,23.49,88.3,422.2,4.2,10.76,Sandstone,30.78,15.53
VOLVE_15_9_F11,3906.19,26.9,64.7,515.2,6.17,10.73,Sandstone,30.81,13.57
VOLVE_15_9_F11,3906.63,24.95,94.6,521.1,6.71,10.66,Chalk,30.85,19.61
VOLVE_15_9_F11,3906.92,24.86,97.1,494.3,6.11,10.91,Chalk,30.86,20.99
VOLVE_15_9_F11,3907.74,28.4,113.2,477.3,6.65,10.6,Chalk,30.88,20.51
VOLVE_15_9_F11,3908.34,23.22,84.7,477.7,2.87,10.68,Chalk,30.9,19.2
VOLVE_15_9_F11,3909.06,23.47,102.3,471.0,5.73,10.85,Chalk,30.93,20.26
VOLVE_15_9_F11,3909.3,26.46,94.9,402.9,5.79,10.77,Chalk,30.97,18.65
VOLVE_15_9_F11,3909.68,23.86,83.1,433.9,6.65,10.83,Chalk,31.0,19.47
VOLVE_15_9_F11,3910.3,23.85,62.0,453.7,6.23,10.8,Chalk,31.03,17.52
VOLVE_15_9_F11,3910.57,29.52,93.7,416.6,5.45,10.63,Chalk,31.06,20.21
VOLVE_15_9_F11,3910.9,22.96,83.8,515.2,3.04,11.02,Chalk,31.11,17.25
VOLVE_15_9_F11,3911.11,23.81,107.0,477.8,3.83,10.98,Chalk,31.12,20.88
VOLVE_15_9_F11,3912.04,26.75,91.3,529.1,7.47,10.66,Chalk,31.14,19.69
VOLVE_15_9_F11,3912.59,25.53,96.1,489.4,5.65,10.88,Chalk,31.17,18.88
VOLVE_15_9_F11,3912.82,22.22,71.5,402.0,3.34,10.73,Chalk,31.21,17.1
VOLVE_15_9_F11,3913.39,30.11,83.9,510.1,4.38,10.97,Chalk,31.25,19.29
VOLVE_15_9_F11,3914.3,23.67,51.4,439.8,5.18,10.93,Chalk,31.29,18.5
VOLVE_15_9_F11,3914.65,25.04,88.5,512.4,5.73,10.99,Chalk,31.31,18.48
VOLVE_15_9_F11,3915.04,26.75,98.5,518.2,7.87,10.66,Chalk,31.35,22.24
VOLVE_15_9_F11,3916.03,31.07,101.1,511.9,6.22,10.6,Chalk,31.37,23.41
VOLVE_15_9_F11,3916.91,24.64,74.9,500.8,5.8,10.53,Chalk,31.38,20.05
VOLVE_15_9_F11,3917.55,23.37,53.0,475.2,4.85,11.21,Chalk,31.4,15.45
VOLVE_15_9_F11,3917.9,26.92,72.1,457.4,6.49,10.94,Chalk,31.45,19.13
VOLVE_15_9_F11,3918.28,30.89,79.0,533.2,8.08,10.99,Chalk,31.49,22.1
VOLVE_15_9_F11,3919.17,26.02,86.3,468.7,6.77,10.59,Chalk,31.5,18.47
VOLVE_15_9_F11,3919.91,24.97,49.8,442.4,7.36,10.9,Chalk,31.52,17.82
VOLVE_15_9_F11,3920.39,26.66,78.6,475.5,6.23,10.55,Chalk,31.57,19.86
VOLVE_15_9_F11,3920.61,20.49,64.6,503.8,2.91,10.88,Chalk,31.61,18.55
VOLVE_15_9_F11,3920.92,24.15,101.9,502.3,4.71,10.81,Chalk,31.63,20.35
VOLVE_15_9_F11,3921.7,21.12,45.2,414.4,5.56,10.76,Chalk,31.68,15.49
VOLVE_15_9_F11,3922.42,24.79,95.4,501.1,5.37,10.73,Chalk,31.71,20.45
VOLVE_15_9_F11,3922.91,24.41,77.8,485.4,5.37,10.98,Chalk,31.74,17.21
VOLVE_15_9_F11,3923.58,19.1,49.5,444.0,3.49,10.73,Chalk,31.78,14.23
VOLVE_15_9_F11,3924.38,26.15,105.4,424.9,7.67,11.01,Chalk,31.82,20.03
VOLVE_15_9_F11,3925.1,27.25,100.4,515.1,7.8,10.8,Chalk,31.84,20.55
VOLVE_15_9_F11,3925.49,25.22,98.9,519.0,5.48,10.86,Chalk,31.85,19.44
VOLVE_15_9_F11,3926.45,21.88,81.6,520.6,4.93,10.89,Chalk,31.88,20.43
VOLVE_15_9_F11,3926.67,28.87,70.1,405.5,7.18,10.88,Chalk,31.91,20.43
VOLVE_15_9_F11,3927.32,30.45,81.2,449.5,7.21,10.84,Chalk,31.95,17.57
VOLVE_15_9_F11,3927.69,26.71,88.4,460.1,3.77,11.13,Chalk,32.0,18.77
VOLVE_15_9_F11,3928.46,24.83,72.0,518.0,6.13,10.98,Chalk,32.04,17.31
VOLVE_15_9_F11,3929.11,24.86,67.3,490.2,5.84,10.43,Chalk,32.07,19.56
VOLVE_15_9_F11,3929.47,26.8,87.6,448.9,5.95,10.78,Chalk,32.1,19.53
VOLVE_15_9_F11,3930.07,25.95,83.1,464.3,4.53,11.03,Chalk,32.12,20.16
VOLVE_15_9_F11,3930.69,26.81,94.1,486.4,4.8,10.69,Chalk,32.14,18.85
VOLVE_15_9_F11,3931.22,26.85,103.0,487.8,2.24,10.81,Chalk,32.18,18.82
VOLVE_15_9_F11,3931.46,23.88,93.0,525.1,4.76,10.82,Chalk,32.21,19.07
VOLVE_15_9_F11,3931.82,23.67,62.9,516.1,2.71,11.05,Chalk,32.25,16.57
VOLVE_15_9_F11,3932.8,25.03,80.0,507.7,4.8,10.65,Chalk,32.27,19.1
VOLVE_15_9_F11,3933.15,26.9,86.0,427.3,6.19,10.68,Chalk,32.3,20.43
VOLVE_15_9_F11,3933.71,21.84,92.3,429.8,3.95,10.89,Chalk,32.34,18.26
VOLVE_15_9_F11,3934.15,25.16,93.0,418.2,7.26,10.86,Chalk,32.38,18.85
VOLVE_15_9_F11,3934.96,25.65,79.3,474.8,7.84,10.89,Chalk,32.39,19.06
VOLVE_15_9_F11,3935.62,24.53,72.8,439.1,5.58,10.86,Chalk,32.43,16.2
VOLVE_15_9_F11,3936.39,29.25,95.3,481.7,6.79,10.79,Chalk,32.48,18.49
VOLVE_15_9_F11,3937.1,28.83,85.8,487.5,3.94,10.9,Chalk,32.49,20.54
VOLVE_15_9_F11,3937.7,26.79,84.4,467.7,5.9,10.84,Chalk,32.53,18.4
VOLVE_15_9_F11,3938.67,30.18,69.6,494.2,4.07,10.78,Chalk,32.56,20.33
VOLVE_15_9_F11,3939.43,27.95,111.6,433.3,4.12,10.8,Chalk,32.57,19.65
VOLVE_15_9_F11,3940.18,26.1,83.9,400.0,4.09,10.73,Chalk,32.6,18.25
VOLVE_15_9_F11,3940.94,24.57,78.8,430.8,5.21,10.71,Chalk,32.63,18.8
VOLVE_15_9_F11,3941.51,24.78,83.9,492.6,5.44,10.9,Chalk,32.66,19.76
VOLVE_15_9_F11,3942.22,26.72,78.2,532.7,5.49,10.62,Chalk,32.7,18.82
VOLVE_15_9_F11,3942.91,24.84,60.8,518.3,3.75,10.92,Chalk,32.72,17.38
VOLVE_15_9_F11,3943.82,21.98,84.6,451.2,5.38,10.78,Chalk,32.73,17.9
VOLVE_15_9_F11,3944.8,24.83,58.4,497.7,4.28,10.8,Chalk,32.77,17.56
VOLVE_15_9_F11,3945.39,28.35,81.7,403.8,5.93,10.79,Chalk,32.78,18.87
VOLVE_15_9_F11,3946.07,19.35,56.2,521.3,4.3,10.89,Chalk,32.82,14.88
VOLVE_15_9_F11,3946.5,29.29,47.8,480.4,3.19,11.04,Chalk,32.86,16.69
VOLVE_15_9_F11,3947.38,27.22,89.3,491.1,4.97,11.09,Chalk,32.88,17.94
VOLVE_15_9_F11,3948.15,25.21,63.6,383.0,5.88,10.97,Chalk,32.93,16.66
VOLVE_15_9_F11,3949.09,26.52,86.6,478.1,6.69,10.83,Chalk,32.96,19.39
VOLVE_15_9_F11,3949.77,28.2,82.7,533.4,4.3,10.94,Chalk,33.01,18.4
VOLVE_15_9_F11,3950.54,25.89,82.3,471.5,4.65,10.51,Chalk,33.02,18.49
VOLVE_15_9_F11,3950.81,28.17,70.7,456.1,5.06,10.91,Chalk,33.07,17.57
VOLVE_15_9_F11,3951.5,27.93,78.2,449.6,7.09,10.88,Chalk,33.1,18.44
VOLVE_15_9_F11,3952.0,26.25,70.3,431.0,5.98,10.59,Chalk,33.15,18.73
VOLVE_15_9_F11,3952.61,23.03,94.3,463.4,3.95,10.73,Chalk,33.19,18.5
VOLVE_15_9_F11,3953.07,25.57,72.9,411.2,5.98,10.86,Chalk,33.24,18.22
VOLVE_15_9_F11,3953.5,20.71,76.4,477.9,6.53,10.88,Chalk,33.26,19.26
VOLVE_15_9_F11,3954.35,26.93,91.3,504.3,6.05,10.96,Chalk,33.29,20.44
VOLVE_15_9_F11,3955.0,24.77,70.8,442.7,4.36,11.07,Chalk,33.31,15.58
VOLVE_15_9_F11,3955.4,24.28,53.2,475.3,6.0,10.8,Chalk,33.34,15.85
VOLVE_15_9_F11,3956.22,27.46,64.2,457.4,5.66,10.65,Chalk,33.36,19.23
VOLVE_15_9_F11,3956.48,22.65,95.9,475.7,5.18,10.94,Chalk,33.41,17.94
VOLVE_15_9_F11,3956.91,26.11,81.3,496.3,6.64,11.01,Chalk,33.44,18.19
VOLVE_15_9_F11,3957.38,24.98,84.5,476.5,5.51,11.01,Chalk,33.47,18.6
VOLVE_15_9_F11,3957.72,25.38,84.5,494.3,5.65,10.89,Chalk,33.52,18.3
VOLVE_15_9_F11,3958.59,26.55,106.9,,7.03,11.12,Chalk,33.56,21.61
VOLVE_15_9_F11,3959.33,30.4,49.0,494.4,4.87,10.78,Chalk,33.61,17.01
VOLVE_15_9_F11,3960.07,26.84,78.2,472.6,4.2,11.06,Chalk,33.63,20.57
VOLVE_15_9_F11,3960.74,29.24,80.5,473.2,6.23,10.65,Chalk,33.67,18.86
VOLVE_15_9_F11,3961.25,29.33,79.8,487.6,7.71,10.48,Chalk,33.7,19.11
VOLVE_15_9_F11,3961.97,27.77,92.1,457.0,3.15,10.64,Chalk,33.74,17.93
VOLVE_15_9_F11,3962.76,21.24,92.5,477.9,6.18,10.73,Chalk,33.77,17.13
VOLVE_15_9_F11,3963.39,25.25,76.8,424.3,5.47,10.82,Chalk,33.81,18.36
VOLVE_15_9_F11,3963.97,23.13,54.7,387.4,4.26,10.68,Chalk,33.83,14.07
VOLVE_15_9_F11,3964.35,33.02,117.7,463.6,5.96,10.84,Chalk,33.85,20.16
VOLVE_15_9_F11,3964.62,23.35,80.0,428.0,6.38,10.92,Chalk,33.88,18.02
VOLVE_15_9_F11,3964.85,22.12,81.4,537.1,6.03,10.87,Chalk,33.9,15.98
VOLVE_15_9_F11,3965.62,18.94,99.0,427.8,3.95,10.8,Chalk,33.93,15.19
VOLVE_15_9_F11,3966.1,23.27,74.2,490.4,5.57,11.0,Chalk,33.94,17.37
VOLVE_15_9_F11,3966.87,26.17,99.5,431.3,7.49,10.7,Chalk,33.96,19.73
VOLVE_15_9_F11,3967.47,28.59,75.5,458.8,6.54,10.79,Chalk,33.98,18.43
VOLVE_15_9_F11,3968.03,23.2,107.5,415.0,3.7,10.74,Chalk,34.0,18.45
VOLVE_15_9_F11,3968.73,28.8,86.9,411.3,6.67,10.92,Chalk,34.01,17.83
VOLVE_15_9_F11,3969.08,25.72,69.9,471.1,3.87,10.76,Chalk,34.05,18.95
VOLVE_15_9_F11,3970.06,24.67,112.8,443.8,6.17,10.88,Chalk,34.08,20.17
VOLVE_15_9_F11,3970.53,26.31,89.1,489.4,4.81,10.95,Chalk,34.1,17.85
VOLVE_15_9_F11,3971.34,29.43,70.9,509.6,6.2,10.75,Chalk,34.12,18.67
VOLVE_15_9_F11,3971.74,26.01,59.0,395.9,4.42,10.58,Chalk,34.16,14.29
VOLVE_15_9_F11,3972.32,23.12,90.5,501.7,4.18,10.79,Chalk,34.18,18.96
VOLVE_15_9_F11,3972.92,26.95,100.8,419.5,6.32,10.7,Chalk,34.22,17.76
VOLVE_15_9_F11,3973.36,26.91,85.9,444.6,5.85,10.73,Chalk,34.26,18.04
VOLVE_15_9_F11,3973.84,25.42,85.0,401.9,6.55,10.45,Chalk,34.28,17.86
VOLVE_15_9_F11,3974.39,28.45,103.4,403.1,5.48,10.58,Chalk,34.32,17.77
VOLVE_15_9_F11,3975.26,20.18,89.0,380.1,3.33,10.95,Chalk,34.35,15.27
VOLVE_15_9_F11,3975.86,26.8,70.2,441.8,6.28,10.68,Chalk,34.4,18.04
VOLVE_15_9_F11,3976.13,27.87,70.8,460.4,7.31,11.0,Chalk,34.42,17.5
VOLVE_15_9_F11,3976.5,22.28,88.4,443.1,4.64,10.72,Chalk,34.46,18.29
VOLVE_15_9_F11,3977.49,22.2,87.6,386.3,5.9,10.9,Chalk,34.49,17.72
VOLVE_15_9_F11,3977.76,28.41,96.4,379.7,5.63,10.79,Chalk,34.51,17.7
VOLVE_15_9_F11,3978.48,28.85,85.6,458.4,8.2,10.92,Chalk,34.56,18.89
VOLVE_15_9_F11,3978.85,29.31,90.3,489.5,5.36,10.79,Chalk,34.6,18.66
VOLVE_15_9_F11,3979.39,24.19,85.3,467.9,5.4,10.86,Chalk,34.64,17.51
VOLVE_15_9_F11,3979.88,26.42,94.5,532.7,3.37,11.01,Chalk,34.68,20.12
VOLVE_15_9_F11,3980.86,26.76,91.2,456.4,7.66,10.9,Chalk,34.7,19.05
VOLVE_15_9_F11,3981.5,21.66,76.2,470.6,4.45,10.72,Chalk,34.74,15.07
VOLVE_15_9_F11,3981.9,26.32,77.2,457.1,7.09,10.55,Chalk,34.76,17.58
VOLVE_15_9_F11,3982.59,26.28,84.9,426.7,4.83,10.81,Chalk,34.81,17.2
VOLVE_15_9_F11,3982.84,27.79,81.7,451.4,5.63,10.89,Chalk,34.84,18.45
VOLVE_15_9_F11,3983.78,24.51,99.8,491.5,4.76,10.85,Chalk,34.88,20.1
VOLVE_15_9_F11,3984.26,29.06,83.2,493.1,4.74,10.7,Chalk,34.9,19.58
VOLVE_15_9_F11,3985.17,26.14,58.7,472.3,4.88,10.85,Chalk,34.92,16.49
VOLVE_15_9_F11,3986.01,30.22,62.3,521.3,5.49,10.93,Chalk,34.97,17.18
VOLVE_15_9_F11,3986.36,27.81,76.4,476.3,5.21,11.04,Chalk,34.99,19.43
VOLVE_15_9_F11,3987.33,26.64,90.9,471.0,3.93,,Chalk,35.0,18.06
VOLVE_15_9_F11,3988.33,23.0,69.2,518.1,5.45,11.2,Chalk,35.04,15.44
VOLVE_15_9_F11,3989.17,22.66,89.8,429.4,3.04,11.05,Chalk,35.05,16.93
VOLVE_15_9_F11,3989.73,29.96,68.5,515.1,5.32,10.86,Chalk,35.09,17.14
VOLVE_15_9_F11,3990.47,28.16,82.4,419.0,3.87,10.87,Chalk,35.13,18.31
VOLVE_15_9_F11,3990.73,25.25,86.2,447.3,6.65,11.04,Chalk,35.16,17.26
VOLVE_15_9_F11,3991.67,24.92,62.9,384.5,6.66,10.69,Chalk,35.19,16.05
VOLVE_15_9_F11,3992.05,26.52,86.0,468.0,6.39,10.71,Chalk,35.21,15.57
VOLVE_15_9_F11,3992.82,22.61,104.3,511.0,5.03,10.64,Chalk,35.23,19.45
VOLVE_15_9_F11,3993.66,24.81,77.1,420.5,4.5,10.79,Chalk,35.24,15.84
VOLVE_15_9_F11,3994.64,27.51,81.2,446.7,5.39,10.7,Chalk,35.28,17.3
VOLVE_15_9_F11,3995.5,27.85,83.8,449.1,5.7,10.78,Chalk,35.29,18.28
VOLVE_15_9_F11,3996.35,25.07,81.4,449.4,6.06,10.83,Chalk,35.34,17.34
VOLVE_15_9_F11,3997.12,29.99,80.4,416.1,6.38,10.63,Chalk,35.36,20.75
VOLVE_15_9_F11,3997.78,28.6,79.2,459.5,3.32,11.04,Chalk,35.41,15.7
VOLVE_15_9_F11,3998.01,24.07,56.5,520.8,5.81,11.01,Chalk,35.43,15.87
VOLVE_15_9_F11,3998.99,22.81,86.8,438.0,5.82,10.76,Chalk,35.47,17.95
VOLVE_15_9_F11,3999.55,27.48,63.9,467.2,4.49,11.06,Chalk,35.51,16.58
VOLVE_15_9_F11,4000.39,24.88,85.6,466.9,4.36,10.89,Chalk,35.54,17.29
VOLVE_15_9_F11,4000.89,24.4,90.5,442.2,5.63,11.0,Chalk,35.59,19.91
VOLVE_15_9_F11,4001.45,,86.1,469.1,5.9,10.63,Chalk,35.61,18.28
VOLVE_15_9_F11,4002.02,27.81,66.7,442.8,4.18,10.78,Chalk,35.62,18.2
VOLVE_15_9_F11,4003.01,27.99,84.7,474.7,5.86,10.93,Chalk,35.67,18.93
VOLVE_15_9_F11,4003.38,26.15,76.8,455.2,5.73,10.81,Chalk,35.69,18.11
VOLVE_15_9_F11,4003.99,20.28,71.1,401.8,5.92,10.81,Chalk,35.7,15.38
VOLVE_15_9_F11,4004.31,28.4,110.9,386.0,6.09,10.82,Chalk,35.73,17.13
VOLVE_15_9_F11,4004.9,24.0,66.5,372.5,2.72,10.89,Chalk,35.78,16.25
VOLVE_15_9_F11,4005.54,26.79,87.4,441.6,6.02,10.85,Chalk,35.82,18.46
VOLVE_15_9_F11,4005.85,25.72,102.9,491.2,3.83,11.07,Chalk,35.83,18.72
VOLVE_15_9_F11,4006.61,31.64,85.7,428.8,5.11,10.69,Chalk,35.86,18.53
VOLVE_15_9_F11,4007.47,31.17,70.8,448.1,4.25,10.85,Chalk,35.89,17.02
VOLVE_15_9_F11,4008.32,24.88,71.7,431.9,5.91,10.94,Chalk,35.93,17.98
VOLVE_15_9_F11,4009.11,22.67,59.0,424.6,3.62,10.65,Chalk,35.95,15.45
VOLVE_15_9_F11,4009.42,22.87,81.4,546.1,6.48,10.78,Chalk,35.96,15.95
VOLVE_15_9_F11,4010.12,26.72,81.9,426.1,4.24,10.86,Chalk,36.0,16.98
VOLVE_15_9_F11,4010.88,24.69,76.2,403.9,2.95,11.06,Chalk,36.01,15.75
VOLVE_15_9_F11,4011.68,23.27,101.3,422.2,5.2,10.86,Chalk,36.04,14.88
VOLVE_15_9_F11,4012.45,24.74,79.4,461.0,3.82,10.95,Chalk,36.08,15.8
VOLVE_15_9_F11,4013.15,27.18,56.7,435.1,6.88,10.96,Chalk,36.12,18.78
VOLVE_15_9_F11,4013.94,25.86,102.7,469.5,5.05,10.42,Chalk,36.15,16.29
VOLVE_15_9_F11,4014.82,24.85,62.7,428.8,6.56,10.85,Chalk,36.19,15.07
VOLVE_15_9_F11,4015.47,25.17,88.2,434.5,5.22,10.77,Chalk,36.22,14.86
VOLVE_15_9_F11,4015.79,25.66,90.1,429.7,6.09,11.06,Chalk,36.27,15.77
VOLVE_15_9_F11,4016.64,26.62,79.4,454.4,4.95,10.94,Chalk,36.3,15.39
VOLVE_15_9_F11,4017.37,26.77,94.6,486.6,8.68,10.97,Chalk,36.33,17.69
VOLVE_15_9_F11,4018.12,21.95,81.7,490.8,3.82,10.92,Chalk,36.36,18.2
VOLVE_15_9_F11,4018.56,26.49,75.2,514.3,1.85,10.86,Chalk,36.39,17.98
VOLVE_15_9_F11,4018.88,25.17,49.3,405.5,5.32,10.96,Chalk,36.41,14.6
VOLVE_15_9_F11,4019.7,23.54,54.6,416.4,3.71,10.84,Chalk,36.44,16.4
VOLVE_15_9_F11,4019.94,25.15,121.9,421.3,6.34,11.03,Chalk,36.48,17.91
VOLVE_15_9_F11,4020.46,28.97,91.6,457.9,5.9,10.68,Chalk,36.52,17.64
VOLVE_15_9_F11,4021.07,28.11,99.4,415.0,5.39,11.0,Chalk,36.56,17.46
VOLVE_15_9_F11,4021.28,26.33,118.3,430.5,5.66,10.79,Chalk,36.59,16.98
VOLVE_15_9_F11,4021.96,23.85,75.2,485.4,5.77,10.94,Chalk,36.62,14.69
VOLVE_15_9_F11,4022.26,22.69,78.6,500.8,4.79,10.6,Chalk,36.65,17.63
VOLVE_15_9_F11,4022.65,23.74,55.9,485.8,4.79,10.88,Chalk,36.67,16.04
VOLVE_15_9_F11,4023.64,26.13,76.3,470.9,4.9,10.82,Chalk,36.68,15.7
VOLVE_15_9_F11,4024.29,26.18,75.9,431.5,7.45,10.83,Chalk,36.72,17.65
VOLVE_15_9_F11,4025.27,24.47,74.8,458.9,6.9,10.58,Chalk,36.74,17.67
VOLVE_15_9_F11,4025.86,28.3,96.4,503.7,4.23,10.85,Chalk,36.78,17.76
VOLVE_15_9_F11,4026.7,27.07,91.4,484.5,5.81,10.86,Chalk,36.8,17.22
VOLVE_15_9_F11,4026.93,19.48,94.5,493.4,4.19,10.58,Chalk,36.82,17.49
VOLVE_15_9_F11,4027.37,26.38,62.4,496.1,3.82,10.67,Chalk,36.83,16.82
VOLVE_15_9_F11,4027.79,28.0,81.1,444.9,1.9,10.87,Chalk,36.88,18.56
VOLVE_15_9_F11,4028.05,26.62,85.8,483.4,5.29,10.9,Chalk,36.9,18.23
VOLVE_15_9_F11,4029.01,27.57,108.7,442.9,5.81,10.84,Chalk,36.92,16.71
VOLVE_15_9_F11,4029.62,25.46,82.4,481.9,7.15,10.85,Chalk,36.94,15.98
VOLVE_15_9_F11,4030.29,25.96,78.2,507.1,6.77,10.85,Chalk,36.95,17.37
VOLVE_15_9_F11,4030.91,26.01,97.0,520.2,6.39,10.76,Chalk,36.99,19.58
VOLVE_15_9_F11,4031.3,26.59,76.8,481.9,6.43,10.82,Chalk,37.03,17.8
VOLVE_15_9_F11,4032.24,24.68,87.7,473.8,6.56,10.63,Chalk,37.05,17.05
VOLVE_15_9_F11,4032.98,28.86,87.3,513.6,6.49,10.76,Chalk,37.08,17.01
VOLVE_15_9_F11,4033.28,29.69,72.8,423.5,7.43,10.84,Chalk,37.12,18.72
VOLVE_15_9_F11,4033.85,24.81,70.3,515.9,3.76,11.03,Chalk,37.13,17.84
VOLVE_15_9_F11,4034.05,23.21,79.4,463.3,4.7,10.83,Chalk,37.16,14.92
VOLVE_15_9_F11,4034.79,22.78,73.4,463.6,4.4,11.15,Chalk,37.19,16.36
VOLVE_15_9_F11,4035.41,27.15,57.4,440.0,4.64,11.13,Chalk,37.22,15.72
VOLVE_15_9_F11,4036.33,27.61,90.7,411.1,5.66,10.86,Chalk,37.27,18.2
VOLVE_15_9_F11,4037.29,27.17,88.5,516.9,7.73,10.78,Chalk,37.3,20.23
VOLVE_15_9_F11,4037.57,27.39,68.8,474.2,6.57,11.19,Chalk,37.32,18.03
VOLVE_15_9_F11,4037.84,24.73,67.3,443.3,6.7,10.96,Chalk,37.36,16.69
VOLVE_15_9_F11,4038.76,21.18,87.2,472.1,5.12,10.91,Chalk,37.37,16.01
VOLVE_15_9_F11,4039.37,24.91,106.2,444.6,5.69,10.74,Chalk,37.38,17.6
VOLVE_15_9_F11,4039.94,30.29,95.2,389.9,6.85,10.78,Chalk,37.41,17.91
VOLVE_15_9_F11,4040.6,26.82,97.9,451.0,6.4,10.7,Chalk,37.42,20.75
VOLVE_15_9_F11,4041.17,27.23,75.3,401.8,6.1,11.07,Chalk,37.45,16.4
VOLVE_15_9_F11,4041.86,28.43,86.1,467.6,8.63,10.92,Chalk,37.47,18.97
VOLVE_15_9_F11,4042.82,24.07,77.9,521.5,6.04,10.8,Chalk,37.52,17.5
VOLVE_15_9_F11,4043.51,26.73,69.0,432.4,4.5,10.78,Chalk,37.54,15.24
VOLVE_15_9_F11,4043.97,27.46,82.8,489.7,4.87,10.7,Chalk,37.57,18.37
VOLVE_15_9_F11,4044.34,23.85,66.9,432.5,6.16,10.84,Chalk,37.61,15.11
VOLVE_15_9_F11,4045.31,27.09,68.7,457.3,6.39,10.87,Chalk,37.66,15.52
VOLVE_15_9_F11,4045.97,29.42,73.2,423.0,6.92,10.51,Chalk,37.69,18.05
VOLVE_15_9_F11,4046.63,25.18,74.8,482.9,6.01,10.7,Chalk,37.73,15.62
VOLVE_15_9_F11,4046.85,21.88,79.4,512.0,3.91,10.75,Chalk,37.76,17.06
VOLVE_15_9_F11,4047.79,26.62,48.9,465.8,6.97,11.01,Chalk,37.77,15.69
VOLVE_15_9_F11,4048.36,24.55,65.9,479.5,6.81,10.77,Chalk,37.8,17.47
VOLVE_15_9_F11,4049.36,26.65,103.4,479.4,5.49,10.58,Chalk,37.83,18.91
VOLVE_15_9_F11,4049.7,24.09,79.7,448.2,5.8,10.68,Chalk,37.85,15.61
VOLVE_15_9_F11,4050.16,26.35,88.3,510.4,5.92,11.11,Chalk,37.87,18.81
VOLVE_15_9_F11,4050.53,29.27,86.1,437.4,5.48,10.79,Chalk,37.88,18.84
VOLVE_15_9_F11,4051.03,26.13,78.2,395.2,4.13,10.69,Chalk,37.91,17.05
VOLVE_15_9_F11,4052.01,22.09,66.6,421.2,5.68,10.6,Chalk,37.94,15.63
VOLVE_15_9_F11,4052.54,27.15,71.6,482.7,3.73,10.85,Chalk,37.98,14.89
VOLVE_15_9_F11,4053.4,26.26,109.2,442.6,5.29,10.87,Chalk,38.01,18.48
VOLVE_15_9_F11,4054.21,26.75,71.9,461.8,7.54,10.92,Chalk,38.06,15.68
VOLVE_15_9_F11,4054.65,28.65,105.7,448.6,6.66,11.26,Chalk,38.11,17.51
VOLVE_15_9_F11,4055.31,24.91,73.6,465.3,,10.67,Chalk,38.12,15.58
VOLVE_15_9_F11,4056.19,25.5,75.1,501.8,5.07,10.8,Chalk,38.14,15.06
VOLVE_15_9_F11,4056.88,23.65,81.0,519.1,3.47,10.9,Chalk,38.16,16.7
VOLVE_15_9_F11,4057.29,26.71,77.2,419.3,6.06,10.79,Chalk,38.2,16.39
VOLVE_15_9_F11,4058.18,26.65,65.8,495.4,5.98,10.54,Chalk,38.22,17.82
VOLVE_15_9_F11,4058.83,25.59,79.6,466.0,6.45,10.93,Chalk,38.25,17.79
VOLVE_15_9_F11,4059.81,28.11,57.8,409.2,4.93,10.76,Chalk,38.26,15.61
VOLVE_15_9_F11,4060.54,23.65,85.3,477.9,4.92,10.69,Chalk,38.29,17.3
VOLVE_15_9_F11,4061.1,26.56,83.2,532.1,6.32,10.72,Chalk,38.3,17.73
VOLVE_15_9_F11,4061.64,27.75,90.8,428.6,4.35,11.09,Chalk,38.34,16.73
VOLVE_15_9_F11,4062.55,24.9,72.4,449.0,6.3,11.05,Chalk,38.37,15.94
VOLVE_15_9_F11,4063.53,22.82,90.9,393.9,5.23,10.69,Chalk,38.42,15.83
VOLVE_15_9_F11,4064.06,22.02,86.3,453.5,5.63,10.59,Chalk,38.47,16.33
VOLVE_15_9_F11,4064.39,26.65,81.8,464.5,8.39,10.99,Chalk,38.51,17.85
VOLVE_15_9_F11,4064.62,30.49,109.5,537.1,6.06,11.16,Chalk,38.53,18.01
VOLVE_15_9_F11,4065.08,24.74,86.9,420.8,5.7,11.2,Chalk,38.55,15.7
VOLVE_15_9_F11,4065.56,27.39,72.9,496.7,5.59,10.64,Chalk,38.56,17.63
VOLVE_15_9_F11,4066.1,20.2,102.9,470.2,2.99,11.06,Chalk,38.6,15.27
VOLVE_15_9_F11,4066.41,27.2,87.5,547.5,6.49,10.85,Chalk,38.62,17.41
VOLVE_15_9_F11,4067.01,23.55,106.5,465.1,2.91,10.57,Chalk,38.64,18.01
VOLVE_15_9_F11,4067.96,25.29,52.0,456.1,5.97,10.73,Chalk,38.65,14.24
VOLVE_15_9_F11,4068.35,26.47,75.3,492.0,4.68,10.74,Chalk,38.66,16.92
VOLVE_15_9_F11,4069.09,22.12,75.4,477.7,4.24,10.93,Chalk,38.69,15.44
VOLVE_15_9_F11,4069.33,34.14,51.5,495.6,5.8,10.65,Chalk,38.71,17.39
VOLVE_15_9_F11,4070.04,24.77,82.3,480.6,3.87,11.0,Chalk,38.73,16.17
VOLVE_15_9_F11,4070.99,27.8,74.2,399.1,5.48,10.93,Chalk,38.78,15.42
VOLVE_15_9_F11,4071.42,30.02,49.8,479.0,4.13,11.01,Chalk,38.81,14.43
VOLVE_15_9_F11,4072.27,27.02,68.3,478.1,3.91,10.76,Chalk,38.84,17.58
VOLVE_15_9_F11,4072.53,23.22,100.6,428.6,5.34,10.92,Chalk,38.88,16.01
VOLVE_15_9_F11,4073.02,26.55,93.4,469.7,7.26,10.7,Chalk,38.91,17.04
VOLVE_15_9_F11,4073.23,21.7,69.1,384.7,5.86,10.96,Chalk,38.94,14.05
VOLVE_15_9_F11,4073.71,25.47,68.7,468.4,4.67,10.82,Chalk,38.98,15.55
VOLVE_15_9_F11,4074.16,30.49,92.7,485.5,5.94,10.84,Chalk,39.0,17.8
VOLVE_15_9_F11,4074.91,22.77,50.3,496.5,4.15,10.85,Chalk,39.05,14.89
VOLVE_15_9_F11,4075.35,24.24,88.7,486.2,4.08,10.6,Chalk,39.06,16.64
VOLVE_15_9_F11,4076.21,30.94,52.3,422.7,4.31,11.04,Chalk,39.08,14.5
VOLVE_15_9_F11,4076.64,25.87,104.4,399.5,6.21,10.87,Chalk,39.11,17.81
VOLVE_15_9_F11,4077.02,24.07,89.7,495.8,4.64,11.04,Chalk,39.15,16.69
VOLVE_15_9_F11,4077.61,27.28,52.1,474.4,5.16,11.03,Chalk,39.19,16.32
VOLVE_15_9_F11,4078.34,25.14,74.1,477.9,4.15,10.74,Chalk,39.24,16.18
VOLVE_15_9_F11,4079.25,19.53,84.6,525.4,5.98,10.82,Chalk,39.26,15.51
VOLVE_15_9_F11,4080.1,22.92,50.0,393.9,5.58,10.63,Chalk,39.3,13.62
VOLVE_15_9_F11,4080.72,31.47,79.1,530.3,7.89,11.04,Chalk,39.32,18.27
VOLVE_15_9_F11,4081.7,27.15,87.0,435.7,7.38,10.91,Chalk,39.34,17.36
VOLVE_15_9_F11,4082.14,29.99,48.8,491.2,4.32,10.89,Chalk,39.37,14.99
VOLVE_15_9_F11,4083.14,23.76,91.0,457.6,4.47,10.82,Chalk,39.38,15.89
VOLVE_15_9_F11,4083.65,26.2,77.9,444.3,5.95,10.72,Chalk,39.4,16.98
VOLVE_15_9_F11,4084.06,25.91,93.5,397.8,4.67,11.05,Chalk,39.43,16.65
VOLVE_15_9_F11,4084.56,24.97,76.3,431.3,5.67,11.16,Chalk,39.46,15.44
VOLVE_15_9_F11,4085.23,26.87,63.9,476.9,4.96,11.06,Chalk,39.5,16.27
VOLVE_15_9_F11,4085.81,23.56,62.5,472.4,6.16,10.84,Chalk,39.55,15.1
VOLVE_15_9_F11,4086.05,29.37,75.1,496.3,6.9,10.92,Chalk,39.6,16.91
VOLVE_15_9_F11,4086.54,27.51,77.0,430.5,5.26,11.02,Chalk,39.63,16.66
VOLVE_15_9_F11,4087.13,25.91,95.7,488.0,3.57,10.88,Chalk,39.65,17.45
VOLVE_15_9_F11,4087.86,26.68,75.6,460.8,6.75,11.15,Chalk,39.7,16.77
VOLVE_15_9_F11,4088.82,25.6,56.4,483.5,4.42,11.05,Chalk,39.73,14.24
VOLVE_15_9_F11,4089.79,22.05,72.9,478.7,5.05,11.28,Chalk,39.75,15.3
VOLVE_15_9_F11,4090.4,23.88,56.9,439.3,4.84,10.89,Chalk,39.79,14.35
VOLVE_15_9_F11,4091.06,25.91,85.0,468.3,6.07,10.5,Chalk,39.82,17.0
VOLVE_15_9_F11,4091.81,25.49,88.5,476.6,4.87,10.87,Chalk,39.84,18.3
VOLVE_15_9_F11,4092.68,27.99,91.0,489.6,4.54,10.81,Chalk,39.85,16.87
VOLVE_15_9_F11,4093.48,27.77,75.2,518.4,5.81,10.89,Chalk,39.86,16.51
VOLVE_15_9_F11,4094.25,24.98,69.3,432.8,6.28,11.13,Chalk,39.88,14.49
VOLVE_15_9_F11,4094.81,23.99,72.1,411.5,5.09,10.78,Chalk,39.9,14.93
VOLVE_15_9_F11,4095.71,28.27,78.4,509.7,5.57,10.74,Chalk,39.95,16.38
VOLVE_15_9_F11,4096.44,26.86,72.1,406.7,4.08,10.77,Chalk,39.99,14.27
VOLVE_15_9_F11,4096.77,24.83,103.9,499.5,6.41,11.19,Chalk,0.01,26.55
VOLVE_15_9_F11,4097.44,23.53,74.3,421.8,5.94,10.8,Chalk,0.03,24.63
VOLVE_15_9_F11,4097.89,24.7,78.2,433.0,5.27,10.9,Chalk,0.08,25.12
VOLVE_15_9_F11,4098.25,27.37,68.5,455.0,4.32,11.14,Chalk,0.11,25.77
VOLVE_15_9_F11,4098.97,30.61,68.8,400.1,5.89,10.97,Chalk,0.15,25.64
VOLVE_15_9_F11,4099.69,25.87,60.7,419.4,5.44,10.53,Chalk,0.19,26.0
VOLVE_15_9_F11,4100.65,24.32,64.3,391.3,5.1,10.79,Chalk,0.24,24.27
VOLVE_15_9_F11,4101.63,31.8,107.8,485.0,5.18,10.77,Chalk,0.26,31.32
VOLVE_15_9_F11,4102.16,25.48,87.9,457.7,5.92,10.61,Chalk,0.29,28.66
VOLVE_15_9_F11,4102.5,24.42,74.7,458.8,5.51,10.8,Chalk,0.33,27.27
VOLVE_15_9_F11,4102.81,25.39,69.9,455.8,5.84,10.46,Chalk,0.38,27.12
VOLVE_15_9_F11,4103.79,25.27,98.3,457.5,5.59,10.92,Chalk,0.41,26.68
VOLVE_15_9_F11,4104.31,29.59,67.2,438.9,7.21,10.87,Chalk,0.44,27.68
VOLVE_15_9_F11,4104.78,22.23,54.2,496.5,4.81,10.76,Chalk,0.47,23.79
VOLVE_15_9_F11,4105.48,27.91,86.9,387.7,7.49,10.6,Chalk,0.49,28.94
VOLVE_15_9_F11,4105.73,26.4,65.8,400.5,5.63,11.08,Chalk,0.53,24.7
VOLVE_15_9_F11,4106.44,25.03,60.5,512.5,3.77,10.78,Chalk,0.54,26.03
VOLVE_15_9_F11,4107.35,25.59,63.3,468.9,6.26,11.03,Chalk,0.59,25.16
VOLVE_15_9_F11,4108.13,25.81,86.0,377.2,5.17,10.85,Chalk,0.62,26.01
VOLVE_15_9_F11,4108.66,26.65,78.2,471.0,5.04,11.09,Chalk,0.66,27.04
VOLVE_15_9_F11,4108.95,25.31,65.0,394.6,6.5,10.96,Chalk,0.7,24.21
VOLVE_15_9_F11,4109.34,26.27,86.8,510.2,4.17,10.89,Chalk,0.73,27.72
VOLVE_15_9_F11,4109.76,24.5,67.3,495.0,3.11,10.74,Chalk,0.77,23.48
VOLVE_15_9_F11,4110.27,31.9,55.2,542.1,5.44,11.06,Chalk,0.81,27.13
VOLVE_15_9_F11,4110.57,28.97,60.1,446.3,5.87,10.84,Chalk,0.84,24.12
VOLVE_15_9_F11,4111.23,27.67,80.1,409.5,6.73,10.75,Chalk,0.88,27.57
VOLVE_15_9_F11,4111.73,25.34,68.0,436.6,5.47,10.85,Chalk,0.92,22.0
VOLVE_15_9_F11,4112.32,28.5,81.3,437.5,3.08,10.86,Chalk,0.94,24.58
VOLVE_15_9_F11,4112.75,27.2,96.4,473.6,4.73,11.0,Chalk,0.97,27.85
VOLVE_15_9_F11,4113.31,26.75,70.3,385.0,3.95,10.59,Chalk,0.98,24.92
VOLVE_15_9_F11,4114.08,25.12,119.7,458.0,3.79,11.23,Chalk,1.01,27.58
VOLVE_15_9_F11,4114.35,27.14,83.9,417.7,5.5,10.94,Chalk,1.05,27.2
VOLVE_15_9_F11,4114.96,30.67,77.1,437.7,6.53,10.87,Chalk,1.07,28.42
VOLVE_15_9_F11,4115.66,26.66,59.7,513.6,6.46,10.94,Chalk,1.08,28.32
VOLVE_15_9_F11,4116.39,25.81,74.5,498.3,6.04,10.64,Chalk,1.1,26.9
VOLVE_15_9_F11,4117.33,26.72,76.0,487.4,4.87,10.89,Chalk,1.14,27.44
VOLVE_15_9_F11,4118.15,26.58,91.1,483.7,7.06,10.97,Chalk,1.16,27.13
VOLVE_15_9_F11,4118.95,25.11,70.8,447.7,5.07,10.83,Chalk,1.19,24.72
VOLVE_15_9_F11,4119.84,24.63,86.2,456.3,5.58,10.95,Chalk,1.23,25.48
VOLVE_15_9_F11,4120.77,28.47,80.3,395.3,4.97,10.99,Chalk,1.26,25.75
VOLVE_15_9_F11,4121.64,29.5,94.3,408.9,5.78,10.76,Chalk,1.31,28.24
VOLVE_15_9_F11,4122.33,32.15,95.5,463.3,5.82,11.06,Chalk,1.35,30.06
VOLVE_15_9_F11,4123.21,27.64,84.7,413.5,4.1,10.87,Chalk,1.36,26.51
VOLVE_15_9_F11,4123.67,26.79,91.2,485.8,6.54,11.16,Chalk,1.41,29.0
VOLVE_15_9_F11,4124.63,28.75,96.5,456.3,6.24,11.07,Chalk,1.44,29.44
VOLVE_15_9_F11,4124.97,24.23,87.7,446.3,6.45,10.94,Chalk,1.49,26.16
VOLVE_15_9_F11,4125.35,28.11,83.9,434.0,4.94,10.75,Chalk,1.54,26.72
VOLVE_15_9_F11,4125.68,29.1,85.8,476.3,6.75,10.86,Chalk,1.55,26.68
VOLVE_15_9_F11,4126.5,29.07,103.9,485.4,4.29,11.03,Chalk,1.57,27.96
VOLVE_15_9_F11,4127.05,30.68,81.4,423.0,6.63,10.79,Chalk,1.61,26.7
VOLVE_15_9_F11,4127.84,25.02,90.6,437.3,6.42,10.94,Chalk,1.62,25.76
VOLVE_15_9_F11,4128.45,25.28,69.5,450.7,4.07,10.96,Chalk,1.65,24.23
VOLVE_15_9_F11,4128.97,25.98,102.2,471.1,7.21,10.86,Chalk,1.7,28.81
VOLVE_15_9_F11,4129.89,23.73,86.4,470.6,7.3,10.75,Chalk,1.73,27.04
VOLVE_15_9_F11,4130.43,27.87,74.5,454.2,4.94,11.12,Chalk,1.75,26.89
VOLVE_15_9_F11,4131.13,28.21,78.6,486.6,7.46,10.95,Chalk,1.77,28.07
VOLVE_15_9_F11,4132.02,27.93,76.4,452.8,3.62,10.83,Chalk,1.81,25.54
VOLVE_15_9_F11,4132.39,26.9,79.7,402.4,5.45,10.76,Chalk,1.86,26.47
VOLVE_15_9_F11,4132.91,29.05,82.8,511.8,2.72,11.01,Chalk,1.9,25.58
VOLVE_15_9_F11,4133.22,27.97,76.7,497.5,6.78,10.87,Chalk,1.92,28.31
VOLVE_15_9_F11,4133.86,25.03,55.8,403.2,3.25,11.02,Chalk,1.93,21.53
VOLVE_15_9_F11,4134.69,19.16,106.3,465.4,2.98,10.74,Chalk,1.98,22.66
VOLVE_15_9_F11,4134.93,25.71,83.7,510.3,5.88,10.92,Chalk,2.03,27.39
VOLVE_15_9_F11,4135.18,26.64,83.7,446.1,6.9,10.81,Chalk,2.05,26.49
VOLVE_15_9_F11,4135.97,26.66,78.9,489.1,5.1,11.14,Chalk,2.06,27.34
VOLVE_15_9_F11,4136.74,26.1,93.3,502.7,5.91,10.93,Chalk,2.1,28.36
VOLVE_15_9_F11,4137.26,25.21,80.4,469.0,7.59,10.73,Chalk,2.12,25.93
VOLVE_15_9_F11,4137.75,24.43,75.0,544.0,4.18,11.02,Chalk,2.16,27.19
VOLVE_15_9_F11,4138.18,23.97,75.9,484.3,4.12,11.06,Chalk,2.18,23.16
VOLVE_15_9_F11,4138.43,27.64,98.4,462.4,7.27,10.83,Chalk,2.22,28.58
VOLVE_15_9_F11,4139.04,29.28,82.7,451.6,6.14,10.76,Chalk,2.24,28.68
VOLVE_15_9_F11,4139.73,23.43,79.1,456.4,7.01,10.55,Chalk,2.26,24.91
VOLVE_15_9_F11,4140.62,26.41,73.1,435.7,3.92,11.05,Chalk,2.28,26.84
VOLVE_15_9_F11,4141.26,28.54,74.8,413.7,3.54,10.62,Chalk,2.29,25.79
VOLVE_15_9_F11,4141.58,26.09,95.9,422.3,4.07,10.87,Chalk,2.33,26.68
VOLVE_15_9_F11,4142.02,28.36,65.9,452.6,6.39,10.62,Chalk,2.34,26.97
VOLVE_15_9_F11,4142.85,29.27,89.7,490.4,7.42,11.15,Chalk,2.36,28.7
VOLVE_15_9_F11,4143.55,27.56,90.2,471.3,7.12,11.08,Chalk,2.4,26.18
VOLVE_15_9_F11,4144.36,25.34,82.9,465.1,6.19,10.93,Chalk,2.43,22.76
VOLVE_15_9_F11,4144.9,29.87,76.8,543.1,7.34,11.04,Chalk,2.46,27.12
VOLVE_15_9_F11,4145.15,25.91,57.4,525.6,4.46,10.86,Chalk,2.48,23.68
VOLVE_15_9_F11,4146.06,25.92,89.6,421.8,3.29,10.76,Chalk,2.53,24.7
VOLVE_15_9_F11,4146.54,27.87,55.7,486.5,3.4,10.63,Chalk,2.58,23.72
VOLVE_15_9_F11,4146.81,25.83,82.1,410.8,3.81,11.0,Chalk,2.61,22.07
VOLVE_15_9_F11,4147.48,26.03,80.4,469.0,3.23,10.73,Chalk,2.65,24.25
VOLVE_15_9_F11,4148.27,25.66,91.1,403.4,4.04,11.26,Chalk,2.69,25.57
VOLVE_15_9_F11,4148.86,26.14,66.2,434.0,4.24,10.72,Chalk,2.74,25.36
VOLVE_15_9_F11,4149.55,27.09,65.4,483.3,6.15,11.03,Chalk,2.78,24.58
VOLVE_15_9_F11,4150.08,21.67,87.6,440.1,5.62,11.07,Chalk,2.81,25.17
VOLVE_15_9_F11,4150.93,26.36,77.1,415.1,7.34,10.68,Chalk,2.83,23.43
VOLVE_15_9_F11,4151.76,22.19,49.4,430.8,3.25,10.82,Chalk,2.88,21.45
VOLVE_15_9_F11,4152.53,25.59,79.5,420.6,5.94,10.85,Chalk,2.91,26.36
VOLVE_15_9_F11,4152.75,27.46,106.7,474.8,7.65,11.41,Chalk,2.94,28.67
VOLVE_15_9_F11,4153.36,25.79,87.8,506.4,5.03,10.85,Chalk,2.95,26.78
VOLVE_15_9_F11,4154.19,28.37,,450.4,4.95,10.71,Chalk,2.97,22.32
VOLVE_15_9_F11,4154.59,27.49,86.7,499.5,7.43,10.96,Chalk,2.99,29.41
VOLVE_15_9_F11,4155.0,21.23,94.4,435.4,4.9,10.73,Chalk,3.0,26.76
VOLVE_15_9_F11,4155.92,29.62,53.7,454.3,7.19,10.88,Chalk,3.03,25.42
VOLVE_15_9_F11,4156.79,27.25,75.3,529.7,3.8,10.82,Chalk,3.06,27.48
VOLVE_15_9_F11,4157.78,25.21,99.1,451.2,7.7,10.96,Chalk,3.1,27.25
VOLVE_15_9_F11,4158.38,25.46,56.7,501.1,6.65,10.8,Chalk,3.13,25.16
VOLVE_15_9_F11,4158.68,21.42,75.4,429.5,3.91,10.78,Chalk,3.18,24.13
VOLVE_15_9_F11,4158.89,27.18,76.4,457.5,5.22,11.05,Chalk,3.19,25.35
VOLVE_15_9_F11,4159.65,28.27,73.4,424.0,4.16,10.93,Chalk,3.24,24.01
VOLVE_15_9_F11,4160.5,24.94,100.2,461.0,5.16,10.89,Chalk,3.25,27.5
VOLVE_15_9_F11,4161.05,24.38,97.9,467.9,3.79,10.6,Chalk,3.27,28.09
VOLVE_15_9_F11,4161.59,27.0,75.1,488.6,3.42,10.98,Chalk,3.3,26.5
VOLVE_15_9_F11,4162.46,29.64,64.3,435.2,4.13,10.82,Chalk,3.35,25.37
VOLVE_15_9_F11,4162.81,29.38,98.7,451.6,7.37,10.93,Chalk,3.36,28.18
VOLVE_15_9_F11,4163.06,28.72,91.2,505.9,3.72,10.61,Chalk,3.38,27.88
VOLVE_15_9_F11,4164.03,31.71,79.3,410.0,7.69,10.93,Chalk,3.4,24.46
VOLVE_15_9_F11,4164.67,28.97,89.4,359.3,7.05,10.92,Chalk,3.42,25.95
VOLVE_15_9_F11,4165.48,29.55,89.3,432.2,7.58,10.85,Chalk,3.45,27.17
VOLVE_15_9_F11,4166.45,26.88,66.5,482.7,5.83,10.76,Chalk,3.46,23.88
VOLVE_15_9_F11,4167.3,25.8,70.7,461.7,7.36,11.06,Chalk,3.49,26.16
VOLVE_15_9_F11,4167.87,29.51,79.7,420.1,4.13,10.78,Chalk,3.52,26.2
VOLVE_15_9_F11,4168.59,24.22,50.6,461.2,6.58,11.03,Chalk,3.55,19.97
VOLVE_15_9_F11,4169.29,27.74,74.4,443.7,9.26,11.05,Chalk,3.6,26.44
VOLVE_15_9_F11,4170.24,25.16,67.7,395.7,4.96,10.77,Chalk,3.65,25.03
VOLVE_15_9_F11,4170.55,27.53,82.1,444.7,5.64,11.0,Chalk,3.66,25.27
VOLVE_15_9_F11,4171.3,27.35,62.7,488.1,4.3,10.83,Chalk,3.68,23.27
VOLVE_15_9_F11,4172.19,27.1,86.0,447.2,5.81,10.99,Chalk,3.73,24.74
VOLVE_15_9_F11,4172.68,26.65,82.9,397.8,5.87,10.75,Chalk,3.77,25.15
VOLVE_15_9_F11,4173.45,28.03,78.0,527.4,2.86,10.87,Chalk,3.79,25.22
VOLVE_15_9_F11,4173.85,28.43,86.6,418.6,6.59,10.9,Chalk,3.82,24.67
VOLVE_15_9_F11,4174.12,23.2,88.4,473.3,6.75,10.89,Chalk,3.86,27.25
VOLVE_15_9_F11,4174.34,26.58,76.0,491.8,4.48,10.95,Chalk,3.91,25.45
VOLVE_15_9_F11,4174.96,25.65,80.1,475.2,5.0,10.77,Chalk,3.93,25.01
VOLVE_15_9_F11,4175.2,27.19,69.4,449.1,6.51,10.81,Chalk,3.95,26.86
VOLVE_15_9_F11,4175.88,25.66,69.2,385.7,4.23,11.0,Chalk,3.99,23.39
VOLVE_15_9_F11,4176.38,29.89,103.3,505.2,7.13,10.83,Chalk,4.0,28.94
VOLVE_15_9_F11,4176.58,26.54,76.5,411.7,5.88,10.82,Chalk,4.05,24.78
VOLVE_15_9_F11,4176.97,29.17,79.4,497.2,8.62,10.77,Chalk,4.06,26.87
VOLVE_15_9_F11,4177.76,24.33,78.4,502.8,5.21,10.82,Chalk,4.08,25.25
VOLVE_15_9_F11,4178.26,26.01,85.1,409.5,4.98,10.74,Chalk,4.13,25.61
VOLVE_15_9_F11,4179.04,25.18,71.4,408.9,5.63,11.0,Chalk,4.17,25.4
VOLVE_15_9_F11,4179.89,27.7,72.8,442.6,5.72,10.83,Chalk,4.21,24.51
VOLVE_15_9_F11,4180.73,23.76,93.6,495.1,7.5,10.73,Chalk,4.24,27.03
VOLVE_15_9_F11,4181.47,22.45,57.2,434.5,6.77,10.86,Chalk,4.28,20.82
VOLVE_15_9_F11,4182.26,25.17,82.3,462.1,4.62,10.68,Chalk,4.32,25.73
VOLVE_15_9_F14,2000.89,19.19,81.6,474.0,4.7,10.31,Sandstone,0.03,31.34
VOLVE_15_9_F14,2001.8,18.11,74.7,450.0,4.73,9.98,Sandstone,0.05,29.31
VOLVE_15_9_F14,2002.38,15.34,82.6,489.1,5.36,10.07,Sandstone,0.06,28.74
VOLVE_15_9_F14,2002.72,19.78,69.7,443.9,3.32,10.35,Sandstone,0.09,28.88
VOLVE_15_9_F14,2003.38,19.85,62.8,466.2,3.81,9.98,Sandstone,0.13,27.85
VOLVE_15_9_F14,2004.2,20.82,88.1,462.1,4.11,10.34,Sandstone,0.16,28.66
VOLVE_15_9_F14,2004.94,16.82,109.2,458.2,7.18,10.22,Sandstone,0.17,30.25
VOLVE_15_9_F14,2005.71,20.6,96.2,440.9,6.56,10.15,Sandstone,0.18,31.17
VOLVE_15_9_F14,2006.06,23.44,96.5,498.7,6.74,10.19,Sandstone,0.21,34.55
VOLVE_15_9_F14,2006.35,18.1,100.8,509.1,6.35,10.22,Sandstone,0.22,31.21
VOLVE_15_9_F14,2006.79,,88.1,531.3,5.94,10.27,Sandstone,0.24,30.38
VOLVE_15_9_F14,2007.43,19.73,85.3,459.2,3.11,9.86,Sandstone,0.28,31.15
VOLVE_15_9_F14,2007.8,12.62,72.1,463.2,3.5,10.36,Sandstone,0.31,25.04
VOLVE_15_9_F14,2008.15,14.62,96.8,465.6,4.51,10.21,Sandstone,0.34,29.47
VOLVE_15_9_F14,2009.14,16.66,89.1,422.5,4.99,10.34,Sandstone,0.37,28.28
VOLVE_15_9_F14,2009.95,17.19,74.7,489.5,3.45,10.24,Sandstone,0.38,26.68
VOLVE_15_9_F14,2010.43,18.32,80.2,443.5,3.19,10.5,Sandstone,0.39,30.32
VOLVE_15_9_F14,2010.73,18.71,68.1,477.8,3.44,10.06,Sandstone,0.4,29.01
VOLVE_15_9_F14,2011.05,14.61,92.9,408.0,3.8,10.41,Sandstone,0.45,26.24
VOLVE_15_9_F14,2011.57,20.93,108.1,476.8,5.06,10.04,Sandstone,0.5,33.96
VOLVE_15_9_F14,2011.94,18.88,68.0,505.6,5.23,10.25,Sandstone,0.51,29.14
VOLVE_15_9_F14,2012.16,18.2,100.6,428.3,4.96,10.33,Sandstone,0.56,31.16
VOLVE_15_9_F14,2013.0,19.28,103.1,437.1,6.74,10.17,Sandstone,0.58,31.97
VOLVE_15_9_F14,2013.41,16.52,67.5,436.0,5.24,9.88,Sandstone,0.62,26.84
VOLVE_15_9_F14,2014.3,17.46,54.0,436.0,4.01,10.19,Sandstone,0.64,26.01
VOLVE_15_9_F14,2015.25,15.35,85.9,508.6,5.21,10.1,Sandstone,0.68,29.85
VOLVE_15_9_F14,2015.84,12.55,82.4,460.0,4.24,10.31,Sandstone,0.72,24.8
VOLVE_15_9_F14,2016.24,17.47,81.7,417.0,4.09,10.04,Sandstone,0.76,28.16
VOLVE_15_9_F14,2016.96,22.38,101.9,422.9,5.61,10.09,Sandstone,0.81,31.1
VOLVE_15_9_F14,2017.91,16.65,79.7,373.8,5.19,10.07,Sandstone,0.83,27.74
VOLVE_15_9_F14,2018.72,14.18,121.2,425.0,6.3,10.13,Sandstone,0.87,29.31
VOLVE_15_9_F14,2019.04,19.49,61.9,405.5,7.33,10.19,Sandstone,0.89,28.69
VOLVE_15_9_F14,2019.9,16.88,71.9,407.3,6.13,10.26,Sandstone,0.91,28.44
VOLVE_15_9_F14,2020.55,19.18,71.9,438.8,3.61,10.25,Sandstone,0.93,27.49
VOLVE_15_9_F14,2021.12,19.74,82.1,412.4,3.09,9.98,Sandstone,0.96,29.22
VOLVE_15_9_F14,2021.46,16.82,106.3,449.2,6.66,10.04,Sandstone,0.99,30.86
VOLVE_15_9_F14,2022.09,19.13,68.2,470.0,4.6,10.09,Sandstone,1.02,27.94
VOLVE_15_9_F14,2022.88,18.0,71.4,467.3,3.85,10.12,Sandstone,1.05,26.99
VOLVE_15_9_F14,2023.39,13.17,75.4,463.9,6.27,10.04,Sandstone,1.09,27.87
VOLVE_15_9_F14,2024.35,16.79,83.6,353.8,4.54,10.06,Sandstone,1.11,26.68
VOLVE_15_9_F14,2024.68,16.02,87.4,435.1,4.62,10.37,Sandstone,1.15,27.34
VOLVE_15_9_F14,2024.9,14.33,79.1,505.2,3.71,10.22,Sandstone,1.19,26.68
VOLVE_15_9_F14,2025.51,15.98,65.6,539.5,1.98,10.01,Sandstone,1.21,27.2
VOLVE_15_9_F14,2025.84,19.78,83.5,486.4,3.93,10.24,Sandstone,1.25,29.45
VOLVE_15_9_F14,2026.56,18.14,106.4,456.4,4.47,10.11,Sandstone,1.28,29.92
VOLVE_15_9_F14,2027.1,13.47,98.7,420.7,2.72,10.45,Sandstone,1.29,26.31
VOLVE_15_9_F14,2027.63,15.33,78.1,504.1,4.65,10.08,Sandstone,1.34,28.51
VOLVE_15_9_F14,2028.2,18.15,86.0,447.9,5.24,10.1,Sandstone,1.36,29.89
VOLVE_15_9_F14,2028.49,18.11,92.4,444.1,6.11,10.13,Sandstone,1.41,29.22
VOLVE_15_9_F14,2028.91,17.31,98.2,500.0,4.12,10.01,Sandstone,1.45,29.18
VOLVE_15_9_F14,2029.47,20.0,107.9,330.8,3.17,10.25,Sandstone,1.49,28.16
VOLVE_15_9_F14,2030.28,19.04,89.0,451.2,4.66,10.18,Sandstone,1.5,30.18
VOLVE_15_9_F14,2031.19,16.7,67.3,395.1,3.01,10.23,Sandstone,1.54,26.14
VOLVE_15_9_F14,2031.61,16.44,62.0,476.2,4.38,10.18,Sandstone,1.57,26.04
VOLVE_15_9_F14,2031.93,17.62,94.0,518.8,6.04,10.2,Sandstone,1.62,30.11
VOLVE_15_9_F14,2032.43,12.92,63.2,473.8,3.47,10.42,Sandstone,1.64,22.53
VOLVE_15_9_F14,2032.92,18.86,97.2,532.9,5.07,10.26,Sandstone,1.68,31.34
VOLVE_15_9_F14,2033.48,14.99,76.0,462.4,2.03,9.91,Sandstone,1.7,26.91
VOLVE_15_9_F14,2034.17,21.16,66.7,511.8,4.44,10.22,Sandstone,1.74,28.87
VOLVE_15_9_F14,2034.71,13.86,92.6,390.5,6.56,10.35,Sandstone,1.79,27.43
VOLVE_15_9_F14,2035.11,19.06,69.6,462.5,5.43,9.83,Sandstone,1.81,27.91
VOLVE_15_9_F14,2035.38,13.16,92.0,401.1,3.63,10.0,Sandstone,1.84,24.78
VOLVE_15_9_F14,2036.22,16.53,87.6,469.4,3.46,10.27,Sandstone,1.88,28.02
VOLVE_15_9_F14,2037.01,19.14,56.4,441.3,4.54,10.32,Sandstone,1.9,26.41
VOLVE_15_9_F14,2037.9,20.45,106.1,446.2,6.04,10.21,Sandstone,1.93,31.44
VOLVE_15_9_F14,2038.25,20.32,104.3,445.5,4.47,10.24,Sandstone,1.97,31.37
VOLVE_15_9_F14,2039.13,19.87,99.2,496.1,5.04,10.39,Sandstone,1.99,31.64
VOLVE_15_9_F14,2040.05,20.16,99.5,461.8,2.99,10.1,Sandstone,2.03,31.79
VOLVE_15_9_F14,2040.93,20.37,74.0,461.6,5.92,10.04,Sandstone,2.04,29.56
VOLVE_15_9_F14,2041.16,16.75,102.3,454.7,4.01,10.14,Sandstone,2.08,28.57
VOLVE_15_9_F14,2041.64,17.2,96.3,482.8,5.75,10.21,Sandstone,2.1,30.29
VOLVE_15_9_F14,2042.61,19.84,53.5,445.3,5.01,10.23,Sandstone,2.14,24.93
VOLVE_15_9_F14,2043.24,20.89,70.4,409.9,5.49,10.3,Sandstone,2.18,27.08
VOLVE_15_9_F14,2044.06,17.75,73.5,492.5,4.39,10.43,Sandstone,2.2,28.73
VOLVE_15_9_F14,2044.5,16.79,107.1,436.5,7.09,10.21,Sandstone,2.22,29.29
VOLVE_15_9_F14,2045.06,16.7,70.4,465.3,3.78,9.99,Sandstone,2.26,26.21
VOLVE_15_9_F14,2045.57,16.05,76.1,484.6,6.58,10.07,Sandstone,2.27,28.45
VOLVE_15_9_F14,2046.41,19.3,65.6,411.3,5.03,10.2,Sandstone,2.3,27.22
VOLVE_15_9_F14,2046.72,20.96,77.7,421.4,5.2,10.4,Sandstone,2.32,29.92
VOLVE_15_9_F14,2047.29,19.34,100.4,396.9,4.97,10.28,Sandstone,2.35,29.23
VOLVE_15_9_F14,2048.2,18.08,63.5,440.2,4.71,10.05,Sandstone,2.36,28.09
VOLVE_15_9_F14,2049.09,22.93,92.0,496.4,5.45,10.09,Sandstone,2.4,31.97
VOLVE_15_9_F14,2049.95,18.15,71.7,453.1,6.8,10.14,Sandstone,2.44,29.14
VOLVE_15_9_F14,2050.23,21.62,113.1,510.6,4.19,10.19,Sandstone,2.47,32.77
VOLVE_15_9_F14,2050.89,15.46,86.6,467.1,4.46,10.14,Sandstone,2.5,26.66
VOLVE_15_9_F14,2051.35,18.73,83.6,431.3,3.8,10.05,Sandstone,2.53,28.41
VOLVE_15_9_F14,2052.33,15.74,76.2,426.8,3.87,10.07,Sandstone,2.55,26.31
VOLVE_15_9_F14,2052.99,15.89,88.1,517.4,4.77,10.17,Sandstone,2.59,28.45
VOLVE_15_9_F14,2053.91,16.18,62.8,485.4,6.2,10.22,Sandstone,2.61,25.78
VOLVE_15_9_F14,2054.26,18.37,86.3,446.9,5.53,10.04,Sandstone,2.64,30.58
VOLVE_15_9_F14,2055.12,17.06,76.1,459.5,3.53,10.23,Sandstone,2.69,27.29
VOLVE_15_9_F14,2055.65,13.05,75.4,436.3,3.95,10.46,Sandstone,2.72,22.01
VOLVE_15_9_F14,2056.24,17.13,115.8,353.1,6.66,10.22,Sandstone,2.75,29.23
VOLVE_15_9_F14,2057.1,16.66,105.9,457.6,4.39,10.23,Sandstone,2.78,29.76
VOLVE_15_9_F14,2057.46,13.86,106.8,404.3,5.01,9.98,Sandstone,2.83,25.0
VOLVE_15_9_F14,2057.79,19.36,97.6,439.7,5.7,10.3,Sandstone,2.86,29.2
VOLVE_15_9_F14,2058.03,19.9,91.0,403.7,4.89,10.1,Sandstone,2.89,30.29
VOLVE_15_9_F14,2058.66,19.78,106.9,446.7,4.29,10.35,Sandstone,2.92,30.45
VOLVE_15_9_F14,2059.42,22.5,89.8,414.3,5.67,10.46,Sandstone,2.96,30.46
VOLVE_15_9_F14,2060.36,15.44,94.1,456.9,7.57,10.09,Sandstone,2.98,27.25
VOLVE_15_9_F14,2061.18,15.5,105.6,481.9,4.42,10.09,Sandstone,3.01,27.9
VOLVE_15_9_F14,2061.87,18.16,97.1,466.6,,10.27,Sandstone,3.05,28.05
VOLVE_15_9_F14,2062.48,17.95,91.5,395.2,5.88,10.0,Sandstone,3.06,26.55
VOLVE_15_9_F14,2063.04,18.59,96.8,387.5,7.98,10.2,Sandstone,3.1,26.95
VOLVE_15_9_F14,2063.59,20.34,86.5,402.8,4.11,10.14,Sandstone,3.14,30.94
VOLVE_15_9_F14,2064.44,17.62,92.5,495.2,3.55,10.18,Sandstone,3.17,28.17
VOLVE_15_9_F14,2064.92,20.84,93.9,541.7,6.24,9.89,Sandstone,3.21,32.85
VOLVE_15_9_F14,2065.37,16.33,66.3,427.2,5.45,10.26,Sandstone,3.25,26.81
VOLVE_15_9_F14,2066.29,17.0,73.8,413.2,3.47,10.56,Sandstone,3.28,25.82
VOLVE_15_9_F14,2067.18,15.49,95.8,509.6,4.47,10.13,Sandstone,3.32,28.34
VOLVE_15_9_F14,2067.97,9.74,86.8,437.4,2.79,9.97,Sandstone,3.36,22.99
VOLVE_15_9_F14,2068.7,13.9,84.6,451.0,4.08,10.31,Sandstone,3.4,27.34
VOLVE_15_9_F14,2069.19,20.51,89.2,460.6,4.84,10.06,Sandstone,3.44,29.89
VOLVE_15_9_F14,2070.0,21.04,55.1,426.8,5.86,10.19,Sandstone,3.49,25.15
VOLVE_15_9_F14,2070.83,15.09,82.3,423.1,6.06,10.08,Sandstone,3.52,25.45
VOLVE_15_9_F14,2071.43,20.61,82.4,451.0,4.98,9.98,Sandstone,3.55,28.6
VOLVE_15_9_F14,2071.94,12.22,87.5,437.7,6.22,10.24,Sandstone,3.59,24.59
VOLVE_15_9_F14,2072.24,15.71,97.6,382.9,6.03,10.09,Sandstone,3.63,26.28
VOLVE_15_9_F14,2072.9,17.12,79.3,418.2,3.15,9.95,Sandstone,3.66,26.14
VOLVE_15_9_F14,2073.52,20.93,105.0,448.6,6.82,10.24,Sandstone,3.7,31.18
VOLVE_15_9_F14,2074.23,22.81,70.2,432.0,6.08,10.62,Sandstone,3.73,29.59
VOLVE_15_9_F14,2074.44,17.14,95.2,474.0,7.28,10.34,Sandstone,3.77,28.22
VOLVE_15_9_F14,2075.14,18.13,77.0,423.0,5.11,10.19,Sandstone,3.82,27.95
VOLVE_15_9_F14,2076.0,20.91,102.3,526.7,7.54,10.65,Sandstone,3.86,32.32
VOLVE_15_9_F14,2076.67,23.93,88.1,456.2,3.4,9.93,Sandstone,3.9,31.72
VOLVE_15_9_F14,2077.23,21.28,66.7,457.1,4.38,10.28,Sandstone,3.94,25.49
VOLVE_15_9_F14,2078.23,15.29,86.4,433.6,2.29,10.47,Sandstone,3.97,23.72
VOLVE_15_9_F14,2078.92,20.51,90.8,443.5,4.84,,Sandstone,4.01,28.27
VOLVE_15_9_F14,2079.76,16.7,88.2,378.6,5.03,10.24,Sandstone,4.06,28.12
VOLVE_15_9_F14,2080.13,21.82,89.7,454.2,5.28,10.1,Sandstone,4.1,29.56
VOLVE_15_9_F14,2080.49,19.9,81.4,532.9,6.13,10.14,Sandstone,4.11,29.11
VOLVE_15_9_F14,2081.43,15.77,76.4,490.0,7.54,10.26,Sandstone,4.13,27.07
VOLVE_15_9_F14,2082.37,21.09,60.1,388.9,4.37,9.93,Sandstone,4.15,28.49
VOLVE_15_9_F14,2082.67,19.65,93.5,465.8,6.7,10.04,Sandstone,4.18,29.61
VOLVE_15_9_F14,2083.64,19.33,92.4,472.0,5.98,10.2,Sandstone,4.2,28.97
VOLVE_15_9_F14,2084.43,18.41,113.4,514.9,5.81,9.93,Sandstone,4.25,32.21
VOLVE_15_9_F14,2084.87,17.03,84.2,422.6,5.82,10.14,Sandstone,4.26,27.52
VOLVE_15_9_F14,2085.24,19.88,88.9,545.6,4.71,9.97,Sandstone,4.31,30.86
VOLVE_15_9_F14,2085.96,23.85,87.0,458.7,6.72,9.98,Sandstone,4.35,30.86
VOLVE_15_9_F14,2086.24,23.12,97.8,421.0,3.82,10.33,Sandstone,4.4,30.52
VOLVE_15_9_F14,2087.01,17.89,77.1,388.9,4.96,10.21,Sandstone,4.41,23.68
VOLVE_15_9_F14,2087.87,13.09,87.0,449.4,4.12,10.16,Sandstone,4.44,25.19
VOLVE_15_9_F14,2088.47,16.98,85.2,462.4,7.79,10.13,Sandstone,4.48,26.97
VOLVE_15_9_F14,2089.33,18.72,95.9,408.5,3.83,10.24,Sandstone,4.53,29.47
VOLVE_15_9_F14,2090.07,19.07,118.1,479.1,6.08,10.12,Sandstone,4.56,32.26
VOLVE_15_9_F14,2090.74,20.61,89.7,475.2,6.72,10.08,Sandstone,4.58,31.18
VOLVE_15_9_F14,2091.28,20.18,63.1,454.5,4.09,10.35,Sandstone,4.61,28.78
VOLVE_15_9_F14,2092.0,20.22,67.2,419.8,4.87,10.1,Sandstone,4.63,29.69
VOLVE_15_9_F14,2092.98,16.79,100.6,455.0,4.41,10.4,Sandstone,4.67,27.77
VOLVE_15_9_F14,2093.27,17.07,59.8,527.9,3.91,10.11,Sandstone,4.72,25.98
VOLVE_15_9_F14,2093.61,15.67,89.5,417.2,6.78,10.31,Sandstone,4.75,27.38
VOLVE_15_9_F14,2094.34,19.03,73.8,383.9,2.56,10.24,Sandstone,4.8,26.4
VOLVE_15_9_F14,2095.33,20.54,125.2,439.3,6.06,10.28,Sandstone,4.84,28.98
VOLVE_15_9_F14,2095.93,21.06,66.6,421.8,2.39,10.24,Sandstone,4.86,26.25
VOLVE_15_9_F14,2096.44,12.12,74.8,380.0,5.36,10.31,Sandstone,4.88,21.9
VOLVE_15_9_F14,2097.41,19.57,96.5,470.5,4.75,10.42,Sandstone,4.91,29.56
VOLVE_15_9_F14,2097.83,15.79,81.3,401.4,2.57,10.07,Sandstone,4.93,25.48
VOLVE_15_9_F14,2098.3,19.87,74.0,397.3,4.72,10.42,Sandstone,4.95,26.58
VOLVE_15_9_F14,2098.83,15.77,70.3,487.0,3.03,10.15,Sandstone,4.99,24.65
VOLVE_15_9_F14,2099.45,20.23,74.9,510.2,6.14,9.93,Sandstone,5.01,28.87
VOLVE_15_9_F14,2099.69,16.78,71.2,557.7,5.83,10.3,Sandstone,5.06,28.89
VOLVE_15_9_F14,2100.22,16.84,84.6,391.9,3.42,10.32,Sandstone,5.07,23.33
VOLVE_15_9_F14,2100.88,20.41,113.6,469.9,6.2,10.28,Sandstone,5.09,34.23
VOLVE_15_9_F14,2101.18,17.03,115.7,398.1,4.5,10.15,Sandstone,5.12,30.11
VOLVE_15_9_F14,2101.75,20.8,115.4,457.1,5.26,10.06,Sandstone,5.17,31.1
VOLVE_15_9_F14,2102.19,20.26,82.8,447.9,7.46,10.12,Sandstone,5.18,29.95
VOLVE_15_9_F14,2102.48,18.13,95.5,368.5,4.62,10.23,Sandstone,5.2,26.99
VOLVE_15_9_F14,2103.42,17.28,86.6,475.3,6.62,10.16,Sandstone,5.24,28.01
VOLVE_15_9_F14,2103.9,,72.4,454.1,7.16,10.04,Sandstone,5.29,28.31
VOLVE_15_9_F14,2104.5,20.49,57.7,478.4,4.34,10.16,Sandstone,5.31,25.73
VOLVE_15_9_F14,2105.12,22.53,58.3,403.8,5.25,10.08,Sandstone,5.35,27.4
VOLVE_15_9_F14,2105.45,14.06,87.1,538.8,4.02,10.1,Sandstone,5.37,25.48
VOLVE_15_9_F14,2106.1,17.7,64.3,464.8,4.59,10.31,Sandstone,5.39,25.58
VOLVE_15_9_F14,2106.5,17.29,72.8,467.6,5.45,10.02,Sandstone,5.4,26.26
VOLVE_15_9_F14,2107.18,19.71,90.3,509.4,5.04,10.25,Sandstone,5.43,31.44
VOLVE_15_9_F14,2107.48,16.06,49.7,453.7,4.68,10.12,Sandstone,5.48,24.44
VOLVE_15_9_F14,2108.31,16.41,106.7,418.4,4.26,10.24,Sandstone,5.49,26.59
VOLVE_15_9_F14,2109.2,18.54,85.5,497.8,3.89,10.06,Sandstone,5.53,29.57
VOLVE_15_9_F14,2110.19,13.75,79.1,448.2,4.0,10.17,Sandstone,5.57,24.86
VOLVE_15_9_F14,2111.1,13.42,75.1,492.9,4.53,10.07,Sandstone,5.59,25.93
VOLVE_15_9_F14,2111.83,18.16,91.8,449.6,6.58,10.25,Sandstone,5.62,29.39
VOLVE_15_9_F14,2112.15,25.08,70.2,541.1,5.11,9.93,Sandstone,5.66,29.29
VOLVE_15_9_F14,2112.42,18.73,104.5,452.0,5.77,10.19,Sandstone,5.69,29.81
VOLVE_15_9_F14,2112.68,17.51,97.7,428.7,3.93,10.01,Sandstone,5.71,27.71
VOLVE_15_9_F14,2113.56,19.53,73.8,467.2,5.92,10.11,Sandstone,5.72,29.9
VOLVE_15_9_F14,2114.37,19.9,81.8,434.8,4.57,10.15,Sandstone,5.75,26.66
VOLVE_15_9_F14,2114.75,18.14,102.9,418.9,4.93,10.31,Sandstone,5.78,28.73
VOLVE_15_9_F14,2115.13,16.77,90.8,507.5,4.97,9.95,Sandstone,5.83,26.88
VOLVE_15_9_F14,2115.41,14.54,81.3,402.6,3.9,9.92,Sandstone,5.86,26.74
VOLVE_15_9_F14,2116.39,20.72,73.5,494.8,3.66,10.37,Sandstone,5.88,28.19
VOLVE_15_9_F14,2116.79,17.29,83.0,517.7,5.37,10.15,Sandstone,5.9,27.27
VOLVE_15_9_F14,2117.67,19.66,78.5,439.9,6.06,9.94,Sandstone,5.94,29.57
VOLVE_15_9_F14,2118.48,21.12,89.3,464.3,3.66,10.14,Sandstone,5.98,30.53
VOLVE_15_9_F14,2119.32,17.71,80.0,420.2,5.11,10.13,Sandstone,6.02,26.92
VOLVE_15_9_F14,2120.02,14.82,70.2,499.3,4.69,10.12,Sandstone,6.04,24.78
VOLVE_15_9_F14,2120.4,17.92,101.2,401.9,4.72,10.24,Sandstone,6.06,26.46
VOLVE_15_9_F14,2120.77,18.09,92.8,493.3,4.6,9.95,Sandstone,6.09,27.57
VOLVE_15_9_F14,2121.72,19.72,69.7,453.7,6.13,10.21,Sandstone,6.1,25.93
VOLVE_15_9_F14,2122.36,17.06,75.8,419.5,7.3,10.13,Sandstone,6.14,27.47
VOLVE_15_9_F14,2123.1,16.94,95.3,425.5,6.53,10.19,Sandstone,6.19,28.45
VOLVE_15_9_F14,2123.72,,72.1,472.9,5.33,10.34,Sandstone,6.24,25.02
VOLVE_15_9_F14,2124.2,19.43,82.1,405.7,6.42,10.36,Sandstone,6.25,28.64
VOLVE_15_9_F14,2124.96,20.75,80.3,475.3,5.66,10.44,Sandstone,6.28,28.02
VOLVE_15_9_F14,2125.85,24.34,73.8,460.1,4.49,9.92,Sandstone,6.31,28.81
VOLVE_15_9_F14,2126.23,23.33,68.8,437.5,5.58,10.26,Sandstone,6.34,28.57
VOLVE_15_9_F14,2126.56,18.17,83.9,472.8,3.3,10.32,Sandstone,6.38,26.69
VOLVE_15_9_F14,2126.82,16.71,70.7,421.3,3.69,10.12,Sandstone,6.41,22.85
VOLVE_15_9_F14,2127.74,16.95,75.7,442.2,5.8,10.2,Sandstone,6.42,25.74
VOLVE_15_9_F14,2128.49,15.23,97.4,437.7,4.62,10.4,Sandstone,6.44,24.66
VOLVE_15_9_F14,2129.26,18.83,73.9,402.4,3.82,10.17,Sandstone,6.47,24.0
VOLVE_15_9_F14,2129.5,16.04,91.5,439.8,4.1,10.4,Sandstone,6.51,25.13
VOLVE_15_9_F14,2130.02,15.75,99.0,390.5,3.45,10.2,Sandstone,6.52,25.49
VOLVE_15_9_F14,2130.27,15.92,83.1,430.9,5.07,10.27,Sandstone,6.55,24.2
VOLVE_15_9_F14,2131.02,20.75,92.3,384.0,4.75,10.34,Sandstone,6.57,27.8
VOLVE_15_9_F14,2131.49,18.32,71.8,412.3,4.44,10.04,Sandstone,6.61,25.7
VOLVE_15_9_F14,2132.48,15.12,95.8,416.3,5.3,10.27,Sandstone,6.64,26.57
VOLVE_15_9_F14,2133.25,20.74,94.3,469.8,5.69,10.13,Sandstone,6.67,29.31
VOLVE_15_9_F14,2133.57,21.51,106.5,414.8,4.11,10.39,Sandstone,6.71,29.8
VOLVE_15_9_F14,2133.91,17.39,102.2,403.2,3.72,10.16,Sandstone,6.72,27.73
VOLVE_15_9_F14,2134.21,16.58,88.6,437.9,4.74,10.16,Sandstone,6.74,24.56
VOLVE_15_9_F14,2134.61,16.36,126.1,529.2,6.14,10.08,Sandstone,6.79,31.74
VOLVE_15_9_F14,2135.59,19.21,97.9,386.8,4.4,10.2,Sandstone,6.82,28.57
VOLVE_15_9_F14,2136.57,20.83,103.8,481.2,4.8,10.29,Sandstone,6.85,29.48
VOLVE_15_9_F14,2137.0,18.97,77.7,467.4,5.04,10.22,Sandstone,6.89,25.92
VOLVE_15_9_F14,2137.4,15.19,79.1,536.9,4.7,10.54,Sandstone,6.92,26.28
VOLVE_15_9_F14,2137.8,21.21,85.7,465.1,5.13,10.14,Sandstone,6.94,28.06
VOLVE_15_9_F14,2138.41,18.42,69.6,455.2,5.16,10.08,Sandstone,6.99,24.96
VOLVE_15_9_F14,2139.0,18.05,85.2,454.9,3.82,10.19,Sandstone,7.02,26.13
VOLVE_15_9_F14,2139.55,19.64,84.1,452.0,6.85,10.26,Sandstone,7.04,29.1
VOLVE_15_9_F14,2139.82,21.17,101.1,481.5,5.06,10.02,Sandstone,7.06,31.49
VOLVE_15_9_F14,2140.22,15.71,102.2,432.1,6.96,10.41,Sandstone,7.09,28.76
VOLVE_15_9_F14,2140.79,15.21,86.5,574.9,2.05,,Sandstone,7.12,26.03
VOLVE_15_9_F14,2141.16,18.44,79.1,487.9,2.81,10.47,Sandstone,7.15,26.01
VOLVE_15_9_F14,2141.86,18.48,111.5,445.9,5.24,10.41,Sandstone,7.19,28.26
VOLVE_15_9_F14,2142.18,20.82,61.8,443.5,6.0,10.31,Sandstone,7.22,25.58
VOLVE_15_9_F14,2142.67,21.74,61.4,452.9,5.16,10.21,Sandstone,7.25,25.83
VOLVE_15_9_F14,2143.48,17.32,91.9,451.7,4.81,10.06,Sandstone,7.27,26.68
VOLVE_15_9_F14,2144.15,19.4,83.6,479.3,5.34,10.12,Sandstone,7.32,29.94
VOLVE_15_9_F14,2145.08,19.73,80.0,465.5,4.95,10.05,Sandstone,7.36,26.69
VOLVE_15_9_F14,2145.51,19.97,57.2,512.2,7.01,10.05,Sandstone,7.38,26.93
VOLVE_15_9_F14,2145.72,14.53,71.5,415.3,3.76,10.26,Sandstone,7.39,23.63
VOLVE_15_9_F14,2146.32,19.89,106.8,452.4,6.92,10.26,Sandstone,7.41,31.63
VOLVE_15_9_F14,2146.7,16.51,104.2,414.9,4.16,9.98,Sandstone,7.42,26.91
VOLVE_15_9_F14,2147.0,20.02,96.5,434.9,4.9,10.14,Sandstone,7.46,27.92
VOLVE_15_9_F14,2147.21,15.7,72.4,433.3,3.33,10.09,Sandstone,7.47,23.14
VOLVE_15_9_F14,2147.88,18.74,79.6,485.2,5.9,10.43,Sandstone,7.49,26.19
VOLVE_15_9_F14,2148.39,17.82,78.6,428.4,6.24,9.9,Sandstone,7.52,26.45
VOLVE_15_9_F14,2148.85,23.92,74.5,510.0,5.06,10.5,Sandstone,7.53,28.41
VOLVE_15_9_F14,2149.36,16.36,76.5,512.2,5.27,10.3,Sandstone,7.55,25.97
VOLVE_15_9_F14,2150.17,16.17,83.1,482.7,4.86,9.83,Sandstone,7.59,26.97
VOLVE_15_9_F14,2150.55,22.26,62.5,408.5,5.65,10.12,Sandstone,7.63,25.62
VOLVE_15_9_F14,2151.16,20.72,102.3,511.6,6.82,10.28,Sandstone,7.66,30.64
VOLVE_15_9_F14,2152.16,19.2,82.6,437.0,3.6,10.12,Sandstone,7.7,27.6
VOLVE_15_9_F14,2152.4,17.31,77.1,440.9,,10.18,Sandstone,7.74,23.53
VOLVE_15_9_F14,2153.12,15.63,61.0,474.9,3.66,10.56,Sandstone,7.76,23.33
VOLVE_15_9_F14,2153.87,17.43,96.4,419.9,4.49,10.15,Sandstone,7.8,28.25
VOLVE_15_9_F14,2154.41,17.17,69.0,504.1,4.83,10.06,Sandstone,7.84,26.19
VOLVE_15_9_F14,2155.25,16.76,91.8,486.1,4.9,10.36,Sandstone,7.88,26.11
VOLVE_15_9_F14,2155.99,17.23,71.4,573.1,4.38,10.01,Sandstone,7.91,27.27
VOLVE_15_9_F14,2156.76,17.12,86.3,466.3,4.75,10.32,Sandstone,7.94,25.74
VOLVE_15_9_F14,2157.06,20.93,65.4,449.0,5.13,10.31,Sandstone,7.96,27.11
VOLVE_15_9_F14,2157.7,15.04,82.1,534.5,3.66,10.49,Sandstone,8.0,25.65
VOLVE_15_9_F14,2158.03,19.51,83.4,379.7,2.47,10.28,Sandstone,8.03,27.34
VOLVE_15_9_F14,2158.3,19.2,87.0,463.4,3.95,10.18,Sandstone,8.07,27.12
VOLVE_15_9_F14,2158.84,18.37,97.9,448.9,6.45,10.22,Sandstone,8.11,28.48
VOLVE_15_9_F14,2159.12,20.2,92.3,503.6,2.1,10.54,Sandstone,8.13,27.01
VOLVE_15_9_F14,2159.32,19.61,108.0,578.6,6.75,10.23,Sandstone,8.16,30.92
VOLVE_15_9_F14,2160.29,18.79,63.1,427.3,3.96,10.19,Sandstone,8.18,23.7
VOLVE_15_9_F14,2161.2,21.3,116.0,500.6,6.68,10.21,Sandstone,8.21,32.29
VOLVE_15_9_F14,2161.54,12.41,98.7,510.0,3.37,10.29,Sandstone,8.22,24.52
VOLVE_15_9_F14,2161.86,24.03,78.0,506.9,2.32,10.16,Sandstone,8.25,28.35
VOLVE_15_9_F14,2162.34,21.48,99.4,464.1,4.39,10.07,Sandstone,8.26,30.1
VOLVE_15_9_F14,2162.63,22.87,111.1,482.9,5.57,10.12,Sandstone,8.29,32.43
VOLVE_15_9_F14,2163.1,16.37,101.3,416.3,5.46,10.09,Sandstone,8.33,28.71
VOLVE_15_9_F14,2163.86,18.75,69.8,525.3,3.04,10.2,Sandstone,8.34,25.12
VOLVE_15_9_F14,2164.26,19.36,85.2,411.2,5.47,10.13,Sandstone,8.39,27.35
VOLVE_15_9_F14,2165.08,17.66,95.9,415.5,5.06,10.19,Sandstone,8.43,27.38
VOLVE_15_9_F14,2166.02,19.04,84.1,443.0,4.23,10.2,Sandstone,8.47,26.56
VOLVE_15_9_F14,2166.25,19.25,91.2,431.5,5.24,10.26,Sandstone,8.52,26.35
VOLVE_15_9_F14,2166.88,15.6,92.2,471.7,4.89,10.08,Sandstone,8.54,27.08
VOLVE_15_9_F14,2167.14,20.46,69.8,441.7,5.52,10.48,Sandstone,8.57,24.84
VOLVE_15_9_F14,2167.78,20.25,103.5,419.6,5.62,10.41,Sandstone,8.58,28.48
VOLVE_15_9_F14,2168.01,16.92,86.0,409.5,4.94,10.3,Sandstone,8.61,24.62
VOLVE_15_9_F14,2168.61,15.36,83.9,501.9,7.01,10.33,Sandstone,8.64,25.72
VOLVE_15_9_F14,2169.15,18.94,71.1,475.5,2.44,10.05,Sandstone,8.68,23.86
VOLVE_15_9_F14,2170.12,16.57,80.9,402.3,3.14,10.14,Sandstone,8.72,23.23
VOLVE_15_9_F14,2170.46,,98.6,479.9,6.53,10.15,Sandstone,8.74,26.77
VOLVE_15_9_F14,2170.75,16.7,88.2,441.5,3.07,10.01,Sandstone,8.76,28.17
VOLVE_15_9_F14,2171.01,22.43,95.2,391.2,6.52,10.17,Sandstone,8.8,27.02
VOLVE_15_9_F14,2171.32,16.97,84.1,404.7,5.17,10.56,Sandstone,8.83,25.66
VOLVE_15_9_F14,2171.99,16.45,85.9,495.0,3.2,10.24,Sandstone,8.84,24.68
VOLVE_15_9_F14,2172.97,18.75,59.9,508.4,5.78,10.45,Sandstone,8.88,22.71
VOLVE_15_9_F14,2173.64,14.7,90.4,482.5,6.11,10.44,Sandstone,8.91,25.58
VOLVE_15_9_F14,2174.36,16.53,81.6,425.0,4.75,10.08,Sandstone,8.93,27.6
VOLVE_15_9_F14,2175.06,14.56,89.3,474.9,4.53,10.23,Sandstone,8.94,23.84
VOLVE_15_9_F14,2175.4,19.23,52.3,474.0,6.07,10.17,Sandstone,8.96,26.38
VOLVE_15_9_F14,2176.35,21.02,122.6,354.3,3.69,10.37,Sandstone,8.97,29.93
VOLVE_15_9_F14,2177.35,17.64,85.7,477.7,5.71,10.3,Sandstone,9.01,25.41
VOLVE_15_9_F14,2177.67,21.85,91.5,462.1,3.61,10.48,Sandstone,9.05,26.06
VOLVE_15_9_F14,2178.07,16.59,90.4,548.2,5.54,10.26,Sandstone,9.1,26.32
VOLVE_15_9_F14,2178.73,17.55,79.8,533.9,4.62,10.35,Sandstone,9.11,27.45
VOLVE_15_9_F14,2179.66,20.96,90.9,451.2,5.21,10.13,Sandstone,9.14,25.87
VOLVE_15_9_F14,2180.33,20.51,102.4,472.2,7.36,10.01,Sandstone,9.17,30.06
VOLVE_15_9_F14,2180.83,19.86,87.2,459.3,3.22,10.33,Sandstone,9.2,26.45
VOLVE_15_9_F14,2181.33,21.5,97.4,435.7,6.26,10.25,Sandstone,9.24,27.81
VOLVE_15_9_F14,2181.85,18.6,96.1,399.8,5.03,10.31,Sandstone,9.25,25.9
VOLVE_15_9_F14,2182.8,19.49,95.1,427.6,5.3,10.44,Sandstone,9.26,26.87
VOLVE_15_9_F14,2183.61,17.03,112.3,436.2,6.25,10.28,Sandstone,9.3,27.34
VOLVE_15_9_F14,2184.45,23.55,89.8,502.2,6.44,10.35,Sandstone,9.34,31.32
VOLVE_15_9_F14,2184.69,17.61,83.4,462.9,5.58,10.38,Sandstone,9.35,25.41
VOLVE_15_9_F14,2185.14,18.21,83.9,431.8,3.85,10.21,Sandstone,9.39,25.48
VOLVE_15_9_F14,2185.96,19.27,90.7,424.9,5.84,10.14,Sandstone,9.43,27.59
VOLVE_15_9_F14,2186.26,20.41,64.3,472.0,5.71,10.53,Sandstone,9.45,24.23
VOLVE_15_9_F14,2186.67,20.39,105.5,441.8,6.02,10.29,Sandstone,9.48,30.06
VOLVE_15_9_F14,2187.53,11.98,80.9,412.2,5.05,10.27,Sandstone,9.5,21.08
VOLVE_15_9_F14,2188.17,23.17,83.1,417.2,5.45,10.08,Sandstone,9.55,28.24
VOLVE_15_9_F14,2188.81,22.78,65.0,524.9,3.63,10.27,Sandstone,9.56,26.58
VOLVE_15_9_F14,2189.24,21.89,86.2,449.3,4.78,10.28,Sandstone,9.61,27.44
VOLVE_15_9_F14,2189.52,19.12,64.2,498.4,4.12,10.09,Sandstone,9.64,27.25
VOLVE_15_9_F14,2190.41,21.88,59.3,383.8,4.89,10.34,Sandstone,9.66,24.65
VOLVE_15_9_F14,2190.76,19.42,73.6,501.7,4.37,10.19,Sandstone,9.71,25.49
VOLVE_15_9_F14,2191.38,19.39,80.8,485.5,7.12,9.9,Sandstone,9.75,26.37
VOLVE_15_9_F14,2192.05,20.51,71.7,490.0,5.47,10.15,Sandstone,9.78,27.92
VOLVE_15_9_F14,2192.63,20.13,88.8,390.5,5.07,10.38,Sandstone,9.81,26.63
VOLVE_15_9_F14,2193.48,21.33,102.9,455.7,5.8,10.1,Sandstone,9.85,28.19
VOLVE_15_9_F14,2193.69,13.4,87.8,421.7,5.03,10.59,Sandstone,9.89,23.9
VOLVE_15_9_F14,2194.18,18.55,51.3,407.6,7.04,10.3,Sandstone,9.9,22.33
VOLVE_15_9_F14,2194.94,15.73,84.2,379.2,5.22,10.57,Sandstone,9.93,22.53
VOLVE_15_9_F14,2195.18,21.11,93.2,411.3,4.82,10.07,Sandstone,9.97,27.28
VOLVE_15_9_F14,2196.11,16.5,79.0,408.4,3.44,10.05,Sandstone,10.01,23.56
VOLVE_15_9_F14,2196.62,18.08,89.2,485.8,5.24,10.2,Sandstone,10.03,24.93
VOLVE_15_9_F14,2197.29,21.13,88.5,430.1,7.69,10.04,Sandstone,10.07,27.34
VOLVE_15_9_F14,2197.5,22.06,68.0,448.2,4.82,10.16,Sandstone,10.08,26.7
VOLVE_15_9_F14,2198.13,21.0,102.6,502.4,4.31,10.47,Sandstone,10.12,27.97
VOLVE_15_9_F14,2198.5,20.68,80.2,457.3,6.26,10.19,Sandstone,10.15,26.94
VOLVE_15_9_F14,2198.96,15.83,79.6,425.8,4.76,9.99,Sandstone,10.17,23.04
VOLVE_15_9_F14,2199.92,16.26,91.3,462.6,2.88,10.28,Sandstone,10.2,25.1
VOLVE_15_9_F14,2200.69,15.45,60.4,423.1,4.55,10.43,Sandstone,10.21,22.41
VOLVE_15_9_F14,2201.41,16.17,103.5,384.2,6.38,9.95,Sandstone,10.26,26.98
VOLVE_15_9_F14,2202.4,19.21,69.8,469.4,2.26,10.03,Sandstone,10.31,24.6
VOLVE_15_9_F14,2202.74,21.32,111.6,480.3,6.46,10.24,Sandstone,10.32,29.5
VOLVE_15_9_F14,2202.99,21.32,101.4,446.6,3.94,10.05,Sandstone,10.37,28.5
VOLVE_15_9_F14,2203.8,14.19,69.3,449.2,4.07,10.21,Sandstone,10.42,22.28
VOLVE_15_9_F14,2204.02,18.73,89.5,437.5,4.46,10.45,Sandstone,10.43,26.41
VOLVE_15_9_F14,2204.85,18.13,70.1,516.3,6.02,10.18,Sandstone,10.44,26.29
VOLVE_15_9_F14,2205.45,13.03,68.1,466.4,5.39,10.3,Sandstone,10.47,20.84
VOLVE_15_9_F14,2205.83,20.9,47.0,449.3,2.96,10.31,Sandstone,10.5,21.64
VOLVE_15_9_F14,2206.54,20.83,94.0,493.2,2.9,10.12,Sandstone,10.53,26.91
VOLVE_15_9_F14,2207.14,17.31,77.6,496.8,2.91,10.08,Sandstone,10.56,22.94
VOLVE_15_9_F14,2207.49,18.06,96.3,472.2,5.58,10.39,Sandstone,10.6,28.4
VOLVE_15_9_F14,2208.34,19.2,87.9,493.1,2.31,10.24,Sandstone,10.63,24.88
VOLVE_15_9_F14,2208.77,19.87,66.2,476.7,4.01,10.27,Sandstone,10.66,26.1
VOLVE_15_9_F14,2209.16,17.21,97.1,456.4,6.12,10.23,Sandstone,10.69,25.17
VOLVE_15_9_F14,2209.92,16.69,92.3,494.1,5.6,10.22,Sandstone,10.74,26.94
VOLVE_15_9_F14,2210.46,16.13,77.3,417.0,2.57,10.27,Sandstone,10.76,24.33
VOLVE_15_9_F14,2210.93,22.57,99.1,416.2,5.76,10.07,Sandstone,10.78,26.38
VOLVE_15_9_F14,2211.58,21.9,80.4,474.3,4.03,10.3,Sandstone,10.8,26.58
VOLVE_15_9_F14,2212.31,16.12,72.7,427.3,3.77,10.09,Sandstone,10.84,25.0
VOLVE_15_9_F14,2212.61,16.61,81.6,487.3,4.03,10.59,Sandstone,10.87,24.58
VOLVE_15_9_F14,2213.52,16.2,78.9,464.5,4.1,10.33,Sandstone,10.9,25.02
VOLVE_15_9_F14,2214.02,15.14,62.2,537.2,4.19,10.28,Sandstone,10.93,23.32
VOLVE_15_9_F14,2214.38,23.74,44.9,414.9,3.93,10.08,Sandstone,10.95,24.18
VOLVE_15_9_F14,2214.68,17.02,109.2,491.7,4.33,10.4,Sandstone,10.99,27.82
VOLVE_15_9_F14,2215.6,20.76,101.4,434.6,6.46,10.17,Sandstone,11.01,27.57
VOLVE_15_9_F14,2215.85,18.02,106.6,466.2,5.23,10.33,Sandstone,11.04,26.74
VOLVE_15_9_F14,2216.62,18.32,98.0,483.6,3.81,10.14,Sandstone,11.08,26.35
VOLVE_15_9_F14,2216.83,18.14,78.2,470.3,4.93,9.95,Sandstone,11.12,24.36
VOLVE_15_9_F14,2217.74,19.79,81.8,474.7,3.22,10.47,Sandstone,11.17,26.01
VOLVE_15_9_F14,2218.66,18.41,75.2,471.3,4.92,10.33,Sandstone,11.18,24.97
VOLVE_15_9_F14,2219.08,20.74,92.6,444.9,5.93,10.18,Sandstone,11.2,28.55
VOLVE_15_9_F14,2219.33,21.77,91.5,,6.3,10.53,Sandstone,11.22,29.78
VOLVE_15_9_F14,2219.56,17.33,79.3,490.9,5.26,10.24,Sandstone,11.27,24.57
VOLVE_15_9_F14,2220.53,19.39,91.0,441.2,3.81,10.42,Sandstone,11.3,25.13
VOLVE_15_9_F14,2221.24,14.8,101.8,423.2,4.18,10.0,Sandstone,11.35,23.69
VOLVE_15_9_F14,2222.2,17.58,84.4,465.5,6.22,10.19,Sandstone,11.4,26.89
VOLVE_15_9_F14,2222.79,18.94,67.0,462.9,4.33,10.2,Sandstone,11.44,23.07
VOLVE_15_9_F14,2223.63,18.4,91.3,390.4,4.92,10.09,Sandstone,11.47,25.46
VOLVE_15_9_F14,2224.59,18.63,66.1,463.7,5.48,10.11,Sandstone,11.5,22.98
VOLVE_15_9_F14,2224.99,20.19,72.3,422.4,6.71,10.26,Sandstone,11.51,26.75
VOLVE_15_9_F14,2225.26,20.71,88.6,377.8,5.1,10.22,Sandstone,11.54,26.42
VOLVE_15_9_F14,2225.68,13.59,93.7,470.2,4.16,10.21,Sandstone,11.57,22.83
VOLVE_15_9_F14,2226.32,19.36,85.9,406.1,7.3,10.17,Sandstone,11.62,27.57
VOLVE_15_9_F14,2227.08,18.12,69.2,506.1,7.03,10.4,Sandstone,11.65,24.16
VOLVE_15_9_F14,2228.06,17.71,126.2,485.9,5.53,10.06,Sandstone,11.69,28.09
VOLVE_15_9_F14,2228.89,22.41,76.6,464.3,5.19,10.25,Sandstone,11.73,24.22
VOLVE_15_9_F14,2229.16,14.52,91.3,510.1,5.76,10.18,Sandstone,11.76,25.43
VOLVE_15_9_F14,2230.09,18.79,75.7,493.1,5.35,10.16,Sandstone,11.79,25.28
VOLVE_15_9_F14,2230.97,22.52,70.3,418.7,5.12,9.92,Sandstone,11.83,25.62
VOLVE_15_9_F14,2231.34,19.11,85.2,495.0,5.88,10.24,Sandstone,11.86,25.51
VOLVE_15_9_F14,2232.25,16.55,77.8,427.1,3.88,10.15,Sandstone,11.89,22.31
VOLVE_15_9_F14,2232.64,18.39,85.8,491.2,6.28,10.29,Sandstone,11.9,25.46
VOLVE_15_9_F14,2233.26,23.36,74.6,437.7,6.02,10.71,Sandstone,11.94,27.15
VOLVE_15_9_F14,2234.07,21.87,86.4,404.0,5.81,10.27,Sandstone,11.97,26.7
VOLVE_15_9_F14,2234.35,17.64,73.2,471.5,4.56,10.31,Sandstone,12.01,23.13
VOLVE_15_9_F14,2235.11,22.78,100.6,435.2,4.81,10.13,Sandstone,12.03,25.46
VOLVE_15_9_F14,2235.73,20.54,88.9,497.7,3.06,10.27,Sandstone,12.05,28.06
VOLVE_15_9_F14,2236.34,12.59,82.5,506.7,2.26,10.23,Sandstone,12.07,19.57
VOLVE_15_9_F14,2237.03,18.68,84.2,385.4,2.94,10.12,Sandstone,12.1,25.33
VOLVE_15_9_F14,2237.29,23.51,78.8,454.5,6.76,10.11,Sandstone,12.14,27.91
VOLVE_15_9_F14,2237.59,18.56,86.2,480.5,4.17,10.32,Sandstone,12.18,25.23
VOLVE_15_9_F14,2237.93,22.75,106.9,459.5,4.2,10.15,Sandstone,12.19,27.72
VOLVE_15_9_F14,2238.26,15.37,75.8,460.3,4.41,10.1,Sandstone,12.21,23.92
VOLVE_15_9_F14,2238.81,15.68,86.8,465.3,3.57,10.44,Sandstone,12.23,24.52
VOLVE_15_9_F14,2239.49,21.79,72.9,390.4,4.58,10.48,Sandstone,12.27,25.49
VOLVE_15_9_F14,2239.8,21.09,47.2,518.4,5.27,10.11,Sandstone,12.31,24.78
VOLVE_15_9_F14,2240.6,18.9,93.6,480.9,4.71,10.41,Sandstone,12.36,24.21
VOLVE_15_9_F14,2241.48,21.14,100.6,428.5,5.02,10.0,Sandstone,12.38,26.51
VOLVE_15_9_F14,2241.75,17.49,90.9,424.5,4.91,10.1,Sandstone,12.4,24.23
VOLVE_15_9_F14,2242.09,16.15,119.4,489.1,3.57,10.07,Sandstone,12.42,26.22
VOLVE_15_9_F14,2242.58,19.94,79.0,465.0,5.33,10.17,Sandstone,12.46,25.95
VOLVE_15_9_F14,2243.31,18.26,71.0,469.0,6.42,10.25,Sandstone,12.5,25.37
VOLVE_15_9_F14,2243.58,20.02,102.2,476.7,4.89,10.06,Sandstone,12.54,27.12
VOLVE_15_9_F14,2244.06,19.49,103.1,463.6,5.42,10.18,Sandstone,12.57,27.54
VOLVE_15_9_F14,2245.05,18.14,100.9,379.3,4.14,10.11,Sandstone,12.61,24.46
VOLVE_15_9_F14,2245.66,23.69,68.2,438.1,4.29,10.28,Sandstone,12.65,27.29
VOLVE_15_9_F14,2246.0,16.39,73.9,476.8,5.76,10.27,Sandstone,12.66,22.87
VOLVE_15_9_F14,2246.69,19.37,59.7,480.3,4.83,10.46,Sandstone,12.71,22.87
VOLVE_15_9_F14,2247.18,18.76,114.0,435.5,6.19,9.99,Sandstone,12.73,27.51
VOLVE_15_9_F14,2248.09,19.76,70.6,453.1,5.16,10.42,Sandstone,12.74,25.41
VOLVE_15_9_F14,2249.05,19.11,66.3,501.0,4.53,10.42,Sandstone,12.77,23.27
VOLVE_15_9_F14,2249.44,21.7,82.8,510.7,6.65,10.17,Sandstone,12.8,27.1
VOLVE_15_9_F14,2250.37,19.78,86.1,467.7,2.93,10.19,Sandstone,12.83,24.92
VOLVE_15_9_F14,2251.19,17.38,94.4,490.1,4.01,10.3,Sandstone,12.87,24.18
VOLVE_15_9_F14,2251.52,16.44,82.4,468.7,4.26,10.4,Sandstone,12.88,23.04
VOLVE_15_9_F14,2252.38,17.09,74.2,482.7,4.7,9.94,Sandstone,12.92,23.5
VOLVE_15_9_F14,2252.72,16.98,78.4,454.1,4.35,10.18,Sandstone,12.95,25.1
VOLVE_15_9_F14,2252.93,20.71,75.3,430.4,5.24,10.32,Sandstone,12.97,24.95
VOLVE_15_9_F14,2253.75,18.81,105.3,528.5,6.92,10.26,Sandstone,13.02,27.11
VOLVE_15_9_F14,2254.23,20.01,84.3,526.5,3.68,10.25,Sandstone,13.06,27.65
VOLVE_15_9_F14,2255.17,15.58,93.9,455.6,6.64,10.01,Sandstone,13.08,26.46
VOLVE_15_9_F14,2255.72,18.23,81.2,470.4,4.6,10.18,Sandstone,13.11,26.39
VOLVE_15_9_F14,2256.41,20.23,57.0,461.4,4.91,10.19,Sandstone,13.13,22.93
VOLVE_15_9_F14,2257.21,21.63,109.0,456.6,5.61,10.12,Sandstone,13.16,28.82
VOLVE_15_9_F14,2258.08,15.32,93.1,458.4,5.11,10.42,Sandstone,13.18,26.0
VOLVE_15_9_F14,2258.42,22.95,90.2,501.5,6.86,10.2,Sandstone,13.21,27.77
VOLVE_15_9_F14,2258.79,22.64,52.5,411.8,3.45,10.12,Sandstone,13.23,22.71
VOLVE_15_9_F14,2259.7,21.58,82.3,430.1,4.31,10.55,Sandstone,13.26,24.67
VOLVE_15_9_F14,2260.13,22.2,107.5,491.9,6.36,10.32,Sandstone,13.27,28.43
VOLVE_15_9_F14,2260.84,18.1,103.8,462.0,4.22,10.28,Sandstone,13.3,27.29
VOLVE_15_9_F14,2261.1,17.05,81.1,506.4,2.51,10.23,Sandstone,13.32,23.93
VOLVE_15_9_F14,2261.83,19.26,102.6,459.0,6.05,10.15,Sandstone,13.34,25.9
VOLVE_15_9_F14,2262.18,19.8,107.9,470.4,4.48,10.13,Sandstone,13.36,26.85
VOLVE_15_9_F14,2263.02,17.49,82.0,447.9,5.86,,Sandstone,13.4,25.53
VOLVE_15_9_F14,2263.81,20.53,104.1,510.2,4.87,10.2,Sandstone,13.43,24.49
VOLVE_15_9_F14,2264.48,22.58,103.4,491.0,6.95,10.03,Sandstone,13.47,29.3
VOLVE_15_9_F14,2264.8,21.3,96.9,411.0,5.68,10.39,Sandstone,13.51,26.01
VOLVE_15_9_F14,2265.21,19.18,98.4,481.1,4.36,10.15,Sandstone,13.56,25.48
VOLVE_15_9_F14,2265.45,12.96,71.2,497.6,2.77,10.38,Sandstone,13.58,18.96
VOLVE_15_9_F14,2265.9,15.22,96.1,454.8,4.53,10.13,Sandstone,13.63,24.56
VOLVE_15_9_F14,2266.4,18.83,82.5,484.1,5.0,10.31,Sandstone,13.67,24.76
VOLVE_15_9_F14,2266.98,20.67,70.8,508.3,4.15,10.04,Sandstone,13.68,25.41
VOLVE_15_9_F14,2267.97,15.52,107.1,452.3,3.45,10.16,Sandstone,13.73,22.8
VOLVE_15_9_F14,2268.75,19.31,82.6,470.0,4.7,10.18,Sandstone,13.78,23.03
VOLVE_15_9_F14,2269.27,20.86,87.8,437.2,7.04,10.29,Sandstone,13.82,24.79
VOLVE_15_9_F14,2270.15,18.92,86.4,477.8,5.3,10.07,Sandstone,13.85,25.31
VOLVE_15_9_F14,2270.64,17.53,61.0,418.7,3.72,10.47,Sandstone,13.9,19.53
VOLVE_15_9_F14,2271.13,15.38,79.9,483.1,4.76,10.25,Sandstone,13.92,23.38
VOLVE_15_9_F14,2271.38,21.02,95.9,518.0,6.09,10.25,Sandstone,13.96,28.81
VOLVE_15_9_F14,2272.17,17.45,84.5,421.3,3.73,10.04,Sandstone,14.01,21.19
VOLVE_15_9_F14,2272.53,23.21,79.0,510.1,4.96,10.3,Sandstone,14.04,25.79
VOLVE_15_9_F14,2272.92,19.53,89.3,456.0,4.92,10.42,Sandstone,14.06,25.0
VOLVE_15_9_F14,2273.39,20.02,100.4,431.7,4.83,10.12,Sandstone,14.09,25.72
VOLVE_15_9_F14,2274.25,21.18,59.8,449.1,3.32,10.17,Sandstone,14.14,24.51
VOLVE_15_9_F14,2275.14,18.19,82.7,458.8,5.67,10.22,Sandstone,14.18,24.08
VOLVE_15_9_F14,2275.78,20.28,84.6,441.8,2.57,10.21,Sandstone,14.21,24.1
VOLVE_15_9_F14,2276.72,17.49,110.8,503.2,4.45,10.12,Sandstone,14.22,25.65
VOLVE_15_9_F14,2277.26,17.11,102.4,446.7,4.2,10.32,Sandstone,14.26,24.82
VOLVE_15_9_F14,2277.95,16.83,63.6,470.4,3.8,10.43,Sandstone,14.28,23.64
VOLVE_15_9_F14,2278.89,17.89,104.4,542.4,6.93,10.25,Sandstone,14.33,26.92
VOLVE_15_9_F14,2279.51,24.26,82.0,450.8,5.04,10.12,Sandstone,14.36,28.01
VOLVE_15_9_F14,2280.08,16.86,60.2,438.2,5.7,10.09,Sandstone,14.4,22.1
VOLVE_15_9_F14,2280.3,20.66,64.2,442.5,4.98,10.62,Sandstone,14.45,21.88
VOLVE_15_9_F14,2281.2,18.56,104.8,502.2,5.78,10.19,Sandstone,14.49,27.71
VOLVE_15_9_F14,2281.56,16.29,91.1,453.8,4.48,10.34,Sandstone,14.52,23.49
VOLVE_15_9_F14,2282.12,21.11,69.5,468.0,5.81,10.01,Sandstone,14.55,26.11
VOLVE_15_9_F14,2282.96,17.87,108.0,429.4,4.49,10.15,Sandstone,14.59,25.91
VOLVE_15_9_F14,2283.57,18.02,94.9,445.5,4.51,10.42,Sandstone,14.64,25.24
VOLVE_15_9_F14,2284.39,21.85,80.4,495.8,4.55,10.13,Sandstone,14.67,25.24
VOLVE_15_9_F14,2285.26,18.49,88.8,398.8,3.74,10.14,Sandstone,14.7,22.74
VOLVE_15_9_F14,2286.15,19.7,71.1,386.1,4.81,10.32,Sandstone,14.74,22.74
VOLVE_15_9_F14,2286.41,19.08,114.3,437.0,6.47,10.16,Sandstone,14.75,25.18
VOLVE_15_9_F14,2286.77,18.91,66.5,441.0,4.29,10.34,Sandstone,14.78,21.66
VOLVE_15_9_F14,2287.7,15.85,65.0,446.2,3.44,10.16,Sandstone,14.79,20.55
VOLVE_15_9_F14,2288.11,21.3,87.2,447.2,7.56,10.25,Sandstone,14.83,25.01
VOLVE_15_9_F14,2288.88,19.71,127.5,457.3,5.22,10.36,Sandstone,14.85,26.81
VOLVE_15_9_F14,2289.5,21.19,63.2,440.3,5.73,10.19,Sandstone,14.88,23.64
VOLVE_15_9_F14,2290.45,19.45,96.5,511.2,5.2,10.07,Sandstone,14.93,25.77
VOLVE_15_9_F14,2290.85,21.8,85.3,489.7,6.53,10.2,Sandstone,14.95,25.2
VOLVE_15_9_F14,2291.7,19.55,90.3,452.0,5.05,10.11,Sandstone,14.99,24.32
VOLVE_15_9_F14,2292.23,22.6,101.4,493.2,5.5,10.19,Sandstone,15.01,27.78
VOLVE_15_9_F14,2292.62,16.91,74.0,353.2,4.56,10.26,Sandstone,15.02,21.12
VOLVE_15_9_F14,2293.21,17.2,80.4,470.2,4.45,10.27,Sandstone,15.04,23.53
VOLVE_15_9_F14,2293.84,23.64,73.9,491.1,5.31,10.4,Sandstone,15.08,24.71
VOLVE_15_9_F14,2294.13,21.24,105.3,434.1,4.57,10.15,Sandstone,15.12,26.58
VOLVE_15_9_F14,2294.49,23.84,103.3,478.0,6.29,10.26,Sandstone,15.16,28.57
VOLVE_15_9_F14,2295.41,20.71,67.4,431.4,8.13,10.47,Sandstone,15.18,22.57
VOLVE_15_9_F14,2296.15,18.49,90.0,470.1,3.89,10.31,Sandstone,15.2,23.78
VOLVE_15_9_F14,2296.91,23.86,100.0,404.5,6.03,10.41,Sandstone,15.23,24.8
VOLVE_15_9_F14,2297.39,,60.4,492.8,4.24,10.26,Sandstone,15.24,21.43
VOLVE_15_9_F14,2298.03,21.19,105.1,456.9,4.12,10.39,Sandstone,15.27,28.26
VOLVE_15_9_F14,2298.26,12.84,83.3,466.0,5.34,10.24,Sandstone,15.32,22.38
VOLVE_15_9_F14,2298.57,22.96,77.5,453.9,4.7,10.05,Sandstone,15.36,25.21
VOLVE_15_9_F14,2299.55,16.63,105.2,500.1,4.25,10.36,Sandstone,15.39,24.77
VOLVE_15_9_F14,2299.92,18.43,101.2,466.8,6.82,10.32,Sandstone,15.41,26.1
VOLVE_15_9_F14,2300.51,16.78,63.7,494.4,4.06,10.27,Sandstone,15.43,20.74
VOLVE_15_9_F14,2301.46,20.69,95.1,435.0,6.69,10.12,Sandstone,15.47,26.06
VOLVE_15_9_F14,2302.18,18.75,94.5,,5.75,10.5,Sandstone,15.5,24.84
VOLVE_15_9_F14,2302.51,22.67,51.5,519.7,4.93,10.39,Sandstone,15.53,23.14
VOLVE_15_9_F14,2303.07,17.56,92.7,521.4,5.73,10.17,Sandstone,15.58,24.52
VOLVE_15_9_F14,2303.64,16.26,78.1,354.3,5.58,10.48,Sandstone,15.59,21.47
VOLVE_15_9_F14,2304.22,18.04,101.2,463.2,4.93,10.47,Sandstone,15.62,23.64
VOLVE_15_9_F14,2305.09,23.32,71.4,397.6,4.73,10.24,Sandstone,15.64,23.24
VOLVE_15_9_F14,2305.74,21.83,86.1,441.2,6.29,10.14,Sandstone,15.66,25.76
VOLVE_15_9_F14,2306.55,22.12,76.2,434.7,8.47,10.34,Sandstone,15.68,25.16
VOLVE_15_9_F14,2307.04,17.85,74.7,480.8,2.78,10.24,Sandstone,15.7,22.79
VOLVE_15_9_F14,2307.8,15.93,51.4,451.1,2.87,10.67,Sandstone,15.73,20.33
VOLVE_15_9_F14,2308.34,22.79,100.2,427.0,4.4,10.11,Sandstone,15.77,25.93
VOLVE_15_9_F14,2309.16,15.79,101.6,477.8,4.56,10.5,Sandstone,15.81,23.29
VOLVE_15_9_F14,2309.95,19.26,85.3,415.1,3.84,10.21,Sandstone,15.84,23.93
VOLVE_15_9_F14,2310.42,17.58,89.8,425.7,5.66,10.24,Sandstone,15.88,25.36
VOLVE_15_9_F14,2310.9,19.43,73.2,441.3,3.11,10.14,Sandstone,15.91,22.39
VOLVE_15_9_F14,2311.76,14.97,100.3,448.5,4.34,10.29,Sandstone,15.93,23.23
VOLVE_15_9_F14,2312.44,21.38,87.9,463.7,4.65,10.14,Sandstone,15.95,24.87
VOLVE_15_9_F14,2313.13,22.68,85.2,464.1,6.51,10.24,Sandstone,15.97,24.9
VOLVE_15_9_F14,2314.1,21.87,106.3,431.7,5.5,10.08,Sandstone,16.01,26.5
VOLVE_15_9_F14,2314.48,16.48,64.7,466.0,2.85,9.97,Sandstone,16.05,21.95
VOLVE_15_9_F14,2315.09,20.35,55.1,459.7,5.01,10.24,Sandstone,16.07,21.32
VOLVE_15_9_F14,2315.45,18.83,90.9,456.7,3.95,10.47,Sandstone,16.11,24.9
VOLVE_15_9_F14,2315.84,19.26,81.1,394.8,3.52,10.31,Sandstone,16.12,22.16
VOLVE_15_9_F14,2316.53,23.41,67.2,474.2,6.45,10.25,Sandstone,16.14,24.17
VOLVE_15_9_F14,2316.82,18.18,86.8,479.3,4.42,10.66,Sandstone,16.15,24.27
VOLVE_15_9_F14,2317.14,20.97,89.7,485.8,5.82,9.92,Sandstone,16.19,26.1
VOLVE_15_9_F14,2317.54,14.91,97.4,461.5,4.23,10.31,Sandstone,16.21,22.07
VOLVE_15_9_F14,2318.14,19.45,67.7,498.1,5.06,10.14,Sandstone,16.26,22.07
VOLVE_15_9_F14,2319.11,21.6,78.1,474.7,6.79,10.28,Sandstone,16.27,26.94
VOLVE_15_9_F14,2319.86,18.9,88.7,438.7,5.26,10.15,Sandstone,16.32,24.05
VOLVE_15_9_F14,2320.58,20.82,100.8,452.8,4.95,10.17,Sandstone,16.33,27.42
VOLVE_15_9_F14,2321.07,17.26,97.8,432.3,3.44,10.31,Sandstone,16.37,22.63
VOLVE_15_9_F14,2321.34,18.12,76.8,415.6,5.85,10.24,Sandstone,16.39,23.16
VOLVE_15_9_F14,2322.18,18.95,92.0,483.2,5.66,10.16,Sandstone,16.4,23.53
VOLVE_15_9_F14,2322.41,17.93,76.4,444.9,5.15,10.07,Sandstone,16.42,21.9
VOLVE_15_9_F14,2323.2,21.54,78.0,482.8,5.01,10.39,Sandstone,16.45,24.07
VOLVE_15_9_F14,2323.69,22.03,79.5,529.7,6.52,10.24,Sandstone,16.48,27.76
VOLVE_15_9_F14,2324.28,20.92,74.6,496.9,4.48,10.09,Sandstone,16.53,24.71
VOLVE_15_9_F14,2324.89,12.97,95.2,416.6,5.26,10.02,Sandstone,16.56,22.39
VOLVE_15_9_F14,2325.29,18.51,98.1,432.5,7.32,10.31,Sandstone,16.58,26.5
VOLVE_15_9_F14,2326.02,21.41,78.2,477.9,5.2,10.23,Sandstone,16.6,25.43
VOLVE_15_9_F14,2326.45,18.9,86.8,471.8,4.6,10.3,Sandstone,16.64,24.69
VOLVE_15_9_F14,2326.76,18.75,78.4,508.1,4.2,10.65,Sandstone,16.65,23.49
VOLVE_15_9_F14,2327.25,21.65,70.1,440.5,4.32,10.4,Sandstone,16.68,24.61
VOLVE_15_9_F14,2328.12,21.78,67.8,404.5,5.02,10.27,Sandstone,16.7,23.46
VOLVE_15_9_F14,2328.65,20.81,110.4,418.0,7.51,10.02,Sandstone,16.72,27.51
VOLVE_15_9_F14,2329.62,,73.0,502.6,5.02,10.52,Sandstone,16.75,21.42
VOLVE_15_9_F14,2329.85,16.52,93.7,461.5,5.14,10.29,Sandstone,16.79,23.78
VOLVE_15_9_F14,2330.07,20.3,90.0,488.4,5.35,10.64,Sandstone,16.81,25.1
VOLVE_15_9_F14,2330.98,14.12,66.3,441.6,2.4,10.15,Sandstone,16.85,19.31
VOLVE_15_9_F14,2331.34,23.42,90.5,425.9,5.35,10.08,Sandstone,16.89,24.13
VOLVE_15_9_F14,2331.71,19.67,88.6,481.4,3.99,10.49,Sandstone,16.91,24.46
VOLVE_15_9_F14,2332.54,17.57,83.8,402.0,6.64,10.31,Sandstone,16.93,22.94
VOLVE_15_9_F14,2332.88,18.0,77.6,474.7,3.74,10.46,Sandstone,16.94,21.5
VOLVE_15_9_F14,2333.57,22.35,84.1,520.0,3.67,10.09,Sandstone,16.97,25.51
VOLVE_15_9_F14,2333.81,16.19,91.3,364.7,2.76,10.09,Sandstone,17.02,21.76
VOLVE_15_9_F14,2334.71,14.53,71.2,417.6,3.45,10.12,Sandstone,17.04,21.2
VOLVE_15_9_F14,2335.36,16.86,105.7,454.2,1.62,9.86,Sandstone,17.07,23.95
VOLVE_15_9_F14,2335.92,20.08,94.5,436.4,5.45,10.2,Sandstone,17.11,25.25
VOLVE_15_9_F14,2336.41,23.35,48.1,450.0,5.1,10.0,Sandstone,17.14,21.83
VOLVE_15_9_F14,2336.86,22.39,80.8,543.5,3.92,10.29,Sandstone,17.16,24.99
VOLVE_15_9_F14,2337.28,18.26,116.1,428.9,6.42,10.26,Sandstone,17.18,24.89
VOLVE_15_9_F14,2338.26,20.06,89.5,446.6,4.95,10.15,Sandstone,17.22,23.79
VOLVE_15_9_F14,2338.7,20.22,73.3,415.5,4.74,10.36,Sandstone,17.25,22.57
VOLVE_15_9_F14,2339.09,19.91,93.7,,6.24,10.3,Sandstone,17.29,24.31
VOLVE_15_9_F14,2339.66,14.44,52.4,472.5,5.44,10.48,Sandstone,17.32,19.91
VOLVE_15_9_F14,2340.06,18.58,88.2,390.1,3.77,10.56,Sandstone,17.34,22.7
VOLVE_15_9_F14,2340.48,21.34,76.6,402.8,3.34,10.3,Sandstone,17.36,23.05
VOLVE_15_9_F14,2340.89,24.03,84.8,456.5,4.98,10.35,Sandstone,17.38,26.58
VOLVE_15_9_F14,2341.2,20.36,64.2,478.2,6.66,10.37,Sandstone,17.39,24.42
VOLVE_15_9_F14,2342.11,22.1,77.7,420.0,4.23,10.57,Sandstone,17.42,23.56
VOLVE_15_9_F14,2342.46,21.58,45.0,425.1,5.78,10.07,Sandstone,17.47,22.71
VOLVE_15_9_F14,2342.68,18.42,74.9,389.3,3.61,10.2,Sandstone,17.5,23.08
VOLVE_15_9_F14,2343.5,16.03,86.0,475.1,4.55,10.07,Sandstone,17.55,22.52
VOLVE_15_9_F14,2344.06,22.21,100.8,456.1,4.82,10.19,Sandstone,17.6,24.78
VOLVE_15_9_F14,2344.54,24.01,121.1,455.1,6.47,10.22,Sandstone,17.64,27.03
VOLVE_15_9_F14,2345.17,18.32,71.9,402.2,4.9,10.15,Sandstone,17.68,21.84
VOLVE_15_9_F14,2345.82,22.36,91.7,487.2,4.31,10.34,Sandstone,17.71,24.86
VOLVE_15_9_F14,2346.32,19.76,79.1,434.7,4.39,10.36,Sandstone,17.74,21.92
VOLVE_15_9_F14,2347.2,15.94,79.6,490.3,3.35,10.28,Sandstone,17.75,20.78
VOLVE_15_9_F14,2348.08,19.51,85.5,428.5,5.31,10.33,Sandstone,17.8,22.78
VOLVE_15_9_F14,2348.57,17.97,81.7,467.7,3.62,10.55,Sandstone,17.82,21.86
VOLVE_15_9_F14,2348.95,20.5,112.1,424.5,5.64,10.34,Sandstone,17.84,23.35
VOLVE_15_9_F14,2349.54,20.4,79.7,493.2,5.51,10.08,Sandstone,17.85,24.97
VOLVE_15_9_F14,2349.86,17.79,67.0,406.3,5.4,10.16,Sandstone,17.87,22.33
VOLVE_15_9_F14,2350.29,16.13,86.9,466.8,5.56,10.15,Sandstone,17.91,23.22
VOLVE_15_9_F14,2350.8,18.26,68.0,405.9,5.07,10.5,Sandstone,17.96,19.21
VOLVE_15_9_F14,2351.3,23.28,78.6,437.6,3.98,10.21,Sandstone,17.98,23.85
VOLVE_15_9_F14,2351.64,16.47,100.0,480.3,3.94,10.13,Sandstone,18.03,23.59
VOLVE_15_9_F14,2352.25,21.22,80.4,409.1,4.07,10.11,Sandstone,18.06,24.35
VOLVE_15_9_F14,2352.94,20.91,91.9,473.5,5.18,10.2,Sandstone,18.08,26.77
VOLVE_15_9_F14,2353.63,18.04,81.0,484.9,6.15,10.19,Sandstone,18.1,23.24
VOLVE_15_9_F14,2354.47,17.31,88.0,374.7,4.04,10.17,Sandstone,18.13,21.85
VOLVE_15_9_F14,2354.74,20.9,73.7,473.7,4.62,10.42,Sandstone,18.14,23.51
VOLVE_15_9_F14,2355.06,19.35,96.3,499.7,6.63,10.24,Sandstone,18.18,24.39
VOLVE_15_9_F14,2355.61,18.16,64.3,424.8,2.96,10.27,Sandstone,18.19,19.94
VOLVE_15_9_F14,2356.2,20.6,72.1,420.3,6.76,10.4,Sandstone,18.24,23.73
VOLVE_15_9_F14,2356.56,23.49,85.3,389.7,6.14,10.41,Sandstone,18.28,24.68
VOLVE_15_9_F14,2357.0,22.53,96.5,416.3,4.63,10.19,Sandstone,18.3,24.55
VOLVE_15_9_F14,2357.33,19.75,87.3,495.5,4.68,10.47,Sandstone,18.33,22.28
VOLVE_15_9_F14,2357.96,10.98,91.8,438.0,6.4,10.28,Sandstone,18.36,17.59
VOLVE_15_9_F14,2358.55,18.84,65.8,474.7,4.08,10.2,Sandstone,18.41,21.76
VOLVE_15_9_F14,2359.3,16.93,79.4,429.7,5.57,10.42,Sandstone,18.43,21.6
VOLVE_15_9_F14,2360.0,18.93,87.7,450.2,7.47,10.35,Sandstone,18.48,23.48
VOLVE_15_9_F14,2360.42,18.57,84.9,504.6,4.89,10.33,Sandstone,18.52,24.4
VOLVE_15_9_F14,2361.22,18.66,67.9,508.6,4.69,10.23,Sandstone,18.56,22.53
VOLVE_15_9_F14,2361.55,22.14,71.4,460.8,7.72,10.29,Sandstone,18.6,21.78
VOLVE_15_9_F14,2362.25,18.88,82.1,446.4,3.62,10.18,Sandstone,18.64,24.48
VOLVE_15_9_F14,2362.95,18.77,95.3,423.1,5.1,10.26,Sandstone,18.67,20.84
VOLVE_15_9_F14,2363.33,20.64,115.6,486.8,6.1,10.22,Sandstone,18.68,25.49
VOLVE_15_9_F14,2363.69,16.81,67.7,449.9,2.68,10.32,Sandstone,18.71,19.5
VOLVE_15_9_F14,2363.98,18.61,84.8,506.5,3.55,10.52,Sandstone,18.75,23.3
VOLVE_15_9_F14,2364.67,16.03,68.8,387.4,3.79,10.26,Sandstone,18.77,18.75
VOLVE_15_9_F14,2365.16,21.02,83.7,437.5,5.64,10.41,Sandstone,18.8,24.03
VOLVE_15_9_F14,2366.16,20.04,78.3,448.8,4.4,10.31,Sandstone,18.82,22.41
VOLVE_15_9_F14,2366.87,24.64,90.2,475.2,5.47,10.46,Sandstone,18.84,26.13
VOLVE_15_9_F14,2367.08,15.38,54.3,403.0,5.14,10.54,Sandstone,18.86,16.3
VOLVE_15_9_F14,2367.58,21.9,79.1,449.3,5.88,10.21,Sandstone,18.9,23.53
VOLVE_15_9_F14,2367.79,15.09,85.7,493.7,2.18,10.03,Sandstone,18.93,22.12
VOLVE_15_9_F14,2368.49,16.98,87.1,467.3,5.05,10.1,Sandstone,18.96,21.47
VOLVE_15_9_F14,2369.42,14.11,89.0,468.1,5.26,10.44,Sandstone,18.98,21.36
VOLVE_15_9_F14,2370.22,19.65,86.4,422.2,4.97,10.34,Sandstone,19.0,23.14
VOLVE_15_9_F14,2370.63,20.16,102.9,446.0,5.99,10.14,Sandstone,19.02,24.79
VOLVE_15_9_F14,2370.98,18.68,104.0,,6.16,10.53,Sandstone,19.07,23.16
VOLVE_15_9_F14,2371.88,14.02,80.9,495.3,4.87,10.24,Sandstone,19.09,21.73
VOLVE_15_9_F14,2372.17,18.16,76.3,471.7,4.66,10.24,Sandstone,19.12,22.43
VOLVE_15_9_F14,2372.94,19.81,87.1,459.9,5.39,10.25,Sandstone,19.15,23.74
VOLVE_15_9_F14,2373.34,17.21,96.2,461.9,2.2,10.48,Sandstone,19.18,21.56
VOLVE_15_9_F14,2373.78,19.42,84.7,503.3,6.71,10.18,Sandstone,19.22,23.07
VOLVE_15_9_F14,2374.02,22.2,67.7,535.5,6.6,10.48,Sandstone,19.25,24.27
VOLVE_15_9_F14,2374.35,18.06,98.5,458.0,6.6,10.38,Sandstone,19.28,22.68
VOLVE_15_9_F14,2374.58,16.78,90.0,458.1,5.01,10.5,Sandstone,19.33,23.38
VOLVE_15_9_F14,2375.2,19.3,110.4,470.6,6.08,10.41,Sandstone,19.34,26.59
VOLVE_15_9_F14,2375.76,24.04,72.8,512.9,5.42,10.34,Sandstone,19.37,23.8
VOLVE_15_9_F14,2376.38,20.77,87.6,485.8,5.57,10.4,Sandstone,19.38,23.24
VOLVE_15_9_F14,2376.64,15.73,90.5,470.7,6.42,10.31,Sandstone,19.4,22.66
VOLVE_15_9_F14,2377.48,22.9,80.7,485.7,3.15,10.19,Sandstone,19.41,24.24
VOLVE_15_9_F14,2377.78,18.48,69.8,471.5,5.24,10.39,Sandstone,19.43,21.44
VOLVE_15_9_F14,2378.65,18.93,88.3,398.9,4.03,10.28,Sandstone,19.47,22.71
VOLVE_15_9_F14,2379.1,16.29,77.6,497.6,3.25,10.48,Sandstone,19.51,21.82
VOLVE_15_9_F14,2379.66,19.89,84.5,422.9,4.9,10.48,Sandstone,19.55,21.55
VOLVE_15_9_F14,2380.38,14.64,84.7,451.3,3.08,10.38,Sandstone,19.6,19.69
VOLVE_15_9_F14,2381.07,16.71,68.2,423.8,3.02,10.44,Sandstone,19.65,18.06
VOLVE_15_9_F14,2381.72,21.05,77.5,444.3,3.06,10.37,Sandstone,19.68,20.69
VOLVE_15_9_F14,2382.24,19.85,77.9,464.4,4.38,10.37,Sandstone,19.7,21.39
VOLVE_15_9_F14,2382.82,17.65,85.0,509.1,5.5,10.2,Sandstone,19.73,22.57
VOLVE_15_9_F14,2383.08,19.05,91.2,437.9,6.07,10.33,Sandstone,19.78,23.83
VOLVE_15_9_F14,2383.4,21.28,88.9,513.3,7.62,10.36,Sandstone,19.82,25.66
VOLVE_15_9_F14,2384.19,20.49,97.1,390.7,4.82,10.35,Sandstone,19.85,23.59
VOLVE_15_9_F14,2384.93,21.2,86.4,405.5,6.16,10.34,Sandstone,19.87,22.96
VOLVE_15_9_F14,2385.4,16.57,114.0,420.9,5.42,10.33,Sandstone,19.92,24.79
VOLVE_15_9_F14,2386.23,17.78,89.9,485.4,5.13,10.61,Sandstone,19.95,21.11
VOLVE_15_9_F14,2387.08,24.39,64.0,417.5,5.6,10.32,Sandstone,19.98,22.03
VOLVE_15_9_F14,2387.7,18.56,78.2,404.9,5.8,10.41,Sandstone,20.02,21.82
VOLVE_15_9_F14,2388.68,18.41,131.9,526.6,6.21,10.3,Sandstone,20.04,24.57
VOLVE_15_9_F14,2389.1,19.86,63.9,449.5,4.27,10.35,Sandstone,20.05,20.87
VOLVE_15_9_F14,2389.53,20.11,91.2,514.3,5.88,10.17,Sandstone,20.1,22.88
VOLVE_15_9_F14,2389.74,17.07,117.9,496.0,4.55,10.21,Sandstone,20.11,23.64
VOLVE_15_9_F14,2390.06,13.34,65.6,487.0,4.89,10.23,Sandstone,20.13,20.56
VOLVE_15_9_F14,2390.91,18.76,107.8,505.1,5.45,10.09,Sandstone,20.18,24.52
VOLVE_15_9_F14,2391.62,19.52,107.8,444.0,3.13,10.32,Sandstone,20.2,25.25
VOLVE_15_9_F14,2391.97,15.14,80.1,408.6,4.4,10.17,Sandstone,20.25,21.39
VOLVE_15_9_F14,2392.71,20.24,56.0,475.5,5.78,10.14,Sandstone,20.29,19.8
VOLVE_15_9_F14,2393.04,20.41,93.4,440.7,5.09,10.62,Sandstone,20.31,21.79
VOLVE_15_9_F14,2393.57,22.01,83.0,478.8,5.5,10.47,Sandstone,20.32,24.87
VOLVE_15_9_F14,2394.57,16.83,81.5,490.9,4.16,10.61,Sandstone,20.33,21.06
VOLVE_15_9_F14,2395.02,20.5,94.4,422.6,4.93,10.29,Sandstone,20.36,21.6
VOLVE_15_9_F14,2395.76,20.96,84.5,431.1,6.29,10.26,Sandstone,20.37,24.03
VOLVE_15_9_F14,2395.97,23.28,60.6,451.2,4.49,10.36,Sandstone,20.42,23.36
VOLVE_15_9_F14,2396.41,21.72,82.6,505.6,3.81,10.36,Sandstone,20.47,25.04
VOLVE_15_9_F14,2396.85,22.23,89.8,423.4,2.73,10.26,Sandstone,20.49,23.56
VOLVE_15_9_F14,2397.72,19.97,91.7,528.2,4.26,10.19,Sandstone,20.52,25.07
VOLVE_15_9_F14,2398.06,18.46,103.5,389.0,3.9,10.4,Sandstone,20.54,22.67
VOLVE_15_9_F14,2398.52,22.77,55.2,519.6,3.09,10.07,Sandstone,20.59,20.76
VOLVE_15_9_F14,2398.85,16.42,99.5,464.4,3.68,10.4,Sandstone,20.6,22.96
VOLVE_15_9_F14,2399.43,23.41,78.6,476.2,4.1,10.26,Sandstone,20.62,23.15
VOLVE_15_9_F14,2399.84,21.58,87.1,477.8,3.98,10.43,Sandstone,20.64,25.16
VOLVE_15_9_F14,2400.19,18.76,97.3,362.2,6.81,10.47,Sandstone,20.67,21.95
VOLVE_15_9_F14,2400.73,15.63,72.9,443.5,2.52,10.4,Sandstone,20.71,19.42
VOLVE_15_9_F14,2401.31,19.43,78.5,448.9,5.62,10.13,Sandstone,20.76,21.27
VOLVE_15_9_F14,2401.76,18.02,92.7,503.3,5.66,10.08,Sandstone,20.77,23.8
VOLVE_15_9_F14,2402.73,15.65,75.4,451.5,5.28,10.07,Sandstone,20.8,22.47
VOLVE_15_9_F14,2403.05,18.18,89.3,511.8,4.92,10.23,Sandstone,20.82,23.66
VOLVE_15_9_F14,2403.82,21.87,68.1,527.7,6.51,10.09,Sandstone,20.83,23.59
VOLVE_15_9_F14,2404.44,19.59,102.4,478.3,5.3,10.3,Sandstone,20.87,23.19
VOLVE_15_9_F14,2404.95,19.02,95.6,462.6,4.89,10.17,Sandstone,20.9,22.33
VOLVE_15_9_F14,2405.69,15.7,72.8,414.0,5.9,10.22,Sandstone,20.94,21.4
VOLVE_15_9_F14,2406.01,19.17,100.6,480.7,5.03,10.3,Sandstone,20.96,22.77
VOLVE_15_9_F14,2406.96,23.56,90.6,442.7,3.57,10.36,Sandstone,20.99,21.22
VOLVE_15_9_F14,2407.82,19.73,69.9,511.3,5.43,10.18,Sandstone,21.0,25.15
VOLVE_15_9_F14,2408.62,18.73,94.5,397.0,6.41,10.24,Sandstone,21.05,22.56
VOLVE_15_9_F14,2409.58,21.51,94.9,428.7,5.71,10.36,Sandstone,21.06,22.94
VOLVE_15_9_F14,2410.54,22.81,60.4,492.9,4.52,10.29,Sandstone,21.1,21.34
VOLVE_15_9_F14,2410.9,23.09,47.7,524.6,5.11,10.28,Sandstone,21.15,21.9
VOLVE_15_9_F14,2411.81,20.51,78.1,484.7,5.84,10.41,Sandstone,21.17,21.62
VOLVE_15_9_F14,2412.64,15.55,73.1,507.0,3.26,10.17,Sandstone,21.2,19.81
VOLVE_15_9_F14,2413.19,22.13,93.7,463.3,2.95,10.43,Sandstone,21.24,23.56
VOLVE_15_9_F14,2413.81,18.67,74.2,524.3,4.63,10.65,Sandstone,21.26,20.72
VOLVE_15_9_F14,2414.46,18.34,75.1,466.1,6.02,10.35,Sandstone,21.28,20.35
VOLVE_15_9_F14,2415.08,17.23,111.4,477.2,3.86,10.24,Sandstone,21.29,22.5
VOLVE_15_9_F14,2415.62,21.02,103.1,465.1,3.9,10.09,Sandstone,21.3,23.6
VOLVE_15_9_F14,2416.31,22.06,61.3,446.4,5.15,10.23,Sandstone,21.32,21.2
VOLVE_15_9_F14,2417.17,18.0,104.5,474.1,4.91,10.36,Sandstone,21.36,22.45
VOLVE_15_9_F14,2418.13,21.28,107.7,467.2,4.7,10.29,Sandstone,21.37,24.54
VOLVE_15_9_F14,2418.87,22.42,82.1,475.3,6.65,10.3,Sandstone,21.41,22.79
VOLVE_15_9_F14,2419.82,20.59,78.4,367.5,4.22,10.29,Sandstone,21.44,21.45
VOLVE_15_9_F14,2420.79,19.68,55.9,422.4,5.04,10.23,Sandstone,21.47,19.37
VOLVE_15_9_F14,2421.52,19.31,64.1,436.3,5.71,10.3,Sandstone,21.49,20.54
VOLVE_15_9_F14,2421.94,18.05,82.6,397.4,4.61,10.19,Sandstone,21.53,20.49
VOLVE_15_9_F14,2422.56,21.59,77.2,419.7,6.11,10.32,Sandstone,21.57,20.47
VOLVE_15_9_F14,2423.48,22.54,79.1,485.3,6.02,10.33,Sandstone,21.58,23.73
VOLVE_15_9_F14,2423.78,20.02,89.6,469.7,5.37,10.52,Sandstone,21.63,23.57
VOLVE_15_9_F14,2424.58,18.59,110.9,496.1,4.89,10.19,Sandstone,21.66,23.97
VOLVE_15_9_F14,2425.53,20.93,75.4,493.4,6.73,10.42,Sandstone,21.7,21.57
VOLVE_15_9_F14,2426.31,17.45,75.4,496.5,5.79,10.44,Sandstone,21.73,19.91
VOLVE_15_9_F14,2427.27,22.85,82.3,458.6,6.18,10.27,Sandstone,21.74,24.16
VOLVE_15_9_F14,2428.04,22.57,80.3,510.9,5.31,10.21,Sandstone,21.77,23.91
VOLVE_15_9_F14,2429.03,20.96,109.7,434.1,4.88,10.51,Sandstone,21.79,23.55
VOLVE_15_9_F14,2430.0,18.65,81.3,508.8,2.58,10.11,Sandstone,21.82,22.58
VOLVE_15_9_F14,2430.7,19.24,97.9,492.3,5.83,10.19,Sandstone,21.87,23.95
VOLVE_15_9_F14,2431.38,15.38,123.1,482.9,4.83,10.15,Sandstone,21.89,22.64
VOLVE_15_9_F14,2432.3,17.81,110.3,456.1,5.52,10.21,Sandstone,21.91,24.27
VOLVE_15_9_F14,2433.12,21.57,81.5,429.6,8.12,10.28,Sandstone,21.94,24.6
VOLVE_15_9_F14,2433.8,17.8,77.2,456.7,6.26,10.53,Sandstone,21.97,22.24
VOLVE_15_9_F14,2434.57,25.71,69.9,395.9,5.9,10.25,Sandstone,22.01,23.08
VOLVE_15_9_F14,2434.82,18.5,85.8,498.2,4.83,10.63,Sandstone,22.04,21.87
VOLVE_15_9_F14,2435.79,17.42,60.6,437.5,5.41,10.45,Sandstone,22.08,19.32
VOLVE_15_9_F14,2436.33,20.59,117.8,439.9,6.71,10.24,Sandstone,22.11,24.94
VOLVE_15_9_F14,2436.6,20.7,76.1,383.5,4.54,10.24,Sandstone,22.13,20.51
VOLVE_15_9_F14,2437.1,23.16,84.8,414.5,5.04,10.34,Sandstone,22.17,22.4
VOLVE_15_9_F14,2437.71,19.11,88.3,561.3,5.33,10.32,Sandstone,22.18,22.5
VOLVE_15_9_F14,2438.71,17.53,66.3,430.7,3.66,10.14,Sandstone,22.22,19.63
VOLVE_15_9_F14,2439.39,18.3,99.3,497.2,4.31,10.2,Sandstone,22.27,21.61
VOLVE_15_9_F14,2439.63,22.77,91.4,404.5,4.07,10.08,Sandstone,22.3,22.5
VOLVE_15_9_F14,2439.88,23.86,80.2,401.9,7.44,10.58,Sandstone,22.32,22.13
VOLVE_15_9_F14,2440.41,18.27,90.0,454.5,3.38,10.33,Sandstone,22.34,22.49
VOLVE_15_9_F14,2441.3,19.39,83.0,457.8,3.42,10.27,Sandstone,22.38,22.54
VOLVE_15_9_F14,2441.79,23.22,84.1,431.2,2.61,10.21,Sandstone,22.39,22.82
VOLVE_15_9_F14,2442.78,21.61,,455.0,5.8,10.23,Sandstone,22.42,20.71
VOLVE_15_9_F14,2442.99,18.3,86.1,424.2,3.8,10.09,Sandstone,22.47,21.65
VOLVE_15_9_F14,2443.63,16.81,90.6,503.8,5.78,10.34,Sandstone,22.51,22.76
VOLVE_15_9_F14,2444.61,18.09,71.9,535.7,4.65,10.43,Sandstone,22.52,20.82
VOLVE_15_9_F14,2445.2,21.84,88.6,497.0,6.82,10.55,Sandstone,22.56,24.2
VOLVE_15_9_F14,2445.8,15.98,55.4,400.6,3.25,10.43,Sandstone,22.57,18.61
VOLVE_15_9_F14,2446.26,20.23,102.9,473.0,5.43,10.43,Sandstone,22.59,21.65
VOLVE_15_9_F14,2447.1,18.81,65.9,431.9,6.01,10.49,Sandstone,22.62,20.78
VOLVE_15_9_F14,2448.04,17.89,58.4,431.9,5.94,10.29,Sandstone,22.65,19.24
VOLVE_15_9_F14,2448.58,18.51,76.8,483.5,6.12,10.12,Sandstone,22.68,20.13
VOLVE_15_9_F14,2449.51,21.92,87.7,459.5,5.95,10.43,Sandstone,22.73,22.86
VOLVE_15_9_F14,2449.82,21.06,79.9,459.7,5.06,10.21,Sandstone,22.75,21.69
VOLVE_15_9_F14,2450.56,22.32,96.5,457.0,6.16,10.3,Sandstone,22.78,24.4
VOLVE_15_9_F14,2451.01,17.7,80.8,419.1,3.23,10.17,Sandstone,22.8,20.66
VOLVE_15_9_F14,2451.3,15.54,81.4,414.4,4.17,10.49,Sandstone,22.83,19.7
VOLVE_15_9_F14,2451.99,20.2,82.4,443.7,6.75,10.44,Sandstone,22.87,20.97
VOLVE_15_9_F14,2452.62,19.71,110.1,447.2,6.53,10.11,Sandstone,22.88,22.96
VOLVE_15_9_F14,2453.28,18.52,78.4,471.6,3.38,10.33,Sandstone,22.89,20.49
VOLVE_15_9_F14,2454.07,14.8,122.3,490.5,5.59,10.47,Sandstone,22.92,22.33
VOLVE_15_9_F14,2454.65,21.9,114.5,447.9,4.61,10.3,Sandstone,22.94,25.17
VOLVE_15_9_F14,2455.15,12.37,66.9,462.0,3.78,10.32,Sandstone,22.97,17.91
VOLVE_15_9_F14,2455.95,21.53,98.7,491.7,7.2,10.46,Sandstone,23.0,23.08
VOLVE_15_9_F14,2456.72,21.42,75.5,444.9,2.88,10.28,Sandstone,23.04,20.68
VOLVE_15_9_F14,2457.35,21.27,87.0,472.2,3.69,10.31,Sandstone,23.08,22.7
VOLVE_15_9_F14,2458.04,19.6,60.8,463.6,4.86,10.44,Sandstone,23.12,21.13
VOLVE_15_9_F14,2458.65,14.08,83.5,442.1,5.08,10.17,Sandstone,23.15,19.13
VOLVE_15_9_F14,2459.35,15.75,126.7,404.1,4.96,10.22,Sandstone,23.18,22.34
VOLVE_15_9_F14,2459.87,17.68,73.2,417.1,6.08,10.06,Sandstone,23.19,18.81
VOLVE_15_9_F14,2460.72,24.39,96.4,496.5,5.37,10.62,Sandstone,23.24,23.37
VOLVE_15_9_F14,2461.49,22.16,87.1,390.3,5.63,10.34,Sandstone,23.28,22.75
VOLVE_15_9_F14,2462.26,19.32,77.3,526.0,4.97,10.48,Sandstone,23.3,19.15
VOLVE_15_9_F14,2463.24,18.25,103.5,427.9,4.89,10.14,Sandstone,23.33,22.88
VOLVE_15_9_F14,2463.85,20.11,78.4,384.2,5.88,10.51,Sandstone,23.37,20.92
VOLVE_15_9_F14,2464.81,21.9,84.8,433.3,4.27,10.28,Sandstone,23.39,21.99
VOLVE_15_9_F14,2465.32,20.54,88.9,364.8,6.73,10.53,Sandstone,23.43,19.25
VOLVE_15_9_F14,2466.25,16.31,103.6,386.7,6.18,10.29,Sandstone,23.45,21.68
VOLVE_15_9_F14,2466.9,23.38,79.5,458.9,6.47,10.16,Sandstone,23.49,24.85
VOLVE_15_9_F14,2467.56,21.0,119.3,392.3,8.42,10.49,Sandstone,23.52,23.21
VOLVE_15_9_F14,2468.46,18.53,58.4,394.3,5.05,10.33,Sandstone,23.55,18.15
VOLVE_15_9_F14,2469.42,20.69,76.3,457.1,5.16,10.15,Sandstone,23.57,21.24
VOLVE_15_9_F14,2469.78,22.84,103.9,457.9,6.18,10.08,Sandstone,23.61,24.67
VOLVE_15_9_F14,2470.09,20.77,76.8,474.8,4.53,10.39,Sandstone,23.65,22.2
VOLVE_15_9_F14,2470.91,20.91,87.9,464.2,5.1,10.32,Sandstone,23.67,22.67
VOLVE_15_9_F14,2471.39,23.65,70.8,452.6,4.19,10.35,Sandstone,23.69,21.21
VOLVE_15_9_F14,2471.7,18.26,64.0,477.7,6.23,10.36,Sandstone,23.71,21.02
VOLVE_15_9_F14,2472.09,17.42,77.5,491.2,3.52,10.3,Sandstone,23.74,18.97
VOLVE_15_9_F14,2472.57,18.72,96.6,457.4,4.15,10.38,Sandstone,23.77,22.66
VOLVE_15_9_F14,2473.39,22.0,76.2,475.2,4.87,10.43,Sandstone,23.81,22.93
VOLVE_15_9_F14,2473.65,22.29,83.9,350.3,3.94,10.3,Sandstone,23.84,20.37
VOLVE_15_9_F14,2474.25,20.3,77.7,437.3,4.21,10.4,Sandstone,23.87,22.54
VOLVE_15_9_F14,2474.47,17.78,95.5,512.4,4.61,10.41,Sandstone,23.89,22.6
VOLVE_15_9_F14,2475.22,24.35,61.2,432.4,6.06,10.49,Sandstone,23.94,21.0
VOLVE_15_9_F14,2476.19,17.0,83.6,475.0,3.05,9.99,Sandstone,23.96,20.0
VOLVE_15_9_F14,2476.68,18.76,80.0,464.2,4.26,10.26,Sandstone,23.97,21.53
VOLVE_15_9_F14,2477.62,18.15,71.6,429.7,5.07,10.41,Sandstone,23.99,18.9
VOLVE_15_9_F14,2478.53,22.57,103.5,473.0,6.18,10.64,Sandstone,24.01,24.94
VOLVE_15_9_F14,2479.0,19.47,59.2,436.6,7.75,10.5,Sandstone,24.03,18.98
VOLVE_15_9_F14,2479.37,24.03,90.7,435.2,7.28,10.51,Sandstone,24.08,25.6
VOLVE_15_9_F14,2479.84,21.92,92.1,434.8,7.34,10.73,Sandstone,24.1,22.58
VOLVE_15_9_F14,2480.77,17.6,79.3,420.1,2.93,10.31,Sandstone,24.13,18.38
VOLVE_15_9_F14,2481.31,19.13,114.4,414.7,5.84,10.64,Sandstone,24.17,23.23
VOLVE_15_9_F14,2481.91,18.59,91.7,435.3,5.8,10.43,Sandstone,24.2,20.76
VOLVE_15_9_F14,2482.22,23.39,74.5,457.5,3.75,10.18,Dolomite,24.24,8.42
VOLVE_15_9_F14,2482.61,22.05,94.5,439.7,5.12,10.07,Dolomite,24.27,12.84
VOLVE_15_9_F14,2483.55,15.97,78.2,437.1,5.58,10.29,Dolomite,24.29,12.12
VOLVE_15_9_F14,2484.48,21.25,79.2,557.5,6.14,10.43,Dolomite,24.32,11.28
VOLVE_15_9_F14,2484.92,19.78,102.1,483.8,6.84,10.29,Dolomite,24.37,11.59
VOLVE_15_9_F14,2485.68,16.75,93.4,388.8,5.07,10.35,Dolomite,24.39,10.02
VOLVE_15_9_F14,2486.43,17.88,101.3,465.0,4.48,10.62,Dolomite,24.43,10.83
VOLVE_15_9_F14,2486.96,19.41,48.0,466.6,5.2,10.34,Dolomite,24.47,8.6
VOLVE_15_9_F14,2487.73,14.42,90.6,595.3,4.9,10.62,Dolomite,24.52,9.72
VOLVE_15_9_F14,2488.65,20.51,108.1,468.5,6.03,10.45,Dolomite,24.54,10.75
VOLVE_15_9_F14,2489.47,20.17,68.5,539.2,2.61,10.49,Dolomite,24.56,9.88
VOLVE_15_9_F14,2490.11,19.32,87.9,438.9,5.07,10.3,Dolomite,24.58,8.91
VOLVE_15_9_F14,2490.82,20.05,82.0,423.9,5.55,10.32,Dolomite,24.59,11.05
VOLVE_15_9_F14,2491.69,19.4,96.2,408.7,5.2,10.33,Dolomite,24.62,10.14
VOLVE_15_9_F14,2492.49,17.16,77.2,490.3,4.55,10.32,Dolomite,24.63,10.45
VOLVE_15_9_F14,2493.44,18.37,97.3,418.3,4.96,10.43,Dolomite,24.66,10.5
VOLVE_15_9_F14,2494.31,18.03,81.1,429.1,3.79,10.53,Dolomite,24.7,7.2
VOLVE_15_9_F14,2494.56,21.55,126.2,475.6,6.87,10.7,Dolomite,24.75,11.98
VOLVE_15_9_F14,2495.33,17.32,90.9,441.9,4.57,10.23,Dolomite,24.79,10.71
VOLVE_15_9_F14,2495.64,18.6,119.8,461.1,2.46,10.33,Dolomite,24.81,9.69
VOLVE_15_9_F14,2496.5,20.05,95.2,404.7,4.5,10.48,Dolomite,24.86,10.03
VOLVE_15_9_F14,2496.79,16.18,79.8,359.6,3.74,10.34,Dolomite,24.87,8.39
VOLVE_15_9_F14,2497.22,18.85,86.1,506.4,4.6,10.14,Dolomite,24.91,10.71
VOLVE_15_9_F14,2497.67,20.05,91.3,501.3,4.4,10.45,Dolomite,24.95,10.36
VOLVE_15_9_F14,2498.61,20.38,51.0,445.1,4.47,10.21,Dolomite,24.97,7.31
VOLVE_15_9_F14,2499.6,20.84,99.9,459.2,5.61,10.36,Dolomite,25.01,9.6
VOLVE_15_9_F14,2500.23,18.07,88.0,417.4,4.0,10.59,Dolomite,25.04,10.26
VOLVE_15_9_F14,2500.85,17.24,93.6,444.5,5.02,10.44,Dolomite,25.07,10.19
VOLVE_15_9_F14,2501.48,18.81,94.7,551.9,5.91,10.43,Dolomite,25.1,13.12
VOLVE_15_9_F14,2502.2,20.47,66.0,526.7,4.4,10.56,Dolomite,25.13,9.71
VOLVE_15_9_F14,2502.45,19.26,86.8,466.3,5.83,10.32,Dolomite,25.14,8.56
VOLVE_15_9_F14,2502.89,17.19,85.5,378.9,6.42,10.39,Dolomite,25.18,10.92
VOLVE_15_9_F14,2503.58,25.52,66.8,475.9,4.17,10.31,Dolomite,25.2,11.35
VOLVE_15_9_F14,2503.97,18.01,107.2,444.5,5.58,10.45,Dolomite,25.21,9.55
VOLVE_15_9_F14,2504.65,16.68,113.5,438.5,7.65,10.14,Dolomite,25.23,11.26
VOLVE_15_9_F14,2505.57,18.26,79.6,454.8,5.13,10.2,Dolomite,25.27,10.1
VOLVE_15_9_F14,2506.39,22.18,93.0,532.2,4.4,10.34,Dolomite,25.29,10.09
VOLVE_15_9_F14,2507.02,21.45,84.5,460.9,5.78,10.43,Dolomite,25.33,10.63
VOLVE_15_9_F14,2507.44,24.49,79.9,494.9,5.2,10.62,Limestone,25.37,13.51
VOLVE_15_9_F14,2507.97,17.5,78.6,472.2,3.23,10.2,Limestone,25.4,10.96
VOLVE_15_9_F14,2508.24,19.28,66.3,470.9,4.53,10.33,Limestone,25.44,12.09
VOLVE_15_9_F14,2508.55,22.57,90.7,481.8,4.02,10.37,Limestone,25.48,14.56
VOLVE_15_9_F14,2509.55,17.41,75.7,438.4,2.73,10.16,Limestone,25.5,12.01
VOLVE_15_9_F14,2510.49,22.94,94.2,400.9,6.52,10.22,Limestone,25.55,13.38
VOLVE_15_9_F14,2511.18,20.13,78.4,519.0,2.18,10.07,Limestone,25.57,13.82
VOLVE_15_9_F14,2511.88,18.05,67.4,394.2,6.31,10.42,Limestone,25.6,11.67
VOLVE_15_9_F14,2512.31,15.76,74.7,466.7,5.22,10.22,Limestone,25.62,11.03
VOLVE_15_9_F14,2512.82,21.36,90.3,527.8,7.07,10.52,Limestone,25.66,14.43
VOLVE_15_9_F14,2513.18,23.74,79.7,469.0,7.33,10.4,Limestone,25.69,13.86
VOLVE_15_9_F14,2514.14,20.91,71.0,479.3,6.3,10.31,Limestone,25.71,14.88
VOLVE_15_9_F14,2515.0,21.05,109.0,479.3,5.02,10.23,Limestone,25.75,15.19
VOLVE_15_9_F14,2515.43,20.72,64.4,501.9,4.09,10.4,Limestone,25.78,13.35
VOLVE_15_9_F14,2515.92,22.37,104.3,509.5,5.71,10.3,Limestone,25.79,12.88
VOLVE_15_9_F14,2516.13,23.13,101.7,397.9,6.8,10.42,Limestone,25.83,14.77
VOLVE_15_9_F14,2516.55,12.85,98.1,507.7,6.9,10.51,Limestone,25.84,13.0
VOLVE_15_9_F14,2516.96,19.27,96.2,452.7,3.97,10.23,Limestone,25.89,11.56
VOLVE_15_9_F14,2517.28,18.52,73.2,424.8,5.74,10.27,Limestone,25.93,11.31
VOLVE_15_9_F14,2518.21,20.54,76.5,412.1,5.04,10.53,Limestone,25.96,11.83
VOLVE_15_9_F14,2518.43,19.08,113.6,465.4,5.47,10.55,Limestone,25.97,14.85
VOLVE_15_9_F14,2519.08,21.19,100.7,432.7,6.2,10.19,Limestone,25.99,15.1
VOLVE_15_9_F14,2519.61,20.91,92.3,458.1,2.18,10.21,Limestone,26.03,12.53
VOLVE_15_9_F14,2520.13,15.29,76.3,455.0,4.56,10.21,Limestone,26.07,10.56
VOLVE_15_9_F14,2520.45,14.64,71.6,466.8,2.91,10.38,Limestone,26.11,9.04
VOLVE_15_9_F14,2521.29,21.98,67.5,487.0,5.87,10.13,Limestone,26.15,11.5
VOLVE_15_9_F14,2521.75,18.01,74.5,502.2,5.11,10.35,Limestone,26.17,11.83
VOLVE_15_9_F14,2522.5,24.39,80.9,501.3,7.44,10.33,Limestone,26.19,13.57
VOLVE_15_9_F14,2522.95,22.22,87.4,515.8,7.11,10.25,Limestone,26.23,14.19
VOLVE_15_9_F14,2523.87,15.63,103.0,444.6,4.23,10.35,Limestone,26.25,12.83
VOLVE_15_9_F14,2524.26,18.1,117.0,425.8,5.72,10.35,Limestone,26.3,13.51
VOLVE_15_9_F14,2525.12,20.7,107.5,451.7,7.41,10.29,Limestone,26.31,13.54
VOLVE_15_9_F14,2525.92,18.99,66.0,435.5,5.28,10.59,Limestone,26.35,11.76
VOLVE_15_9_F14,2526.81,19.67,73.6,402.6,5.74,10.28,Limestone,26.38,11.42
VOLVE_15_9_F14,2527.8,17.34,70.7,444.8,6.61,10.35,Limestone,26.42,11.47
VOLVE_15_9_F14,2528.47,20.98,101.5,482.6,7.21,10.25,Limestone,26.43,13.82
VOLVE_15_9_F14,2529.25,20.17,96.9,503.5,5.54,10.49,Limestone,26.45,14.31
VOLVE_15_9_F14,2529.91,22.01,77.9,451.3,6.48,10.17,Limestone,26.48,14.17
VOLVE_15_9_F14,2530.82,20.0,83.7,498.3,6.18,10.37,Limestone,26.52,12.24
VOLVE_15_9_F14,2531.51,18.55,88.7,455.3,7.08,10.21,Limestone,26.53,13.14
VOLVE_15_9_F14,2532.39,20.47,93.7,359.8,5.43,10.09,Limestone,26.58,13.6
VOLVE_15_9_F14,2532.8,21.04,104.1,400.7,7.03,10.24,Limestone,26.62,13.54
VOLVE_15_9_F14,2533.04,20.14,88.6,471.4,4.72,10.25,Limestone,26.64,12.84
VOLVE_15_9_F14,2533.32,23.2,82.4,382.6,5.96,10.43,Limestone,26.68,14.01
VOLVE_15_9_F14,2534.04,17.42,91.7,401.7,6.09,10.22,Limestone,26.73,13.06
VOLVE_15_9_F14,2534.91,22.41,82.4,394.1,6.16,10.03,Limestone,26.75,13.12
VOLVE_15_9_F14,2535.3,17.09,91.6,446.7,5.37,10.05,Limestone,26.79,11.76
VOLVE_15_9_F14,2535.97,21.78,82.8,464.5,5.25,10.37,Limestone,26.83,11.55
VOLVE_15_9_F14,2536.59,15.01,103.4,386.7,5.85,10.42,Limestone,26.87,12.12
VOLVE_15_9_F14,2537.32,19.4,104.7,485.3,6.03,10.37,Limestone,26.9,14.14
VOLVE_15_9_F14,2537.71,22.54,82.6,455.4,5.49,10.28,Limestone,26.92,12.19
VOLVE_15_9_F14,2538.08,19.12,116.7,402.2,6.37,10.39,Limestone,26.96,14.22
VOLVE_15_9_F14,2538.91,19.9,88.6,456.6,3.41,10.07,Limestone,27.0,12.4
VOLVE_15_9_F14,2539.15,20.81,91.8,424.8,5.84,10.04,Limestone,27.04,11.54
VOLVE_15_9_F14,2539.9,14.32,107.1,424.2,2.93,10.13,Limestone,27.08,12.17
VOLVE_15_9_F14,2540.16,20.87,115.9,404.3,4.63,10.32,Limestone,27.11,13.41
VOLVE_15_9_F14,2540.44,17.73,103.2,454.3,5.62,10.46,Limestone,27.14,12.81
VOLVE_15_9_F14,2540.84,22.47,90.4,445.0,5.39,10.2,Limestone,27.16,14.31
VOLVE_15_9_F14,2541.31,19.85,79.8,444.6,3.03,10.21,Limestone,27.21,13.87
VOLVE_15_9_F14,2542.3,20.78,90.2,449.9,3.03,10.44,Limestone,27.25,13.41
VOLVE_15_9_F14,2542.86,17.12,94.5,464.4,4.61,10.28,Limestone,27.3,12.07
VOLVE_15_9_F14,2543.41,22.08,91.7,447.0,3.24,10.37,Limestone,27.31,11.35
VOLVE_15_9_F14,2544.22,20.0,82.1,375.5,3.43,10.36,Limestone,27.34,12.48
VOLVE_15_9_F14,2544.64,16.3,74.1,453.1,3.91,10.16,Limestone,27.36,11.58
VOLVE_15_9_F14,2545.32,18.79,88.4,416.3,6.1,10.62,Limestone,27.41,11.61
VOLVE_15_9_F14,2546.08,21.74,75.4,499.9,3.71,10.22,Limestone,27.43,12.49
VOLVE_15_9_F14,2546.96,20.4,60.0,472.1,2.16,10.63,Limestone,27.48,12.91
VOLVE_15_9_F14,2547.26,21.83,71.8,494.5,6.66,10.43,Limestone,27.52,13.99
VOLVE_15_9_F14,2547.98,19.15,78.3,433.1,5.93,10.39,Limestone,27.56,13.34
VOLVE_15_9_F14,2548.19,23.09,73.1,490.7,5.61,10.13,Limestone,27.58,14.35
VOLVE_15_9_F14,2548.78,23.58,88.1,410.2,5.4,10.4,Limestone,27.63,13.38
VOLVE_15_9_F14,2549.27,15.68,65.8,454.2,6.91,10.34,Limestone,27.65,10.23
VOLVE_15_9_F14,2550.12,21.54,67.4,418.6,5.34,10.32,Limestone,27.67,12.2
VOLVE_15_9_F14,2550.91,23.85,103.5,478.9,5.8,10.15,Limestone,27.7,14.98
VOLVE_15_9_F14,2551.66,21.27,98.5,523.9,5.18,10.48,Limestone,27.75,13.59
VOLVE_15_9_F14,2552.0,19.97,89.1,469.0,5.66,10.49,Limestone,27.78,13.13
VOLVE_15_9_F14,2552.44,16.76,105.5,395.2,4.21,10.09,Limestone,27.82,12.7
VOLVE_15_9_F14,2552.87,19.3,73.7,428.0,6.18,10.26,Limestone,27.87,13.08
VOLVE_15_9_F14,2553.23,18.8,95.4,577.4,6.69,10.31,Limestone,27.92,14.64
VOLVE_15_9_F14,2553.77,22.28,81.4,487.9,6.76,10.4,Limestone,27.96,12.92
VOLVE_15_9_F14,2554.31,22.57,106.6,424.1,5.58,10.37,Limestone,28.0,12.22
VOLVE_15_9_F14,2554.79,19.67,87.7,491.9,5.54,10.34,Limestone,28.03,14.39
VOLVE_15_9_F14,2555.62,17.71,71.0,460.0,3.07,10.42,Limestone,28.06,11.8
VOLVE_15_9_F14,2556.37,14.77,104.7,560.1,3.4,10.63,Limestone,28.09,11.89
VOLVE_15_9_F14,2557.21,,78.2,457.9,6.04,10.31,Limestone,28.12,11.04
VOLVE_15_9_F14,2558.06,21.36,66.5,444.9,6.02,10.51,Limestone,28.16,12.8
VOLVE_15_9_F14,2558.43,14.88,107.0,452.2,2.85,10.62,Limestone,28.21,12.08
VOLVE_15_9_F14,2559.39,21.4,93.7,439.6,3.79,10.58,Limestone,28.23,12.49
VOLVE_15_9_F14,2560.11,22.29,71.1,426.5,3.96,10.45,Limestone,28.27,12.54
VOLVE_15_9_F14,2560.95,13.23,82.6,410.1,4.84,10.45,Limestone,28.3,12.07
VOLVE_15_9_F14,2561.89,17.59,82.1,435.9,4.3,10.42,Limestone,28.34,10.3
VOLVE_15_9_F14,2562.74,26.34,70.7,485.9,4.03,10.61,Limestone,28.37,14.14
VOLVE_15_9_F14,2563.39,20.31,71.2,444.9,4.52,10.3,Limestone,28.41,10.99
VOLVE_15_9_F14,2563.98,25.87,82.6,432.1,5.17,10.3,Limestone,28.44,12.15
VOLVE_15_9_F14,2564.61,20.74,98.8,402.1,6.44,10.26,Limestone,28.48,12.62
VOLVE_15_9_F14,2565.51,22.95,96.6,483.3,5.2,10.72,Limestone,28.53,14.77
VOLVE_15_9_F14,2565.77,19.44,75.8,519.5,6.64,10.59,Limestone,28.54,11.64
VOLVE_15_9_F14,2566.28,18.54,96.6,421.2,2.66,10.26,Limestone,28.56,11.83
VOLVE_15_9_F14,2566.7,16.22,106.4,429.6,5.6,10.17,Limestone,28.6,10.69
VOLVE_15_9_F14,2567.26,21.57,71.2,418.3,7.53,10.33,Limestone,28.62,12.95
VOLVE_15_9_F14,2567.94,18.1,95.1,487.9,4.89,10.37,Limestone,28.65,11.73
VOLVE_15_9_F14,2568.76,17.83,84.3,496.8,4.53,10.39,Limestone,28.68,11.78
VOLVE_15_9_F14,2568.97,16.34,80.0,461.3,3.87,10.13,Limestone,28.72,12.28
VOLVE_15_9_F14,2569.51,20.33,84.3,407.6,3.35,10.25,Limestone,28.73,11.51
VOLVE_15_9_F14,2569.94,22.15,96.2,470.7,6.71,10.54,Limestone,28.76,13.99
VOLVE_15_9_F14,2570.73,19.66,65.1,464.5,3.8,10.45,Limestone,28.8,11.74
VOLVE_15_9_F14,2571.15,19.45,84.1,468.5,6.1,10.25,Limestone,28.82,12.81
VOLVE_15_9_F14,2571.54,24.09,78.6,413.4,5.82,10.5,Limestone,28.84,11.61
VOLVE_15_9_F14,2571.88,16.23,84.4,410.7,5.52,10.5,Limestone,28.88,11.56
VOLVE_15_9_F14,2572.48,24.8,81.3,390.2,4.32,10.69,Limestone,28.91,12.38
VOLVE_15_9_F14,2572.72,16.9,72.8,501.2,5.02,10.33,Limestone,28.96,11.26
VOLVE_15_9_F14,2573.48,19.98,112.3,502.5,5.49,10.26,Limestone,29.0,14.19
VOLVE_15_9_F14,2574.39,21.21,44.8,390.4,4.81,10.34,Limestone,29.02,9.2
VOLVE_15_9_F14,2574.74,22.74,92.6,423.2,2.42,10.5,Limestone,29.05,12.13
VOLVE_15_9_F14,2575.34,16.3,92.7,423.4,5.49,10.17,Limestone,29.08,11.82
VOLVE_15_9_F14,2576.25,20.71,85.2,491.5,7.82,10.36,Limestone,29.09,14.62
VOLVE_15_9_F14,2577.13,18.77,88.2,458.6,3.48,10.36,Limestone,29.13,10.31
VOLVE_15_9_F14,2577.95,22.79,93.6,516.8,6.59,10.56,Limestone,29.16,13.88
VOLVE_15_9_F14,2578.3,18.74,76.1,443.5,4.55,10.28,Limestone,29.2,11.56
VOLVE_15_9_F14,2578.85,15.47,78.6,401.6,3.33,10.34,Limestone,29.24,11.46
VOLVE_15_9_F14,2579.84,21.23,79.3,425.7,4.26,10.44,Limestone,29.28,11.3
VOLVE_15_9_F14,2580.23,20.24,91.2,418.8,6.94,10.27,Limestone,29.32,12.42
VOLVE_15_9_F14,2580.54,24.76,91.8,497.2,5.95,10.24,Limestone,29.33,13.0
VOLVE_15_9_F14,2581.07,22.73,68.3,532.1,,10.64,Limestone,29.36,12.12
VOLVE_15_9_F14,2581.39,18.13,83.2,474.8,2.99,10.44,Limestone,29.39,12.3
VOLVE_15_9_F14,2581.97,22.76,74.9,427.3,5.83,10.54,Limestone,29.43,12.67
VOLVE_15_9_F14,2582.66,20.57,70.1,465.4,6.2,10.47,Limestone,29.48,11.64
VOLVE_15_9_F14,2583.18,22.11,77.1,389.9,5.51,10.34,Limestone,29.52,13.04
VOLVE_15_9_F14,2583.58,18.44,67.4,447.1,3.3,10.27,Limestone,29.56,13.62
VOLVE_15_9_F14,2584.15,19.39,57.1,388.2,5.23,10.28,Limestone,29.57,9.97
VOLVE_15_9_F14,2584.98,21.96,85.4,474.4,7.49,,Limestone,29.59,13.6
VOLVE_15_9_F14,2585.84,22.17,98.3,448.5,5.28,10.25,Limestone,29.63,13.09
VOLVE_15_9_F14,2586.04,15.08,79.6,488.0,5.79,10.25,Limestone,29.66,12.4
VOLVE_15_9_F14,2586.28,21.79,98.0,484.8,5.16,10.48,Limestone,29.67,12.66
VOLVE_15_9_F14,2587.21,18.24,95.7,433.0,4.86,10.22,Limestone,29.7,13.07
VOLVE_15_9_F14,2587.59,20.94,71.1,495.8,5.2,10.57,Limestone,29.75,11.85
VOLVE_15_9_F14,2588.12,16.22,71.8,407.8,4.1,10.48,Limestone,29.77,10.38
VOLVE_15_9_F14,2588.41,22.56,62.6,560.6,4.42,10.46,Limestone,29.79,12.53
VOLVE_15_9_F14,2588.87,22.04,87.7,401.6,5.32,10.4,Limestone,29.82,12.59
VOLVE_15_9_F14,2589.68,18.3,91.8,485.0,6.18,10.43,Limestone,29.87,11.52
VOLVE_15_9_F14,2589.93,21.36,84.0,504.9,5.28,10.3,Limestone,29.88,12.77
VOLVE_15_9_F14,2590.48,20.27,72.5,462.4,4.87,10.24,Limestone,29.93,13.29
VOLVE_15_9_F14,2591.18,21.88,82.9,413.9,5.45,10.3,Limestone,29.95,11.16
VOLVE_15_9_F14,2591.61,16.91,94.4,424.2,6.84,10.17,Limestone,29.97,12.39
VOLVE_15_9_F14,2592.46,17.34,92.9,414.3,3.77,10.43,Limestone,29.99,12.48
VOLVE_15_9_F14,2592.67,18.54,91.7,,5.85,10.21,Limestone,30.04,12.27
VOLVE_15_9_F14,2593.21,20.24,88.7,486.9,6.16,10.46,Limestone,30.05,12.4
VOLVE_15_9_F14,2594.09,24.46,101.1,474.5,5.52,10.47,Limestone,30.07,13.6
VOLVE_15_9_F14,2594.38,20.81,69.3,457.4,6.39,10.4,Limestone,30.11,11.0
VOLVE_15_9_F14,2594.74,22.74,74.8,399.3,6.3,10.29,Limestone,30.15,11.9
VOLVE_15_9_F14,2595.46,18.19,69.9,523.2,5.69,10.24,Limestone,30.17,13.37
VOLVE_15_9_F14,2595.91,18.95,77.8,448.2,3.35,10.26,Limestone,30.22,11.34
VOLVE_15_9_F14,2596.31,18.7,105.9,440.0,4.63,10.23,Limestone,30.27,12.45
VOLVE_15_9_F14,2596.93,19.89,72.5,464.4,4.08,10.36,Limestone,30.29,10.58
VOLVE_15_9_F14,2597.63,22.06,72.7,388.9,5.95,10.35,Limestone,30.3,12.19
VOLVE_15_9_F14,2598.41,19.55,58.3,452.9,5.72,10.65,Limestone,30.33,9.9
VOLVE_15_9_F14,2598.91,19.64,93.4,446.8,4.87,10.64,Limestone,30.36,11.92
VOLVE_15_9_F14,2599.58,21.85,83.3,448.3,4.92,10.6,Limestone,30.37,9.39
VOLVE_15_9_F14,2600.52,19.14,104.6,504.0,7.96,10.34,Limestone,30.41,12.99
VOLVE_15_9_F14,2601.48,18.47,104.7,405.2,5.47,10.15,Limestone,30.45,12.3
VOLVE_15_9_F14,2602.18,19.57,66.9,453.7,5.32,10.4,Limestone,30.48,10.65
VOLVE_15_9_F14,2602.81,24.97,82.6,430.6,5.21,10.33,Limestone,30.5,12.28
VOLVE_15_9_F14,2603.61,22.62,102.7,446.6,7.18,10.37,Limestone,30.51,12.53
VOLVE_15_9_F14,2604.53,25.16,72.6,488.5,5.85,10.43,Limestone,30.55,13.34
VOLVE_15_9_F14,2604.91,17.16,98.4,450.1,5.24,10.47,Limestone,30.58,11.26
VOLVE_15_9_F14,2605.41,21.4,46.3,444.2,4.89,10.1,Limestone,30.6,12.22
VOLVE_15_9_F14,2605.63,19.49,82.7,361.2,4.5,10.56,Limestone,30.63,12.65
VOLVE_15_9_F14,2606.6,19.64,74.2,486.6,3.75,10.51,Limestone,30.66,11.65
VOLVE_15_9_F14,2607.46,16.58,99.5,390.3,5.0,10.28,Limestone,30.67,13.07
VOLVE_15_9_F14,2607.72,23.68,77.9,436.4,7.17,10.5,Limestone,30.7,13.99
VOLVE_15_9_F14,2608.61,16.38,95.9,421.0,4.57,10.33,Limestone,30.74,11.76
VOLVE_15_9_F14,2609.38,22.66,91.4,364.0,6.68,10.38,Limestone,30.76,11.35
VOLVE_15_9_F14,2610.27,19.46,72.3,460.8,4.37,10.35,Limestone,30.8,11.8
VOLVE_15_9_F14,2611.15,18.17,96.9,438.3,2.84,10.26,Limestone,30.81,11.95
VOLVE_15_9_F14,2611.55,18.06,91.8,475.8,4.38,10.18,Limestone,30.83,11.32
VOLVE_15_9_F14,2611.98,20.57,60.9,477.0,2.82,10.78,Limestone,30.86,12.96
VOLVE_15_9_F14,2612.45,19.53,91.4,479.8,6.03,10.47,Limestone,30.89,12.92
VOLVE_15_9_F14,2613.21,20.46,76.5,475.5,2.79,10.39,Limestone,30.93,10.41
VOLVE_15_9_F14,2613.94,15.49,90.6,474.9,4.85,10.64,Limestone,30.95,11.47
VOLVE_15_9_F14,2614.53,15.3,87.4,493.4,3.79,10.12,Limestone,30.97,11.29
VOLVE_15_9_F14,2615.16,15.91,98.8,469.6,4.17,10.33,Limestone,31.01,11.96
VOLVE_15_9_F14,2615.72,22.47,97.8,463.8,6.53,10.28,Limestone,31.03,12.81
VOLVE_15_9_F14,2616.18,24.09,71.8,448.5,5.1,10.3,Limestone,31.04,10.95
VOLVE_15_9_F14,2617.04,19.81,75.9,465.5,4.89,10.38,Limestone,31.07,12.76
VOLVE_15_9_F14,2617.69,22.33,79.8,476.0,5.1,10.31,Limestone,31.09,14.19
VOLVE_15_9_F14,2618.51,21.34,99.6,474.9,4.94,10.11,Limestone,31.12,12.44
VOLVE_15_9_F14,2618.83,23.4,77.5,448.0,4.31,10.22,Limestone,31.16,12.04
VOLVE_15_9_F14,2619.23,23.49,88.4,540.1,3.44,10.24,Limestone,31.19,14.11
VOLVE_15_9_F14,2619.75,17.39,97.1,516.5,5.48,10.31,Limestone,31.21,11.57
VOLVE_15_9_F14,2620.13,20.96,84.3,422.4,5.51,10.23,Limestone,31.25,12.8
VOLVE_15_9_F14,2620.82,22.62,109.5,454.9,7.05,10.35,Limestone,31.28,13.22
VOLVE_15_9_F14,2621.59,22.64,75.4,519.7,5.65,10.35,Limestone,31.31,11.6
VOLVE_15_9_F14,2621.98,22.4,91.6,419.8,4.85,10.05,Limestone,31.32,11.87
VOLVE_15_9_F14,2622.19,20.41,89.4,405.8,4.99,10.21,Limestone,31.34,11.94
VOLVE_15_9_F14,2622.87,22.18,85.4,562.3,5.97,10.41,Limestone,31.37,13.14
VOLVE_15_9_F14,2623.86,16.94,51.5,435.8,5.62,10.36,Limestone,31.4,8.79
VOLVE_15_9_F14,2624.32,17.07,79.4,374.4,4.25,10.11,Limestone,31.43,11.03
VOLVE_15_9_F14,2625.03,24.27,57.3,422.3,6.38,10.5,Limestone,31.45,9.26
VOLVE_15_9_F14,2625.26,23.22,76.0,438.1,5.14,10.47,Limestone,31.49,12.58
VOLVE_15_9_F14,2625.92,24.46,82.3,487.6,4.64,10.72,Limestone,31.53,13.26
VOLVE_15_9_F14,2626.57,20.12,118.0,456.6,4.82,10.64,Limestone,31.54,11.79
VOLVE_15_9_F14,2627.22,18.06,94.8,398.8,4.71,10.25,Limestone,31.56,11.35
VOLVE_15_9_F14,2627.81,20.04,68.0,337.7,4.81,10.36,Limestone,31.61,10.07
VOLVE_15_9_F14,2628.37,25.36,86.4,474.8,6.96,10.38,Limestone,31.62,12.74
VOLVE_15_9_F14,2629.26,18.42,89.8,457.6,7.27,10.57,Limestone,31.64,11.45
VOLVE_15_9_F14,2629.47,20.08,84.9,503.4,4.83,10.33,Limestone,31.68,12.07
VOLVE_15_9_F14,2629.97,23.56,83.7,429.7,3.72,10.58,Limestone,31.72,11.51
VOLVE_15_9_F14,2630.5,20.72,75.1,444.3,4.28,10.42,Limestone,31.75,11.73
VOLVE_15_9_F14,2631.37,19.56,88.8,433.5,4.73,10.26,Limestone,31.77,13.12
VOLVE_15_9_F14,2631.88,22.42,87.3,430.5,5.66,10.2,Limestone,31.8,12.83
VOLVE_15_9_F14,2632.15,19.34,93.6,470.4,2.99,10.53,Limestone,31.82,11.55
VOLVE_15_9_F14,2632.45,21.72,96.0,436.7,6.67,10.52,Limestone,31.87,13.69
VOLVE_15_9_F14,2632.75,14.5,95.5,387.7,3.66,10.54,Limestone,31.92,11.51
VOLVE_15_9_F14,2633.43,16.16,85.0,507.5,5.1,9.99,Limestone,31.96,12.43
VOLVE_15_9_F14,2634.05,19.95,81.0,463.8,4.87,10.36,Limestone,31.97,12.01
VOLVE_15_9_F14,2634.45,23.87,94.5,481.4,4.77,10.57,Limestone,32.02,13.11
VOLVE_15_9_F14,2634.8,20.13,71.1,507.5,6.49,10.16,Limestone,32.06,12.43
VOLVE_15_9_F14,2635.73,20.41,46.3,446.7,3.99,10.46,Limestone,32.07,11.26
VOLVE_15_9_F14,2636.4,21.17,57.3,446.9,3.62,10.3,Limestone,32.11,10.03
VOLVE_15_9_F14,2637.27,19.52,55.3,411.9,5.23,10.24,Limestone,32.16,10.14
VOLVE_15_9_F14,2637.69,16.53,91.8,489.4,5.92,10.27,Limestone,32.18,12.43
VOLVE_15_9_F14,2638.27,22.27,85.4,392.9,5.05,10.62,Limestone,32.22,11.6
VOLVE_15_9_F14,2638.67,21.22,95.2,463.1,5.56,10.51,Limestone,32.24,12.34
VOLVE_15_9_F14,2639.0,21.41,91.2,475.9,6.45,10.36,Limestone,32.28,13.29
VOLVE_15_9_F14,2639.51,17.77,99.0,402.3,4.83,10.71,Limestone,32.31,10.19
VOLVE_15_9_F14,2639.71,24.38,100.4,504.4,5.41,10.11,Limestone,32.32,14.36
VOLVE_15_9_F14,2640.62,19.49,97.6,375.8,6.16,10.28,Limestone,32.33,10.61
VOLVE_15_9_F14,2641.18,24.14,97.9,402.1,5.47,10.62,Limestone,32.37,11.98
VOLVE_15_9_F14,2641.48,15.29,108.0,453.9,,10.35,Limestone,32.39,9.6
VOLVE_15_9_F14,2642.06,19.5,114.6,483.8,5.47,10.35,Limestone,32.42,12.1
VOLVE_15_9_F14,2642.95,24.38,84.5,400.6,4.31,10.36,Limestone,32.46,12.61
VOLVE_15_9_F14,2643.92,20.22,106.4,484.2,5.34,10.31,Limestone,32.51,12.64
VOLVE_15_9_F14,2644.12,14.44,74.6,488.0,5.58,10.52,Limestone,32.54,10.05
VOLVE_15_9_F14,2645.1,18.18,75.5,439.5,3.31,10.26,Limestone,32.57,11.21
VOLVE_15_9_F14,2645.56,21.28,108.3,460.5,5.49,10.79,Limestone,32.58,12.77
VOLVE_15_9_F14,2646.33,24.17,84.9,502.0,6.17,10.17,Limestone,32.6,11.63
VOLVE_15_9_F14,2647.13,19.87,58.4,516.3,4.6,10.64,Limestone,32.65,11.96
VOLVE_15_9_F14,2648.05,23.33,65.4,434.7,6.75,10.51,Limestone,32.68,11.98
VOLVE_15_9_F14,2648.58,21.58,71.8,422.0,5.09,10.28,Limestone,32.71,9.79
VOLVE_15_9_F14,2649.39,19.57,65.8,448.9,5.22,10.42,Limestone,32.75,12.27
VOLVE_15_9_F14,2650.14,22.57,91.4,412.1,7.07,10.51,Limestone,32.79,11.84
VOLVE_15_9_F14,2650.6,23.0,70.4,505.3,5.75,10.48,Limestone,32.81,10.83
VOLVE_15_9_F14,2651.46,19.89,79.2,474.9,4.96,10.1,Limestone,32.83,10.4
VOLVE_15_9_F14,2652.38,18.81,74.3,455.1,4.29,10.44,Limestone,32.84,9.3
VOLVE_15_9_F14,2653.03,16.57,62.9,500.0,4.25,10.18,Limestone,32.88,9.91
VOLVE_15_9_F14,2653.88,21.66,63.6,486.2,5.32,10.54,Limestone,32.89,10.51
VOLVE_15_9_F14,2654.58,19.18,97.0,494.3,4.26,10.55,Limestone,32.9,10.75
VOLVE_15_9_F14,2655.42,21.93,88.3,477.5,6.88,10.18,Limestone,32.95,12.11
VOLVE_15_9_F14,2656.11,21.36,40.0,511.9,7.29,10.09,Limestone,32.99,11.91
VOLVE_15_9_F14,2656.86,21.51,73.8,400.5,5.06,10.34,Limestone,33.03,10.52
VOLVE_15_9_F14,2657.1,20.22,96.7,476.2,3.22,10.35,Limestone,33.05,11.56
VOLVE_15_9_F14,2657.37,17.44,91.8,518.2,5.88,10.39,Limestone,33.1,12.07
VOLVE_15_9_F14,2657.9,21.81,115.2,442.6,5.82,10.45,Limestone,33.13,14.42
VOLVE_15_9_F14,2658.73,22.73,79.5,432.4,6.04,10.36,Limestone,33.16,12.02
VOLVE_15_9_F14,2658.99,26.45,89.0,440.6,5.68,10.4,Limestone,33.2,13.1
VOLVE_15_9_F14,2659.2,19.15,70.1,455.4,5.92,10.26,Limestone,33.22,11.81
VOLVE_15_9_F14,2659.57,18.02,60.2,498.6,3.67,10.23,Limestone,33.26,10.83
VOLVE_15_9_F14,2660.46,17.72,88.8,455.6,5.43,10.48,Limestone,33.3,9.57
VOLVE_15_9_F14,2661.37,20.52,77.5,500.6,5.4,10.47,Limestone,33.33,10.8
VOLVE_15_9_F14,2661.8,22.65,123.3,474.6,6.38,10.33,Limestone,33.37,13.88
VOLVE_15_9_F14,2662.55,22.88,74.5,492.8,6.12,10.23,Limestone,33.39,11.43
VOLVE_15_9_F14,2663.31,24.58,77.0,457.3,6.48,10.62,Limestone,33.42,10.66
VOLVE_15_9_F14,2663.51,21.62,84.6,445.6,3.86,10.64,Limestone,33.45,11.1
VOLVE_15_9_F14,2664.01,17.66,97.4,402.2,6.01,10.56,Limestone,33.46,11.68
VOLVE_15_9_F14,2664.33,21.26,96.2,358.1,5.58,10.48,Limestone,33.48,11.96
VOLVE_15_9_F14,2664.81,15.41,58.4,439.6,4.04,10.22,Limestone,33.5,9.59
VOLVE_15_9_F14,2665.22,19.8,102.9,354.3,5.67,10.58,Limestone,33.52,9.41
VOLVE_15_9_F14,2665.48,19.6,80.9,451.6,5.27,10.48,Limestone,33.56,11.42
VOLVE_15_9_F14,2666.47,21.82,43.2,481.8,4.73,10.24,Limestone,33.61,8.75
VOLVE_15_9_F14,2667.07,21.77,83.4,456.3,3.1,10.49,Limestone,33.64,11.95
VOLVE_15_9_F14,2667.39,18.82,68.1,342.3,4.89,10.31,Limestone,33.68,10.32
VOLVE_15_9_F14,2667.78,18.9,101.1,438.4,4.98,10.51,Limestone,33.71,10.88
VOLVE_15_9_F14,2668.01,20.83,88.5,476.2,5.62,10.56,Limestone,33.72,10.33
VOLVE_15_9_F14,2668.45,21.86,99.5,505.3,5.4,10.47,Limestone,33.76,13.51
VOLVE_15_9_F14,2668.7,22.51,101.2,475.4,8.1,10.26,Limestone,33.81,13.04
VOLVE_15_9_F14,2669.1,19.46,76.5,454.3,4.66,10.48,Limestone,33.83,10.0
VOLVE_15_9_F14,2669.64,20.56,87.1,473.2,3.33,10.47,Limestone,33.85,12.8
VOLVE_15_9_F14,2670.38,18.08,100.4,528.2,5.02,10.28,Limestone,33.89,11.93
VOLVE_15_9_F14,2671.25,18.11,86.7,455.5,4.4,10.34,Limestone,33.93,10.44
VOLVE_15_9_F14,2671.49,15.85,71.0,395.0,4.74,10.68,Limestone,33.94,10.64
VOLVE_15_9_F14,2671.89,19.11,105.0,435.7,4.76,10.64,Limestone,33.96,12.27
VOLVE_15_9_F14,2672.2,23.89,83.7,424.6,6.17,10.31,Limestone,33.98,12.47
VOLVE_15_9_F14,2672.68,24.23,71.5,407.9,5.24,10.09,Limestone,34.01,11.75
VOLVE_15_9_F14,2673.02,22.11,112.1,426.0,6.1,10.61,Limestone,34.03,11.02
VOLVE_15_9_F14,2673.4,23.21,54.7,564.8,6.68,10.71,Limestone,34.06,10.27
VOLVE_15_9_F14,2674.34,22.72,73.3,413.5,5.23,10.63,Limestone,34.11,10.62
VOLVE_15_9_F14,2675.05,21.13,74.7,434.2,3.42,10.34,Limestone,34.14,8.9
VOLVE_15_9_F14,2675.94,14.61,96.5,566.0,4.19,10.49,Limestone,34.16,11.15
VOLVE_15_9_F14,2676.58,26.37,78.1,477.1,3.89,10.25,Limestone,34.17,11.93
VOLVE_15_9_F14,2677.44,20.19,73.0,467.8,4.21,10.55,Limestone,34.22,10.93
VOLVE_15_9_F14,2677.91,20.18,99.0,475.5,1.08,10.31,Limestone,34.23,12.91
VOLVE_15_9_F14,2678.31,24.37,95.0,461.5,6.62,10.3,Limestone,34.28,11.41
VOLVE_15_9_F14,2678.95,21.12,79.0,435.3,3.3,10.38,Limestone,34.31,11.09
VOLVE_15_9_F14,2679.9,27.01,86.8,,6.6,10.31,Limestone,34.32,11.51
VOLVE_15_9_F14,2680.77,18.65,66.4,475.8,3.9,10.5,Limestone,34.34,11.67
VOLVE_15_9_F14,2681.17,23.32,79.9,386.2,4.97,10.27,Limestone,34.37,10.15
VOLVE_15_9_F14,2682.13,20.12,82.2,435.5,7.0,10.78,Limestone,34.39,12.82
VOLVE_15_9_F14,2682.75,20.98,63.9,385.9,4.47,10.48,Limestone,34.44,9.21
VOLVE_15_9_F14,2683.29,18.53,58.5,417.8,3.38,10.34,Limestone,34.45,10.03
VOLVE_15_9_F14,2683.72,19.16,77.3,474.6,4.28,10.25,Limestone,34.47,11.41
VOLVE_15_9_F14,2684.42,23.96,99.1,436.5,4.15,10.35,Limestone,34.5,12.87
VOLVE_15_9_F14,2685.08,22.04,92.0,444.2,6.38,10.36,Limestone,34.53,10.89
VOLVE_15_9_F14,2685.94,21.8,74.3,344.8,5.74,10.35,Limestone,34.58,9.55
VOLVE_15_9_F14,2686.87,16.67,122.2,399.7,4.97,10.32,Limestone,34.63,10.47
VOLVE_15_9_F14,2687.67,16.74,67.2,407.2,5.44,10.27,Limestone,34.66,10.51
VOLVE_15_9_F14,2688.02,18.45,91.5,385.1,5.75,10.53,Limestone,34.69,10.74
VOLVE_15_9_F14,2688.32,19.76,75.3,461.4,4.58,10.61,Limestone,34.74,11.81
VOLVE_15_9_F14,2688.95,20.5,101.5,457.1,5.66,10.27,Limestone,34.78,10.93
VOLVE_15_9_F14,2689.28,21.55,81.6,487.4,4.88,10.39,Limestone,34.8,11.3
VOLVE_15_9_F14,2689.97,23.32,79.7,506.2,4.5,10.13,Limestone,34.84,11.71
VOLVE_15_9_F14,2690.3,24.44,97.7,510.3,2.6,10.31,Limestone,34.87,12.13
VOLVE_15_9_F14,2690.69,21.25,80.8,469.5,4.78,10.69,Limestone,34.9,11.7
VOLVE_15_9_F14,2690.95,18.65,94.4,463.0,5.07,10.58,Limestone,34.91,12.35
VOLVE_15_9_F14,2691.82,22.59,81.6,466.6,3.57,10.49,Limestone,34.95,10.66
VOLVE_15_9_F14,2692.49,21.23,43.9,414.8,5.56,10.22,Limestone,35.0,9.16
VOLVE_15_9_F14,2692.97,21.94,115.6,466.2,5.42,10.29,Limestone,35.05,12.6
VOLVE_15_9_F14,2693.49,23.79,91.0,434.8,5.99,10.32,Limestone,35.06,12.26
VOLVE_15_9_F14,2693.8,19.81,78.6,406.2,5.27,10.55,Limestone,35.08,11.6
VOLVE_15_9_F14,2694.67,24.42,103.7,383.5,5.6,10.59,Limestone,35.1,12.04
VOLVE_15_9_F14,2695.12,17.22,68.8,358.4,3.87,10.4,Limestone,35.12,9.28
VOLVE_15_9_F14,2695.38,22.6,69.6,445.1,4.2,10.53,Limestone,35.14,12.55
VOLVE_15_9_F14,2695.86,19.16,62.0,428.1,2.59,10.29,Limestone,35.17,10.24
VOLVE_15_9_F14,2696.26,21.35,80.3,425.3,6.85,10.45,Limestone,35.22,11.88
VOLVE_15_9_F14,2696.78,21.61,73.3,409.1,5.41,10.56,Limestone,35.25,9.16
VOLVE_15_9_F14,2697.67,19.91,78.9,432.9,3.78,10.64,Limestone,35.26,10.28
VOLVE_15_9_F14,2698.47,19.19,61.2,411.5,5.29,10.23,Limestone,35.28,11.16
VOLVE_15_9_F14,2698.86,18.67,73.0,459.1,3.35,10.62,Limestone,35.32,10.29
VOLVE_15_9_F14,2699.32,21.51,90.1,484.9,5.98,10.76,Limestone,35.35,11.5
VOLVE_15_9_F14,2699.87,22.39,103.7,435.8,6.06,10.19,Limestone,35.38,10.17
VOLVE_15_9_F14,2700.19,25.35,83.9,498.9,4.73,10.16,Limestone,35.43,12.03
VOLVE_15_9_F14,2700.62,20.16,75.8,424.3,3.02,10.65,Limestone,35.44,11.59
VOLVE_15_9_F14,2701.07,16.97,92.7,378.2,4.29,10.35,Limestone,35.47,10.29
VOLVE_15_9_F14,2701.42,21.99,100.9,509.9,,10.38,Limestone,35.5,12.47
VOLVE_15_9_F14,2701.84,16.46,100.1,373.6,3.07,10.59,Limestone,35.55,9.64
VOLVE_15_9_F14,2702.38,24.81,90.9,433.0,4.73,10.28,Limestone,35.57,11.48
VOLVE_15_9_F14,2703.26,22.71,71.9,486.7,6.66,10.45,Limestone,35.59,11.28
VOLVE_15_9_F14,2704.0,18.29,82.4,505.0,4.76,10.21,Limestone,35.62,11.39
VOLVE_15_9_F14,2704.25,16.85,86.9,448.9,7.96,10.54,Limestone,35.65,11.42
VOLVE_15_9_F14,2704.86,18.66,46.4,432.5,4.87,10.54,Limestone,35.68,9.95
VOLVE_15_9_F14,2705.25,22.15,83.6,539.4,4.98,10.44,Limestone,35.71,11.41
VOLVE_15_9_F14,2705.45,18.9,109.1,492.2,4.23,10.42,Limestone,35.72,11.72
VOLVE_15_9_F14,2706.1,22.68,73.6,498.4,3.74,10.41,Limestone,35.75,9.84
VOLVE_15_9_F14,2706.46,23.17,56.0,474.4,5.07,10.39,Limestone,35.8,10.63
VOLVE_15_9_F14,2707.18,19.4,73.2,479.6,4.23,10.4,Limestone,35.81,8.46
VOLVE_15_9_F14,2707.59,23.04,72.7,465.7,4.75,10.55,Limestone,35.83,9.35
VOLVE_15_9_F14,2707.98,23.85,99.8,450.1,5.84,10.15,Limestone,35.84,12.37
VOLVE_15_9_F14,2708.65,22.25,122.7,381.3,4.99,10.69,Limestone,35.88,12.18
VOLVE_15_9_F14,2709.33,22.2,85.6,401.8,6.29,10.44,Limestone,35.91,9.92
VOLVE_15_9_F14,2710.21,19.44,70.4,482.5,5.11,10.75,Limestone,35.93,10.94
VOLVE_15_9_F14,2710.56,25.92,65.1,503.5,4.57,10.45,Limestone,35.96,11.08
VOLVE_15_9_F14,2711.55,18.39,98.7,462.6,5.39,10.42,Limestone,35.98,12.08
VOLVE_15_9_F14,2712.05,19.74,94.1,411.3,2.42,10.51,Limestone,36.01,11.97
VOLVE_15_9_F14,2713.03,23.2,100.8,463.4,6.04,10.23,Limestone,36.03,9.87
VOLVE_15_9_F14,2713.35,19.91,75.3,470.5,5.35,10.26,Limestone,36.07,12.55
VOLVE_15_9_F14,2714.31,20.11,107.7,379.2,2.94,10.39,Limestone,36.09,11.77
VOLVE_15_9_F14,2715.28,17.46,85.8,515.5,2.61,10.43,Limestone,36.12,10.99
VOLVE_15_9_F14,2715.72,19.69,72.5,489.9,4.47,10.57,Limestone,36.16,10.18
VOLVE_15_9_F14,2716.08,26.9,52.4,412.9,4.43,10.43,Limestone,36.2,10.75
VOLVE_15_9_F14,2716.76,19.97,75.5,452.0,4.85,10.64,Limestone,36.22,10.85
VOLVE_15_9_F14,2717.07,24.07,75.3,442.1,5.35,10.02,Limestone,36.25,12.07
VOLVE_15_9_F14,2717.51,19.62,67.1,506.9,6.6,10.69,Limestone,36.28,10.79
VOLVE_15_9_F14,2718.49,18.21,89.9,432.7,4.55,10.36,Limestone,36.29,11.12
VOLVE_15_9_F14,2719.31,18.93,72.8,407.5,5.51,10.52,Limestone,36.31,10.78
VOLVE_15_9_F14,2720.14,22.69,68.9,450.6,4.5,10.6,Limestone,36.35,8.5
VOLVE_15_9_F14,2721.04,15.43,69.4,413.6,4.89,10.22,Limestone,36.36,9.14
VOLVE_15_9_F14,2721.79,25.15,61.9,493.9,4.68,10.64,Limestone,36.4,10.69
VOLVE_15_9_F14,2722.57,22.08,74.6,451.6,3.51,10.53,Limestone,36.42,10.2
VOLVE_15_9_F14,2723.35,19.96,75.0,407.7,4.17,10.69,Limestone,36.46,11.34
VOLVE_15_9_F14,2723.86,18.91,79.5,425.9,5.34,10.43,Limestone,36.47,11.96
VOLVE_15_9_F14,2724.14,19.59,88.9,436.5,3.69,10.42,Limestone,36.5,10.72
VOLVE_15_9_F14,2724.83,23.78,106.2,442.5,5.81,10.31,Limestone,36.54,12.13
VOLVE_15_9_F14,2725.67,16.96,98.3,389.2,5.37,10.32,Limestone,36.56,10.34
VOLVE_15_9_F14,2726.06,20.77,59.7,408.3,5.16,10.41,Limestone,36.6,8.29
VOLVE_15_9_F14,2726.41,23.73,96.6,465.6,6.46,10.51,Limestone,36.63,11.11
VOLVE_15_9_F14,2727.37,15.84,99.4,505.9,7.34,10.54,Limestone,36.67,9.86
VOLVE_15_9_F14,2727.68,19.34,94.5,434.0,3.62,10.27,Limestone,36.71,11.45
VOLVE_15_9_F14,2728.32,17.13,76.4,458.4,4.22,10.41,Limestone,36.72,9.57
VOLVE_15_9_F14,2729.11,17.69,105.1,548.0,5.09,10.46,Limestone,36.74,11.25
VOLVE_15_9_F14,2729.39,21.46,69.7,464.3,4.36,10.1,Limestone,36.79,10.44
VOLVE_15_9_F14,2730.04,22.54,99.2,376.7,6.91,10.55,Limestone,36.81,10.93
VOLVE_15_9_F14,2730.78,19.9,98.7,477.2,6.75,10.38,Limestone,36.82,13.5
VOLVE_15_9_F14,2731.02,17.18,90.7,463.3,7.58,10.43,Limestone,36.83,10.65
VOLVE_15_9_F14,2731.55,18.76,56.2,437.3,4.35,10.64,Limestone,36.85,10.68
VOLVE_15_9_F14,2732.13,21.92,86.2,409.3,3.87,10.27,Limestone,36.89,9.89
VOLVE_15_9_F14,2732.78,20.84,95.7,487.5,5.02,10.29,Limestone,36.91,10.23
VOLVE_15_9_F14,2733.01,17.98,83.9,346.0,3.7,10.08,Limestone,36.96,10.67
VOLVE_15_9_F14,2733.92,19.72,81.9,437.6,5.99,10.41,Limestone,36.98,10.79
VOLVE_15_9_F14,2734.81,22.89,77.6,440.4,6.12,10.59,Limestone,37.02,11.43
VOLVE_15_9_F14,2735.7,21.44,75.3,426.4,5.97,10.11,Limestone,37.04,12.58
VOLVE_15_9_F14,2736.31,18.33,81.7,450.4,7.37,10.27,Limestone,37.07,10.73
VOLVE_15_9_F14,2737.14,21.59,101.1,404.8,5.47,10.45,Limestone,37.09,11.54
VOLVE_15_9_F14,2737.98,19.55,72.6,476.9,4.07,10.35,Limestone,37.14,9.96
VOLVE_15_9_F14,2738.95,19.34,89.0,571.6,5.02,10.36,Limestone,37.18,11.39
VOLVE_15_9_F14,2739.81,21.29,42.8,418.6,3.39,10.45,Limestone,37.2,9.18
VOLVE_15_9_F14,2740.1,18.22,75.3,471.4,3.93,10.7,Limestone,37.22,10.35
VOLVE_15_9_F14,2740.42,19.86,93.9,461.3,5.2,10.43,Limestone,37.25,11.25
VOLVE_15_9_F14,2741.02,23.58,98.2,463.3,6.18,10.46,Limestone,37.28,10.32
VOLVE_15_9_F14,2741.79,27.14,66.5,436.5,4.43,10.5,Limestone,37.32,12.22
VOLVE_15_9_F14,2742.66,16.69,87.4,455.6,3.23,10.13,Limestone,37.37,10.1
VOLVE_15_9_F14,2742.87,18.78,94.8,463.7,5.96,10.47,Limestone,37.4,12.32
VOLVE_15_9_F14,2743.41,23.8,71.0,487.4,4.15,10.19,Limestone,37.44,10.1
VOLVE_15_9_F14,2743.95,17.84,58.0,484.6,4.65,10.43,Limestone,37.46,8.82
VOLVE_15_9_F14,2744.71,20.66,62.8,506.7,6.17,10.59,Limestone,37.47,9.97
VOLVE_15_9_F14,2745.35,25.47,59.1,425.9,6.15,10.36,Limestone,37.48,10.16
VOLVE_15_9_F14,2746.19,19.16,93.7,462.7,5.83,10.59,Limestone,37.49,11.16
VOLVE_15_9_F14,2746.96,20.36,,449.2,6.4,10.17,Limestone,37.53,11.81
VOLVE_15_9_F14,2747.54,17.77,76.5,489.6,5.03,10.47,Limestone,37.55,11.58
VOLVE_15_9_F14,2747.93,22.71,69.6,392.8,3.75,10.47,Limestone,37.59,9.51
VOLVE_15_9_F14,2748.65,16.52,99.5,499.2,7.93,10.02,Limestone,37.6,10.41
VOLVE_15_9_F14,2749.03,19.27,79.8,468.1,5.46,10.5,Limestone,37.65,11.1
VOLVE_15_9_F14,2749.74,17.75,87.7,503.5,5.48,9.98,Limestone,37.68,9.64
VOLVE_15_9_F14,2750.07,20.2,69.3,457.4,5.06,10.45,Limestone,37.71,10.76
VOLVE_15_9_F14,2750.44,25.64,65.2,448.2,3.24,10.49,Limestone,37.75,10.26
VOLVE_15_9_F14,2750.98,21.97,98.1,429.0,4.4,10.36,Limestone,37.79,10.51
VOLVE_15_9_F14,2751.59,21.6,84.2,439.2,7.17,10.45,Limestone,37.83,8.17
VOLVE_15_9_F14,2752.56,21.75,85.5,374.3,2.92,10.77,Limestone,37.87,10.36
VOLVE_15_9_F14,2753.24,20.96,87.8,448.9,5.06,10.34,Limestone,37.88,11.87
VOLVE_15_9_F14,2753.78,24.22,97.7,434.3,5.97,10.25,Limestone,37.91,10.35
VOLVE_15_9_F14,2754.65,22.95,100.4,459.1,5.15,10.73,Limestone,37.95,11.51
VOLVE_15_9_F14,2754.96,17.77,66.1,427.3,7.01,10.46,Limestone,37.99,10.03
VOLVE_15_9_F14,2755.17,23.46,79.0,469.4,3.45,10.6,Limestone,38.01,10.09
VOLVE_15_9_F14,2755.57,21.61,67.4,450.0,4.08,10.18,Limestone,38.02,10.64
VOLVE_15_9_F14,2756.2,22.16,85.6,382.2,5.66,10.05,Limestone,38.04,11.6
VOLVE_15_9_F14,2756.91,16.0,77.1,457.3,5.07,10.29,Limestone,38.07,9.73
VOLVE_15_9_F14,2757.75,21.03,78.2,488.2,5.18,10.4,Limestone,38.08,11.17
VOLVE_15_9_F14,2758.43,20.69,79.5,491.2,5.38,10.35,Limestone,38.11,10.31
VOLVE_15_9_F14,2758.73,19.3,78.8,419.7,4.15,10.35,Limestone,38.13,10.86
VOLVE_15_9_F14,2759.56,23.72,120.8,395.1,5.54,10.14,Limestone,38.14,10.05
VOLVE_15_9_F14,2759.77,16.95,53.9,499.0,3.07,10.46,Limestone,38.16,9.67
VOLVE_15_9_F14,2760.53,28.61,80.6,471.9,6.26,10.38,Limestone,38.19,12.96
VOLVE_15_9_F14,2761.15,18.25,60.5,416.6,2.5,10.09,Limestone,38.2,8.4
VOLVE_15_9_F14,2761.75,22.22,85.4,422.0,3.64,10.38,Limestone,38.22,9.67
VOLVE_15_9_F14,2762.54,21.59,61.7,456.6,5.92,10.4,Limestone,38.23,11.62
VOLVE_15_9_F14,2762.78,23.97,82.0,489.7,4.67,10.58,Limestone,38.27,11.41
VOLVE_15_9_F14,2763.31,25.23,72.0,441.9,8.24,10.34,Limestone,38.28,9.44
VOLVE_15_9_F14,2764.26,19.97,99.1,395.7,4.72,10.57,Limestone,38.3,10.17
VOLVE_15_9_F14,2764.47,21.5,60.6,379.1,4.29,10.55,Limestone,38.32,7.82
VOLVE_15_9_F14,2765.37,19.99,62.6,422.6,6.32,10.3,Limestone,38.34,9.36
VOLVE_15_9_F14,2766.09,18.65,65.7,421.9,5.84,10.53,Limestone,38.36,9.5
VOLVE_15_9_F14,2767.02,21.15,88.5,410.6,5.0,10.6,Limestone,38.39,10.88
VOLVE_15_9_F14,2767.25,21.0,86.0,511.9,5.07,10.59,Limestone,38.43,10.7
VOLVE_15_9_F14,2768.1,21.1,78.4,392.7,6.28,10.48,Limestone,38.46,11.71
VOLVE_15_9_F14,2768.72,20.13,92.4,425.7,5.44,10.41,Limestone,38.49,10.63
VOLVE_15_9_F14,2769.12,21.93,48.8,541.2,4.3,10.22,Limestone,38.52,7.87
VOLVE_15_9_F14,2769.7,23.03,79.2,423.3,5.04,10.6,Limestone,38.55,11.01
VOLVE_15_9_F14,2770.64,18.07,82.5,454.8,7.23,10.21,Limestone,38.58,10.28
VOLVE_15_9_F14,2771.19,22.63,85.5,512.0,4.94,10.4,Limestone,38.61,10.86
VOLVE_15_9_F14,2771.5,24.99,83.8,450.7,5.13,10.59,Limestone,38.64,11.86
VOLVE_15_9_F14,2771.75,17.9,86.6,470.9,4.86,10.28,Limestone,38.67,11.02
VOLVE_15_9_F14,2771.96,21.47,89.6,428.7,5.35,10.42,Limestone,38.69,9.68
VOLVE_15_9_F14,2772.33,22.23,112.0,420.7,4.79,10.19,Limestone,38.72,11.56
VOLVE_15_9_F14,2772.97,23.05,93.6,391.1,7.39,10.37,Limestone,38.75,12.38
VOLVE_15_9_F14,2773.45,23.34,60.2,446.9,,10.28,Limestone,38.78,10.07
VOLVE_15_9_F14,2774.35,24.11,95.4,470.6,6.2,10.31,Limestone,38.81,10.03
VOLVE_15_9_F14,2775.18,21.44,80.6,533.0,7.11,10.51,Limestone,38.85,11.43
VOLVE_15_9_F14,2775.75,18.61,74.3,,4.39,10.53,Limestone,38.9,9.27
VOLVE_15_9_F14,2776.14,20.21,61.1,503.3,5.22,10.34,Limestone,38.95,9.83
VOLVE_15_9_F14,2776.67,24.72,78.4,492.9,3.94,10.47,Limestone,38.96,9.82
VOLVE_15_9_F14,2777.38,18.91,85.8,425.9,4.07,10.36,Limestone,38.99,10.21
VOLVE_15_9_F14,2777.6,22.41,94.1,456.7,5.61,10.37,Limestone,39.01,10.37
VOLVE_15_9_F14,2778.51,23.23,66.3,457.2,4.62,10.25,Limestone,39.03,10.88
VOLVE_15_9_F14,2779.23,22.65,76.6,400.1,6.11,10.35,Limestone,39.07,11.59
VOLVE_15_9_F14,2780.2,23.44,75.4,445.5,4.65,10.13,Limestone,39.11,10.67
VOLVE_15_9_F14,2780.93,21.04,74.3,421.9,4.72,10.74,Limestone,39.14,8.88
VOLVE_15_9_F14,2781.42,20.87,60.0,446.3,4.05,10.61,Limestone,39.19,8.57
VOLVE_15_9_F14,2781.98,25.67,66.9,449.0,6.67,10.8,Limestone,39.22,10.51
VOLVE_15_9_F14,2782.18,26.06,78.3,453.5,5.31,10.6,Limestone,39.27,11.11
VOLVE_15_9_F14,2782.43,24.75,92.3,431.4,4.86,10.48,Limestone,39.3,10.43
VOLVE_15_9_F14,2782.71,22.5,79.4,413.1,4.19,10.1,Limestone,39.32,10.07
VOLVE_15_9_F14,2783.22,19.69,64.9,384.7,3.46,10.59,Limestone,39.33,9.61
VOLVE_15_9_F14,2783.65,21.48,78.9,492.7,5.96,10.63,Limestone,39.37,11.5
VOLVE_15_9_F14,2784.17,20.81,64.2,456.3,4.76,10.26,Limestone,39.41,9.69
VOLVE_15_9_F14,2784.7,23.89,94.0,496.4,9.11,10.51,Limestone,39.43,12.16
VOLVE_15_9_F14,2785.18,22.12,105.3,449.2,4.93,10.45,Limestone,39.46,10.87
VOLVE_15_9_F14,2785.79,22.6,84.3,454.7,3.45,10.42,Limestone,39.49,10.69
VOLVE_15_9_F14,2786.74,21.06,92.9,444.5,5.05,10.51,Limestone,39.51,9.81
VOLVE_15_9_F14,2787.36,14.91,72.1,440.7,7.16,10.5,Limestone,39.54,9.38
VOLVE_15_9_F14,2788.21,24.43,86.3,464.9,5.93,10.28,Limestone,39.57,12.27
VOLVE_15_9_F14,2789.04,21.0,81.9,443.2,5.03,10.58,Limestone,39.61,10.52
VOLVE_15_9_F14,2789.57,23.58,97.3,493.9,4.96,10.21,Limestone,39.65,11.58
VOLVE_15_9_F14,2789.96,20.31,73.4,510.9,4.55,10.51,Limestone,39.7,9.04
VOLVE_15_9_F14,2790.19,25.22,81.1,507.5,6.93,10.48,Limestone,39.74,11.44
VOLVE_15_9_F14,2790.43,19.82,65.7,517.2,3.77,10.32,Limestone,39.78,7.62
VOLVE_15_9_F14,2790.81,20.99,91.8,409.6,5.31,10.62,Limestone,39.79,10.8
VOLVE_15_9_F14,2791.71,21.21,72.7,503.6,5.18,10.15,Limestone,39.84,11.79
VOLVE_15_9_F14,2791.99,17.4,77.4,459.1,4.74,10.47,Limestone,39.89,8.96
VOLVE_15_9_F14,2792.85,22.2,68.7,459.6,4.66,10.46,Limestone,39.9,9.53
VOLVE_15_9_F14,2793.42,23.24,79.3,426.8,3.54,10.67,Limestone,39.95,10.83
VOLVE_15_9_F14,2794.14,22.23,92.8,440.5,5.66,10.53,Limestone,39.97,9.8
VOLVE_15_9_F14,2794.45,26.97,87.4,367.4,5.41,10.1,Limestone,0.01,18.46
VOLVE_15_9_F14,2795.29,18.95,101.2,477.8,6.71,10.36,Limestone,0.03,16.8
VOLVE_15_9_F14,2795.56,16.87,72.3,447.4,4.4,10.68,Limestone,0.08,15.6
VOLVE_15_9_F14,2796.18,18.21,82.2,434.8,4.81,10.41,Limestone,0.13,15.79
VOLVE_15_9_F14,2796.46,21.4,99.3,509.0,5.61,10.27,Limestone,0.17,15.62
VOLVE_15_9_F14,2797.34,24.19,68.0,456.0,5.77,10.42,Limestone,0.18,15.87
VOLVE_15_9_F14,2798.01,21.63,100.1,418.6,3.29,10.68,Limestone,0.19,16.74
VOLVE_15_9_F14,2798.65,19.96,105.0,454.9,5.75,10.31,Limestone,0.23,19.6
VOLVE_15_9_F14,2799.07,24.94,65.6,524.1,3.19,10.28,Limestone,0.27,16.94
VOLVE_15_9_F14,2799.68,20.91,118.8,450.4,5.22,10.4,Limestone,0.29,17.43
VOLVE_15_9_F14,2799.89,17.77,78.1,487.9,5.54,10.34,Limestone,0.3,16.37
VOLVE_15_9_F14,2800.48,23.7,56.9,426.7,7.47,10.54,Limestone,0.33,13.03
VOLVE_15_9_F14,2800.85,22.82,65.7,475.4,3.85,10.38,Limestone,0.38,17.63
VOLVE_15_9_F14,2801.76,21.8,79.9,463.8,4.16,10.49,Limestone,0.43,17.41
VOLVE_15_9_F14,2802.18,25.26,76.0,455.7,3.39,10.68,Limestone,0.47,16.56
VOLVE_15_9_F14,2802.79,20.95,70.4,436.1,4.07,10.29,Limestone,0.51,16.67
VOLVE_15_9_F14,2802.99,21.91,63.6,444.3,7.68,10.59,Limestone,0.55,16.69
VOLVE_15_9_F14,2803.79,18.78,61.1,380.2,2.7,10.57,Limestone,0.6,14.04
VOLVE_15_9_F14,2804.12,19.46,107.0,391.0,1.62,10.25,Limestone,0.65,16.98
VOLVE_15_9_F14,2805.12,20.04,87.5,393.3,6.17,10.64,Limestone,0.68,16.16
VOLVE_15_9_F14,2805.55,22.95,97.3,394.6,6.56,10.25,Limestone,0.7,17.94
VOLVE_15_9_F14,2806.28,19.53,68.2,444.2,4.84,10.22,Limestone,0.74,16.2
VOLVE_15_9_F14,2807.25,20.99,76.3,435.4,5.19,10.31,Limestone,0.76,16.07
VOLVE_15_9_F14,2808.06,20.67,67.0,413.4,5.81,10.32,Limestone,0.78,15.81
VOLVE_15_9_F14,2808.53,21.1,74.8,503.6,5.99,10.38,Limestone,0.81,15.7
VOLVE_15_9_F14,2809.47,19.33,98.2,444.7,3.99,10.27,Limestone,0.86,15.34
VOLVE_15_9_F14,2809.84,20.72,75.8,491.1,3.5,10.52,Limestone,0.89,14.56
VOLVE_15_9_F14,2810.55,18.36,80.8,396.4,3.66,10.42,Limestone,0.9,15.69
VOLVE_15_9_F14,2811.35,21.15,72.3,472.2,4.06,10.46,Limestone,0.93,15.89
VOLVE_15_9_F14,2811.83,21.18,93.9,494.8,6.18,10.54,Limestone,0.95,16.46
VOLVE_15_9_F14,2812.7,21.43,73.8,471.4,6.3,10.67,Limestone,0.96,16.24
VOLVE_15_9_F14,2813.27,22.65,101.4,437.6,5.15,10.37,Limestone,0.98,16.69
VOLVE_15_9_F14,2814.16,25.78,77.1,444.0,5.82,10.35,Limestone,1.01,17.82
VOLVE_15_9_F14,2814.53,17.11,119.3,469.0,5.22,10.56,Limestone,1.03,17.93
VOLVE_15_9_F14,2815.45,20.33,100.9,457.7,4.34,10.63,Limestone,1.07,18.28
VOLVE_15_9_F14,2816.08,18.98,82.2,499.1,3.88,10.45,Limestone,1.1,16.12
VOLVE_15_9_F14,2816.62,22.05,84.0,417.8,5.32,10.45,Limestone,1.13,16.54
VOLVE_15_9_F14,2817.01,23.04,103.5,493.9,6.53,10.41,Limestone,1.14,16.93
VOLVE_15_9_F14,2817.29,18.24,87.8,467.2,5.45,10.35,Limestone,1.15,14.93
VOLVE_15_9_F14,2817.72,22.07,92.0,463.4,5.12,10.38,Limestone,1.18,18.78
VOLVE_15_9_F14,2818.24,23.44,114.7,448.2,7.5,10.43,Limestone,1.2,19.03
VOLVE_15_9_F14,2818.92,22.34,86.0,497.9,7.18,10.54,Limestone,1.23,18.82
VOLVE_15_9_F14,2819.7,20.43,51.4,420.0,2.8,10.57,Limestone,1.26,12.22
VOLVE_15_9_F14,2819.93,22.97,85.5,409.4,3.93,10.3,Limestone,1.29,16.65
VOLVE_15_9_F14,2820.9,20.65,100.5,456.5,3.63,10.45,Limestone,1.32,15.3
VOLVE_15_9_F14,2821.29,23.55,87.7,427.9,6.52,10.33,Limestone,1.37,15.24
VOLVE_15_9_F14,2822.04,22.17,65.6,467.2,4.64,10.4,Limestone,1.41,15.04
VOLVE_15_9_F14,2822.88,20.82,81.7,531.4,5.17,10.46,Limestone,1.43,18.87
VOLVE_15_9_F14,2823.42,18.15,105.2,458.5,5.94,10.59,Limestone,1.44,15.9
VOLVE_15_9_F14,2823.97,21.34,,463.4,4.83,10.42,Limestone,1.49,16.89
VOLVE_15_9_F14,2824.21,18.62,57.1,518.7,3.76,10.51,Limestone,1.54,14.56
VOLVE_15_9_F14,2824.73,18.58,70.4,470.8,3.41,10.28,Limestone,1.57,16.61
VOLVE_15_9_F14,2825.68,20.43,100.1,497.8,5.06,10.27,Limestone,1.61,18.22
VOLVE_15_9_F14,2826.18,21.11,52.2,444.6,5.64,10.4,Limestone,1.65,16.38
VOLVE_15_9_F14,2827.09,18.32,84.7,453.1,2.89,10.94,Limestone,1.66,14.77
VOLVE_15_9_F14,2827.86,20.9,90.4,428.6,4.65,10.32,Limestone,1.7,16.94
VOLVE_15_9_F14,2828.76,20.72,83.0,473.6,2.79,10.47,Limestone,1.73,16.31
VOLVE_15_9_F14,2829.12,19.82,60.7,474.6,5.8,10.5,Limestone,1.76,17.83
VOLVE_15_9_F14,2829.85,20.68,84.9,483.9,3.14,10.45,Limestone,1.8,17.37
VOLVE_15_9_F14,2830.13,22.93,66.6,472.6,3.13,10.35,Limestone,1.83,15.88
VOLVE_15_9_F14,2830.72,20.35,85.1,449.8,6.11,10.53,Limestone,1.87,18.59
VOLVE_15_9_F14,2831.5,22.78,69.6,477.4,4.32,10.31,Limestone,1.91,18.59
VOLVE_15_9_F14,2831.83,21.13,87.9,514.4,3.04,10.5,Limestone,1.95,16.33
VOLVE_15_9_F14,2832.8,23.88,82.2,460.6,6.02,10.36,Limestone,1.99,17.69
VOLVE_15_9_F14,2833.38,23.36,64.0,402.3,5.2,10.59,Limestone,2.0,15.18
VOLVE_15_9_F14,2833.93,20.8,91.2,416.0,7.57,10.18,Limestone,2.04,15.44
VOLVE_15_9_F14,2834.84,19.64,80.7,465.2,3.51,10.43,Limestone,2.08,16.01
VOLVE_15_9_F14,2835.73,22.56,87.7,421.1,4.16,10.28,Limestone,2.11,13.64
VOLVE_15_9_F14,2836.66,20.04,85.8,435.5,4.2,10.57,Limestone,2.16,16.06
VOLVE_15_9_F14,2837.4,17.43,97.9,434.4,6.21,10.57,Limestone,2.18,16.03
VOLVE_15_9_F14,2838.13,23.19,91.5,471.5,3.08,10.05,Limestone,2.19,17.36
VOLVE_15_9_F14,2838.51,19.82,89.0,519.1,4.68,10.26,Limestone,2.21,16.72
VOLVE_15_9_F14,2839.31,16.18,54.4,396.1,4.56,10.59,Limestone,2.26,12.65
VOLVE_15_9_F14,2840.0,21.17,76.3,496.6,6.45,10.43,Limestone,2.3,14.93
VOLVE_15_9_F14,2840.48,23.7,43.3,494.9,3.71,10.54,Limestone,2.33,13.2
VOLVE_15_9_F14,2841.45,19.89,60.4,466.3,5.0,10.44,Limestone,2.38,15.03
VOLVE_15_9_F14,2842.04,20.5,98.6,447.4,4.53,10.47,Limestone,2.42,16.74
VOLVE_15_9_F14,2842.82,22.62,74.1,486.1,3.63,10.6,Limestone,2.46,17.17
VOLVE_15_9_F14,2843.55,20.24,98.2,458.0,5.12,10.27,Limestone,2.51,16.4
VOLVE_15_9_F14,2843.76,21.12,69.2,449.2,4.56,10.38,Limestone,2.56,14.52
VOLVE_15_9_F14,2844.33,23.61,78.9,383.3,5.87,10.29,Limestone,2.59,16.17
VOLVE_15_9_F14,2845.01,23.07,83.2,474.1,7.65,10.49,Limestone,2.63,15.24
VOLVE_15_9_F14,2846.01,21.95,104.2,511.5,6.02,10.25,Limestone,2.68,18.34
VOLVE_15_9_F14,2846.34,17.22,96.1,399.8,4.94,10.59,Limestone,2.73,15.99
VOLVE_15_9_F14,2847.08,22.85,73.6,420.3,5.77,10.37,Limestone,2.75,17.59
VOLVE_15_9_F14,2847.63,20.4,73.7,436.9,4.0,10.53,Limestone,2.77,15.72
VOLVE_15_9_F14,2848.21,22.62,83.9,444.5,6.19,10.34,Limestone,2.79,15.79
VOLVE_15_9_F14,2848.53,17.6,116.9,427.0,4.49,10.57,Limestone,2.81,15.39
VOLVE_15_9_F14,2849.16,23.74,82.4,506.4,5.71,10.63,Limestone,2.82,17.02
VOLVE_15_9_F14,2849.39,19.3,69.0,535.4,4.45,10.56,Limestone,2.86,14.91
VOLVE_15_9_F14,2849.93,22.48,69.7,464.5,4.69,10.32,Limestone,2.89,15.02
VOLVE_15_9_F14,2850.45,23.73,78.6,429.1,7.17,10.67,Limestone,2.92,16.15
VOLVE_15_9_F14,2850.79,22.38,86.1,462.0,4.17,10.55,Limestone,2.93,17.49
VOLVE_15_9_F14,2851.79,22.37,67.8,410.7,5.55,10.36,Limestone,2.96,16.08
VOLVE_15_9_F14,2852.56,21.63,95.6,447.1,4.81,10.49,Limestone,2.97,17.58
VOLVE_15_9_F14,2853.52,18.36,71.5,477.4,5.75,10.68,Limestone,3.0,14.2
VOLVE_15_9_F14,2854.32,24.73,100.9,481.7,4.1,10.32,Limestone,3.05,19.47
VOLVE_15_9_F14,2854.91,24.16,85.3,477.9,4.99,10.31,Limestone,3.1,17.5
VOLVE_15_9_F14,2855.6,20.47,76.4,436.8,3.82,10.43,Limestone,3.12,15.7
VOLVE_15_9_F14,2855.94,12.85,,460.8,5.59,10.24,Limestone,3.15,11.71
VOLVE_15_9_F14,2856.26,23.94,76.1,441.5,6.79,10.47,Limestone,3.17,14.2
VOLVE_15_9_F14,2856.85,16.88,81.7,490.7,3.84,10.56,Limestone,3.2,16.47
VOLVE_15_9_F14,2857.21,22.76,82.4,472.2,3.84,10.48,Limestone,3.23,16.94
VOLVE_15_9_F14,2858.02,19.61,90.5,521.9,4.53,10.34,Limestone,3.25,15.71
VOLVE_15_9_F14,2858.46,22.63,75.9,468.7,6.09,10.59,Limestone,3.28,18.51
VOLVE_15_9_F14,2858.73,18.92,90.7,421.4,5.36,10.43,Limestone,3.32,15.74
VOLVE_15_9_F14,2859.4,21.45,68.1,407.2,4.44,10.33,Limestone,3.36,14.79
VOLVE_15_9_F14,2860.05,17.17,96.8,462.0,6.32,10.49,Limestone,3.38,14.97
VOLVE_15_9_F14,2860.45,21.48,97.0,362.4,5.77,10.63,Limestone,3.39,15.44
VOLVE_15_9_F14,2860.76,21.43,86.8,439.4,4.18,10.37,Limestone,3.43,14.67
VOLVE_15_9_F14,2861.46,23.24,93.4,432.2,2.97,10.69,Limestone,3.47,15.98
VOLVE_15_9_F14,2862.25,20.25,77.5,423.5,7.43,10.47,Limestone,3.49,15.68
VOLVE_15_9_F14,2862.6,22.16,79.3,461.2,4.82,10.47,Limestone,3.53,16.87
VOLVE_15_9_F14,2863.4,20.46,78.4,414.1,2.14,10.47,Limestone,3.57,13.21
VOLVE_15_9_F14,2864.12,22.59,101.5,392.3,5.9,10.37,Limestone,3.6,16.01
VOLVE_15_9_F14,2864.94,22.44,85.0,475.1,3.27,10.26,Limestone,3.63,15.39
VOLVE_15_9_F14,2865.2,23.66,70.5,440.8,6.71,10.75,Limestone,3.66,16.95
VOLVE_15_9_F14,2866.17,18.53,81.1,468.9,6.34,10.28,Limestone,3.69,16.46
VOLVE_15_9_F14,2866.9,21.24,74.9,462.5,4.75,10.64,Limestone,3.72,13.74
VOLVE_15_9_F14,2867.3,22.18,84.7,476.7,3.93,10.72,Limestone,3.76,15.93
VOLVE_15_9_F14,2868.2,26.02,79.6,464.0,6.11,10.35,Limestone,3.78,18.89
VOLVE_15_9_F14,2868.87,26.43,61.7,478.8,6.75,10.55,Limestone,3.8,17.11
VOLVE_15_9_F14,2869.2,18.08,65.9,523.3,4.49,10.56,Limestone,3.81,14.54
VOLVE_15_9_F14,2870.08,19.94,76.5,468.8,4.48,10.56,Limestone,3.82,15.91
VOLVE_15_9_F14,2870.86,15.24,102.7,477.9,4.01,10.36,Limestone,3.84,16.1
VOLVE_15_9_F14,2871.28,26.98,54.6,460.0,4.83,10.4,Limestone,3.88,17.47
VOLVE_15_9_F14,2871.92,22.28,88.0,379.8,5.13,10.58,Limestone,3.93,15.55
VOLVE_15_9_F14,2872.44,22.94,106.2,450.1,5.06,10.21,Limestone,3.96,18.86
VOLVE_15_9_F14,2872.64,20.7,97.3,509.3,4.16,10.16,Limestone,3.98,16.43
VOLVE_15_9_F14,2873.22,21.48,82.4,475.0,7.15,10.47,Limestone,4.02,15.99
VOLVE_15_9_F14,2873.61,24.32,79.4,436.3,5.09,10.44,Limestone,4.07,16.29
VOLVE_15_9_F14,2873.94,,92.4,470.5,4.45,10.48,Limestone,4.09,16.1
VOLVE_15_9_F14,2874.21,18.67,105.4,411.2,5.5,10.35,Limestone,4.12,16.72
VOLVE_15_9_F14,2874.59,20.9,93.6,483.3,5.57,10.58,Limestone,4.16,16.59
VOLVE_15_9_F14,2875.4,21.53,85.6,436.2,5.14,10.59,Limestone,4.19,15.57
VOLVE_15_9_F14,2875.88,22.89,101.0,462.5,4.21,10.48,Limestone,4.23,16.22
VOLVE_15_9_F14,2876.19,21.55,85.5,414.9,5.21,10.26,Limestone,4.25,16.65
VOLVE_15_9_F14,2876.53,19.39,84.2,464.3,5.18,10.62,Limestone,4.29,15.62
VOLVE_15_9_F14,2877.25,20.56,92.3,359.6,5.62,10.2,Limestone,4.31,16.09
VOLVE_15_9_F14,2877.77,21.95,73.2,438.4,5.39,10.27,Limestone,4.35,16.19
VOLVE_15_9_F14,2878.47,23.17,127.7,425.1,6.22,10.57,Limestone,4.37,19.17
VOLVE_15_9_F14,2878.71,24.01,85.2,426.5,4.15,10.29,Limestone,4.41,17.63
VOLVE_15_9_F14,2879.5,20.83,80.0,318.0,8.12,10.35,Limestone,4.43,15.95
VOLVE_15_9_F14,2880.47,19.75,95.5,428.1,5.75,10.48,Limestone,4.47,15.81
VOLVE_15_9_F14,2881.3,19.28,99.2,466.1,6.13,10.6,Limestone,4.5,15.07
VOLVE_15_9_F14,2882.07,24.45,72.5,419.9,6.02,10.55,Limestone,4.52,15.52
VOLVE_15_9_F14,2882.43,20.44,57.2,474.1,4.55,10.66,Limestone,4.55,14.31
VOLVE_15_9_F14,2882.96,19.62,77.8,491.5,3.73,10.39,Limestone,4.6,14.75
VOLVE_15_9_F14,2883.28,21.95,87.1,467.3,5.02,10.33,Limestone,4.64,17.01
VOLVE_15_9_F14,2884.09,25.57,71.7,470.9,4.23,10.27,Limestone,4.65,16.5
VOLVE_15_9_F14,2884.88,19.23,82.4,466.2,3.14,10.48,Limestone,4.7,14.43
VOLVE_15_9_F14,2885.18,23.02,80.9,477.3,7.79,10.5,Limestone,4.74,18.02
VOLVE_15_9_F14,2885.98,20.41,58.2,428.5,5.68,10.83,Limestone,4.76,14.79
VOLVE_15_9_F14,2886.64,21.82,92.7,421.1,5.47,10.55,Limestone,4.8,16.44
VOLVE_15_9_F14,2887.62,23.58,96.3,422.2,5.64,10.21,Limestone,4.83,18.03
VOLVE_15_9_F14,2888.61,24.59,85.7,482.3,6.23,10.64,Limestone,4.87,16.24
VOLVE_15_9_F14,2888.88,20.23,88.6,421.6,4.99,10.34,Limestone,4.89,15.09
VOLVE_15_9_F14,2889.75,23.43,73.0,443.5,4.46,10.27,Limestone,4.94,15.56
VOLVE_15_9_F14,2890.08,22.15,81.0,438.2,6.83,10.62,Limestone,4.96,16.56
VOLVE_15_9_F14,2890.72,22.57,92.9,462.3,4.31,10.59,Limestone,4.99,16.78
VOLVE_15_9_F14,2891.32,24.65,62.3,480.2,6.56,10.63,Limestone,5.03,19.04
VOLVE_15_9_F14,2891.74,19.79,67.4,480.2,4.81,10.37,Limestone,5.07,13.88
VOLVE_15_9_F14,2892.52,23.51,61.4,383.7,5.32,10.8,Limestone,5.08,14.64
VOLVE_15_9_F14,2893.14,21.96,108.0,469.1,5.16,10.6,Limestone,5.11,16.73
VOLVE_15_9_F14,2893.84,24.53,78.6,453.4,3.99,10.32,Limestone,5.13,16.68
VOLVE_15_9_F14,2894.6,22.6,104.3,462.2,4.69,10.8,Limestone,5.14,17.47
VOLVE_15_9_F14,2895.12,21.2,81.7,441.8,5.47,10.55,Limestone,5.17,15.9
VOLVE_15_9_F14,2895.35,23.76,109.7,423.2,4.72,10.46,Limestone,5.2,17.4
VOLVE_15_9_F14,2895.76,20.16,101.2,493.9,4.28,10.38,Limestone,5.23,16.1
VOLVE_15_9_F14,2896.1,20.58,72.5,447.1,5.78,9.98,Limestone,5.26,17.17
VOLVE_15_9_F14,2896.9,19.71,84.5,504.1,5.5,10.58,Limestone,5.28,15.26
VOLVE_15_9_F14,2897.3,20.02,67.7,454.0,3.23,10.37,Limestone,5.29,11.45
VOLVE_15_9_F14,2897.79,14.75,92.7,455.0,6.11,10.43,Limestone,5.32,13.9
VOLVE_15_9_F14,2898.35,20.32,98.9,427.5,6.81,10.45,Limestone,5.37,18.54
VOLVE_15_9_F14,2899.22,21.41,110.9,454.6,5.26,10.34,Limestone,5.4,15.81
VOLVE_15_9_F14,2900.09,23.5,103.4,492.3,3.59,10.54,Limestone,5.42,17.45
VOLVE_15_9_F14,2900.47,19.3,89.2,450.2,3.37,10.34,Limestone,5.44,14.58
VOLVE_15_9_F14,2901.0,20.35,88.1,463.7,4.45,10.23,Limestone,5.46,16.42
VOLVE_15_9_F14,2901.39,21.16,79.1,520.5,6.5,10.48,Limestone,5.49,17.36
VOLVE_15_9_F14,2902.37,23.52,110.1,407.5,5.93,10.38,Limestone,5.5,16.71
VOLVE_15_9_F14,2903.0,22.06,69.8,418.2,3.55,10.17,Limestone,5.52,16.45
VOLVE_15_9_F14,2903.2,22.55,67.2,467.8,6.77,10.28,Limestone,5.57,16.86
VOLVE_15_9_F14,2903.47,23.82,66.3,387.2,5.07,10.49,Limestone,5.6,15.26
VOLVE_15_9_F14,2904.36,22.87,98.9,476.2,6.49,10.49,Limestone,5.61,17.11
VOLVE_15_9_F14,2904.88,20.11,97.2,423.7,4.87,10.68,Limestone,5.62,15.24
VOLVE_15_9_F14,2905.8,25.9,89.4,437.7,3.35,10.64,Limestone,5.67,15.77
VOLVE_15_9_F14,2906.53,16.87,87.4,489.6,2.7,10.53,Limestone,5.71,13.51
VOLVE_15_9_F14,2907.16,23.87,65.0,405.5,4.1,10.36,Limestone,5.73,15.55
VOLVE_15_9_F14,2908.01,22.73,86.8,376.0,5.7,10.39,Limestone,5.75,15.96
VOLVE_15_9_F14,2908.79,24.75,101.2,371.0,6.25,10.54,Limestone,5.8,17.09
VOLVE_15_9_F14,2909.46,21.05,66.5,467.1,7.12,10.62,Limestone,5.83,16.16
VOLVE_15_9_F14,2909.73,20.4,64.4,489.4,4.77,10.55,Limestone,5.87,14.71
VOLVE_15_9_F14,2910.57,18.89,87.4,412.8,4.89,10.4,Limestone,5.89,16.28
VOLVE_15_9_F14,2911.43,18.99,94.2,498.2,3.95,10.5,Limestone,5.94,13.98
VOLVE_15_9_F14,2912.35,21.23,95.0,453.0,6.43,10.43,Limestone,5.97,18.08
VOLVE_15_9_F14,2912.63,19.55,100.9,457.1,7.01,10.15,Limestone,6.01,16.28
VOLVE_15_9_F14,2913.61,19.88,85.1,492.5,4.31,10.44,Limestone,6.03,14.89
VOLVE_15_9_F14,2914.16,19.01,57.9,384.2,4.43,10.41,Limestone,6.05,13.37
VOLVE_15_9_F14,2914.53,24.24,90.5,481.3,5.95,10.59,Limestone,6.08,18.44
VOLVE_15_9_F14,2915.3,19.85,100.5,381.6,4.32,10.31,Limestone,6.1,14.67
VOLVE_15_9_F14,2916.12,22.67,73.4,390.2,3.0,10.32,Limestone,6.12,14.93
VOLVE_15_9_F14,2916.32,21.35,80.7,396.5,5.3,10.63,Limestone,6.15,13.81
VOLVE_15_9_F14,2916.78,22.53,50.1,478.3,5.46,10.33,Limestone,6.19,14.91
VOLVE_15_9_F14,2917.36,21.01,78.5,480.6,3.94,10.37,Limestone,6.22,16.64
VOLVE_15_9_F14,2918.24,23.61,106.7,489.1,5.7,10.55,Limestone,6.26,17.64
VOLVE_15_9_F14,2918.45,23.21,76.0,452.1,7.7,10.58,Limestone,6.31,15.62
VOLVE_15_9_F14,2919.25,24.7,66.9,438.5,6.54,10.68,Limestone,6.32,15.1
VOLVE_15_9_F14,2920.2,20.03,112.1,473.5,6.08,10.42,Limestone,6.36,16.92
VOLVE_15_9_F14,2921.15,19.57,91.9,447.4,4.49,10.43,Limestone,6.4,15.79
VOLVE_15_9_F14,2921.53,20.71,89.8,461.5,5.96,10.45,Limestone,6.43,16.78
VOLVE_15_9_F14,2922.22,21.97,85.0,450.2,3.28,10.38,Limestone,6.45,14.52
VOLVE_15_9_F14,2922.81,23.01,72.6,450.9,5.03,10.54,Limestone,6.48,14.85
VOLVE_15_9_F14,2923.5,20.13,78.7,534.4,4.36,10.43,Limestone,6.52,16.97
VOLVE_15_9_F14,2924.14,22.2,107.6,489.3,6.51,10.29,Limestone,6.57,17.83
VOLVE_15_9_F14,2925.06,21.24,72.4,472.3,2.38,10.21,Limestone,6.6,15.07
VOLVE_15_9_F14,2925.85,21.04,103.2,437.8,8.45,10.46,Limestone,6.64,17.38
VOLVE_15_9_F14,2926.48,21.68,87.9,455.6,4.74,10.57,Limestone,6.68,13.32
VOLVE_15_9_F14,2927.48,25.46,88.0,492.4,7.54,10.37,Limestone,6.71,17.98
VOLVE_15_9_F14,2928.43,23.69,57.6,460.4,5.86,10.28,Limestone,6.74,17.53
VOLVE_15_9_F14,2928.75,24.34,89.1,437.1,5.91,10.71,Limestone,6.76,16.32
VOLVE_15_9_F14,2929.46,22.62,81.7,386.5,5.54,10.42,Limestone,6.77,15.53
VOLVE_15_9_F14,2930.41,26.12,58.5,438.4,5.32,10.61,Limestone,6.8,14.65
VOLVE_15_9_F14,2931.28,23.95,83.3,480.5,4.82,10.63,Limestone,6.81,15.2
VOLVE_15_9_F14,2932.2,18.17,76.3,402.8,5.28,10.7,Limestone,6.84,13.59
VOLVE_15_9_F14,2932.89,23.55,86.6,511.8,5.17,10.47,Limestone,6.89,17.55
VOLVE_15_9_F14,2933.16,22.58,69.9,463.0,5.73,10.26,Limestone,6.92,16.08
VOLVE_15_9_F14,2933.37,23.29,67.4,509.3,5.6,10.19,Limestone,6.97,14.92
VOLVE_15_9_F14,2933.81,17.99,84.1,450.0,4.4,10.44,Limestone,7.02,14.0
VOLVE_15_9_F14,2934.5,18.08,76.7,365.1,4.17,10.73,Limestone,7.05,12.93
VOLVE_15_9_F14,2935.44,21.5,77.6,437.2,5.42,10.49,Limestone,7.07,15.25
VOLVE_15_9_F14,2935.96,17.35,64.4,426.3,5.03,10.68,Limestone,7.09,13.11
VOLVE_15_9_F14,2936.66,23.5,81.8,418.5,4.75,10.33,Limestone,7.11,15.51
VOLVE_15_9_F14,2937.29,22.12,92.3,471.9,4.16,10.7,Limestone,7.13,14.78
VOLVE_15_9_F14,2937.68,26.62,86.8,416.3,6.0,10.58,Limestone,7.15,18.07
VOLVE_15_9_F14,2938.13,22.69,77.1,394.9,5.62,10.5,Limestone,7.2,15.35
VOLVE_15_9_F14,2938.63,23.49,58.0,427.2,5.12,10.62,Limestone,7.25,13.77
VOLVE_15_9_F14,2939.44,23.21,69.9,485.7,5.02,10.39,Limestone,7.29,14.59
VOLVE_15_9_F14,2940.17,21.96,71.5,441.7,6.0,10.55,Limestone,7.33,14.57
VOLVE_15_9_F14,2940.75,22.06,95.2,416.0,4.25,10.35,Limestone,7.37,16.82
VOLVE_15_9_F14,2941.75,21.63,94.7,435.8,4.36,10.39,Limestone,7.42,17.2
VOLVE_15_9_F14,2942.18,15.8,87.3,495.6,4.04,10.34,Limestone,7.47,13.67
VOLVE_15_9_F14,2942.97,24.58,77.4,471.3,5.23,10.35,Limestone,7.5,15.49
VOLVE_15_9_F14,2943.26,24.6,102.2,473.2,4.99,10.22,Limestone,7.53,15.34
VOLVE_15_9_F14,2943.82,23.93,92.1,470.7,4.8,10.82,Limestone,7.56,14.45
VOLVE_15_9_F14,2944.64,22.0,51.5,385.7,5.84,10.3,Limestone,7.58,13.73
VOLVE_15_9_F14,2945.23,21.44,106.4,446.8,5.43,10.64,Limestone,7.6,15.72
VOLVE_15_9_F14,2945.89,18.95,80.2,492.0,5.87,10.23,Limestone,7.62,14.69
VOLVE_15_9_F14,2946.48,18.66,96.7,364.2,5.14,10.4,Limestone,7.66,14.0
VOLVE_15_9_F14,2946.86,20.3,89.7,373.9,4.32,,Limestone,7.7,15.0
VOLVE_15_9_F14,2947.75,22.3,63.3,408.5,6.28,10.7,Limestone,7.72,14.43
VOLVE_15_9_F14,2948.49,22.73,75.6,421.6,4.7,10.53,Limestone,7.75,15.92
VOLVE_15_9_F14,2949.28,20.51,53.7,453.1,5.06,10.32,Limestone,7.77,16.23
VOLVE_15_9_F14,2950.24,18.54,71.0,399.6,5.62,10.45,Limestone,7.79,12.65
VOLVE_15_9_F14,2950.99,20.14,84.8,471.6,4.86,10.66,Limestone,7.81,13.7
VOLVE_15_9_F14,2951.24,21.51,83.6,540.8,4.89,10.64,Limestone,7.84,17.39
VOLVE_15_9_F14,2951.95,17.9,72.6,428.6,3.76,10.38,Limestone,7.87,13.53
VOLVE_15_9_F14,2952.55,22.27,78.8,395.1,5.31,10.26,Limestone,7.88,15.82
VOLVE_15_9_F14,2952.93,25.84,84.3,434.3,4.67,10.39,Limestone,7.9,14.95
VOLVE_15_9_F14,2953.6,19.81,92.7,473.2,4.84,10.59,Limestone,7.91,14.12
VOLVE_15_9_F14,2954.34,27.12,73.2,457.6,5.11,10.22,Limestone,7.95,16.89
VOLVE_15_9_F14,2954.99,20.06,80.4,481.0,4.33,10.46,Limestone,7.99,13.65
VOLVE_15_9_F14,2955.31,21.26,63.8,440.4,5.18,10.3,Limestone,8.02,15.71
VOLVE_15_9_F14,2956.02,23.03,64.3,464.6,6.4,10.41,Limestone,8.07,15.83
VOLVE_15_9_F14,2956.24,21.71,99.6,554.2,6.38,10.56,Limestone,8.1,16.17
VOLVE_15_9_F14,2956.57,17.59,105.5,435.6,2.83,10.48,Limestone,8.14,16.15
VOLVE_15_9_F14,2957.41,22.46,85.7,451.1,5.35,10.59,Limestone,8.17,15.9
VOLVE_15_9_F14,2958.0,22.03,77.7,469.6,7.81,10.67,Limestone,8.22,15.28
VOLVE_15_9_F14,2958.67,21.18,75.5,551.5,5.14,11.05,Limestone,8.23,15.21
VOLVE_15_9_F14,2959.14,22.02,100.9,485.8,5.09,10.62,Limestone,8.24,14.22
VOLVE_15_9_F14,2959.8,22.94,40.0,455.8,6.19,10.58,Limestone,8.27,11.91
VOLVE_15_9_F14,2960.03,19.62,116.7,433.2,5.48,10.39,Limestone,8.31,16.55
VOLVE_15_9_F14,2960.24,23.18,83.8,505.5,6.74,10.62,Limestone,8.35,16.26
VOLVE_15_9_F14,2961.17,20.32,44.4,448.1,4.29,10.72,Limestone,8.38,14.06
VOLVE_15_9_F14,2961.6,25.68,119.5,512.6,6.6,10.39,Limestone,8.4,18.56
VOLVE_15_9_F14,2962.44,24.45,46.5,441.1,4.13,10.4,Limestone,8.42,12.51
VOLVE_15_9_F14,2963.05,19.36,48.7,427.7,5.67,10.39,Limestone,8.47,11.82
VOLVE_15_9_F14,2963.31,24.93,69.1,393.3,5.22,10.29,Limestone,8.49,14.01
VOLVE_15_9_F14,2963.56,22.87,80.2,472.1,5.41,10.49,Limestone,8.53,14.84
VOLVE_15_9_F14,2963.81,23.18,100.6,379.1,6.71,10.29,Limestone,8.55,16.07
VOLVE_15_9_F14,2964.41,21.4,77.4,501.7,5.64,10.47,Limestone,8.57,16.46
VOLVE_15_9_F14,2964.88,21.0,70.5,394.1,4.74,10.54,Limestone,8.61,14.62
VOLVE_15_9_F14,2965.86,21.19,78.0,378.7,3.41,10.53,Limestone,8.64,15.31
VOLVE_15_9_F14,2966.15,19.48,77.9,449.7,4.79,10.41,Limestone,8.67,14.73
VOLVE_15_9_F14,2966.67,17.19,104.2,489.8,4.68,10.26,Limestone,8.72,14.58
VOLVE_15_9_F14,2966.88,20.27,98.4,446.8,5.32,10.67,Limestone,8.73,13.85
VOLVE_15_9_F14,2967.57,20.26,73.5,482.1,4.67,10.22,Limestone,8.75,15.28
VOLVE_15_9_F14,2967.85,19.15,77.4,464.4,6.39,10.51,Limestone,8.78,14.42
VOLVE_15_9_F14,2968.59,23.33,54.7,478.9,5.56,10.71,Limestone,8.83,14.96
VOLVE_15_9_F14,2969.36,22.49,92.1,514.6,4.99,10.5,Limestone,8.86,15.49
VOLVE_15_9_F14,2970.35,20.4,81.8,423.4,5.89,10.68,Limestone,8.89,16.15
VOLVE_15_9_F14,2970.73,21.1,88.4,457.8,6.95,10.57,Limestone,8.9,17.13
VOLVE_15_9_F14,2971.46,22.44,92.0,373.5,4.64,10.28,Limestone,8.93,14.27
VOLVE_15_9_F14,2971.9,20.07,105.9,506.4,5.12,10.69,Limestone,8.94,16.21
VOLVE_15_9_F14,2972.34,15.5,76.7,438.0,3.73,10.4,Limestone,8.97,11.62
VOLVE_15_9_F14,2973.23,24.88,83.4,453.9,5.93,10.43,Limestone,9.01,15.05
VOLVE_15_9_F14,2974.14,21.61,106.1,438.7,8.04,10.59,Limestone,9.05,15.32
VOLVE_15_9_F14,2974.56,22.57,80.0,424.5,6.65,10.35,Limestone,9.08,14.58
VOLVE_15_9_F14,2975.24,22.33,81.2,481.8,4.85,10.63,Limestone,9.11,14.99
VOLVE_15_9_F14,2976.03,18.3,122.2,474.4,6.25,10.56,Limestone,9.15,14.97
VOLVE_15_9_F14,2976.5,20.19,81.9,429.5,6.52,10.74,Limestone,9.19,14.68
VOLVE_15_9_F14,2976.82,21.87,108.6,521.0,3.64,10.66,Limestone,9.23,14.52
VOLVE_15_9_F14,2977.68,21.41,74.2,485.9,3.84,10.46,Limestone,9.26,15.56
VOLVE_15_9_F14,2978.29,19.08,75.7,516.1,5.97,10.43,Limestone,9.31,13.66
VOLVE_15_9_F14,2978.72,22.77,52.5,377.0,3.07,10.38,Limestone,9.36,12.89
VOLVE_15_9_F14,2978.94,23.34,91.7,426.6,5.56,10.46,Limestone,9.4,15.06
VOLVE_15_9_F14,2979.82,20.97,93.3,490.6,6.16,10.36,Limestone,9.44,16.84
VOLVE_15_9_F14,2980.38,24.43,83.9,402.8,5.84,10.45,Limestone,9.49,15.07
VOLVE_15_9_F14,2981.02,23.26,89.4,435.2,5.32,10.3,Limestone,9.53,17.04
VOLVE_15_9_F14,2981.33,22.89,95.7,410.7,7.15,10.35,Limestone,9.55,16.18
VOLVE_15_9_F14,2981.6,20.68,60.3,467.9,5.77,10.7,Limestone,9.59,12.77
VOLVE_15_9_F14,2982.08,21.5,83.6,438.3,7.84,10.29,Limestone,9.6,15.02
VOLVE_15_9_F14,2982.47,24.01,107.4,411.5,4.43,10.28,Limestone,9.63,15.93
VOLVE_15_9_F14,2982.69,18.31,78.3,521.4,4.19,10.39,Limestone,9.65,15.18
VOLVE_15_9_F14,2983.03,18.47,61.9,478.1,4.51,10.7,Limestone,9.7,13.49
VOLVE_15_9_F14,2983.76,20.92,98.8,477.3,6.93,10.35,Limestone,9.72,15.55
VOLVE_15_9_F14,2984.16,21.89,84.8,460.1,6.13,10.45,Limestone,9.76,14.4
VOLVE_15_9_F14,2985.13,21.7,82.1,486.4,4.7,10.54,Limestone,9.8,15.43
VOLVE_15_9_F14,2986.05,23.25,76.4,474.5,4.06,10.57,Limestone,9.82,14.39
VOLVE_15_9_F14,2986.53,22.55,96.3,379.6,4.17,10.48,Limestone,9.86,14.14
VOLVE_15_9_F14,2987.36,22.0,74.3,530.6,7.19,10.55,Limestone,9.89,14.37
VOLVE_15_9_F14,2987.7,21.2,104.2,524.0,5.44,10.64,Limestone,9.92,16.81
VOLVE_15_9_F14,2988.28,23.99,83.8,435.7,5.66,10.3,Limestone,9.97,13.94
VOLVE_15_9_F14,2988.82,24.96,97.7,387.5,4.52,10.39,Limestone,10.0,16.12
VOLVE_15_9_F14,2989.72,21.22,96.0,410.6,5.39,10.37,Limestone,10.02,15.13
VOLVE_15_9_F14,2990.24,22.93,64.8,411.9,4.01,10.44,Limestone,10.05,13.36
VOLVE_15_9_F14,2990.57,21.32,89.7,466.2,5.42,10.68,Limestone,10.08,14.33
VOLVE_15_9_F14,2991.33,18.94,78.5,438.0,4.48,10.64,Limestone,10.13,13.87
VOLVE_15_9_F14,2992.04,17.8,92.4,430.0,4.13,10.48,Limestone,10.17,13.48
VOLVE_15_9_F14,2992.5,24.91,81.6,479.5,6.9,10.62,Limestone,10.19,15.17
VOLVE_15_9_F14,2993.29,23.97,54.3,450.1,6.51,10.82,Limestone,10.21,14.86
VOLVE_15_9_F14,2994.01,22.98,94.4,492.9,6.08,10.31,Limestone,10.23,15.81
VOLVE_15_9_F14,2994.33,24.47,49.0,452.7,2.78,10.4,Limestone,10.28,13.37
VOLVE_15_9_F14,2994.69,19.98,84.6,522.6,3.8,10.46,Limestone,10.29,14.03
VOLVE_15_9_F14,2995.42,24.21,110.9,544.7,4.63,10.55,Limestone,10.31,17.87
VOLVE_15_9_F14,2996.1,22.86,103.5,464.6,7.87,10.58,Limestone,10.33,17.44
VOLVE_15_9_F14,2996.33,20.91,88.5,442.4,6.48,10.34,Limestone,10.36,15.38
VOLVE_15_9_F14,2996.73,16.23,74.8,452.5,6.21,10.53,Limestone,10.4,14.78
VOLVE_15_9_F14,2997.01,18.41,81.6,497.5,3.98,10.63,Limestone,10.41,13.59
VOLVE_15_9_F14,2997.99,26.29,98.3,490.0,4.0,10.32,Limestone,10.43,17.41
VOLVE_15_9_F14,2998.57,26.21,70.7,378.9,6.64,10.52,Limestone,10.48,14.42
VOLVE_15_9_F14,2999.18,18.45,88.8,477.4,2.27,10.41,Limestone,10.5,13.61
VOLVE_15_9_F14,2999.5,17.01,69.7,439.6,4.67,10.28,Limestone,10.52,14.49
VOLVE_15_9_F14,3000.07,25.26,78.3,466.2,6.17,10.65,Limestone,10.54,15.07
VOLVE_15_9_F14,3001.04,21.8,75.4,455.1,3.75,10.57,Limestone,10.58,13.25
VOLVE_15_9_F14,3001.93,20.21,88.7,439.2,6.96,10.37,Limestone,10.63,13.12
VOLVE_15_9_F14,3002.52,18.93,90.7,388.4,4.72,10.64,Limestone,10.65,13.73
VOLVE_15_9_F14,3003.42,18.91,114.8,391.6,5.82,10.82,Limestone,10.7,13.53
VOLVE_15_9_F14,3003.96,25.28,80.2,444.0,6.12,10.52,Limestone,10.72,17.27
VOLVE_15_9_F14,3004.65,22.64,87.3,449.7,5.58,10.29,Limestone,10.76,17.13
VOLVE_15_9_F14,3005.16,17.54,100.1,452.6,4.41,10.46,Limestone,10.78,11.19
VOLVE_15_9_F14,3005.9,20.27,82.1,465.7,4.08,10.21,Limestone,10.8,16.09
VOLVE_15_9_F14,3006.66,25.98,83.9,422.3,6.05,10.48,Limestone,10.84,14.52
VOLVE_15_9_F14,3006.95,22.78,91.6,399.3,6.18,10.44,Limestone,10.86,16.39
VOLVE_15_9_F14,3007.87,18.54,72.3,494.7,5.93,10.62,Limestone,10.87,14.84
VOLVE_15_9_F14,3008.27,20.41,85.5,477.6,4.94,10.41,Limestone,10.9,16.12
VOLVE_15_9_F14,3009.08,21.76,70.3,427.1,5.11,10.64,Limestone,10.92,15.6
VOLVE_15_9_F14,3010.03,24.41,77.7,490.1,4.3,10.38,Limestone,10.95,13.95
VOLVE_15_9_F14,3010.46,21.8,114.7,415.0,6.91,10.49,Limestone,11.0,14.72
VOLVE_15_9_F14,3011.44,25.49,80.3,464.3,4.48,10.29,Limestone,11.01,16.07
VOLVE_15_9_F14,3012.26,22.71,85.8,464.8,6.04,10.34,Limestone,11.03,15.4
VOLVE_15_9_F14,3013.05,16.32,42.8,429.9,5.33,10.62,Limestone,11.07,11.86
VOLVE_15_9_F14,3013.34,23.39,89.1,475.2,6.64,10.66,Limestone,11.1,15.26
VOLVE_15_9_F14,3013.91,21.6,112.1,403.4,3.99,10.41,Limestone,11.13,16.11
VOLVE_15_9_F14,3014.48,20.79,69.7,454.3,3.06,10.58,Limestone,11.14,12.34
VOLVE_15_9_F14,3015.4,23.05,98.7,454.4,4.45,10.62,Limestone,11.17,17.4
VOLVE_15_9_F14,3015.99,21.44,73.2,411.2,3.76,10.35,Limestone,11.21,16.19
VOLVE_15_9_F14,3016.5,22.57,57.6,480.9,7.43,10.57,Limestone,11.24,12.25
VOLVE_15_9_F14,3017.04,20.76,75.9,500.5,5.45,10.51,Limestone,11.26,15.95
VOLVE_15_9_F14,3018.01,20.66,72.2,453.1,3.42,10.56,Limestone,11.27,11.98
VOLVE_15_9_F14,3018.7,24.84,84.2,458.8,4.3,10.49,Limestone,11.31,15.76
VOLVE_15_9_F14,3019.3,22.36,77.9,444.3,7.06,10.19,Limestone,11.32,13.85
VOLVE_15_9_F14,3020.11,23.1,67.5,451.8,6.64,10.53,Limestone,11.35,14.79
VOLVE_15_9_F14,3020.54,20.64,90.4,435.0,3.62,10.48,Limestone,11.37,13.04
VOLVE_15_9_F14,3021.42,24.75,100.0,455.8,6.66,10.46,Limestone,11.4,16.46
VOLVE_15_9_F14,3022.12,22.6,92.2,445.1,5.04,10.26,Limestone,11.41,15.09
VOLVE_15_9_F14,3022.53,21.25,85.1,520.7,4.94,10.66,Limestone,11.44,14.52
VOLVE_15_9_F14,3022.81,25.26,81.3,446.2,3.87,10.51,Limestone,11.47,15.21
VOLVE_15_9_F14,3023.41,21.25,91.2,416.9,4.81,10.2,Limestone,11.49,12.71
VOLVE_15_9_F14,3024.22,22.55,74.2,385.8,3.9,10.71,Limestone,11.52,14.25
VOLVE_15_9_F14,3024.68,19.09,95.1,495.1,6.66,10.57,Limestone,11.56,14.57
VOLVE_15_9_F14,3025.65,20.54,63.2,512.5,3.63,10.65,Limestone,11.61,12.01
VOLVE_15_9_F14,3026.28,,56.3,408.0,6.4,10.46,Limestone,11.66,14.23
VOLVE_15_9_F14,3027.16,21.98,91.6,479.3,4.89,10.51,Limestone,11.7,14.34
VOLVE_15_9_F14,3027.46,22.34,66.3,475.9,2.7,10.67,Limestone,11.71,13.47
VOLVE_15_9_F14,3028.1,21.89,71.1,455.3,4.24,10.57,Limestone,11.76,14.23
VOLVE_15_9_F14,3029.08,21.99,66.9,410.1,3.46,10.49,Limestone,11.78,13.21
VOLVE_15_9_F14,3029.63,20.77,91.4,475.0,5.76,10.41,Limestone,11.8,14.72
VOLVE_15_9_F14,3030.45,20.95,70.5,507.5,3.47,10.13,Limestone,11.82,14.79
VOLVE_15_9_F14,3031.22,21.39,103.3,511.0,4.86,10.65,Limestone,11.83,15.07
VOLVE_15_9_F14,3031.69,21.4,93.9,475.6,5.65,10.65,Limestone,11.86,15.95
VOLVE_15_9_F14,3032.55,23.29,86.4,489.7,3.87,10.62,Limestone,11.9,15.79
VOLVE_15_9_F14,3033.11,23.21,106.4,382.3,7.27,10.68,Limestone,11.91,14.63
VOLVE_15_9_F14,3033.61,25.43,68.4,479.2,5.47,10.37,Limestone,11.92,14.21
VOLVE_15_9_F14,3034.34,23.87,84.4,479.7,5.43,10.46,Limestone,11.94,15.92
VOLVE_15_9_F14,3034.72,19.92,48.1,442.0,2.62,10.44,Limestone,11.96,13.67
VOLVE_15_9_F14,3035.64,20.47,74.5,458.7,4.25,10.22,Limestone,11.99,14.78
VOLVE_15_9_F14,3035.9,24.47,62.7,434.0,4.72,10.42,Limestone,12.01,12.96
VOLVE_15_9_F14,3036.81,23.8,96.1,393.1,4.02,10.54,Limestone,12.04,14.39
VOLVE_15_9_F14,3037.45,24.75,101.3,479.8,6.69,10.67,Limestone,12.07,15.24
VOLVE_15_9_F14,3038.18,22.14,78.3,530.8,5.11,10.59,Limestone,12.09,16.23
VOLVE_15_9_F14,3039.15,21.51,116.7,420.4,4.54,10.42,Limestone,12.11,15.56
VOLVE_15_9_F14,3040.12,23.02,69.7,458.3,4.6,10.66,Limestone,12.15,12.93
VOLVE_15_9_F14,3041.0,18.73,64.6,402.2,4.59,10.56,Limestone,12.17,12.32
VOLVE_15_9_F14,3041.81,21.67,74.3,464.5,7.35,10.27,Limestone,12.22,13.61
VOLVE_15_9_F14,3042.46,27.07,88.1,429.9,6.12,10.55,Limestone,12.27,15.06
VOLVE_15_9_F14,3042.84,21.35,96.6,449.8,4.28,10.64,Limestone,12.31,15.17
VOLVE_15_9_F14,3043.4,22.13,94.3,495.1,4.49,10.6,Limestone,12.34,14.28
VOLVE_15_9_F14,3044.06,21.67,77.3,467.3,4.51,10.34,Limestone,12.38,14.24
VOLVE_15_9_F14,3044.45,25.93,99.2,450.8,6.4,10.38,Limestone,12.4,16.24
VOLVE_15_9_F14,3045.14,19.22,74.6,418.4,5.2,10.83,Limestone,12.41,11.03
VOLVE_15_9_F14,3045.79,23.87,126.0,483.4,6.49,10.38,Limestone,12.44,15.0
VOLVE_15_9_F14,3046.56,21.19,98.5,411.2,5.14,10.53,Limestone,12.46,13.91
VOLVE_15_9_F14,3047.27,20.56,52.2,508.9,2.64,10.14,Limestone,12.5,11.95
VOLVE_15_9_F14,3048.16,18.0,75.1,460.3,5.27,10.72,Limestone,12.53,13.5
VOLVE_15_9_F14,3048.69,26.48,71.0,414.6,4.39,10.64,Limestone,12.54,13.87
VOLVE_15_9_F14,3049.35,24.01,114.2,395.4,6.4,10.78,Limestone,12.58,16.21
VOLVE_15_9_F14,3050.04,18.88,68.4,442.8,3.12,10.36,Limestone,12.61,13.32
VOLVE_15_9_F14,3050.52,19.05,48.6,441.7,4.3,10.71,Limestone,12.64,12.64
VOLVE_15_9_F14,3051.25,20.59,97.6,474.3,6.08,10.37,Limestone,12.67,14.29
VOLVE_15_9_F14,3051.71,23.46,40.0,415.0,6.97,10.76,Limestone,12.71,11.86
VOLVE_15_9_F14,3052.53,21.89,,487.6,4.36,10.16,Limestone,12.73,16.25
VOLVE_15_9_F14,3053.46,19.93,94.6,354.8,6.84,10.68,Limestone,12.74,12.8
VOLVE_15_9_F14,3053.86,22.01,76.7,459.4,6.26,10.53,Limestone,12.76,14.85
VOLVE_15_9_F14,3054.53,25.39,103.9,427.1,5.3,10.63,Limestone,12.78,16.37
VOLVE_15_9_F14,3055.42,23.71,88.4,459.8,5.37,10.61,Limestone,12.82,15.3
VOLVE_15_9_F14,3056.09,17.71,68.9,504.3,3.86,10.59,Limestone,12.86,13.83
VOLVE_15_9_F14,3056.62,19.6,85.8,492.3,4.07,10.89,Limestone,12.87,13.75
VOLVE_15_9_F14,3057.38,21.9,108.7,469.5,3.76,10.8,Limestone,12.91,15.41
VOLVE_15_9_F14,3057.9,22.57,86.2,509.3,4.03,10.61,Limestone,12.92,14.85
VOLVE_15_9_F14,3058.48,25.51,90.5,510.9,2.51,10.56,Limestone,12.94,13.72
VOLVE_15_9_F14,3059.48,22.21,89.5,517.5,5.41,10.75,Limestone,12.99,14.64
VOLVE_15_9_F14,3059.98,23.59,71.7,431.8,6.92,10.76,Limestone,13.01,12.49
VOLVE_15_9_F14,3060.91,16.78,57.6,485.9,4.59,10.55,Limestone,13.03,12.82
VOLVE_15_9_F14,3061.7,21.25,88.4,486.8,5.22,10.54,Limestone,13.05,14.79
VOLVE_15_9_F14,3062.24,24.0,104.4,456.5,4.92,10.39,Limestone,13.07,16.35
VOLVE_15_9_F14,3063.16,26.97,91.5,497.4,8.01,10.58,Limestone,13.08,14.9
VOLVE_15_9_F14,3063.48,18.9,62.4,457.6,5.82,10.56,Limestone,13.12,12.93
VOLVE_15_9_F14,3064.44,21.83,88.9,396.5,3.71,10.68,Limestone,13.16,13.77
VOLVE_15_9_F14,3065.21,17.86,96.7,506.9,7.51,10.8,Limestone,13.19,16.26
VOLVE_15_9_F14,3065.84,21.75,100.5,431.7,7.25,10.72,Limestone,13.23,14.61
VOLVE_15_9_F14,3066.4,24.87,91.9,385.9,4.3,10.69,Limestone,13.25,13.95
VOLVE_15_9_F14,3067.35,24.58,86.5,583.7,6.4,10.5,Limestone,13.27,16.11
VOLVE_15_9_F14,3068.19,22.15,73.0,412.9,4.82,10.47,Limestone,13.32,15.2
VOLVE_15_9_F14,3068.83,21.63,79.9,481.7,2.74,10.64,Limestone,13.34,14.47
VOLVE_15_9_F14,3069.69,28.78,97.6,413.8,4.91,10.62,Limestone,13.38,16.05
VOLVE_15_9_F14,3070.33,21.74,69.9,439.2,5.88,10.64,Limestone,13.4,13.26
VOLVE_15_9_F14,3071.11,20.91,69.4,428.2,5.64,10.39,Limestone,13.45,13.1
VOLVE_15_9_F14,3071.82,20.88,93.3,416.3,8.55,10.38,Limestone,13.47,16.07
VOLVE_15_9_F14,3072.18,18.62,88.3,490.8,5.17,10.45,Limestone,13.49,13.48
VOLVE_15_9_F14,3072.55,23.39,104.6,547.0,3.46,10.64,Limestone,13.52,14.89
VOLVE_15_9_F14,3073.33,23.91,96.2,456.4,4.37,10.53,Limestone,13.54,13.24
VOLVE_15_9_F14,3073.76,23.83,74.3,385.1,4.67,10.76,Limestone,13.55,11.83
VOLVE_15_9_F14,3074.67,24.23,105.8,414.3,5.36,10.38,Limestone,13.57,16.31
VOLVE_15_9_F14,3075.3,20.81,87.2,422.7,4.73,10.38,Limestone,13.6,11.96
VOLVE_15_9_F14,3075.61,21.89,93.2,460.2,5.69,10.5,Limestone,13.61,16.12
VOLVE_15_9_F14,3076.42,25.18,77.3,439.5,7.16,10.45,Limestone,13.65,14.43
VOLVE_15_9_F14,3077.22,21.13,90.3,540.8,5.67,10.41,Limestone,13.67,15.25
VOLVE_15_9_F14,3077.94,20.9,74.8,452.3,2.62,10.54,Limestone,13.69,14.2
VOLVE_15_9_F14,3078.87,24.8,50.8,488.4,5.36,10.55,Limestone,13.72,12.64
VOLVE_15_9_F14,3079.66,20.32,109.9,449.3,3.24,10.34,Limestone,13.77,14.95
VOLVE_15_9_F14,3080.48,19.46,69.7,454.5,3.93,10.44,Limestone,13.8,11.95
VOLVE_15_9_F14,3081.09,19.7,74.3,441.8,6.9,10.64,Limestone,13.83,12.74
VOLVE_15_9_F14,3081.9,29.08,73.4,455.9,3.19,10.49,Limestone,13.85,15.16
VOLVE_15_9_F14,3082.44,24.84,110.0,436.3,8.15,10.41,Limestone,13.87,16.35
VOLVE_15_9_F14,3083.0,23.88,90.0,457.7,6.04,10.47,Limestone,13.89,15.25
VOLVE_15_9_F14,3083.68,19.98,92.3,433.9,5.49,10.35,Limestone,13.92,15.3
VOLVE_15_9_F14,3084.48,23.58,97.3,546.9,3.86,10.8,Limestone,13.97,15.12
VOLVE_15_9_F14,3084.76,26.57,94.1,471.9,5.8,10.66,Limestone,14.0,17.06
VOLVE_15_9_F14,3085.34,23.24,86.1,479.3,4.68,10.9,Limestone,14.01,14.26
VOLVE_15_9_F14,3085.56,19.58,85.6,449.4,3.9,10.54,Limestone,14.03,14.15
VOLVE_15_9_F14,3086.16,23.68,105.3,397.2,5.45,10.48,Limestone,14.08,15.55
VOLVE_15_9_F14,3086.7,21.95,64.6,,7.66,10.4,Limestone,14.12,12.78
VOLVE_15_9_F14,3086.95,22.69,69.5,449.2,5.92,10.6,Limestone,14.16,13.86
VOLVE_15_9_F14,3087.44,19.93,92.5,447.9,4.81,10.46,Limestone,14.19,12.43
VOLVE_15_9_F14,3087.86,20.45,87.7,471.8,5.5,10.39,Limestone,14.22,14.21
VOLVE_15_9_F14,3088.78,21.17,77.6,463.6,4.45,10.73,Limestone,14.27,13.51
VOLVE_15_9_F14,3089.33,20.41,118.4,437.4,6.36,10.54,Limestone,14.3,15.41
VOLVE_15_9_F14,3089.6,22.21,65.0,562.2,3.39,10.57,Limestone,14.34,13.43
VOLVE_15_9_F14,3090.12,20.65,83.5,470.1,6.03,10.56,Limestone,14.39,15.7
VOLVE_15_9_F14,3090.83,26.46,86.9,438.5,3.75,10.59,Limestone,14.4,12.95
VOLVE_15_9_F14,3091.76,23.6,76.6,441.1,4.82,10.27,Limestone,14.43,12.84
VOLVE_15_9_F14,3092.66,24.27,72.7,485.0,6.5,10.36,Limestone,14.47,13.51
VOLVE_15_9_F14,3093.21,22.03,78.1,447.2,7.23,10.81,Limestone,14.49,13.76
VOLVE_15_9_F14,3093.92,17.36,106.5,494.3,2.36,10.52,Limestone,14.51,12.68
VOLVE_15_9_F14,3094.89,24.48,76.9,452.7,3.83,10.59,Limestone,14.53,12.79
VOLVE_15_9_F14,3095.21,22.11,88.5,440.8,5.24,10.65,Limestone,14.58,13.58
VOLVE_15_9_F14,3096.12,23.43,73.5,398.7,5.98,10.48,Limestone,14.62,12.04
VOLVE_15_9_F14,3097.0,22.21,93.3,497.8,,10.37,Limestone,14.65,15.01
VOLVE_15_9_F14,3097.93,16.83,98.7,412.7,4.87,10.33,Limestone,14.68,13.39
VOLVE_15_9_F14,3098.9,21.32,79.7,486.2,5.07,10.38,Limestone,14.72,12.6
VOLVE_15_9_F14,3099.23,20.33,92.9,432.3,5.05,10.43,Limestone,14.76,14.73
VOLVE_15_9_F14,3099.88,22.92,80.6,490.6,5.17,10.42,Limestone,14.78,12.9
VOLVE_15_9_F14,3100.21,23.55,83.0,507.5,5.34,10.34,Limestone,14.82,14.02
VOLVE_15_9_F14,3100.63,27.79,89.1,426.1,7.76,10.67,Limestone,14.84,15.36
VOLVE_15_9_F14,3101.47,23.57,87.0,422.6,5.15,10.75,Limestone,14.88,13.99
VOLVE_15_9_F14,3102.37,21.01,85.8,544.9,6.67,10.39,Limestone,14.92,13.01
VOLVE_15_9_F14,3102.94,21.35,60.2,474.6,4.75,10.28,Limestone,14.96,13.33
VOLVE_15_9_F14,3103.73,23.7,63.7,485.1,4.22,10.54,Limestone,14.98,13.24
VOLVE_15_9_F14,3104.1,24.53,56.3,402.1,4.71,10.76,Limestone,15.03,14.42
VOLVE_15_9_F14,3104.66,19.3,61.2,415.5,2.57,10.34,Limestone,15.05,12.54
VOLVE_15_9_F14,3104.86,21.8,89.1,464.7,3.98,10.34,Limestone,15.1,15.41
VOLVE_15_9_F14,3105.69,22.04,76.9,441.0,4.24,10.18,Limestone,15.12,12.54
VOLVE_15_9_F14,3106.1,18.39,72.8,416.0,4.89,10.57,Limestone,15.14,10.72
VOLVE_15_9_F14,3106.33,24.23,109.3,467.4,7.78,10.39,Limestone,15.15,16.95
VOLVE_15_9_F14,3106.81,22.99,100.3,387.9,5.14,10.67,Limestone,15.17,14.33
VOLVE_15_9_F14,3107.29,21.94,58.4,468.4,3.59,10.64,Limestone,15.19,14.23
VOLVE_15_9_F14,3108.07,23.04,69.2,420.2,6.12,10.76,Limestone,15.24,14.21
VOLVE_15_9_F14,3108.56,24.07,68.0,484.6,5.41,10.7,Limestone,15.27,14.7
VOLVE_15_9_F14,3109.0,27.27,83.2,460.3,7.09,10.3,Limestone,15.31,15.55
VOLVE_15_9_F14,3109.21,24.07,62.9,477.3,6.28,10.49,Limestone,15.32,12.7
VOLVE_15_9_F14,3110.04,19.58,72.0,509.8,5.52,10.71,Limestone,15.36,12.22
VOLVE_15_9_F14,3110.29,29.49,88.5,429.5,6.41,10.33,Limestone,15.38,13.31
VOLVE_15_9_F14,3110.77,19.64,80.2,417.1,6.14,10.48,Limestone,15.42,12.42
VOLVE_15_9_F14,3111.16,23.42,62.6,504.3,6.13,10.55,Limestone,15.46,13.48
VOLVE_15_9_F14,3112.13,21.93,83.7,523.9,6.37,10.53,Limestone,15.47,14.27
VOLVE_15_9_F14,3112.81,22.16,84.2,507.5,6.37,10.58,Limestone,15.49,14.23
VOLVE_15_9_F14,3113.04,23.4,85.4,363.0,5.3,10.44,Limestone,15.54,11.33
VOLVE_15_9_F14,3113.78,23.59,61.1,480.3,4.07,10.4,Limestone,15.56,13.4
VOLVE_15_9_F14,3114.68,25.91,96.9,418.9,5.82,10.61,Limestone,15.58,16.18
VOLVE_15_9_F14,3115.42,20.82,74.8,492.1,4.51,10.51,Limestone,15.63,12.45
VOLVE_15_9_F14,3116.04,23.46,64.9,446.1,3.97,10.86,Limestone,15.64,11.32
VOLVE_15_9_F14,3116.5,23.99,83.3,442.8,7.32,10.37,Limestone,15.68,12.9
VOLVE_15_9_F14,3117.19,28.35,92.1,440.5,5.92,10.53,Limestone,15.72,14.38
VOLVE_15_9_F14,3117.43,23.72,91.2,432.2,4.24,10.34,Limestone,15.74,13.72
VOLVE_15_9_F14,3117.81,19.6,101.5,405.1,6.89,10.59,Limestone,15.75,13.82
VOLVE_15_9_F14,3118.74,25.91,72.7,440.9,5.56,10.51,Limestone,15.79,14.71
VOLVE_15_9_F14,3119.51,21.37,57.9,461.5,5.99,10.62,Limestone,15.81,11.51
VOLVE_15_9_F14,3119.79,20.33,77.3,516.1,4.55,10.43,Limestone,15.85,12.88
VOLVE_15_9_F14,3120.52,25.8,40.0,476.7,5.64,10.26,Limestone,15.9,10.71
VOLVE_15_9_F14,3121.44,22.82,69.7,444.7,5.87,10.73,Limestone,15.91,13.9
VOLVE_15_9_F14,3122.18,21.99,77.2,441.7,5.26,10.68,Limestone,15.93,12.82
VOLVE_15_9_F14,3122.85,26.71,74.8,336.8,4.77,10.68,Limestone,15.97,12.88
VOLVE_15_9_F14,3123.45,21.21,89.8,440.6,5.74,10.67,Limestone,16.0,15.07
VOLVE_15_9_F14,3124.12,21.2,81.9,461.6,5.86,10.56,Limestone,16.03,13.6
VOLVE_15_9_F14,3125.02,23.74,88.9,431.8,4.03,10.63,Limestone,16.06,15.43
VOLVE_15_9_F14,3125.47,16.86,86.4,435.2,7.72,10.41,Limestone,16.11,13.61
VOLVE_15_9_F14,3126.29,22.91,59.9,357.0,6.92,10.48,Limestone,16.15,11.98
VOLVE_15_9_F14,3127.0,22.71,91.2,400.6,5.59,10.71,Limestone,16.18,12.48
VOLVE_15_9_F14,3127.31,20.37,74.1,412.2,5.97,10.85,Limestone,16.21,12.49
VOLVE_15_9_F14,3127.7,22.47,85.4,427.3,5.28,10.59,Limestone,16.22,14.46
VOLVE_15_9_F14,3128.6,23.16,89.1,334.6,4.66,10.05,Limestone,16.25,11.99
VOLVE_15_9_F14,3129.06,22.41,70.2,448.7,6.21,10.6,Limestone,16.27,12.64
VOLVE_15_9_F14,3129.59,24.56,71.8,452.7,4.31,10.76,Limestone,16.29,12.31
VOLVE_15_9_F14,3130.06,23.19,82.7,472.7,5.77,10.5,Limestone,16.3,13.45
VOLVE_15_9_F14,3130.7,22.1,75.0,439.1,4.32,10.39,Limestone,16.35,13.56
VOLVE_15_9_F14,3130.95,24.28,108.0,489.3,4.8,10.69,Limestone,16.38,15.05
VOLVE_15_9_F14,3131.51,23.2,82.3,527.6,5.5,10.49,Limestone,16.42,14.39
VOLVE_15_9_F14,3132.11,30.03,64.7,400.0,6.93,10.49,Limestone,16.43,12.51
VOLVE_15_9_F14,3132.96,25.09,113.4,406.4,6.27,10.29,Limestone,16.46,15.74
VOLVE_15_9_F14,3133.33,21.21,87.4,469.7,5.3,10.3,Limestone,16.5,14.69
VOLVE_15_9_F14,3133.84,18.24,81.6,479.7,2.71,10.67,Limestone,16.54,12.21
VOLVE_15_9_F14,3134.46,20.84,104.9,407.5,5.21,10.36,Limestone,16.58,12.78
VOLVE_15_9_F14,3135.31,17.44,86.8,523.7,3.18,10.81,Limestone,16.59,13.57
VOLVE_15_9_F14,3136.07,24.21,80.9,418.6,5.46,10.84,Limestone,16.63,14.65
VOLVE_15_9_F14,3136.31,21.82,58.2,446.5,4.83,10.39,Limestone,16.65,12.73
VOLVE_15_9_F14,3136.79,20.63,47.8,483.0,4.5,10.44,Limestone,16.67,11.04
VOLVE_15_9_F14,3137.16,24.04,100.5,513.7,5.63,10.65,Limestone,16.72,13.89
VOLVE_15_9_F14,3137.46,21.63,86.6,416.5,5.85,10.77,Limestone,16.75,13.78
VOLVE_15_9_F14,3137.88,23.54,79.1,485.9,5.99,10.57,Limestone,16.78,12.5
VOLVE_15_9_F14,3138.54,21.89,80.0,451.9,5.58,10.45,Limestone,16.82,11.92
VOLVE_15_9_F14,3139.39,22.75,86.7,397.6,6.51,10.49,Limestone,16.87,13.79
VOLVE_15_9_F14,3140.3,25.79,91.7,431.8,2.8,10.56,Limestone,16.91,15.42
VOLVE_15_9_F14,3140.77,24.85,70.5,408.1,4.09,10.47,Limestone,16.95,14.29
VOLVE_15_9_F14,3141.15,26.15,85.0,483.6,6.16,10.73,Limestone,16.98,14.79
VOLVE_15_9_F14,3141.81,23.43,90.0,399.3,5.47,10.44,Limestone,17.02,11.48
VOLVE_15_9_F14,3142.54,18.05,74.6,473.7,3.71,10.62,Limestone,17.06,9.82
VOLVE_15_9_F14,3143.18,20.86,48.8,455.6,5.13,10.66,Limestone,17.11,11.35
VOLVE_15_9_F14,3144.05,18.54,70.6,469.5,5.61,10.55,Limestone,17.15,14.03
VOLVE_15_9_F14,3144.57,24.87,62.6,456.1,4.27,10.51,Limestone,17.18,12.0
VOLVE_15_9_F14,3145.03,22.62,99.9,421.0,4.76,10.54,Limestone,17.22,14.69
VOLVE_15_9_F14,3145.68,25.73,67.7,471.3,3.37,10.42,Limestone,17.26,13.6
VOLVE_15_9_F14,3146.41,25.18,67.2,461.2,5.15,10.67,Limestone,17.3,12.61
VOLVE_15_9_F14,3146.88,22.27,72.4,435.4,5.04,10.53,Limestone,17.34,12.45
VOLVE_15_9_F14,3147.28,26.95,94.7,558.5,4.57,10.51,Limestone,17.38,13.37
VOLVE_15_9_F14,3148.26,24.99,95.3,408.8,5.05,10.39,Limestone,17.42,14.68
VOLVE_15_9_F14,3149.02,22.8,70.1,476.3,5.04,10.84,Limestone,17.46,12.25
VOLVE_15_9_F14,3149.71,23.69,75.4,479.8,6.37,10.68,Limestone,17.51,14.46
VOLVE_15_9_F14,3150.14,26.14,79.5,444.6,5.08,10.33,Limestone,17.55,13.79
VOLVE_15_9_F14,3151.08,23.72,103.0,466.0,4.6,10.64,Limestone,17.59,13.82
VOLVE_15_9_F14,3151.7,20.94,51.3,474.0,6.43,10.46,Limestone,17.63,9.77
VOLVE_15_9_F14,3152.12,19.67,60.8,453.2,5.51,10.41,Limestone,17.65,12.43
VOLVE_15_9_F14,3152.61,21.95,118.6,433.8,4.19,10.44,Limestone,17.68,14.56
VOLVE_15_9_F14,3153.1,20.91,99.8,452.9,6.23,10.63,Limestone,17.73,14.9
VOLVE_15_9_F14,3153.33,23.12,59.8,431.9,4.35,10.53,Limestone,17.75,11.36
VOLVE_15_9_F14,3153.86,21.33,129.2,511.0,7.09,10.54,Limestone,17.79,15.13
VOLVE_15_9_F14,3154.27,21.66,91.7,491.2,4.83,10.59,Limestone,17.83,14.01
VOLVE_15_9_F14,3154.83,25.65,83.8,459.2,3.41,10.69,Limestone,17.85,12.32
VOLVE_15_9_F14,3155.48,26.76,104.3,426.4,5.29,10.9,Limestone,17.9,13.79
VOLVE_15_9_F14,3155.95,20.68,69.0,443.5,3.84,10.51,Limestone,17.93,11.02
VOLVE_15_9_F14,3156.17,21.73,74.8,432.5,4.28,10.49,Limestone,17.96,11.51
VOLVE_15_9_F14,3157.11,22.05,83.3,452.2,2.48,10.57,Limestone,17.99,12.51
VOLVE_15_9_F14,3157.41,23.41,89.7,391.9,5.31,10.66,Limestone,18.01,12.61
VOLVE_15_9_F14,3157.89,23.49,87.2,433.8,2.98,10.72,Limestone,18.04,13.0
VOLVE_15_9_F14,3158.67,21.37,85.2,412.2,5.05,10.4,Limestone,18.07,13.44
VOLVE_15_9_F14,3159.57,23.91,76.2,428.0,2.4,10.92,Limestone,18.12,13.3
VOLVE_15_9_F14,3160.29,21.49,87.4,529.3,3.93,10.38,Limestone,18.16,14.53
VOLVE_15_9_F14,3160.68,21.71,86.1,443.2,5.9,10.69,Limestone,18.19,12.85
VOLVE_15_9_F14,3161.41,20.37,81.9,463.9,5.9,10.67,Limestone,18.23,12.36
VOLVE_15_9_F14,3161.93,25.24,78.1,447.2,4.49,10.34,Limestone,18.28,12.26
VOLVE_15_9_F14,3162.73,24.92,74.3,481.3,6.01,10.59,Limestone,18.31,14.2
VOLVE_15_9_F14,3163.25,23.52,60.1,440.6,2.83,10.29,Limestone,18.36,13.15
VOLVE_15_9_F14,3163.52,24.31,103.4,434.2,6.91,10.43,Limestone,18.39,15.61
VOLVE_15_9_F14,3164.14,25.43,93.3,428.8,7.1,10.54,Limestone,18.41,14.37
VOLVE_15_9_F14,3164.37,24.54,97.2,426.5,5.41,10.58,Limestone,18.44,13.56
VOLVE_15_9_F14,3165.07,24.48,64.7,516.4,4.64,10.74,Limestone,18.47,11.79
VOLVE_15_9_F14,3165.52,21.59,74.6,471.5,2.24,10.45,Limestone,18.5,11.03
VOLVE_15_9_F14,3166.43,18.91,81.0,431.6,4.84,10.61,Limestone,18.52,10.33
VOLVE_15_9_F14,3167.03,20.69,87.4,489.9,5.96,10.69,Limestone,18.54,14.24
VOLVE_15_9_F14,3167.26,28.16,70.5,502.3,6.03,10.55,Limestone,18.56,14.4
VOLVE_15_9_F14,3167.97,22.08,108.1,427.8,5.79,10.56,Limestone,18.6,16.11
VOLVE_15_9_F14,3168.83,26.68,95.3,444.6,4.11,10.34,Limestone,18.62,14.04
VOLVE_15_9_F14,3169.07,24.03,84.8,456.7,5.59,10.31,Limestone,18.64,13.74
VOLVE_15_9_F14,3169.86,22.6,86.6,425.5,4.3,10.43,Limestone,18.66,13.47
VOLVE_15_9_F14,3170.67,20.43,78.8,436.5,6.72,10.77,Limestone,18.68,13.26
VOLVE_15_9_F14,3171.42,20.93,71.8,436.6,5.68,10.77,Limestone,18.7,11.56
VOLVE_15_9_F14,3172.01,22.36,45.9,450.5,5.02,10.74,Limestone,18.72,11.26
VOLVE_15_9_F14,3172.73,22.35,95.2,578.7,5.49,10.61,Limestone,18.76,15.05
VOLVE_15_9_F14,3173.32,24.06,82.9,420.2,4.27,10.64,Limestone,18.8,14.58
VOLVE_15_9_F14,3173.82,21.0,99.8,397.5,4.41,10.5,Limestone,18.83,11.98
VOLVE_15_9_F14,3174.06,21.09,90.8,495.5,7.56,10.5,Limestone,18.87,13.88
VOLVE_15_9_F14,3174.66,24.88,81.6,463.7,4.39,10.25,Limestone,18.9,13.59
VOLVE_15_9_F14,3175.48,27.45,83.4,444.1,5.74,10.59,Limestone,18.94,13.54
VOLVE_15_9_F14,3175.73,22.92,71.0,491.0,5.25,10.63,Limestone,18.97,13.85
VOLVE_15_9_F14,3175.96,23.81,64.1,407.4,5.11,10.47,Limestone,18.99,14.43
VOLVE_15_9_F14,3176.29,22.34,67.2,468.9,5.23,10.7,Limestone,19.01,12.76
VOLVE_15_9_F14,3176.73,22.55,67.7,448.8,7.29,10.74,Limestone,19.04,11.79
VOLVE_15_9_F14,3177.33,22.18,79.1,457.7,5.35,10.39,Limestone,19.06,11.61
VOLVE_15_9_F14,3178.19,21.84,93.8,458.4,5.97,10.91,Limestone,19.08,13.06
VOLVE_15_9_F14,3178.41,24.1,92.3,551.7,5.19,10.64,Limestone,19.12,15.17
VOLVE_15_9_F14,3179.24,24.26,59.3,436.2,4.84,10.79,Limestone,19.16,11.91
VOLVE_15_9_F14,3180.01,22.11,95.0,422.6,5.98,10.46,Limestone,19.18,13.57
VOLVE_15_9_F14,3180.61,21.29,84.2,477.8,6.86,10.78,Limestone,19.19,15.06
VOLVE_15_9_F14,3180.96,21.53,92.6,497.2,6.87,10.66,Limestone,19.24,14.26
VOLVE_15_9_F14,3181.23,24.35,89.8,402.3,1.75,10.52,Limestone,19.26,12.87
VOLVE_15_9_F14,3181.56,20.72,56.9,472.0,2.7,10.4,Limestone,19.28,10.14
VOLVE_15_9_F14,3182.02,20.19,85.0,409.7,7.58,10.56,Limestone,19.31,13.49
VOLVE_15_9_F14,3182.65,23.44,104.1,402.2,5.03,10.68,Limestone,19.36,13.9
VOLVE_15_9_F14,3183.13,22.57,64.2,447.5,4.53,10.57,Limestone,19.4,12.82
VOLVE_15_9_F14,3183.78,22.39,68.2,429.8,4.34,10.57,Limestone,19.43,10.86
VOLVE_15_9_F14,3184.68,24.82,52.2,404.8,3.45,10.49,Limestone,19.48,11.49
VOLVE_15_9_F14,3184.98,22.61,75.3,422.3,4.24,10.36,Limestone,19.49,13.11
VOLVE_15_9_F14,3185.9,21.11,60.0,435.6,4.15,10.59,Limestone,19.53,10.11
VOLVE_15_9_F14,3186.26,23.17,69.1,481.2,4.52,10.42,Limestone,19.55,12.8
VOLVE_15_9_F14,3186.85,21.12,85.7,417.1,4.01,10.7,Limestone,19.58,13.46
VOLVE_15_9_F14,3187.64,24.96,94.3,459.3,6.76,10.69,Limestone,19.62,13.33
VOLVE_15_9_F14,3188.39,22.81,52.9,382.6,4.74,10.81,Limestone,19.66,12.19
VOLVE_15_9_F14,3189.2,20.19,75.1,447.6,5.12,10.51,Limestone,19.69,12.18
VOLVE_15_9_F14,3189.97,23.15,78.5,485.7,5.37,10.56,Limestone,19.73,13.17
VOLVE_15_9_F14,3190.18,20.77,80.1,437.3,4.44,10.34,Limestone,19.76,13.48
VOLVE_15_9_F14,3190.78,25.33,94.0,477.8,4.84,10.48,Limestone,19.77,13.14
VOLVE_15_9_F14,3191.28,22.52,94.1,379.7,3.66,10.56,Limestone,19.8,11.38
VOLVE_15_9_F14,3192.23,24.34,95.3,411.7,6.49,10.58,Limestone,19.81,13.21
VOLVE_15_9_F14,3193.19,21.23,85.7,478.9,5.02,10.51,Limestone,19.84,13.33
VOLVE_15_9_F14,3193.6,22.29,78.2,481.6,6.65,10.47,Limestone,19.86,13.46
VOLVE_15_9_F14,3194.37,23.81,74.4,531.1,5.71,10.6,Limestone,19.87,13.67
VOLVE_15_9_F14,3194.75,22.39,91.1,484.6,7.28,10.52,Limestone,19.91,12.94
VOLVE_15_9_F14,3195.55,20.55,69.4,502.7,4.43,10.76,Limestone,19.94,12.67
VOLVE_15_9_F14,3195.99,24.58,69.5,418.0,4.09,10.6,Limestone,19.97,12.29
VOLVE_15_9_F14,3196.78,23.49,89.5,456.2,7.69,10.49,Limestone,20.01,15.09
VOLVE_15_9_F14,3197.0,20.1,93.2,401.2,6.59,10.73,Limestone,20.04,13.45
VOLVE_15_9_F14,3197.76,21.88,82.0,499.8,2.97,10.41,Limestone,20.05,13.23
VOLVE_15_9_F14,3198.3,20.74,91.5,444.8,5.79,10.51,Limestone,20.09,12.6
VOLVE_15_9_F14,3199.09,21.58,78.0,475.8,5.96,10.41,Limestone,20.12,12.45
VOLVE_15_9_F14,3199.36,21.67,79.8,364.5,4.88,10.53,Limestone,20.14,11.9
VOLVE_15_9_F14,3200.26,22.21,87.5,355.7,3.77,10.77,Limestone,20.18,12.33
VOLVE_15_9_F14,3200.99,19.26,70.2,526.9,4.56,10.6,Limestone,20.22,13.01
VOLVE_15_9_F14,3201.49,21.77,92.8,594.7,5.58,10.31,Limestone,20.26,12.65
VOLVE_15_9_F14,3201.96,25.22,78.4,470.5,4.6,10.51,Limestone,20.3,12.61
VOLVE_15_9_F14,3202.4,27.12,79.3,518.3,6.5,10.61,Limestone,20.32,15.23
VOLVE_15_9_F14,3203.07,19.96,83.3,427.0,3.12,10.61,Limestone,20.36,11.37
VOLVE_15_9_F14,3203.3,25.51,94.5,393.4,5.92,10.54,Limestone,20.38,12.47
VOLVE_15_9_F14,3204.07,28.41,48.9,522.5,7.62,10.68,Limestone,20.4,13.85
VOLVE_15_9_F14,3204.9,22.33,63.0,451.0,5.67,10.66,Limestone,20.42,12.35
VOLVE_15_9_F14,3205.3,24.1,97.4,447.9,7.36,10.55,Limestone,20.44,13.93
VOLVE_15_9_F14,3205.61,25.36,89.3,523.0,5.46,10.6,Limestone,20.48,14.57
VOLVE_15_9_F14,3206.59,21.74,75.4,442.6,5.34,10.55,Limestone,20.51,12.24
VOLVE_15_9_F14,3207.3,25.21,83.0,409.3,4.99,10.58,Limestone,20.55,12.81
VOLVE_15_9_F14,3208.05,22.35,90.9,400.9,4.9,10.6,Limestone,20.57,12.7
VOLVE_15_9_F14,3208.76,25.23,105.3,456.3,6.46,10.72,Limestone,20.6,13.5
VOLVE_15_9_F14,3209.16,26.63,75.7,491.3,4.41,10.64,Limestone,20.63,12.87
VOLVE_15_9_F14,3210.0,25.99,101.7,444.9,6.86,10.57,Limestone,20.65,13.14
VOLVE_15_9_F14,3210.58,22.06,90.5,451.9,5.93,10.51,Limestone,20.67,12.51
VOLVE_15_9_F14,3210.99,24.34,68.1,425.3,3.75,10.67,Limestone,20.69,11.73
VOLVE_15_9_F14,3211.67,21.68,72.9,435.7,6.21,10.62,Limestone,20.71,10.4
VOLVE_15_9_F14,3212.58,20.0,100.1,519.3,7.83,10.56,Limestone,20.74,14.09
VOLVE_15_9_F14,3213.4,22.3,103.2,450.9,6.62,10.53,Limestone,20.76,13.8
VOLVE_15_9_F14,3214.17,24.9,81.2,425.4,3.13,10.58,Limestone,20.8,14.09
VOLVE_15_9_F14,3214.58,22.18,98.5,522.2,8.32,10.47,Limestone,20.84,12.62
VOLVE_15_9_F14,3215.0,26.5,87.3,445.1,3.04,10.36,Limestone,20.85,12.25
VOLVE_15_9_F14,3215.87,23.06,81.0,449.3,3.23,10.81,Limestone,20.87,13.29
VOLVE_15_9_F14,3216.71,20.19,84.8,446.0,2.98,10.81,Limestone,20.88,10.96
VOLVE_15_9_F14,3217.6,22.19,61.0,391.2,4.58,10.6,Limestone,20.93,11.38
VOLVE_15_9_F14,3218.55,21.27,77.9,439.4,2.75,10.65,Limestone,20.95,11.68
VOLVE_15_9_F14,3219.05,26.17,74.1,464.4,2.77,10.54,Limestone,21.0,14.1
VOLVE_15_9_F14,3219.73,24.14,97.0,439.0,4.79,10.65,Limestone,21.04,13.15
VOLVE_15_9_F14,3220.38,22.73,85.7,495.3,4.45,10.59,Limestone,21.06,12.97
VOLVE_15_9_F14,3220.82,24.75,78.4,416.0,5.03,10.61,Limestone,21.11,12.83
VOLVE_15_9_F14,3221.46,20.95,98.6,467.3,5.92,10.43,Limestone,21.14,12.31
VOLVE_15_9_F14,3222.45,20.05,59.3,435.2,6.44,10.84,Limestone,21.16,10.71
VOLVE_15_9_F14,3223.39,19.75,67.6,493.3,4.74,10.41,Limestone,21.21,10.79
VOLVE_15_9_F14,3224.01,18.33,100.9,517.1,5.68,10.7,Limestone,21.24,13.23
VOLVE_15_9_F14,3224.41,20.25,91.6,504.8,4.83,10.46,Limestone,21.28,13.59
VOLVE_15_9_F14,3225.27,24.31,58.2,458.8,6.44,10.28,Limestone,21.3,11.4
VOLVE_15_9_F14,3226.16,24.73,85.2,454.5,7.31,10.72,Limestone,21.33,13.04
VOLVE_15_9_F14,3226.81,20.74,62.9,451.8,4.08,10.6,Limestone,21.37,11.54
VOLVE_15_9_F14,3227.38,17.89,75.5,412.8,3.11,10.38,Limestone,21.39,9.76
VOLVE_15_9_F14,3227.73,21.9,88.8,491.9,4.58,10.68,Limestone,21.44,13.34
VOLVE_15_9_F14,3228.19,24.16,81.4,370.9,4.82,10.53,Limestone,21.48,11.18
VOLVE_15_9_F14,3228.4,25.0,80.9,439.9,5.18,10.85,Limestone,21.5,10.91
VOLVE_15_9_F14,3228.96,23.52,69.6,520.4,5.15,10.37,Limestone,21.54,12.69
VOLVE_15_9_F14,3229.26,20.4,99.2,390.5,5.04,10.49,Limestone,21.55,12.91
VOLVE_15_9_F14,3229.87,24.74,89.4,475.0,4.03,10.7,Limestone,21.59,13.87
VOLVE_15_9_F14,3230.27,23.91,69.8,486.2,4.88,10.52,Limestone,21.63,12.87
VOLVE_15_9_F14,3231.18,24.77,83.8,432.9,5.8,10.46,Limestone,21.65,12.36
VOLVE_15_9_F14,3231.48,20.7,77.3,413.9,6.82,10.62,Limestone,21.67,13.92
VOLVE_15_9_F14,3232.03,24.21,73.7,388.4,4.57,10.75,Limestone,21.71,11.96
VOLVE_15_9_F14,3232.34,25.1,84.1,436.9,5.47,10.57,Limestone,21.75,12.06
VOLVE_15_9_F14,3233.0,19.55,107.0,424.2,5.18,10.55,Limestone,21.76,13.45
VOLVE_15_9_F14,3233.45,21.39,68.9,397.8,4.31,10.47,Limestone,21.79,11.71
VOLVE_15_9_F14,3233.73,19.13,90.4,495.3,4.46,10.52,Limestone,21.82,14.35
VOLVE_15_9_F14,3234.41,20.91,94.7,420.9,3.04,10.42,Limestone,21.85,13.7
VOLVE_15_9_F14,3235.04,22.68,89.2,473.8,5.89,10.77,Limestone,21.88,12.4
VOLVE_15_9_F14,3235.41,19.32,95.6,420.9,5.94,10.69,Limestone,21.9,11.0
VOLVE_15_9_F14,3236.39,25.73,80.9,477.0,5.0,10.39,Limestone,21.92,12.66
VOLVE_15_9_F14,3237.22,25.77,89.3,463.9,6.23,10.5,Limestone,21.97,11.14
VOLVE_15_9_F14,3237.91,22.63,83.7,497.0,3.17,10.7,Limestone,21.98,12.48
VOLVE_15_9_F14,3238.86,21.31,62.7,391.7,6.6,10.68,Limestone,22.01,12.21
VOLVE_15_9_F14,3239.66,22.85,66.3,425.0,4.09,10.57,Limestone,22.03,11.64
VOLVE_15_9_F14,3240.25,26.61,97.7,492.5,5.51,10.55,Limestone,22.04,14.4
VOLVE_15_9_F14,3241.22,24.53,75.0,429.6,6.41,10.58,Limestone,22.07,13.27
VOLVE_15_9_F14,3241.93,18.47,77.0,440.0,3.05,10.52,Limestone,22.09,12.76
VOLVE_15_9_F14,3242.24,17.33,93.4,477.5,4.35,10.75,Limestone,22.12,11.75
VOLVE_15_9_F14,3242.52,20.71,80.0,443.7,4.16,10.69,Limestone,22.16,11.5
VOLVE_15_9_F14,3242.79,22.86,92.6,460.0,6.07,10.63,Limestone,22.21,12.29
VOLVE_15_9_F14,3243.28,18.72,80.3,450.8,3.73,10.42,Limestone,22.24,13.17
VOLVE_15_9_F14,3243.49,22.46,66.4,442.1,5.9,10.49,Limestone,22.25,11.28
VOLVE_15_9_F14,3244.13,18.79,97.1,400.5,5.42,10.49,Limestone,22.28,13.8
VOLVE_15_9_F14,3244.68,23.0,69.5,436.9,3.21,10.53,Limestone,22.29,11.34
VOLVE_15_9_F14,3245.17,23.52,100.8,477.3,6.61,10.61,Limestone,22.32,12.58
VOLVE_15_9_F14,3245.72,27.24,90.5,442.9,8.02,10.82,Limestone,22.35,14.06
VOLVE_15_9_F14,3246.26,22.65,74.1,475.3,4.03,10.61,Limestone,22.38,12.31
VOLVE_15_9_F14,3247.25,22.1,90.8,442.5,4.71,10.38,Limestone,22.42,10.75
VOLVE_15_9_F14,3247.78,26.33,74.9,475.0,3.91,10.69,Limestone,22.45,13.31
VOLVE_15_9_F14,3248.72,24.63,70.4,431.0,5.18,10.38,Limestone,22.49,10.44
VOLVE_15_9_F14,3249.6,23.11,85.1,409.0,6.64,10.66,Limestone,22.53,14.28
VOLVE_15_9_F14,3250.14,22.24,93.5,490.3,4.56,10.52,Limestone,22.55,11.36
VOLVE_15_9_F14,3250.38,27.25,86.0,411.7,4.61,10.67,Limestone,22.58,13.06
VOLVE_15_9_F14,3251.26,21.17,70.8,427.9,6.47,10.67,Limestone,22.59,12.24
VOLVE_15_9_F14,3251.63,19.31,61.7,456.0,3.72,10.61,Limestone,22.63,11.8
VOLVE_15_9_F14,3251.87,22.53,79.2,383.5,4.34,10.43,Limestone,22.67,10.38
VOLVE_15_9_F14,3252.77,22.22,65.4,432.7,4.67,10.49,Limestone,22.68,11.98
VOLVE_15_9_F14,3253.5,26.03,80.4,429.3,3.44,10.66,Limestone,22.7,11.32
VOLVE_15_9_F14,3253.84,23.4,81.4,444.8,4.29,10.61,Limestone,22.74,12.44
VOLVE_15_9_F14,3254.27,25.31,92.5,446.0,7.88,10.86,Limestone,22.76,11.23
VOLVE_15_9_F14,3255.07,16.62,91.6,436.7,5.71,10.61,Limestone,22.8,11.82
VOLVE_15_9_F14,3255.37,22.19,96.6,448.6,6.16,10.7,Limestone,22.82,13.93
VOLVE_15_9_F14,3256.14,26.71,81.6,514.0,6.36,10.53,Limestone,22.85,13.04
VOLVE_15_9_F14,3256.71,20.33,75.8,549.5,5.7,10.46,Limestone,22.86,12.3
VOLVE_15_9_F14,3257.58,22.33,88.4,475.7,4.83,10.76,Limestone,22.88,12.97
VOLVE_15_9_F14,3258.29,25.13,88.2,442.6,5.48,10.48,Limestone,22.92,13.25
VOLVE_15_9_F14,3259.28,21.78,87.5,419.5,5.7,10.37,Limestone,22.96,10.67
VOLVE_15_9_F14,3260.17,25.0,110.5,426.1,5.33,10.39,Limestone,22.99,12.24
VOLVE_15_9_F14,3260.64,21.53,91.8,446.1,6.89,10.64,Limestone,23.01,12.05
VOLVE_15_9_F14,3261.23,22.95,99.6,500.9,3.52,10.49,Limestone,23.04,12.96
VOLVE_15_9_F14,3262.18,24.73,65.6,414.4,4.82,10.36,Limestone,23.06,11.33
VOLVE_15_9_F14,3262.5,20.32,67.2,469.9,6.16,10.88,Limestone,23.09,11.45
VOLVE_15_9_F14,3263.03,21.02,70.2,434.6,6.14,10.26,Limestone,23.11,12.69
VOLVE_15_9_F14,3263.69,25.34,82.1,493.9,4.91,10.53,Limestone,23.15,12.43
VOLVE_15_9_F14,3264.18,21.09,79.7,440.4,5.47,10.83,Limestone,23.2,10.57
VOLVE_15_9_F14,3264.45,23.37,85.8,425.1,5.75,10.6,Limestone,23.23,12.88
VOLVE_15_9_F14,3264.82,25.49,106.6,427.7,8.5,10.96,Limestone,23.26,14.56
VOLVE_15_9_F14,3265.36,23.29,80.5,524.9,4.34,10.71,Limestone,23.3,12.64
VOLVE_15_9_F14,3266.26,23.75,89.1,453.4,5.72,10.41,Limestone,23.33,12.28
VOLVE_15_9_F14,3266.92,26.94,83.0,499.0,5.17,10.7,Limestone,23.35,12.83
VOLVE_15_9_F14,3267.36,28.82,98.1,469.2,7.89,10.5,Chalk,23.36,26.11
VOLVE_15_9_F14,3267.69,23.41,91.4,479.5,5.31,10.55,Chalk,23.41,24.29
VOLVE_15_9_F14,3268.39,22.01,81.1,440.3,4.45,10.44,Chalk,23.42,20.25
VOLVE_15_9_F14,3268.73,25.16,96.2,450.7,6.59,10.49,Chalk,23.47,24.95
VOLVE_15_9_F14,3268.99,21.13,91.0,412.8,4.31,10.7,Chalk,23.51,21.99
VOLVE_15_9_F14,3269.21,26.36,94.8,414.9,6.02,10.45,Chalk,23.56,25.44
VOLVE_15_9_F14,3269.97,21.71,,445.7,6.0,10.3,Chalk,23.58,21.39
VOLVE_15_9_F14,3270.88,22.03,91.8,441.5,3.28,10.65,Chalk,23.6,21.57
VOLVE_15_9_F14,3271.5,20.52,78.4,449.3,4.05,10.55,Chalk,23.63,21.95
VOLVE_15_9_F14,3271.93,20.96,66.6,486.0,7.18,10.73,Chalk,23.68,23.29
VOLVE_15_9_F14,3272.29,26.04,74.9,529.3,5.73,10.48,Chalk,23.71,24.01
VOLVE_15_9_F14,3272.71,23.95,91.0,415.4,4.15,10.74,Chalk,23.73,22.76
VOLVE_15_9_F14,3273.16,22.96,89.8,470.2,5.59,10.7,Chalk,23.76,22.76
VOLVE_15_9_F14,3273.84,28.22,71.5,431.5,3.36,10.67,Chalk,23.77,22.82
VOLVE_15_9_F14,3274.78,23.39,102.5,388.7,5.84,10.39,Chalk,23.81,22.57
VOLVE_15_9_F14,3275.16,23.06,66.9,549.4,5.55,10.58,Chalk,23.85,21.57
VOLVE_15_9_F14,3275.65,20.32,84.3,452.1,4.99,10.73,Chalk,23.87,22.27
VOLVE_15_9_F14,3276.32,21.08,75.6,439.8,4.14,10.51,Chalk,23.88,20.61
VOLVE_15_9_F14,3276.88,20.77,84.7,490.6,7.28,10.28,Chalk,23.92,24.16
VOLVE_15_9_F14,3277.17,21.39,63.0,551.2,4.47,10.49,Chalk,23.95,21.82
VOLVE_15_9_F14,3277.49,21.94,56.8,467.2,2.56,10.45,Chalk,23.98,21.31
VOLVE_15_9_F14,3278.16,22.4,72.7,556.5,4.91,10.5,Chalk,24.01,22.14
VOLVE_15_9_F14,3278.84,24.86,92.0,454.4,7.02,10.38,Chalk,24.05,25.35
VOLVE_15_9_F14,3279.51,23.06,84.6,495.9,7.29,10.71,Chalk,24.06,23.93
VOLVE_15_9_F14,3280.37,27.59,61.5,422.8,2.17,10.68,Chalk,24.09,19.89
VOLVE_15_9_F14,3280.72,24.7,96.3,423.3,4.67,10.46,Chalk,24.13,23.12
VOLVE_15_9_F14,3281.28,21.36,85.1,467.7,4.75,10.53,Chalk,24.17,21.8
VOLVE_15_9_F14,3281.85,24.26,93.1,508.4,5.78,10.46,Chalk,24.19,25.04
VOLVE_15_9_F14,3282.23,23.51,76.7,435.5,3.63,10.67,Chalk,24.21,20.87
VOLVE_15_9_F14,3282.99,26.62,54.9,492.9,5.89,10.44,Chalk,24.24,21.05
VOLVE_15_9_F14,3283.44,25.19,104.1,470.8,6.94,10.47,Chalk,24.27,24.92
VOLVE_15_9_F14,3284.14,23.31,79.2,444.8,4.22,10.61,Chalk,24.32,23.19
VOLVE_15_9_F14,3284.68,27.51,96.6,484.9,5.87,10.47,Chalk,24.36,25.34
VOLVE_15_9_F14,3285.07,24.53,76.0,424.3,6.33,10.85,Chalk,24.38,22.2
VOLVE_15_9_F14,3285.43,24.64,83.2,497.2,7.59,10.49,Chalk,24.42,24.91
VOLVE_15_9_F14,3286.03,26.9,57.4,447.0,6.55,10.71,Chalk,24.45,20.98
VOLVE_15_9_F14,3286.42,25.29,69.4,485.4,4.69,10.73,Chalk,24.47,24.44
VOLVE_15_9_F14,3287.16,23.69,104.0,464.9,6.24,10.39,Chalk,24.49,26.24
VOLVE_15_9_F14,3287.85,22.96,94.9,460.1,5.21,10.56,Chalk,24.53,23.02
VOLVE_15_9_F14,3288.68,18.11,99.5,321.1,4.22,10.47,Chalk,24.57,20.58
VOLVE_15_9_F14,3288.99,18.54,89.1,433.9,5.6,10.73,Chalk,24.6,21.09
VOLVE_15_9_F14,3289.9,22.87,85.5,416.8,5.92,10.59,Chalk,24.63,21.95
VOLVE_15_9_F14,3290.51,21.77,96.1,478.6,5.39,10.73,Chalk,24.66,23.95
VOLVE_15_9_F14,3291.24,23.21,95.5,447.3,6.72,10.84,Chalk,24.68,21.64
VOLVE_15_9_F14,3292.22,25.71,86.3,389.7,5.27,10.86,Chalk,24.71,22.12
VOLVE_15_9_F14,3292.83,21.24,83.2,479.2,5.05,10.44,Chalk,24.74,22.76
VOLVE_15_9_F14,3293.74,19.23,96.1,450.0,5.41,10.42,Chalk,24.76,23.58
VOLVE_15_9_F14,3294.2,19.93,66.2,454.2,5.17,10.42,Chalk,24.78,21.9
VOLVE_15_9_F14,3295.06,20.72,77.3,475.0,3.91,10.77,Chalk,24.8,20.83
VOLVE_15_9_F14,3296.01,20.33,60.8,466.7,7.01,10.71,Chalk,24.82,19.63
VOLVE_15_9_F14,3296.36,23.29,67.5,537.1,5.92,10.7,Chalk,24.86,22.08
VOLVE_15_9_F14,3296.96,27.04,84.9,493.0,5.71,10.68,Chalk,24.87,25.4
VOLVE_15_9_F14,3297.88,24.73,93.4,459.4,5.65,10.54,Chalk,24.89,24.23
VOLVE_15_9_F14,3298.36,24.92,109.1,469.8,5.79,10.61,Chalk,24.94,27.64
VOLVE_15_9_F14,3299.12,23.74,80.1,447.9,7.09,10.65,Chalk,24.97,23.28
VOLVE_15_9_F14,3299.4,20.1,75.7,437.2,6.09,10.62,Chalk,25.0,22.69
VOLVE_15_9_F14,3299.84,28.8,80.6,491.9,6.56,10.5,Chalk,25.03,24.44
VOLVE_15_9_F14,3300.57,22.41,85.4,521.2,8.27,10.84,Chalk,25.05,22.76
VOLVE_15_9_F14,3301.12,25.14,108.8,450.0,6.61,10.42,Chalk,25.07,27.3
VOLVE_15_9_F14,3301.85,17.61,81.9,478.4,3.73,10.54,Chalk,25.11,19.3
VOLVE_15_9_F14,3302.49,22.99,65.3,420.3,5.94,10.82,Chalk,25.15,21.06
VOLVE_15_9_F14,3303.43,22.78,87.5,482.5,6.0,10.74,Chalk,25.19,22.86
VOLVE_15_9_F14,3303.73,22.55,83.0,419.6,6.94,10.41,Chalk,25.21,21.69
VOLVE_15_9_F14,3304.43,19.71,81.2,464.8,5.89,10.27,Chalk,25.25,21.95
VOLVE_15_9_F14,3304.99,23.72,77.7,474.4,5.47,10.45,Chalk,25.27,22.38
VOLVE_15_9_F14,3305.93,,112.8,509.5,7.21,10.62,Chalk,25.31,24.99
VOLVE_15_9_F14,3306.82,28.48,74.2,374.4,3.66,10.61,Chalk,25.35,20.6
VOLVE_15_9_F14,3307.27,27.35,58.7,520.9,5.92,10.6,Chalk,25.38,22.92
VOLVE_15_9_F14,3308.14,26.39,72.7,505.3,6.15,10.69,Chalk,25.42,22.2
VOLVE_15_9_F14,3308.8,27.51,74.4,477.9,3.99,10.61,Chalk,25.45,22.45
VOLVE_15_9_F14,3309.23,27.8,62.7,444.4,5.59,10.75,Chalk,25.49,21.11
VOLVE_15_9_F14,3309.51,20.93,78.9,499.4,4.27,10.72,Chalk,25.53,20.68
VOLVE_15_9_F14,3309.84,23.87,105.9,532.2,5.21,10.28,Chalk,25.57,24.7
VOLVE_15_9_F14,3310.54,20.05,62.7,446.1,5.85,10.62,Chalk,25.6,18.69
VOLVE_15_9_F14,3311.14,24.59,60.9,515.0,3.89,10.57,Chalk,25.64,21.09
VOLVE_15_9_F14,3311.45,22.63,92.9,496.3,5.16,10.64,Chalk,25.65,23.66
VOLVE_15_9_F14,3312.36,22.86,78.7,506.8,4.13,10.57,Chalk,25.68,22.81
VOLVE_15_9_F14,3313.02,22.57,76.0,488.2,5.44,10.36,Chalk,25.73,21.75
VOLVE_15_9_F14,3314.0,17.02,97.9,457.6,5.4,10.67,Chalk,25.75,20.18
VOLVE_15_9_F14,3314.42,18.49,73.4,409.6,3.22,10.71,Chalk,25.78,20.36
VOLVE_15_9_F14,3314.76,25.4,58.2,437.6,4.75,10.33,Chalk,25.81,21.21
VOLVE_15_9_F14,3315.66,21.58,93.7,484.3,5.12,10.86,Chalk,25.83,23.0
VOLVE_15_9_F14,3316.46,25.82,80.8,449.0,5.68,10.75,Chalk,25.85,23.98
VOLVE_15_9_F14,3316.83,22.86,80.0,380.7,6.4,10.47,Chalk,25.9,22.66
VOLVE_15_9_F14,3317.31,19.3,52.5,433.3,3.38,10.44,Chalk,25.91,19.24
VOLVE_15_9_F14,3317.77,19.77,66.7,412.5,4.29,10.64,Chalk,25.93,17.73
VOLVE_15_9_F14,3318.53,21.6,78.7,467.2,6.7,10.63,Chalk,25.97,21.18
VOLVE_15_9_F14,3318.9,20.96,65.7,491.5,5.81,10.7,Chalk,26.01,19.44
VOLVE_15_9_F14,3319.17,23.06,96.0,465.7,4.36,10.68,Chalk,26.03,24.18
VOLVE_15_9_F14,3320.02,23.91,80.7,397.6,5.23,10.69,Chalk,26.05,21.31
VOLVE_15_9_F14,3320.23,24.13,78.1,441.7,5.84,10.44,Chalk,26.09,21.44
VOLVE_15_9_F14,3320.92,23.85,96.3,415.2,6.66,10.59,Chalk,26.11,23.3
VOLVE_15_9_F14,3321.36,25.5,72.9,451.5,5.77,10.66,Chalk,26.12,22.78
VOLVE_15_9_F14,3321.9,25.79,87.5,487.6,6.12,10.57,Chalk,26.13,24.14
VOLVE_15_9_F14,3322.16,20.96,81.7,461.1,5.63,10.7,Chalk,26.18,21.44
VOLVE_15_9_F14,3322.49,18.63,94.3,458.6,5.14,10.77,Chalk,26.22,22.18
VOLVE_15_9_F14,3323.09,21.6,88.3,520.4,3.37,10.48,Chalk,26.25,21.75
VOLVE_15_9_F14,3323.6,23.5,91.1,421.5,4.88,10.6,Chalk,26.29,20.69
VOLVE_15_9_F14,3324.16,21.98,74.1,502.1,6.57,10.53,Chalk,26.31,21.42
VOLVE_15_9_F14,3324.36,24.88,73.3,445.4,6.37,10.54,Chalk,26.32,21.53
VOLVE_15_9_F14,3325.3,19.97,80.3,557.7,4.98,10.36,Chalk,26.35,22.64
VOLVE_15_9_F14,3325.92,27.25,91.0,468.6,5.53,10.67,Chalk,26.39,24.79
VOLVE_15_9_F14,3326.47,25.27,87.4,385.3,4.69,11.04,Chalk,26.4,20.79
VOLVE_15_9_F14,3327.36,22.35,93.4,442.2,4.37,10.67,Chalk,26.43,19.69
VOLVE_15_9_F14,3327.61,21.4,69.1,406.4,6.1,10.95,Chalk,26.44,21.8
VOLVE_15_9_F14,3328.17,22.93,61.7,542.6,4.61,10.8,Chalk,26.48,21.17
VOLVE_15_9_F14,3328.83,26.18,74.5,428.7,5.83,10.5,Chalk,26.5,20.08
VOLVE_15_9_F14,3329.25,22.32,71.9,507.2,7.98,10.67,Chalk,26.53,20.25
VOLVE_15_9_F14,3329.66,21.86,67.6,495.3,5.1,10.73,Chalk,26.54,21.06
VOLVE_15_9_F14,3329.99,23.31,78.5,410.5,4.37,10.72,Chalk,26.57,20.27
VOLVE_15_9_F14,3330.75,20.18,62.5,396.2,5.81,10.5,Chalk,26.58,20.45
VOLVE_15_9_F14,3331.49,26.01,73.3,496.6,6.73,10.64,Chalk,26.63,22.4
VOLVE_15_9_F14,3332.02,24.88,67.2,443.3,2.92,10.86,Chalk,26.67,20.3
VOLVE_15_9_F14,3332.3,25.59,64.2,457.4,6.76,10.38,Chalk,26.7,21.17
VOLVE_15_9_F14,3332.64,26.79,63.2,463.5,4.28,10.77,Chalk,26.72,21.1
VOLVE_15_9_F14,3333.17,21.36,67.0,340.0,6.86,10.79,Chalk,26.73,19.62
VOLVE_15_9_F14,3333.57,23.37,89.4,453.9,6.97,10.35,Chalk,26.76,24.39
VOLVE_15_9_F14,3334.35,23.1,77.4,502.6,5.4,10.52,Chalk,26.78,22.47
VOLVE_15_9_F14,3334.62,27.3,83.3,386.3,4.69,10.57,Chalk,26.81,22.09
VOLVE_15_9_F14,3335.13,22.3,78.6,489.4,6.5,10.74,Chalk,26.82,22.45
VOLVE_15_9_F14,3336.04,18.87,91.2,448.0,5.57,10.61,Chalk,26.85,22.16
VOLVE_15_9_F14,3336.51,22.2,89.2,411.2,4.41,10.53,Chalk,26.9,20.26
VOLVE_15_9_F14,3337.32,25.56,89.6,470.5,6.27,10.62,Chalk,26.92,22.6
VOLVE_15_9_F14,3337.76,24.68,78.9,456.0,4.05,10.68,Chalk,26.93,21.86
VOLVE_15_9_F14,3338.48,23.12,81.1,511.2,5.62,10.59,Chalk,26.97,22.35
VOLVE_15_9_F14,3339.12,22.41,64.0,434.3,5.32,,Chalk,27.02,19.44
VOLVE_15_9_F14,3339.74,24.21,71.1,508.3,5.82,10.62,Chalk,27.06,19.9
VOLVE_15_9_F14,3340.06,24.78,92.7,455.2,7.07,10.72,Chalk,27.09,22.74
VOLVE_15_9_F14,3340.3,23.9,73.4,474.0,4.66,10.45,Chalk,27.12,21.89
VOLVE_15_9_F14,3340.61,22.49,77.8,442.6,4.42,10.67,Chalk,27.14,22.24
VOLVE_15_9_F14,3341.41,23.29,90.6,418.2,5.49,10.54,Chalk,27.18,21.9
VOLVE_15_9_F14,3342.41,22.0,85.2,494.5,6.24,10.54,Chalk,27.2,22.2
VOLVE_15_9_F14,3342.82,25.96,81.7,454.8,5.31,10.85,Chalk,27.23,21.39
VOLVE_15_9_F14,3343.23,23.04,77.9,443.5,3.31,10.52,Chalk,27.26,21.07
VOLVE_15_9_F14,3343.74,21.04,93.7,496.5,4.98,10.54,Chalk,27.28,21.48
VOLVE_15_9_F14,3344.22,29.03,71.6,516.6,5.88,10.36,Chalk,27.31,24.01
VOLVE_15_9_F14,3344.93,21.56,86.3,435.4,4.3,10.48,Chalk,27.34,21.42
VOLVE_15_9_F14,3345.49,21.15,77.4,522.4,2.24,10.36,Chalk,27.36,22.39
VOLVE_15_9_F14,3346.19,20.38,89.6,425.4,5.55,10.79,Chalk,27.38,20.88
VOLVE_15_9_F14,3346.47,21.67,90.9,465.2,3.74,10.67,Chalk,27.41,21.95
VOLVE_15_9_F14,3347.26,25.25,83.2,491.2,6.68,10.74,Chalk,27.45,21.58
VOLVE_15_9_F14,3348.08,19.44,97.3,319.0,7.97,10.69,Chalk,27.5,20.72
VOLVE_15_9_F14,3349.04,23.8,91.9,417.6,4.45,10.47,Chalk,27.53,22.51
VOLVE_15_9_F14,3349.76,21.94,77.2,439.5,5.55,10.74,Chalk,27.57,20.89
VOLVE_15_9_F14,3350.42,21.37,84.8,467.4,5.55,10.59,Chalk,27.61,21.12
VOLVE_15_9_F14,3351.09,19.06,85.4,456.7,3.15,10.7,Chalk,27.66,19.8
VOLVE_15_9_F14,3351.36,23.29,95.8,357.9,2.63,10.21,Chalk,27.69,22.97
VOLVE_15_9_F14,3351.83,19.12,59.7,440.9,2.99,10.44,Chalk,27.72,16.81
VOLVE_15_9_F14,3352.74,22.71,97.6,393.9,5.14,10.51,Chalk,27.77,22.8
VOLVE_15_9_F14,3353.65,24.27,58.2,431.8,7.98,10.66,Chalk,27.79,20.68
VOLVE_15_9_F14,3354.61,17.77,88.2,442.6,5.61,10.38,Chalk,27.81,19.72
VOLVE_15_9_F14,3355.35,25.16,88.1,464.9,4.52,10.96,Chalk,27.83,22.45
VOLVE_15_9_F14,3355.73,18.48,78.5,438.3,3.77,10.81,Chalk,27.88,19.52
VOLVE_15_9_F14,3356.59,27.97,90.3,457.5,5.05,10.81,Chalk,27.92,21.86
VOLVE_15_9_F14,3357.25,22.94,63.8,434.6,2.77,10.83,Chalk,27.95,20.14
VOLVE_15_9_F14,3357.53,21.27,69.6,469.5,3.9,10.7,Chalk,27.98,20.14
VOLVE_15_9_F14,3357.78,23.94,65.7,404.0,5.69,10.45,Chalk,28.02,19.56
VOLVE_15_9_F14,3358.48,21.18,71.7,453.5,4.71,10.69,Chalk,28.03,21.57
VOLVE_15_9_F14,3359.2,17.36,97.1,410.5,4.53,10.55,Chalk,28.05,20.29
VOLVE_15_9_F14,3359.65,26.28,100.0,440.1,6.87,10.59,Chalk,28.09,23.76
VOLVE_15_9_F14,3360.6,22.57,80.2,464.5,3.88,10.75,Chalk,28.12,21.82
VOLVE_15_9_F14,3360.94,23.63,84.3,420.2,5.91,10.54,Chalk,28.17,21.39
VOLVE_15_9_F14,3361.26,23.03,110.2,451.0,4.36,10.53,Chalk,28.18,23.49
VOLVE_15_9_F14,3361.76,21.37,75.3,441.9,6.05,10.76,Chalk,28.22,21.16
VOLVE_15_9_F14,3362.36,20.66,71.5,538.3,5.01,10.5,Chalk,28.23,20.3
VOLVE_15_9_F14,3362.93,25.28,95.2,470.1,5.9,10.57,Chalk,28.25,22.76
VOLVE_15_9_F14,3363.68,24.74,73.7,476.0,5.17,10.61,Chalk,28.27,20.72
VOLVE_15_9_F14,3364.04,23.35,67.1,421.0,5.76,10.71,Chalk,28.28,21.18
VOLVE_15_9_F14,3364.66,26.01,94.6,355.6,4.74,10.73,Chalk,28.33,19.87
VOLVE_15_9_F14,3365.26,23.28,101.9,431.6,6.84,10.52,Chalk,28.36,22.71
VOLVE_15_9_F14,3366.18,26.26,74.2,390.8,5.17,10.37,Chalk,28.41,22.41
VOLVE_15_9_F14,3367.03,27.16,81.1,464.6,6.25,10.81,Chalk,28.43,20.93
VOLVE_15_9_F14,3367.93,26.18,94.9,466.7,6.57,10.29,Chalk,28.47,23.34
VOLVE_15_9_F14,3368.83,24.5,70.2,463.9,4.34,,Chalk,28.48,21.61
VOLVE_15_9_F14,3369.11,20.95,95.6,452.7,5.91,10.62,Chalk,28.5,20.83
VOLVE_15_9_F14,3369.72,24.59,103.3,420.1,4.87,10.66,Chalk,28.54,22.24
VOLVE_15_9_F14,3370.61,22.3,63.1,426.4,3.04,10.67,Chalk,28.56,18.67
VOLVE_15_9_F14,3371.47,25.29,61.4,472.2,5.43,10.59,Chalk,28.6,19.67
VOLVE_15_9_F14,3372.41,27.53,57.4,535.2,7.93,10.61,Chalk,28.65,21.34
VOLVE_15_9_F14,3372.64,23.27,73.8,465.4,4.41,10.67,Chalk,28.66,19.69
VOLVE_15_9_F14,3373.18,20.69,62.7,470.3,5.42,10.66,Chalk,28.71,17.7
VOLVE_15_9_F14,3373.47,25.25,97.8,531.7,6.72,10.21,Chalk,28.74,25.51
VOLVE_15_9_F14,3373.77,23.47,67.1,455.0,3.73,10.61,Chalk,28.77,20.09
VOLVE_15_9_F14,3374.41,27.34,75.5,418.2,4.85,10.74,Chalk,28.82,20.87
VOLVE_15_9_F14,3375.4,23.64,87.0,470.8,6.93,10.52,Chalk,28.85,21.6
VOLVE_15_9_F14,3376.21,23.33,69.2,522.0,5.92,10.69,Chalk,28.9,20.69
VOLVE_15_9_F14,3376.84,23.75,81.7,491.8,5.45,10.78,Chalk,28.95,20.69
VOLVE_15_9_F14,3377.71,24.28,91.2,464.5,3.66,10.64,Chalk,28.97,21.1
VOLVE_15_9_F14,3378.41,18.56,128.0,379.6,4.9,10.64,Chalk,29.01,19.76
VOLVE_15_9_F14,3378.68,21.49,87.2,394.8,5.87,10.42,Chalk,29.03,21.11
VOLVE_15_9_F14,3379.38,26.29,57.8,470.1,1.46,10.61,Chalk,29.05,17.71
VOLVE_15_9_F14,3379.64,21.89,91.9,442.6,6.32,10.7,Chalk,29.07,21.25
VOLVE_15_9_F14,3380.14,23.45,86.1,452.9,6.76,10.56,Chalk,29.08,20.74
VOLVE_15_9_F15,2100.49,22.9,80.2,476.5,6.32,10.1,Shale,0.05,25.87
VOLVE_15_9_F15,2101.2,23.28,95.6,469.8,3.41,10.29,Shale,0.06,26.42
VOLVE_15_9_F15,2101.72,16.57,97.0,490.4,5.59,10.32,Shale,0.09,24.72
VOLVE_15_9_F15,2102.08,18.04,77.5,486.5,6.15,9.91,Shale,0.11,26.9
VOLVE_15_9_F15,2102.96,21.47,87.4,480.8,7.71,10.09,Shale,0.13,28.39
VOLVE_15_9_F15,2103.32,18.04,78.7,441.3,2.97,10.27,Shale,0.17,25.27
VOLVE_15_9_F15,2104.16,16.72,91.6,433.6,4.53,10.23,Shale,0.19,23.55
VOLVE_15_9_F15,2104.82,19.47,73.7,467.2,8.22,10.18,Shale,0.23,25.15
VOLVE_15_9_F15,2105.63,15.35,87.8,463.8,2.24,10.17,Shale,0.25,23.53
VOLVE_15_9_F15,2105.84,13.89,83.2,553.3,5.94,10.26,Shale,0.27,23.89
VOLVE_15_9_F15,2106.21,24.3,98.1,468.5,6.05,10.27,Shale,0.3,29.78
VOLVE_15_9_F15,2106.76,17.68,76.6,458.0,4.0,10.01,Shale,0.32,24.71
VOLVE_15_9_F15,2107.66,20.49,88.8,431.7,4.76,9.94,Shale,0.34,26.93
VOLVE_15_9_F15,2107.94,17.75,78.4,413.6,7.89,10.2,Shale,0.35,24.17
VOLVE_15_9_F15,2108.59,19.04,61.8,394.1,5.76,10.32,Shale,0.39,23.57
VOLVE_15_9_F15,2109.46,18.58,80.9,411.5,4.77,10.14,Shale,0.4,23.77
VOLVE_15_9_F15,2109.68,14.7,94.2,442.8,3.86,10.54,Shale,0.44,25.42
VOLVE_15_9_F15,2109.91,16.94,94.7,493.1,6.1,10.33,Shale,0.47,25.05
VOLVE_15_9_F15,2110.42,20.25,75.4,471.2,4.65,10.14,Shale,0.51,25.21
VOLVE_15_9_F15,2110.7,19.27,99.5,415.2,4.22,9.95,Shale,0.55,26.53
VOLVE_15_9_F15,2110.96,18.41,103.8,430.1,5.02,10.32,Shale,0.57,28.06
VOLVE_15_9_F15,2111.33,13.35,70.8,450.0,4.86,10.08,Shale,0.61,22.45
VOLVE_15_9_F15,2111.92,19.73,86.7,440.6,4.92,10.12,Shale,0.62,24.67
VOLVE_15_9_F15,2112.38,17.31,100.7,420.2,7.28,10.09,Shale,0.64,26.46
VOLVE_15_9_F15,2113.36,16.92,104.3,355.9,6.13,10.02,Shale,0.66,22.91
VOLVE_15_9_F15,2113.92,16.38,87.9,411.8,4.49,10.13,Shale,0.7,22.88
VOLVE_15_9_F15,2114.58,18.67,101.4,414.0,6.22,10.13,Shale,0.71,24.83
VOLVE_15_9_F15,2115.08,18.19,104.3,500.0,4.89,10.08,Shale,0.74,26.02
VOLVE_15_9_F15,2115.36,17.46,93.3,510.2,4.81,10.11,Shale,0.78,26.37
VOLVE_15_9_F15,2115.9,21.84,80.6,379.3,5.23,10.48,Shale,0.82,25.75
VOLVE_15_9_F15,2116.46,18.56,90.3,484.5,4.5,10.32,Shale,0.83,26.67
VOLVE_15_9_F15,2117.42,14.82,74.6,503.1,5.85,10.19,Shale,0.88,22.48
VOLVE_15_9_F15,2118.34,16.89,75.5,423.5,5.98,9.95,Shale,0.91,22.07
VOLVE_15_9_F15,2118.54,19.01,61.6,389.2,3.51,10.29,Shale,0.93,22.51
VOLVE_15_9_F15,2118.96,20.15,97.9,519.9,7.37,10.48,Shale,0.95,27.51
VOLVE_15_9_F15,2119.62,16.0,100.6,446.8,5.59,10.47,Shale,0.98,22.4
VOLVE_15_9_F15,2120.39,16.0,56.4,505.3,1.78,10.19,Shale,1.02,20.9
VOLVE_15_9_F15,2120.95,19.7,77.6,457.7,5.23,10.26,Shale,1.03,23.7
VOLVE_15_9_F15,2121.72,18.68,75.6,513.2,5.59,10.04,Shale,1.06,22.88
VOLVE_15_9_F15,2122.49,19.41,92.4,472.8,4.32,10.25,Shale,1.07,25.8
VOLVE_15_9_F15,2123.26,16.79,84.5,439.9,7.68,10.31,Shale,1.11,23.68
VOLVE_15_9_F15,2123.66,20.57,94.4,435.0,4.21,10.28,Shale,1.13,24.98
VOLVE_15_9_F15,2123.87,20.43,85.1,431.1,5.8,10.38,Shale,1.16,25.24
VOLVE_15_9_F15,2124.22,20.07,88.7,446.2,4.32,10.31,Shale,1.2,23.2
VOLVE_15_9_F15,2124.7,17.35,85.4,451.6,4.08,9.96,Shale,1.22,23.12
VOLVE_15_9_F15,2125.26,17.3,102.3,469.0,5.24,10.15,Shale,1.25,25.55
VOLVE_15_9_F15,2125.53,18.04,69.9,438.5,3.7,10.36,Shale,1.28,23.36
VOLVE_15_9_F15,2126.29,14.09,73.4,524.6,3.96,9.96,Shale,1.32,23.8
VOLVE_15_9_F15,2126.6,17.48,71.6,518.9,3.85,10.22,Shale,1.36,23.85
VOLVE_15_9_F15,2127.03,20.67,91.3,465.8,3.32,10.15,Shale,1.38,26.23
VOLVE_15_9_F15,2127.49,16.39,60.2,528.4,4.0,10.02,Shale,1.39,22.66
VOLVE_15_9_F15,2128.16,23.0,55.7,512.8,7.41,10.35,Shale,1.41,25.68
VOLVE_15_9_F15,2128.95,15.31,94.9,442.7,4.12,10.09,Shale,1.44,22.23
VOLVE_15_9_F15,2129.4,16.08,63.9,473.6,4.33,10.53,Shale,1.47,21.01
VOLVE_15_9_F15,2130.27,16.73,71.2,452.3,4.69,10.18,Shale,1.52,22.69
VOLVE_15_9_F15,2130.75,19.89,64.2,512.5,6.85,10.37,Shale,1.53,24.3
VOLVE_15_9_F15,2131.6,17.59,73.9,420.1,5.22,10.46,Shale,1.54,21.65
VOLVE_15_9_F15,2131.92,15.39,128.6,398.0,4.23,10.26,Shale,1.58,22.84
VOLVE_15_9_F15,2132.41,19.79,79.6,454.0,2.93,10.22,Shale,1.61,23.19
VOLVE_15_9_F15,2133.08,19.11,84.3,420.6,3.86,10.33,Shale,1.66,23.2
VOLVE_15_9_F15,2133.68,16.54,69.4,421.7,4.68,10.46,Shale,1.68,22.33
VOLVE_15_9_F15,2134.17,22.79,82.9,447.5,3.88,10.26,Shale,1.69,23.49
VOLVE_15_9_F15,2134.54,20.3,99.3,437.0,6.91,10.11,Shale,1.73,28.71
VOLVE_15_9_F15,2135.14,19.9,86.2,443.1,4.67,10.0,Shale,1.76,24.31
VOLVE_15_9_F15,2135.42,16.98,114.7,446.4,6.87,10.26,Shale,1.79,24.14
VOLVE_15_9_F15,2135.93,15.91,73.1,465.8,4.06,10.06,Shale,1.81,21.15
VOLVE_15_9_F15,2136.19,22.09,52.4,428.6,3.77,10.35,Shale,1.82,22.2
VOLVE_15_9_F15,2136.74,16.26,90.7,432.4,3.65,10.4,Shale,1.87,22.12
VOLVE_15_9_F15,2137.71,19.8,90.9,489.8,5.75,10.3,Shale,1.89,25.59
VOLVE_15_9_F15,2138.3,20.82,85.7,502.0,6.69,10.2,Shale,1.93,25.88
VOLVE_15_9_F15,2138.97,14.99,64.2,526.4,4.85,10.31,Shale,1.97,22.0
VOLVE_15_9_F15,2139.57,17.98,76.4,456.3,3.32,10.22,Shale,2.01,23.02
VOLVE_15_9_F15,2139.94,16.07,87.6,499.9,4.86,10.17,Shale,2.03,24.25
VOLVE_15_9_F15,2140.23,19.43,88.4,442.4,4.86,10.15,Shale,2.06,26.63
VOLVE_15_9_F15,2140.69,16.45,94.7,473.3,2.3,10.23,Shale,2.07,23.08
VOLVE_15_9_F15,2141.31,16.29,69.8,458.8,4.56,10.22,Shale,2.11,21.25
VOLVE_15_9_F15,2142.06,15.21,56.2,524.4,5.27,10.4,Shale,2.13,22.08
VOLVE_15_9_F15,2142.78,18.33,81.9,429.8,6.83,10.3,Shale,2.14,24.63
VOLVE_15_9_F15,2143.4,14.29,94.0,421.9,5.68,10.02,Shale,2.19,22.7
VOLVE_15_9_F15,2143.89,22.23,64.8,456.5,3.06,10.29,Shale,2.2,24.01
VOLVE_15_9_F15,2144.3,17.99,108.4,377.4,4.2,10.23,Shale,2.22,23.65
VOLVE_15_9_F15,2145.09,20.56,79.5,457.4,6.17,10.26,Shale,2.25,26.55
VOLVE_15_9_F15,2146.0,18.31,101.6,356.5,3.8,10.18,Shale,2.28,24.61
VOLVE_15_9_F15,2146.71,19.28,111.2,419.5,6.13,10.22,Shale,2.3,26.21
VOLVE_15_9_F15,2146.99,15.27,60.1,454.2,3.69,10.46,Shale,2.34,20.04
VOLVE_15_9_F15,2147.82,19.86,92.0,388.5,5.09,10.16,Shale,2.36,22.73
VOLVE_15_9_F15,2148.5,15.53,111.8,464.6,3.73,10.12,Shale,2.38,24.99
VOLVE_15_9_F15,2149.22,21.91,77.9,367.1,5.56,10.11,Shale,2.41,24.35
VOLVE_15_9_F15,2149.97,17.22,113.9,451.5,4.75,10.06,Shale,2.44,26.23
VOLVE_15_9_F15,2150.54,20.24,99.5,483.8,7.44,10.31,Shale,2.46,25.27
VOLVE_15_9_F15,2151.15,15.43,79.7,501.1,4.04,10.39,Shale,2.48,22.41
VOLVE_15_9_F15,2151.6,20.37,84.1,515.5,7.92,10.13,Shale,2.52,26.3
VOLVE_15_9_F15,2152.3,14.3,61.0,419.1,4.81,10.3,Shale,2.56,18.3
VOLVE_15_9_F15,2152.9,14.51,74.4,438.1,4.19,10.37,Shale,2.58,19.58
VOLVE_15_9_F15,2153.37,21.11,94.6,426.6,4.49,10.25,Shale,2.6,25.6
VOLVE_15_9_F15,2153.76,20.87,80.5,488.6,4.86,10.22,Shale,2.64,27.75
VOLVE_15_9_F15,2154.46,17.38,89.8,462.6,4.39,10.12,Shale,2.66,25.12
VOLVE_15_9_F15,2155.02,17.6,101.9,453.9,5.12,10.31,Shale,2.68,22.95
VOLVE_15_9_F15,2155.38,18.18,101.4,451.8,4.87,10.18,Shale,2.72,25.03
VOLVE_15_9_F15,2156.2,19.24,90.5,477.0,6.97,10.31,Shale,2.73,24.71
VOLVE_15_9_F15,2156.84,21.0,76.3,420.1,5.91,10.14,Shale,2.74,25.08
VOLVE_15_9_F15,2157.54,17.69,87.3,486.0,6.1,10.27,Shale,2.76,24.6
VOLVE_15_9_F15,2158.19,14.63,88.2,467.5,6.06,10.38,Shale,2.8,22.14
VOLVE_15_9_F15,2158.89,18.33,75.0,496.2,4.26,10.29,Shale,2.81,24.49
VOLVE_15_9_F15,2159.16,16.7,90.3,440.0,3.37,10.12,Shale,2.85,23.26
VOLVE_15_9_F15,2159.59,21.8,72.5,456.4,5.53,10.06,Shale,2.87,24.94
VOLVE_15_9_F15,2160.41,17.6,84.3,498.2,4.87,10.23,Shale,2.89,24.11
VOLVE_15_9_F15,2161.25,21.54,75.7,408.2,4.9,10.43,Shale,2.91,23.93
VOLVE_15_9_F15,2161.49,18.45,77.5,503.0,7.67,10.34,Shale,2.93,24.67
VOLVE_15_9_F15,2162.28,16.93,98.4,444.0,5.72,10.52,Shale,2.97,25.09
VOLVE_15_9_F15,2162.66,21.49,98.3,485.6,4.18,10.63,Shale,3.01,26.72
VOLVE_15_9_F15,2163.53,16.61,82.1,486.9,5.07,10.21,Shale,3.04,24.55
VOLVE_15_9_F15,2164.04,18.56,103.5,447.2,5.79,10.32,Shale,3.06,23.14
VOLVE_15_9_F15,2164.47,17.69,95.7,455.7,4.18,10.22,Shale,3.09,24.51
VOLVE_15_9_F15,2164.91,16.53,93.5,400.2,5.84,10.14,Shale,3.13,22.28
VOLVE_15_9_F15,2165.65,19.34,83.5,382.7,3.63,10.29,Shale,3.14,23.22
VOLVE_15_9_F15,2166.4,17.07,94.6,458.6,3.99,10.26,Shale,3.16,24.84
VOLVE_15_9_F15,2167.08,16.48,78.1,501.4,4.29,10.22,Shale,3.19,21.98
VOLVE_15_9_F15,2168.04,18.12,88.0,447.2,4.46,10.17,Shale,3.22,24.01
VOLVE_15_9_F15,2168.49,17.05,103.2,371.2,5.22,10.24,Shale,3.26,22.72
VOLVE_15_9_F15,2169.18,17.55,98.5,435.4,4.16,10.17,Shale,3.28,25.01
VOLVE_15_9_F15,2169.73,18.21,75.9,434.5,5.26,10.2,Shale,3.33,23.24
VOLVE_15_9_F15,2170.38,20.05,101.2,440.2,5.72,10.06,Shale,3.37,25.37
VOLVE_15_9_F15,2170.7,17.41,66.4,413.5,0.7,10.1,Shale,3.41,20.72
VOLVE_15_9_F15,2171.63,15.32,84.2,425.3,6.25,10.14,Shale,3.43,22.79
VOLVE_15_9_F15,2172.53,19.84,101.8,394.5,5.91,10.25,Shale,3.47,26.66
VOLVE_15_9_F15,2173.5,17.06,72.6,536.6,4.41,10.24,Shale,3.5,23.48
VOLVE_15_9_F15,2174.29,19.43,89.5,521.3,4.1,10.14,Shale,3.55,25.71
VOLVE_15_9_F15,2175.05,21.33,91.6,416.0,6.13,10.15,Shale,3.57,26.28
VOLVE_15_9_F15,2175.29,18.44,104.0,456.3,4.46,10.26,Shale,3.6,24.53
VOLVE_15_9_F15,2175.84,16.37,77.3,430.5,4.11,10.15,Shale,3.61,21.01
VOLVE_15_9_F15,2176.07,18.01,97.3,448.1,4.72,10.08,Shale,3.65,24.49
VOLVE_15_9_F15,2177.02,16.63,74.2,470.3,4.15,10.33,Shale,3.66,22.98
VOLVE_15_9_F15,2177.69,16.52,79.3,462.0,4.36,10.02,Shale,3.68,22.56
VOLVE_15_9_F15,2177.94,17.61,84.7,493.7,2.86,10.07,Shale,3.72,22.33
VOLVE_15_9_F15,2178.62,15.5,82.8,433.9,5.14,10.39,Shale,3.76,22.74
VOLVE_15_9_F15,2179.33,15.87,99.2,454.9,3.93,10.05,Shale,3.79,25.19
VOLVE_15_9_F15,2180.32,20.25,121.1,355.5,5.46,10.45,Shale,3.82,25.15
VOLVE_15_9_F15,2181.04,18.91,84.6,460.8,4.38,10.05,Shale,3.83,23.2
VOLVE_15_9_F15,2181.89,19.33,85.1,370.9,4.99,10.08,Shale,3.88,24.29
VOLVE_15_9_F15,2182.71,20.35,110.2,403.8,5.27,10.07,Shale,3.9,26.4
VOLVE_15_9_F15,2183.49,13.98,120.8,505.2,4.56,10.03,Shale,3.91,24.59
VOLVE_15_9_F15,2183.77,17.77,82.4,505.7,5.0,10.44,Shale,3.94,23.91
VOLVE_15_9_F15,2184.24,22.32,89.5,414.1,6.41,10.41,Shale,3.99,25.18
VOLVE_15_9_F15,2185.04,22.81,64.6,523.0,5.39,10.02,Shale,4.04,26.43
VOLVE_15_9_F15,2185.96,16.85,73.2,483.4,5.89,10.46,Shale,4.08,23.3
VOLVE_15_9_F15,2186.29,16.34,60.3,473.6,5.85,10.05,Shale,4.1,21.54
VOLVE_15_9_F15,2186.49,13.41,80.1,407.9,3.87,10.67,Shale,4.15,20.21
VOLVE_15_9_F15,2187.37,17.5,109.8,527.2,7.17,10.21,Shale,4.16,25.84
VOLVE_15_9_F15,2187.76,19.98,71.6,483.6,4.39,10.14,Shale,4.2,23.37
VOLVE_15_9_F15,2188.38,20.78,75.1,422.6,3.45,10.3,Shale,4.24,22.96
VOLVE_15_9_F15,2189.37,15.27,91.7,361.5,5.01,10.1,Shale,4.26,22.38
VOLVE_15_9_F15,2190.17,18.05,61.0,407.8,5.22,10.02,Shale,4.3,21.34
VOLVE_15_9_F15,2190.5,17.21,89.6,460.7,7.25,10.17,Shale,4.33,24.03
VOLVE_15_9_F15,2191.44,15.84,47.1,445.8,5.16,10.24,Shale,4.34,19.73
VOLVE_15_9_F15,2191.81,17.0,80.6,514.2,6.28,9.91,Shale,4.36,24.66
VOLVE_15_9_F15,2192.67,20.64,61.2,411.6,6.29,10.1,Shale,4.4,23.86
VOLVE_15_9_F15,2192.88,19.73,73.6,466.7,4.19,10.52,Shale,4.42,22.27
VOLVE_15_9_F15,2193.27,19.43,82.8,496.3,5.63,10.23,Shale,4.45,24.9
VOLVE_15_9_F15,2193.56,21.87,82.9,401.7,4.47,9.87,Shale,4.47,24.98
VOLVE_15_9_F15,2194.21,18.25,81.7,478.8,5.0,10.23,Shale,4.5,23.68
VOLVE_15_9_F15,2194.89,18.17,118.3,453.8,5.49,10.29,Shale,4.52,23.45
VOLVE_15_9_F15,2195.65,19.62,95.5,432.4,5.61,10.23,Shale,4.56,24.57
VOLVE_15_9_F15,2196.09,16.04,59.4,366.6,6.3,10.35,Shale,4.58,20.27
VOLVE_15_9_F15,2197.05,20.62,63.8,472.6,6.43,10.19,Shale,4.6,24.53
VOLVE_15_9_F15,2197.26,20.07,104.7,427.4,5.39,10.39,Shale,4.63,26.07
VOLVE_15_9_F15,2197.71,19.48,84.7,439.2,4.6,10.23,Shale,4.64,24.22
VOLVE_15_9_F15,2197.96,16.79,103.6,510.4,6.53,10.25,Shale,4.69,27.11
VOLVE_15_9_F15,2198.45,20.25,100.1,453.1,5.61,10.28,Shale,4.72,25.75
VOLVE_15_9_F15,2199.41,22.85,80.5,464.1,6.86,10.34,Shale,4.75,24.77
VOLVE_15_9_F15,2199.85,19.89,87.0,532.5,2.3,10.29,Shale,4.78,25.13
VOLVE_15_9_F15,2200.3,17.16,75.8,461.2,4.73,10.12,Shale,4.82,22.37
VOLVE_15_9_F15,2200.73,23.0,98.9,422.5,7.1,10.47,Shale,4.85,26.17
VOLVE_15_9_F15,2201.59,19.68,86.6,505.1,3.62,,Shale,4.9,23.46
VOLVE_15_9_F15,2202.26,22.91,103.0,457.2,3.84,10.1,Shale,4.94,25.48
VOLVE_15_9_F15,2202.8,16.18,74.5,433.8,2.85,9.94,Shale,4.97,19.92
VOLVE_15_9_F15,2203.29,16.9,80.6,418.5,4.89,10.2,Shale,5.02,22.04
VOLVE_15_9_F15,2204.04,20.6,76.4,443.0,4.19,10.16,Shale,5.03,22.75
VOLVE_15_9_F15,2205.02,12.02,107.2,492.4,5.17,10.25,Shale,5.07,23.98
VOLVE_15_9_F15,2205.58,23.36,84.0,432.1,6.53,10.11,Shale,5.08,26.49
VOLVE_15_9_F15,2205.96,21.83,82.9,461.1,4.43,10.48,Shale,5.11,23.66
VOLVE_15_9_F15,2206.48,16.92,81.7,420.8,5.38,10.15,Shale,5.13,21.44
VOLVE_15_9_F15,2206.82,21.71,102.1,511.4,5.59,10.15,Shale,5.14,25.91
VOLVE_15_9_F15,2207.55,18.81,129.2,399.3,3.22,10.23,Shale,5.17,23.65
VOLVE_15_9_F15,2207.77,18.08,122.2,415.2,4.31,10.29,Shale,5.2,23.32
VOLVE_15_9_F15,2208.32,16.24,95.2,428.0,5.52,10.42,Shale,5.24,22.5
VOLVE_15_9_F15,2208.55,21.24,70.2,400.0,5.69,10.32,Shale,5.26,22.04
VOLVE_15_9_F15,2208.77,20.41,75.7,475.5,3.29,10.31,Shale,5.27,22.28
VOLVE_15_9_F15,2209.28,19.39,89.0,481.7,4.92,10.25,Shale,5.32,25.3
VOLVE_15_9_F15,2210.08,15.83,49.6,480.2,1.59,10.11,Shale,5.33,18.65
VOLVE_15_9_F15,2210.82,19.99,74.7,482.0,4.89,10.14,Shale,5.36,23.03
VOLVE_15_9_F15,2211.74,21.18,97.6,394.9,6.09,9.9,Shale,5.39,26.43
VOLVE_15_9_F15,2212.28,23.1,60.4,464.7,3.1,10.19,Shale,5.42,24.55
VOLVE_15_9_F15,2212.61,18.37,92.4,509.5,3.83,10.33,Shale,5.47,24.77
VOLVE_15_9_F15,2212.87,17.44,76.2,440.8,3.1,10.2,Shale,5.51,21.89
VOLVE_15_9_F15,2213.27,16.12,74.9,497.5,4.79,10.3,Shale,5.53,21.23
VOLVE_15_9_F15,2213.87,19.01,93.2,448.1,6.03,10.52,Shale,5.57,24.79
VOLVE_15_9_F15,2214.29,20.86,108.1,449.5,7.49,10.25,Shale,5.59,25.38
VOLVE_15_9_F15,2215.1,23.67,83.4,406.1,3.56,10.32,Shale,5.6,22.54
VOLVE_15_9_F15,2215.83,20.04,105.1,435.4,5.33,10.26,Shale,5.62,24.23
VOLVE_15_9_F15,2216.37,22.12,89.4,505.8,6.53,10.12,Shale,5.63,24.77
VOLVE_15_9_F15,2217.14,19.17,67.5,428.9,5.09,10.21,Shale,5.68,21.17
VOLVE_15_9_F15,2217.71,20.59,101.0,530.3,3.71,10.08,Shale,5.69,26.93
VOLVE_15_9_F15,2217.94,17.46,104.1,447.9,4.91,10.37,Shale,5.7,25.05
VOLVE_15_9_F15,2218.73,19.5,90.4,,6.32,10.38,Shale,5.74,23.78
VOLVE_15_9_F15,2219.46,16.31,65.3,454.9,4.47,10.23,Shale,5.78,20.03
VOLVE_15_9_F15,2220.08,21.55,62.3,361.9,5.69,10.51,Sandstone,5.82,24.43
VOLVE_15_9_F15,2220.4,24.15,91.5,425.4,6.68,10.21,Sandstone,5.87,31.63
VOLVE_15_9_F15,2221.01,19.26,91.5,425.6,3.42,10.37,Sandstone,5.91,28.68
VOLVE_15_9_F15,2221.41,17.78,95.1,426.9,4.04,10.2,Sandstone,5.93,26.04
VOLVE_15_9_F15,2222.39,28.56,51.7,404.2,4.5,10.31,Sandstone,5.96,27.86
VOLVE_15_9_F15,2222.96,21.76,71.5,415.0,4.9,10.03,Sandstone,6.0,27.42
VOLVE_15_9_F15,2223.79,22.66,75.8,478.8,5.08,10.17,Sandstone,6.03,28.77
VOLVE_15_9_F15,2224.45,19.89,100.5,559.5,6.37,10.25,Sandstone,6.06,31.13
VOLVE_15_9_F15,2225.31,16.34,84.8,462.6,3.82,10.37,Sandstone,6.07,25.26
VOLVE_15_9_F15,2225.88,18.38,101.5,440.5,6.95,10.25,Sandstone,6.08,27.97
VOLVE_15_9_F15,2226.54,19.12,69.6,355.6,6.47,10.45,Sandstone,6.13,26.61
VOLVE_15_9_F15,2227.13,18.82,56.7,533.6,5.62,10.19,Sandstone,6.17,25.65
VOLVE_15_9_F15,2228.08,16.18,97.1,497.1,6.96,10.1,Sandstone,6.19,28.12
VOLVE_15_9_F15,2228.38,18.85,81.1,436.2,4.7,10.52,Sandstone,6.22,28.09
VOLVE_15_9_F15,2228.86,16.02,85.2,466.9,2.94,10.02,Sandstone,6.24,26.13
VOLVE_15_9_F15,2229.5,15.56,65.8,435.6,2.84,10.13,Sandstone,6.26,23.39
VOLVE_15_9_F15,2229.77,16.95,86.5,407.4,5.05,10.24,Sandstone,6.31,25.29
VOLVE_15_9_F15,2230.65,18.18,87.6,438.6,4.49,10.2,Sandstone,6.34,25.98
VOLVE_15_9_F15,2231.54,18.35,84.8,488.8,4.05,10.26,Sandstone,6.35,27.36
VOLVE_15_9_F15,2231.91,18.58,94.5,469.1,6.06,10.26,Sandstone,6.39,27.66
VOLVE_15_9_F15,2232.86,23.42,96.3,445.8,5.39,10.57,Sandstone,6.43,29.14
VOLVE_15_9_F15,2233.55,18.59,103.4,480.5,3.64,10.21,Sandstone,6.46,26.23
VOLVE_15_9_F15,2234.23,14.29,85.5,441.6,3.14,10.3,Sandstone,6.48,24.46
VOLVE_15_9_F15,2234.71,18.03,109.8,504.2,6.47,10.25,Sandstone,6.53,28.45
VOLVE_15_9_F15,2235.36,18.22,65.2,412.5,2.89,9.88,Sandstone,6.55,26.62
VOLVE_15_9_F15,2235.77,13.18,98.5,440.1,3.07,10.07,Sandstone,6.6,23.69
VOLVE_15_9_F15,2236.0,18.79,85.1,486.2,6.36,9.91,Sandstone,6.61,27.6
VOLVE_15_9_F15,2236.79,17.43,82.9,483.2,5.72,10.08,Sandstone,6.63,26.93
VOLVE_15_9_F15,2237.75,18.56,77.8,427.5,6.6,10.22,Sandstone,6.66,25.9
VOLVE_15_9_F15,2238.02,19.33,92.7,419.5,6.13,10.37,Sandstone,6.68,25.59
VOLVE_15_9_F15,2238.7,18.4,112.3,475.0,6.06,10.44,Sandstone,6.72,28.9
VOLVE_15_9_F15,2239.11,18.45,104.3,511.8,5.53,10.62,Sandstone,6.76,28.84
VOLVE_15_9_F15,2239.61,17.43,98.0,490.5,5.36,10.25,Sandstone,6.79,27.29
VOLVE_15_9_F15,2240.03,20.13,82.4,407.2,6.35,10.25,Sandstone,6.83,26.99
VOLVE_15_9_F15,2240.28,17.72,109.0,427.6,4.19,10.02,Sandstone,6.86,27.36
VOLVE_15_9_F15,2241.27,20.31,90.8,411.0,4.87,10.09,Sandstone,6.89,26.74
VOLVE_15_9_F15,2241.93,15.98,68.8,511.1,3.18,10.36,Sandstone,6.94,23.58
VOLVE_15_9_F15,2242.58,17.67,72.3,452.0,4.94,10.53,Sandstone,6.98,26.39
VOLVE_15_9_F15,2243.25,19.93,108.7,442.2,6.25,10.45,Sandstone,7.01,29.24
VOLVE_15_9_F15,2243.51,15.92,101.4,465.5,5.53,10.15,Sandstone,7.02,27.68
VOLVE_15_9_F15,2244.03,17.34,103.4,473.4,3.91,10.07,Sandstone,7.05,26.93
VOLVE_15_9_F15,2244.97,20.11,86.8,438.8,6.46,9.97,Sandstone,7.08,28.85
VOLVE_15_9_F15,2245.61,16.85,71.6,465.8,3.84,10.23,Sandstone,7.11,25.92
VOLVE_15_9_F15,2246.13,21.76,57.9,458.5,4.51,10.54,Sandstone,7.14,25.02
VOLVE_15_9_F15,2246.5,18.8,71.9,520.1,5.94,10.17,Sandstone,7.18,29.46
VOLVE_15_9_F15,2246.9,18.0,62.4,455.9,4.63,10.15,Sandstone,7.22,23.6
VOLVE_15_9_F15,2247.74,20.23,119.3,470.6,5.34,10.21,Sandstone,7.27,28.65
VOLVE_15_9_F15,2248.45,18.95,76.1,429.3,7.87,10.2,Sandstone,7.3,25.82
VOLVE_15_9_F15,2248.91,18.87,76.1,429.8,5.23,10.26,Sandstone,7.32,25.34
VOLVE_15_9_F15,2249.83,18.31,75.9,472.9,4.83,9.87,Sandstone,7.35,27.19
VOLVE_15_9_F15,2250.05,18.41,58.2,418.0,4.23,10.1,Sandstone,7.37,23.16
VOLVE_15_9_F15,2250.86,16.17,57.0,467.8,3.85,10.19,Sandstone,7.4,21.01
VOLVE_15_9_F15,2251.48,20.41,108.7,444.9,5.54,10.29,Sandstone,7.44,28.24
VOLVE_15_9_F15,2252.4,17.29,111.2,479.1,4.3,10.16,Sandstone,7.46,27.52
VOLVE_15_9_F15,2253.3,21.26,102.3,376.3,4.47,10.28,Sandstone,7.5,27.94
VOLVE_15_9_F15,2253.75,16.47,92.1,512.3,4.38,10.15,Sandstone,7.52,24.32
VOLVE_15_9_F15,2253.98,21.73,66.2,388.5,5.79,10.37,Sandstone,7.56,25.03
VOLVE_15_9_F15,2254.88,16.89,103.8,526.2,6.3,10.29,Sandstone,7.58,28.02
VOLVE_15_9_F15,2255.74,20.65,84.6,457.6,3.0,10.27,Sandstone,7.59,26.96
VOLVE_15_9_F15,2256.07,17.79,92.5,475.1,5.34,10.37,Sandstone,7.63,27.43
VOLVE_15_9_F15,2256.7,19.26,88.9,452.7,4.86,10.33,Sandstone,7.67,25.94
VOLVE_15_9_F15,2257.2,17.34,96.1,457.7,8.07,10.16,Sandstone,7.72,27.13
VOLVE_15_9_F15,2257.98,16.86,99.1,416.4,4.71,10.13,Sandstone,7.74,26.16
VOLVE_15_9_F15,2258.87,17.92,82.3,479.4,3.49,10.45,Sandstone,7.77,25.32
VOLVE_15_9_F15,2259.57,20.43,100.1,472.3,6.27,10.54,Sandstone,7.81,28.88
VOLVE_15_9_F15,2260.53,20.43,80.1,471.5,5.93,10.43,Sandstone,7.82,26.22
VOLVE_15_9_F15,2260.77,20.17,99.7,514.4,5.04,10.42,Sandstone,7.83,29.1
VOLVE_15_9_F15,2261.29,19.42,100.0,398.5,5.79,10.1,Sandstone,7.88,27.0
VOLVE_15_9_F15,2261.77,23.99,59.1,457.8,6.4,10.23,Sandstone,7.9,27.29
VOLVE_15_9_F15,2262.17,16.8,85.0,395.0,6.34,10.21,Sandstone,7.95,26.19
VOLVE_15_9_F15,2262.66,18.53,52.1,501.3,5.12,10.2,Sandstone,7.97,24.97
VOLVE_15_9_F15,2262.97,12.72,61.4,483.8,3.29,10.13,Sandstone,7.98,20.29
VOLVE_15_9_F15,2263.57,19.88,85.4,445.1,3.53,10.3,Sandstone,8.0,25.5
VOLVE_15_9_F15,2264.02,16.65,82.4,490.1,3.95,10.31,Sandstone,8.04,25.74
VOLVE_15_9_F15,2264.7,18.75,80.5,474.5,6.07,10.12,Sandstone,8.09,26.41
VOLVE_15_9_F15,2265.24,17.04,94.3,395.1,5.62,10.14,Sandstone,8.14,25.01
VOLVE_15_9_F15,2265.44,18.45,78.8,480.8,2.66,10.28,Sandstone,8.18,26.25
VOLVE_15_9_F15,2266.06,19.22,66.9,420.3,2.38,10.25,Sandstone,8.2,23.0
VOLVE_15_9_F15,2266.7,17.1,61.4,460.9,1.37,10.16,Sandstone,8.25,21.53
VOLVE_15_9_F15,2267.58,19.64,59.5,492.2,5.22,10.22,Sandstone,8.29,24.22
VOLVE_15_9_F15,2268.01,17.8,71.3,456.5,4.25,10.06,Sandstone,8.31,25.23
VOLVE_15_9_F15,2268.8,17.25,73.3,451.9,4.22,10.36,Sandstone,8.34,25.98
VOLVE_15_9_F15,2269.71,20.48,105.7,511.4,5.37,10.2,Sandstone,8.37,31.17
VOLVE_15_9_F15,2270.46,19.42,87.0,461.6,4.54,10.19,Sandstone,8.39,26.45
VOLVE_15_9_F15,2270.75,14.55,69.1,444.2,3.69,10.33,Sandstone,8.41,21.72
VOLVE_15_9_F15,2271.28,18.07,97.0,391.3,6.79,10.41,Sandstone,8.46,26.32
VOLVE_15_9_F15,2271.8,16.44,96.5,455.5,5.9,10.26,Sandstone,8.48,26.34
VOLVE_15_9_F15,2272.2,22.18,77.9,482.5,6.29,10.16,Sandstone,8.51,26.24
VOLVE_15_9_F15,2272.67,17.06,103.6,514.3,6.95,10.32,Sandstone,8.55,25.93
VOLVE_15_9_F15,2273.44,17.33,100.0,392.0,6.39,10.27,Sandstone,8.6,24.62
VOLVE_15_9_F15,2273.94,19.0,79.8,472.5,3.7,10.3,Sandstone,8.61,26.79
VOLVE_15_9_F15,2274.3,20.13,83.8,482.1,5.77,10.38,Sandstone,8.63,26.85
VOLVE_15_9_F15,2275.14,17.22,79.2,437.6,2.54,10.23,Sandstone,8.65,23.73
VOLVE_15_9_F15,2275.65,19.29,92.6,520.9,4.2,10.41,Sandstone,8.69,27.8
VOLVE_15_9_F15,2276.19,19.57,50.0,421.0,5.68,10.17,Sandstone,8.71,24.18
VOLVE_15_9_F15,2276.45,14.85,98.7,527.8,4.07,10.16,Sandstone,8.74,25.07
VOLVE_15_9_F15,2277.28,20.05,63.0,460.1,5.29,10.39,Sandstone,8.75,25.02
VOLVE_15_9_F15,2277.55,17.66,74.7,485.4,6.68,10.33,Sandstone,8.78,25.7
VOLVE_15_9_F15,2278.21,16.07,116.0,438.3,5.11,10.24,Sandstone,8.8,27.19
VOLVE_15_9_F15,2279.02,23.35,79.7,393.2,4.98,10.26,Sandstone,8.82,26.6
VOLVE_15_9_F15,2279.32,16.78,90.0,450.4,4.52,10.21,Sandstone,8.83,23.88
VOLVE_15_9_F15,2279.76,20.78,91.1,480.5,4.78,10.23,Sandstone,8.86,27.63
VOLVE_15_9_F15,2280.75,20.08,90.2,432.9,4.61,10.08,Sandstone,8.9,27.21
VOLVE_15_9_F15,2281.31,14.85,78.5,443.3,4.37,10.14,Sandstone,8.93,23.24
VOLVE_15_9_F15,2281.97,17.09,91.6,457.9,5.34,10.24,Sandstone,8.94,25.18
VOLVE_15_9_F15,2282.86,16.23,83.9,393.8,4.4,10.03,Sandstone,8.96,22.68
VOLVE_15_9_F15,2283.78,21.16,58.8,443.2,4.46,9.94,Sandstone,8.99,25.96
VOLVE_15_9_F15,2284.25,20.87,67.5,463.0,4.98,10.02,Sandstone,9.01,26.64
VOLVE_15_9_F15,2285.13,22.86,82.4,433.4,3.93,10.44,Sandstone,9.05,26.72
VOLVE_15_9_F15,2285.59,16.53,92.7,504.2,4.64,10.55,Sandstone,9.1,24.39
VOLVE_15_9_F15,2286.43,24.76,92.9,463.6,6.43,10.3,Sandstone,9.14,29.95
VOLVE_15_9_F15,2287.27,21.25,87.6,369.3,3.82,10.24,Sandstone,9.16,25.41
VOLVE_15_9_F15,2287.94,23.04,84.9,434.1,5.95,10.43,Sandstone,9.19,25.78
VOLVE_15_9_F15,2288.65,19.34,82.9,426.8,5.83,10.1,Sandstone,9.24,27.22
VOLVE_15_9_F15,2289.31,18.29,89.7,420.3,7.16,10.31,Sandstone,9.28,24.03
VOLVE_15_9_F15,2289.6,16.89,70.2,516.1,4.98,10.31,Sandstone,9.32,24.31
VOLVE_15_9_F15,2290.15,22.11,85.3,479.6,4.38,10.22,Sandstone,9.37,28.2
VOLVE_15_9_F15,2290.45,18.68,98.1,439.3,5.09,9.98,Sandstone,9.42,26.96
VOLVE_15_9_F15,2290.69,18.71,86.3,435.8,4.35,10.43,Sandstone,9.44,26.03
VOLVE_15_9_F15,2291.28,21.79,69.8,441.9,4.78,10.18,Sandstone,9.47,26.94
VOLVE_15_9_F15,2291.69,21.04,69.6,431.2,3.37,10.16,Sandstone,9.5,24.13
VOLVE_15_9_F15,2292.17,18.51,103.9,426.7,5.14,10.04,Sandstone,9.53,26.65
VOLVE_15_9_F15,2292.88,19.38,82.5,474.8,6.51,10.35,Sandstone,9.57,26.46
VOLVE_15_9_F15,2293.45,19.75,62.8,372.0,6.31,10.32,Sandstone,9.61,23.67
VOLVE_15_9_F15,2294.1,19.21,69.3,475.3,5.58,10.35,Sandstone,9.65,25.93
VOLVE_15_9_F15,2294.84,21.97,59.2,393.6,3.92,10.2,Sandstone,9.68,24.76
VOLVE_15_9_F15,2295.58,20.36,59.7,475.0,5.36,10.22,Sandstone,9.71,25.85
VOLVE_15_9_F15,2296.33,18.29,88.7,497.2,4.76,10.16,Sandstone,9.74,25.35
VOLVE_15_9_F15,2296.89,22.28,75.5,412.9,4.79,10.3,Sandstone,9.78,26.01
VOLVE_15_9_F15,2297.66,17.56,65.9,425.4,6.0,10.26,Sandstone,9.81,22.71
VOLVE_15_9_F15,2298.07,18.84,102.8,493.6,4.87,10.22,Sandstone,9.85,27.84
VOLVE_15_9_F15,2298.88,18.52,79.9,442.1,4.45,10.08,Sandstone,9.88,26.95
VOLVE_15_9_F15,2299.72,18.12,84.6,423.3,5.48,10.22,Sandstone,9.91,26.63
VOLVE_15_9_F15,2300.64,18.33,95.3,425.6,3.47,10.04,Sandstone,9.96,24.36
VOLVE_15_9_F15,2301.59,21.5,61.7,551.3,4.66,10.17,Sandstone,9.98,24.91
VOLVE_15_9_F15,2302.21,19.28,64.9,434.8,6.25,10.14,Sandstone,10.0,24.88
VOLVE_15_9_F15,2302.83,23.39,84.6,474.9,7.17,10.23,Sandstone,10.04,27.56
VOLVE_15_9_F15,2303.34,17.87,40.0,480.6,3.16,10.31,Sandstone,10.08,22.1
VOLVE_15_9_F15,2304.16,17.66,114.7,517.2,4.15,10.24,Sandstone,10.11,28.06
VOLVE_15_9_F15,2304.57,15.91,89.9,531.9,4.1,10.18,Sandstone,10.13,25.97
VOLVE_15_9_F15,2305.29,15.9,82.4,379.4,0.77,10.23,Sandstone,10.15,21.32
VOLVE_15_9_F15,2305.93,17.25,91.3,512.7,6.99,10.29,Sandstone,10.19,27.19
VOLVE_15_9_F15,2306.36,17.15,94.0,460.2,5.82,10.33,Sandstone,10.23,26.29
VOLVE_15_9_F15,2306.77,17.73,89.1,413.5,3.62,10.47,Sandstone,10.26,24.37
VOLVE_15_9_F15,2307.09,19.54,96.5,493.8,3.58,10.63,Sandstone,10.28,24.9
VOLVE_15_9_F15,2307.88,17.14,101.7,418.5,5.09,10.49,Sandstone,10.29,26.64
VOLVE_15_9_F15,2308.74,23.3,110.3,506.4,6.2,10.27,Sandstone,10.32,28.69
VOLVE_15_9_F15,2309.08,18.92,71.6,439.4,7.26,10.13,Sandstone,10.34,23.64
VOLVE_15_9_F15,2310.01,21.19,65.5,497.7,4.32,10.21,Sandstone,10.37,25.84
VOLVE_15_9_F15,2310.38,16.99,65.4,484.3,4.8,10.3,Sandstone,10.38,24.67
VOLVE_15_9_F15,2310.66,18.21,87.3,406.3,4.39,10.21,Sandstone,10.41,24.05
VOLVE_15_9_F15,2311.56,19.94,56.6,398.2,4.45,10.22,Sandstone,10.45,21.96
VOLVE_15_9_F15,2312.5,20.23,63.1,461.4,7.04,10.37,Sandstone,10.46,25.28
VOLVE_15_9_F15,2312.83,21.4,92.1,435.2,8.61,10.24,Sandstone,10.48,29.55
VOLVE_15_9_F15,2313.18,15.94,76.9,481.1,5.44,10.32,Sandstone,10.53,25.63
VOLVE_15_9_F15,2313.61,25.76,82.0,445.3,3.98,10.24,Sandstone,10.55,28.39
VOLVE_15_9_F15,2313.86,23.2,108.1,419.9,6.84,9.97,Sandstone,10.59,29.36
VOLVE_15_9_F15,2314.39,19.76,99.3,468.5,5.33,9.97,Sandstone,10.61,27.16
VOLVE_15_9_F15,2315.17,20.07,87.7,371.7,5.47,10.33,Sandstone,10.64,25.1
VOLVE_15_9_F15,2315.44,19.75,68.3,401.5,4.64,10.26,Sandstone,10.67,23.64
VOLVE_15_9_F15,2315.88,16.82,81.2,413.2,4.07,10.29,Sandstone,10.71,23.55
VOLVE_15_9_F15,2316.36,15.81,70.9,358.8,5.13,10.31,Sandstone,10.74,21.55
VOLVE_15_9_F15,2317.32,16.35,79.9,469.2,4.01,10.3,Sandstone,10.76,23.57
VOLVE_15_9_F15,2318.11,16.04,70.0,420.5,4.18,10.26,Sandstone,10.8,21.81
VOLVE_15_9_F15,2318.61,23.44,85.1,464.1,5.45,10.46,Sandstone,10.85,26.97
VOLVE_15_9_F15,2318.97,18.01,79.1,484.5,5.18,10.3,Sandstone,10.89,24.73
VOLVE_15_9_F15,2319.87,21.99,69.8,505.3,3.28,10.31,Sandstone,10.92,25.86
VOLVE_15_9_F15,2320.3,18.63,64.9,486.6,5.11,10.2,Sandstone,10.93,24.73
VOLVE_15_9_F15,2321.0,18.93,108.0,390.6,4.79,10.1,Sandstone,10.95,28.89
VOLVE_15_9_F15,2321.75,18.65,72.9,418.5,5.43,10.6,Sandstone,10.99,24.93
VOLVE_15_9_F15,2322.58,17.8,99.4,385.1,7.76,10.4,Sandstone,11.01,26.66
VOLVE_15_9_F15,2323.27,23.62,81.7,417.9,4.34,10.31,Sandstone,11.04,27.55
VOLVE_15_9_F15,2323.8,19.58,85.0,513.3,4.97,10.24,Sandstone,11.08,26.8
VOLVE_15_9_F15,2324.11,22.76,85.2,466.6,4.9,10.37,Sandstone,11.11,25.17
VOLVE_15_9_F15,2324.47,19.84,79.1,494.4,4.34,10.2,Sandstone,11.15,26.25
VOLVE_15_9_F15,2325.14,22.81,83.4,401.2,3.92,10.38,Sandstone,11.17,25.39
VOLVE_15_9_F15,2325.73,19.5,91.8,446.4,5.31,10.5,Sandstone,11.2,25.22
VOLVE_15_9_F15,2326.24,18.6,64.3,478.5,3.55,10.26,Sandstone,11.22,22.09
VOLVE_15_9_F15,2326.86,15.6,80.7,414.3,6.61,10.51,Sandstone,11.26,21.83
VOLVE_15_9_F15,2327.75,21.14,83.9,445.7,5.55,10.24,Sandstone,11.29,25.9
VOLVE_15_9_F15,2327.99,23.12,93.3,492.5,3.98,10.01,Sandstone,11.32,28.14
VOLVE_15_9_F15,2328.3,21.77,77.2,494.7,5.57,10.4,Sandstone,11.33,26.35
VOLVE_15_9_F15,2328.5,18.22,80.4,475.8,4.98,10.26,Sandstone,11.36,24.45
VOLVE_15_9_F15,2328.95,21.29,95.2,453.1,4.0,10.4,Sandstone,11.39,26.88
VOLVE_15_9_F15,2329.29,16.64,59.2,459.1,4.35,10.11,Sandstone,11.42,23.02
VOLVE_15_9_F15,2329.71,16.77,100.3,410.0,5.28,10.2,Sandstone,11.44,25.47
VOLVE_15_9_F15,2329.97,17.57,70.7,529.8,7.23,10.48,Sandstone,11.49,25.34
VOLVE_15_9_F15,2330.44,17.61,99.3,403.2,3.77,10.32,Sandstone,11.54,25.33
VOLVE_15_9_F15,2330.96,20.78,102.3,506.5,5.85,10.5,Sandstone,11.58,25.64
VOLVE_15_9_F15,2331.9,21.38,78.2,377.6,3.7,10.18,Sandstone,11.6,24.98
VOLVE_15_9_F15,2332.56,18.29,98.5,443.7,4.72,10.63,Sandstone,11.63,24.52
VOLVE_15_9_F15,2333.44,23.3,78.0,469.8,4.07,10.62,Sandstone,11.66,27.7
VOLVE_15_9_F15,2334.14,18.05,72.6,425.5,6.46,10.39,Sandstone,11.7,24.86
VOLVE_15_9_F15,2334.69,22.25,89.3,394.5,6.89,10.3,Sandstone,11.73,26.53
VOLVE_15_9_F15,2335.61,18.42,96.7,421.7,6.46,10.34,Sandstone,11.76,25.1
VOLVE_15_9_F15,2336.43,19.37,69.1,444.6,4.03,10.44,Sandstone,11.8,21.35
VOLVE_15_9_F15,2336.65,19.51,57.4,461.3,3.62,10.32,Sandstone,11.83,22.03
VOLVE_15_9_F15,2337.02,21.44,86.6,449.8,5.26,10.23,Sandstone,11.87,25.87
VOLVE_15_9_F15,2338.02,18.85,108.2,459.6,7.57,10.13,Sandstone,11.91,27.59
VOLVE_15_9_F15,2338.84,15.16,83.3,468.0,5.83,9.95,Sandstone,11.94,23.44
VOLVE_15_9_F15,2339.37,21.28,103.0,481.5,8.42,10.24,Sandstone,11.97,29.94
VOLVE_15_9_F15,2340.04,19.34,100.1,436.2,4.87,9.97,Sandstone,12.01,25.57
VOLVE_15_9_F15,2340.86,23.71,97.1,468.2,5.59,10.26,Sandstone,12.04,30.04
VOLVE_15_9_F15,2341.37,16.13,81.3,407.6,5.54,10.51,Sandstone,12.08,21.72
VOLVE_15_9_F15,2341.61,18.85,73.9,390.3,4.74,10.27,Sandstone,12.11,24.08
VOLVE_15_9_F15,2342.3,15.34,85.8,436.0,4.6,10.14,Sandstone,12.13,23.09
VOLVE_15_9_F15,2342.6,19.62,66.4,578.9,3.54,10.2,Sandstone,12.14,24.65
VOLVE_15_9_F15,2342.99,19.63,96.3,454.1,4.18,10.16,Sandstone,12.17,25.74
VOLVE_15_9_F15,2343.61,22.88,77.8,488.3,8.0,10.54,Sandstone,12.21,26.05
VOLVE_15_9_F15,2344.44,20.59,81.5,502.1,4.43,10.18,Sandstone,12.25,26.13
VOLVE_15_9_F15,2344.82,18.11,80.9,442.2,6.18,10.01,Sandstone,12.29,23.93
VOLVE_15_9_F15,2345.18,19.6,72.1,514.1,2.85,10.66,Sandstone,12.31,24.15
VOLVE_15_9_F15,2345.72,21.84,75.7,474.5,5.17,10.25,Sandstone,12.36,26.25
VOLVE_15_9_F15,2346.03,14.99,89.5,498.4,3.44,10.15,Sandstone,12.37,23.81
VOLVE_15_9_F15,2346.43,20.74,66.7,462.6,4.61,10.28,Sandstone,12.38,23.78
VOLVE_15_9_F15,2346.87,17.6,67.3,464.8,5.71,10.25,Sandstone,12.42,24.85
VOLVE_15_9_F15,2347.69,18.48,70.8,511.7,4.38,10.35,Sandstone,12.44,22.34
VOLVE_15_9_F15,2348.42,19.44,84.7,435.2,7.33,10.26,Sandstone,12.46,25.93
VOLVE_15_9_F15,2348.91,15.6,59.6,468.0,4.7,9.96,Sandstone,12.48,23.62
VOLVE_15_9_F15,2349.87,15.63,73.0,458.6,4.74,10.26,Sandstone,12.5,23.64
VOLVE_15_9_F15,2350.29,21.03,48.9,460.3,4.2,10.42,Sandstone,12.53,21.14
VOLVE_15_9_F15,2350.89,18.34,59.6,482.8,3.5,10.2,Sandstone,12.56,21.94
VOLVE_15_9_F15,2351.59,19.31,77.5,468.3,4.03,10.39,Sandstone,12.57,24.15
VOLVE_15_9_F15,2352.55,19.97,88.4,452.4,5.71,10.43,Sandstone,12.62,24.12
VOLVE_15_9_F15,2353.44,16.31,85.2,522.6,3.84,10.46,Sandstone,12.66,23.26
VOLVE_15_9_F15,2353.94,17.55,83.5,470.9,4.51,10.13,Sandstone,12.69,22.91
VOLVE_15_9_F15,2354.54,17.18,75.3,429.9,4.28,10.14,Sandstone,12.74,23.63
VOLVE_15_9_F15,2355.1,13.6,101.6,455.8,6.77,10.29,Sandstone,12.76,24.44
VOLVE_15_9_F15,2355.55,18.93,76.7,455.7,5.05,10.01,Sandstone,12.78,23.67
VOLVE_15_9_F15,2356.13,19.01,61.9,433.3,4.97,10.12,Sandstone,12.82,22.51
VOLVE_15_9_F15,2356.4,20.61,104.6,437.5,4.4,10.33,Sandstone,12.84,25.01
VOLVE_15_9_F15,2356.65,20.31,70.5,450.8,3.87,9.97,Sandstone,12.89,24.69
VOLVE_15_9_F15,2356.9,15.09,79.6,475.4,3.31,10.02,Sandstone,12.91,22.04
VOLVE_15_9_F15,2357.21,15.15,98.5,410.0,4.71,10.36,Sandstone,12.93,21.97
VOLVE_15_9_F15,2357.64,17.88,74.0,478.0,2.72,10.04,Sandstone,12.95,24.13
VOLVE_15_9_F15,2358.35,19.95,100.6,447.0,6.21,10.69,Sandstone,12.96,27.01
VOLVE_15_9_F15,2359.22,18.14,85.7,411.8,5.47,10.13,Sandstone,13.0,24.25
VOLVE_15_9_F15,2360.05,17.49,91.6,475.9,3.48,10.12,Sandstone,13.04,22.81
VOLVE_15_9_F15,2360.51,22.73,87.4,467.7,5.07,10.07,Sandstone,13.07,27.77
VOLVE_15_9_F15,2360.74,20.88,80.1,478.2,6.47,10.28,Sandstone,13.09,24.07
VOLVE_15_9_F15,2360.99,21.21,107.3,499.6,5.47,10.25,Sandstone,13.13,26.14
VOLVE_15_9_F15,2361.83,20.31,95.3,528.6,3.76,10.34,Sandstone,13.16,25.89
VOLVE_15_9_F15,2362.72,16.68,57.7,458.6,5.81,10.25,Sandstone,13.19,22.0
VOLVE_15_9_F15,2363.67,21.28,77.1,444.5,6.28,10.42,Sandstone,13.21,24.58
VOLVE_15_9_F15,2364.64,25.76,95.7,450.6,7.22,10.25,Sandstone,13.26,29.45
VOLVE_15_9_F15,2365.52,20.98,48.4,441.3,3.43,10.23,Sandstone,13.27,22.09
VOLVE_15_9_F15,2366.0,19.21,71.5,433.6,8.54,10.32,Sandstone,13.3,24.25
VOLVE_15_9_F15,2366.58,15.63,100.0,456.1,5.33,9.99,Sandstone,13.33,22.93
VOLVE_15_9_F15,2367.45,17.58,88.7,394.4,4.83,10.12,Sandstone,13.35,24.97
VOLVE_15_9_F15,2368.37,21.21,76.0,489.0,5.41,10.54,Sandstone,13.37,24.95
VOLVE_15_9_F15,2368.86,21.09,94.7,469.7,6.34,10.02,Sandstone,13.4,25.79
VOLVE_15_9_F15,2369.56,16.89,116.6,516.2,7.14,10.42,Sandstone,13.41,25.67
VOLVE_15_9_F15,2369.9,20.68,70.0,421.1,3.89,9.93,Sandstone,13.44,25.22
VOLVE_15_9_F15,2370.11,17.06,65.6,513.0,4.12,10.04,Sandstone,13.48,23.22
VOLVE_15_9_F15,2370.59,21.64,109.9,493.5,4.66,10.17,Sandstone,13.53,27.33
VOLVE_15_9_F15,2371.53,21.01,99.2,417.6,3.4,10.35,Sandstone,13.55,24.64
VOLVE_15_9_F15,2372.25,21.94,79.7,411.8,5.48,10.26,Sandstone,13.56,25.47
VOLVE_15_9_F15,2373.17,18.26,84.9,469.0,6.05,10.35,Sandstone,13.58,23.07
VOLVE_15_9_F15,2373.65,21.31,96.7,478.9,4.42,10.21,Sandstone,13.61,26.27
VOLVE_15_9_F15,2373.89,19.78,96.8,487.1,4.44,10.26,Sandstone,13.62,25.24
VOLVE_15_9_F15,2374.38,20.49,97.8,430.4,4.53,10.29,Sandstone,13.64,23.87
VOLVE_15_9_F15,2374.92,19.66,71.8,551.5,6.03,10.43,Sandstone,13.69,24.53
VOLVE_15_9_F15,2375.66,17.34,80.1,410.7,4.13,10.55,Sandstone,13.74,20.97
VOLVE_15_9_F15,2376.63,20.32,113.3,502.3,2.87,10.13,Sandstone,13.76,26.15
VOLVE_15_9_F15,2377.08,20.64,93.8,386.1,5.36,10.26,Sandstone,13.78,22.6
VOLVE_15_9_F15,2377.89,16.75,109.1,424.3,4.62,10.23,Sandstone,13.82,23.78
VOLVE_15_9_F15,2378.8,20.94,87.0,491.0,3.91,10.33,Sandstone,13.86,24.12
VOLVE_15_9_F15,2379.19,20.81,76.4,525.5,5.03,10.5,Sandstone,13.9,24.93
VOLVE_15_9_F15,2380.02,17.83,69.8,500.5,4.87,10.3,Sandstone,13.94,23.13
VOLVE_15_9_F15,2380.98,20.19,77.8,449.1,4.62,10.21,Sandstone,13.97,24.49
VOLVE_15_9_F15,2381.8,17.99,102.4,409.5,4.95,10.45,Sandstone,13.98,25.2
VOLVE_15_9_F15,2382.32,21.0,85.7,506.6,3.13,10.25,Sandstone,14.03,26.38
VOLVE_15_9_F15,2382.99,17.31,62.3,448.6,3.32,10.27,Sandstone,14.07,21.31
VOLVE_15_9_F15,2383.79,22.84,69.3,513.6,5.44,10.38,Sandstone,14.1,25.19
VOLVE_15_9_F15,2384.63,22.71,119.1,501.5,6.69,10.09,Sandstone,14.11,27.8
VOLVE_15_9_F15,2385.4,21.58,71.4,476.9,4.08,10.09,Sandstone,14.14,24.42
VOLVE_15_9_F15,2386.38,24.42,88.0,423.3,7.73,10.14,Sandstone,14.19,28.14
VOLVE_15_9_F15,2387.27,23.12,97.4,425.7,5.27,10.25,Sandstone,14.22,25.27
VOLVE_15_9_F15,2387.64,21.89,79.4,479.9,4.29,10.45,Sandstone,14.26,26.8
VOLVE_15_9_F15,2388.64,23.46,48.4,462.2,5.03,10.19,Sandstone,14.3,20.73
VOLVE_15_9_F15,2389.4,19.25,65.6,531.6,5.12,10.22,Sandstone,14.33,23.94
VOLVE_15_9_F15,2390.34,18.18,69.8,480.8,4.73,10.32,Sandstone,14.37,22.11
VOLVE_15_9_F15,2390.93,22.01,62.6,477.4,4.87,10.16,Sandstone,14.41,21.62
VOLVE_15_9_F15,2391.85,19.29,105.4,518.5,5.97,10.23,Sandstone,14.45,27.37
VOLVE_15_9_F15,2392.84,21.88,96.0,431.0,7.01,10.29,Sandstone,14.5,26.12
VOLVE_15_9_F15,2393.69,17.65,102.6,477.5,3.95,10.38,Sandstone,14.53,24.85
VOLVE_15_9_F15,2394.53,17.93,70.6,422.5,3.68,10.44,Sandstone,14.54,21.37
VOLVE_15_9_F15,2394.9,15.93,80.5,492.6,4.74,10.27,Sandstone,14.56,23.63
VOLVE_15_9_F15,2395.21,16.8,99.4,520.1,6.02,10.25,Sandstone,14.57,24.23
VOLVE_15_9_F15,2396.03,20.44,57.5,464.5,2.49,10.27,Sandstone,14.61,23.0
VOLVE_15_9_F15,2396.79,16.06,111.6,389.4,5.28,10.33,Sandstone,14.64,22.8
VOLVE_15_9_F15,2397.49,17.12,101.3,497.4,7.05,10.52,Sandstone,14.65,25.78
VOLVE_15_9_F15,2398.05,17.59,90.3,517.4,5.24,10.63,Sandstone,14.7,24.53
VOLVE_15_9_F15,2398.3,18.57,74.7,427.3,5.47,10.58,Sandstone,14.75,24.03
VOLVE_15_9_F15,2398.96,19.82,64.1,430.3,4.87,10.46,Sandstone,14.76,22.93
VOLVE_15_9_F15,2399.58,24.5,94.1,496.2,5.96,10.15,Sandstone,14.79,28.57
VOLVE_15_9_F15,2400.36,21.59,106.8,420.1,6.37,10.33,Sandstone,14.82,26.5
VOLVE_15_9_F15,2400.63,18.13,89.6,412.4,4.03,10.25,Sandstone,14.84,24.06
VOLVE_15_9_F15,2401.15,19.66,93.6,421.0,3.57,10.28,Sandstone,14.87,24.11
VOLVE_15_9_F15,2401.69,18.26,94.0,439.1,5.75,10.56,Sandstone,14.9,24.05
VOLVE_15_9_F15,2402.26,21.82,86.7,487.0,5.32,10.5,Sandstone,14.94,26.5
VOLVE_15_9_F15,2402.49,21.02,91.5,463.4,7.51,10.43,Sandstone,14.98,25.99
VOLVE_15_9_F15,2403.16,18.26,107.0,495.3,3.56,10.69,Sandstone,15.02,23.08
VOLVE_15_9_F15,2403.51,20.58,92.6,480.0,6.35,10.43,Sandstone,15.04,25.85
VOLVE_15_9_F15,2404.44,20.75,86.1,511.2,3.98,10.52,Sandstone,15.06,26.07
VOLVE_15_9_F15,2405.15,19.76,72.0,499.1,5.11,10.39,Sandstone,15.1,23.78
VOLVE_15_9_F15,2406.01,20.6,96.4,412.8,6.09,10.33,Sandstone,15.13,24.64
VOLVE_15_9_F15,2406.6,21.07,85.3,443.3,5.17,10.61,Sandstone,15.14,23.77
VOLVE_15_9_F15,2407.1,24.95,85.5,508.3,5.65,10.18,Sandstone,15.19,26.45
VOLVE_15_9_F15,2407.51,22.63,92.4,473.4,5.26,10.06,Sandstone,15.2,25.16
VOLVE_15_9_F15,2408.02,17.23,84.4,436.1,4.86,10.16,Sandstone,15.24,22.66
VOLVE_15_9_F15,2408.96,20.26,89.8,442.1,3.7,10.23,Sandstone,15.26,22.73
VOLVE_15_9_F15,2409.9,24.96,86.9,491.9,4.44,10.44,Sandstone,15.28,24.29
VOLVE_15_9_F15,2410.85,20.56,78.7,442.4,4.99,10.49,Sandstone,15.33,23.59
VOLVE_15_9_F15,2411.67,24.26,97.3,502.4,5.71,10.19,Sandstone,15.36,28.02
VOLVE_15_9_F15,2412.01,26.2,45.2,448.7,4.91,10.21,Sandstone,15.41,20.95
VOLVE_15_9_F15,2412.78,17.33,92.8,516.4,3.66,10.24,Sandstone,15.44,26.17
VOLVE_15_9_F15,2413.25,19.48,68.7,503.5,5.95,10.31,Sandstone,15.48,24.28
VOLVE_15_9_F15,2413.79,19.84,101.2,433.8,5.67,10.31,Sandstone,15.5,24.99
VOLVE_15_9_F15,2414.36,16.4,56.5,487.5,4.65,10.36,Sandstone,15.53,22.28
VOLVE_15_9_F15,2414.76,23.14,76.0,401.5,5.26,10.16,Sandstone,15.55,23.63
VOLVE_15_9_F15,2415.13,20.52,90.0,458.5,3.95,10.14,Sandstone,15.58,24.55
VOLVE_15_9_F15,2415.41,15.53,81.9,455.3,2.66,10.18,Sandstone,15.61,19.94
VOLVE_15_9_F15,2415.97,20.47,73.3,387.8,5.02,10.31,Sandstone,15.62,22.81
VOLVE_15_9_F15,2416.64,17.7,100.4,385.0,4.31,10.12,Sandstone,15.65,23.79
VOLVE_15_9_F15,2417.55,19.61,64.2,503.3,4.03,10.17,Sandstone,15.67,22.62
VOLVE_15_9_F15,2417.76,13.44,85.5,453.8,5.31,10.38,Sandstone,15.69,20.88
VOLVE_15_9_F15,2418.0,19.21,74.5,461.4,4.62,10.53,Sandstone,15.72,21.44
VOLVE_15_9_F15,2418.79,21.78,95.4,443.3,6.17,10.36,Sandstone,15.77,26.83
VOLVE_15_9_F15,2419.62,18.63,75.3,505.5,4.02,10.14,Sandstone,15.81,21.53
VOLVE_15_9_F15,2419.85,15.24,84.0,395.0,4.23,10.41,Sandstone,15.83,22.86
VOLVE_15_9_F15,2420.66,19.54,79.4,488.7,4.78,10.22,Sandstone,15.88,23.16
VOLVE_15_9_F15,2421.31,19.18,83.0,534.0,2.8,10.52,Sandstone,15.89,22.11
VOLVE_15_9_F15,2421.76,23.61,86.2,422.8,4.48,10.37,Sandstone,15.9,24.49
VOLVE_15_9_F15,2422.49,20.79,84.6,416.2,6.76,10.18,Sandstone,15.92,24.21
VOLVE_15_9_F15,2422.93,19.12,83.1,470.4,4.16,10.33,Sandstone,15.94,23.73
VOLVE_15_9_F15,2423.48,16.69,73.5,480.9,4.79,10.1,Sandstone,15.99,21.67
VOLVE_15_9_F15,2424.07,19.58,87.5,403.6,4.18,10.33,Sandstone,16.03,24.7
VOLVE_15_9_F15,2424.51,24.54,66.3,440.6,4.33,10.27,Sandstone,16.07,24.45
VOLVE_15_9_F15,2424.97,20.65,89.6,515.6,5.46,10.62,Sandstone,16.09,24.76
VOLVE_15_9_F15,2425.88,21.35,83.7,531.5,3.75,10.34,Sandstone,16.1,24.47
VOLVE_15_9_F15,2426.41,13.52,50.3,448.4,4.91,10.32,Sandstone,16.13,20.76
VOLVE_15_9_F15,2426.83,22.0,86.8,460.2,6.14,9.95,Sandstone,16.16,25.07
VOLVE_15_9_F15,2427.44,19.94,109.4,467.7,6.14,10.4,Sandstone,16.17,25.29
VOLVE_15_9_F15,2427.74,19.77,82.5,343.6,2.47,10.48,Sandstone,16.21,21.09
VOLVE_15_9_F15,2428.4,20.15,86.6,424.8,5.14,10.49,Sandstone,16.25,24.72
VOLVE_15_9_F15,2429.27,20.22,73.2,452.9,7.17,10.29,Sandstone,16.27,23.58
VOLVE_15_9_F15,2429.85,19.07,119.5,548.7,3.27,10.22,Sandstone,16.3,25.08
VOLVE_15_9_F15,2430.07,18.48,117.6,471.9,7.35,10.5,Sandstone,16.33,25.98
VOLVE_15_9_F15,2430.99,16.22,109.9,513.3,2.09,10.3,Sandstone,16.36,23.99
VOLVE_15_9_F15,2431.79,18.8,115.4,447.3,6.1,10.31,Sandstone,16.37,24.5
VOLVE_15_9_F15,2432.76,22.51,70.7,472.9,3.1,10.26,Sandstone,16.41,24.01
VOLVE_15_9_F15,2433.61,18.34,64.9,416.5,4.84,9.97,Sandstone,16.44,23.79
VOLVE_15_9_F15,2434.5,21.73,126.5,395.7,7.19,10.19,Sandstone,16.46,27.91
VOLVE_15_9_F15,2435.43,17.06,81.5,409.5,3.21,10.33,Sandstone,16.49,22.76
VOLVE_15_9_F15,2435.83,16.36,71.5,437.0,7.09,10.4,Sandstone,16.54,21.69
VOLVE_15_9_F15,2436.82,18.67,90.9,450.7,3.69,10.31,Sandstone,16.56,23.31
VOLVE_15_9_F15,2437.22,22.06,67.1,428.9,5.41,10.39,Sandstone,16.61,23.96
VOLVE_15_9_F15,2438.21,16.08,87.9,360.1,3.5,10.06,Sandstone,16.66,19.24
VOLVE_15_9_F15,2439.04,24.19,71.5,480.7,6.73,10.17,Sandstone,16.71,24.78
VOLVE_15_9_F15,2439.83,25.1,97.5,418.5,7.78,10.66,Sandstone,16.72,25.28
VOLVE_15_9_F15,2440.21,21.53,70.8,452.9,4.53,10.42,Sandstone,16.76,22.31
VOLVE_15_9_F15,2440.66,18.42,66.1,421.8,6.51,10.52,Sandstone,16.8,21.78
VOLVE_15_9_F15,2440.98,18.58,69.8,491.3,5.04,10.27,Sandstone,16.81,22.99
VOLVE_15_9_F15,2441.42,18.04,88.9,380.8,4.6,10.47,Sandstone,16.84,21.27
VOLVE_15_9_F15,2442.35,18.04,74.6,487.0,3.43,10.46,Sandstone,16.88,20.43
VOLVE_15_9_F15,2442.92,19.23,97.1,432.4,4.26,10.64,Sandstone,16.91,24.41
VOLVE_15_9_F15,2443.89,15.21,83.4,436.8,5.71,10.38,Sandstone,16.95,21.74
VOLVE_15_9_F15,2444.56,20.65,93.1,451.5,4.33,10.16,Sandstone,17.0,23.9
VOLVE_15_9_F15,2444.77,16.95,69.7,446.9,5.38,10.2,Sandstone,17.02,20.5
VOLVE_15_9_F15,2445.24,17.63,81.4,505.5,4.42,10.36,Sandstone,17.06,23.09
VOLVE_15_9_F15,2445.72,17.88,83.4,475.6,6.75,9.92,Sandstone,17.1,22.7
VOLVE_15_9_F15,2446.26,20.69,71.7,502.9,4.13,10.38,Sandstone,17.11,22.41
VOLVE_15_9_F15,2446.99,22.55,76.4,469.5,3.2,10.4,Sandstone,17.15,24.3
VOLVE_15_9_F15,2447.41,17.25,89.9,444.1,3.37,10.54,Sandstone,17.16,22.75
VOLVE_15_9_F15,2447.93,22.8,58.4,444.7,5.5,10.04,Sandstone,17.2,23.14
VOLVE_15_9_F15,2448.93,16.99,77.2,,4.62,10.15,Sandstone,17.22,22.14
VOLVE_15_9_F15,2449.42,17.98,82.0,525.4,4.87,10.33,Sandstone,17.27,21.98
VOLVE_15_9_F15,2450.02,22.04,64.4,444.2,5.75,10.31,Sandstone,17.32,23.68
VOLVE_15_9_F15,2450.63,15.65,52.9,378.2,2.76,10.32,Sandstone,17.33,19.32
VOLVE_15_9_F15,2450.99,18.42,82.7,408.2,4.1,10.46,Sandstone,17.37,23.09
VOLVE_15_9_F15,2451.59,17.49,68.9,386.4,4.08,10.37,Sandstone,17.38,20.71
VOLVE_15_9_F15,2451.96,18.66,58.1,420.4,4.73,10.55,Sandstone,17.43,20.35
VOLVE_15_9_F15,2452.25,18.09,71.3,471.5,3.65,10.5,Sandstone,17.48,21.96
VOLVE_15_9_F15,2453.1,15.46,87.6,366.7,4.14,10.22,Sandstone,17.5,21.98
VOLVE_15_9_F15,2453.87,21.33,89.7,502.0,4.62,10.36,Sandstone,17.53,24.57
VOLVE_15_9_F15,2454.28,20.68,80.2,424.0,3.19,10.4,Sandstone,17.56,23.44
VOLVE_15_9_F15,2454.59,22.06,100.8,440.6,4.87,10.6,Sandstone,17.6,21.26
VOLVE_15_9_F15,2455.58,18.8,93.9,446.2,5.59,10.35,Sandstone,17.65,21.68
VOLVE_15_9_F15,2456.51,19.59,65.6,405.3,3.35,10.41,Sandstone,17.68,21.83
VOLVE_15_9_F15,2457.0,22.06,74.9,477.9,3.34,10.25,Sandstone,17.7,23.51
VOLVE_15_9_F15,2457.72,20.39,51.9,392.8,4.18,10.4,Sandstone,17.73,20.33
VOLVE_15_9_F15,2458.15,22.1,104.1,510.8,4.71,10.16,Sandstone,17.75,25.38
VOLVE_15_9_F15,2458.65,21.92,76.6,406.8,2.83,10.22,Sandstone,17.76,20.69
VOLVE_15_9_F15,2459.28,19.95,116.5,447.7,3.22,10.51,Sandstone,17.81,25.3
VOLVE_15_9_F15,2459.69,20.08,77.0,421.8,6.09,10.45,Sandstone,17.84,23.24
VOLVE_15_9_F15,2459.96,19.67,80.8,492.9,4.04,10.53,Sandstone,17.87,23.93
VOLVE_15_9_F15,2460.74,20.08,92.3,403.7,6.21,10.66,Sandstone,17.91,20.84
VOLVE_15_9_F15,2461.09,18.48,110.4,505.4,6.03,10.46,Sandstone,17.94,25.76
VOLVE_15_9_F15,2461.53,20.7,112.8,535.2,7.51,10.36,Sandstone,17.97,27.52
VOLVE_15_9_F15,2462.5,20.31,83.8,393.7,5.38,10.24,Sandstone,18.01,23.42
VOLVE_15_9_F15,2463.18,18.34,82.5,373.6,4.1,10.24,Sandstone,18.06,21.47
VOLVE_15_9_F15,2463.56,20.82,74.8,438.4,5.76,10.33,Sandstone,18.1,22.1
VOLVE_15_9_F15,2463.99,22.94,111.7,455.2,3.13,10.31,Sandstone,18.11,25.83
VOLVE_15_9_F15,2464.37,19.88,93.9,440.4,6.3,10.45,Sandstone,18.13,23.0
VOLVE_15_9_F15,2465.27,20.03,74.5,438.2,7.09,10.19,Sandstone,18.18,23.53
VOLVE_15_9_F15,2466.11,20.32,97.9,477.0,3.85,10.24,Sandstone,18.21,23.6
VOLVE_15_9_F15,2466.74,15.1,93.8,463.7,4.45,10.38,Sandstone,18.22,21.19
VOLVE_15_9_F15,2467.05,18.96,73.4,385.6,4.91,10.1,Sandstone,18.26,20.68
VOLVE_15_9_F15,2467.84,25.66,75.9,420.5,4.98,10.54,Sandstone,18.27,23.63
VOLVE_15_9_F15,2468.72,19.98,66.2,502.8,4.64,10.45,Sandstone,18.3,21.99
VOLVE_15_9_F15,2469.34,17.63,101.0,456.2,4.12,10.35,Sandstone,18.32,24.01
VOLVE_15_9_F15,2469.71,19.78,75.6,448.3,4.15,10.17,Sandstone,18.35,22.3
VOLVE_15_9_F15,2470.46,18.47,65.5,399.2,8.13,10.3,Sandstone,18.39,18.54
VOLVE_15_9_F15,2470.93,20.31,105.8,479.9,5.55,10.43,Sandstone,18.4,27.15
VOLVE_15_9_F15,2471.86,20.35,88.5,449.9,2.05,10.23,Sandstone,18.42,22.22
VOLVE_15_9_F15,2472.72,19.73,51.4,449.9,3.84,10.08,Sandstone,18.45,18.71
VOLVE_15_9_F15,2473.25,22.12,94.3,489.8,4.87,10.4,Sandstone,18.5,25.74
VOLVE_15_9_F15,2473.48,16.87,54.5,408.5,6.28,10.37,Sandstone,18.51,20.49
VOLVE_15_9_F15,2474.44,20.72,71.4,497.6,6.68,10.25,Sandstone,18.55,22.86
VOLVE_15_9_F15,2475.4,22.51,90.4,462.8,5.5,10.68,Sandstone,18.6,22.76
VOLVE_15_9_F15,2475.99,19.21,89.9,497.0,3.7,10.2,Sandstone,18.61,23.48
VOLVE_15_9_F15,2476.2,21.93,72.1,439.3,5.32,10.53,Sandstone,18.63,22.08
VOLVE_15_9_F15,2476.97,19.34,63.7,502.0,3.62,10.43,Sandstone,18.64,21.41
VOLVE_15_9_F15,2477.4,17.18,110.6,337.8,5.56,10.38,Sandstone,18.67,22.13
VOLVE_15_9_F15,2478.2,15.16,106.0,395.6,6.13,10.68,Sandstone,18.72,19.51
VOLVE_15_9_F15,2478.42,18.52,79.2,413.8,4.14,10.5,Sandstone,18.76,20.7
VOLVE_15_9_F15,2479.11,19.13,82.7,420.4,5.19,10.23,Sandstone,18.8,21.82
VOLVE_15_9_F15,2480.07,25.4,72.5,494.7,6.27,10.24,Sandstone,18.85,24.3
VOLVE_15_9_F15,2480.68,20.04,79.1,372.9,5.59,10.21,Sandstone,18.87,21.94
VOLVE_15_9_F15,2481.64,18.52,83.5,486.5,2.92,10.38,Sandstone,18.92,20.59
VOLVE_15_9_F15,2482.42,21.26,94.9,450.0,5.26,10.22,Sandstone,18.94,23.0
VOLVE_15_9_F15,2483.09,18.96,58.1,405.6,1.03,10.01,Sandstone,18.98,19.37
VOLVE_15_9_F15,2483.97,22.52,89.5,520.9,5.73,10.26,Sandstone,19.0,24.76
VOLVE_15_9_F15,2484.91,23.8,106.6,396.6,6.75,10.47,Sandstone,19.01,25.86
VOLVE_15_9_F15,2485.79,20.35,78.0,486.7,5.52,10.54,Sandstone,19.04,23.51
VOLVE_15_9_F15,2486.73,15.5,68.3,503.4,4.8,10.46,Sandstone,19.08,23.0
VOLVE_15_9_F15,2486.98,19.7,99.7,375.9,5.62,10.31,Sandstone,19.09,21.85
VOLVE_15_9_F15,2487.35,19.55,66.7,409.0,5.45,10.49,Sandstone,19.13,21.89
VOLVE_15_9_F15,2487.76,24.04,63.4,504.8,4.03,10.63,Sandstone,19.18,22.91
VOLVE_15_9_F15,2488.73,21.07,55.6,457.7,3.95,10.41,Sandstone,19.19,20.23
VOLVE_15_9_F15,2489.66,18.98,90.7,477.5,5.21,10.34,Sandstone,19.2,23.24
VOLVE_15_9_F15,2490.51,23.46,64.1,453.9,,10.59,Sandstone,19.25,23.39
VOLVE_15_9_F15,2491.35,19.67,57.7,482.1,5.26,10.24,Sandstone,19.26,20.75
VOLVE_15_9_F15,2491.9,19.65,85.2,402.7,5.9,10.45,Sandstone,19.28,23.17
VOLVE_15_9_F15,2492.18,18.72,66.9,480.8,4.32,9.87,Sandstone,19.31,21.83
VOLVE_15_9_F15,2492.91,22.87,92.1,444.5,5.56,10.28,Sandstone,19.35,24.16
VOLVE_15_9_F15,2493.53,18.63,90.8,442.7,4.94,10.0,Sandstone,19.37,24.98
VOLVE_15_9_F15,2494.06,21.6,84.2,396.7,3.7,10.45,Sandstone,19.4,21.15
VOLVE_15_9_F15,2494.55,20.98,71.3,389.0,5.32,10.22,Sandstone,19.41,22.25
VOLVE_15_9_F15,2494.88,20.15,95.2,445.5,5.03,10.43,Sandstone,19.43,24.21
VOLVE_15_9_F15,2495.4,22.26,61.6,500.3,5.98,10.25,Sandstone,19.44,22.77
VOLVE_15_9_F15,2496.34,23.84,100.3,459.2,3.84,10.26,Sandstone,19.47,24.47
VOLVE_15_9_F15,2496.7,16.91,79.5,412.2,4.14,10.24,Sandstone,19.48,20.82
VOLVE_15_9_F15,2497.38,19.58,81.6,444.2,2.76,10.42,Sandstone,19.52,20.16
VOLVE_15_9_F15,2498.07,19.38,88.6,440.1,5.54,10.39,Sandstone,19.55,21.71
VOLVE_15_9_F15,2498.58,20.26,102.5,418.2,6.34,10.2,Sandstone,19.58,24.6
VOLVE_15_9_F15,2499.0,18.55,87.6,467.9,5.44,10.32,Sandstone,19.6,22.05
VOLVE_15_9_F15,2499.32,17.43,76.3,412.5,7.07,10.23,Sandstone,19.64,20.2
VOLVE_15_9_F15,2499.85,19.73,91.9,423.9,5.82,10.27,Sandstone,19.69,22.99
VOLVE_15_9_F15,2500.46,22.54,100.1,407.5,4.48,10.27,Sandstone,19.71,23.2
VOLVE_15_9_F15,2500.69,19.5,98.5,421.0,6.69,10.25,Sandstone,19.74,23.76
VOLVE_15_9_F15,2501.62,21.05,86.4,512.7,7.66,10.44,Sandstone,19.77,26.05
VOLVE_15_9_F15,2501.83,23.84,86.8,423.1,6.27,10.44,Sandstone,19.8,23.42
VOLVE_15_9_F15,2502.06,20.42,89.2,432.2,4.29,10.1,Sandstone,19.82,22.21
VOLVE_15_9_F15,2502.8,22.49,96.0,483.4,4.69,10.3,Sandstone,19.85,23.12
VOLVE_15_9_F15,2503.63,22.72,81.3,493.0,5.69,10.73,Sandstone,19.89,22.62
VOLVE_15_9_F15,2504.2,23.12,86.0,431.2,4.89,10.53,Sandstone,19.92,22.61
VOLVE_15_9_F15,2504.65,25.22,85.5,501.7,6.86,10.67,Sandstone,19.94,23.33
VOLVE_15_9_F15,2505.43,19.7,62.3,412.2,4.43,10.19,Sandstone,19.97,21.35
VOLVE_15_9_F15,2506.32,22.31,74.1,478.8,6.14,10.29,Sandstone,19.99,22.83
VOLVE_15_9_F15,2506.77,20.57,98.5,448.6,6.17,10.21,Sandstone,20.01,24.26
VOLVE_15_9_F15,2507.47,21.28,113.0,468.9,3.95,10.35,Sandstone,20.03,24.67
VOLVE_15_9_F15,2508.38,21.06,84.7,475.8,5.06,10.38,Sandstone,20.07,23.25
VOLVE_15_9_F15,2509.11,23.02,81.8,449.0,6.55,10.42,Sandstone,20.09,23.07
VOLVE_15_9_F15,2509.38,18.77,75.3,472.7,4.65,10.27,Sandstone,20.14,22.47
VOLVE_15_9_F15,2509.71,21.02,47.4,483.1,5.01,10.24,Sandstone,20.18,21.08
VOLVE_15_9_F15,2510.55,16.86,107.0,386.9,5.33,10.21,Sandstone,20.2,21.87
VOLVE_15_9_F15,2511.13,18.05,71.8,416.7,3.7,10.32,Sandstone,20.25,18.87
VOLVE_15_9_F15,2511.52,18.6,58.7,488.3,6.63,10.43,Sandstone,20.27,21.69
VOLVE_15_9_F15,2511.79,21.53,88.1,375.0,4.36,10.45,Sandstone,20.31,21.4
VOLVE_15_9_F15,2512.05,21.1,83.6,406.5,4.04,10.53,Sandstone,20.33,22.91
VOLVE_15_9_F15,2512.66,23.55,115.7,513.6,7.12,10.4,Sandstone,20.35,26.5
VOLVE_15_9_F15,2513.45,22.52,91.0,437.0,4.74,10.46,Sandstone,20.39,22.25
VOLVE_15_9_F15,2513.98,20.02,107.5,459.9,5.5,10.13,Sandstone,20.43,24.17
VOLVE_15_9_F15,2514.5,27.59,94.5,468.4,6.41,10.5,Sandstone,20.44,24.94
VOLVE_15_9_F15,2514.7,20.53,74.8,470.2,6.19,10.51,Sandstone,20.49,21.55
VOLVE_15_9_F15,2515.19,16.56,121.5,431.7,2.79,10.61,Sandstone,20.52,22.87
VOLVE_15_9_F15,2515.54,16.9,108.2,438.0,4.97,10.66,Sandstone,20.55,20.51
VOLVE_15_9_F15,2516.06,21.81,92.4,538.2,4.99,10.17,Sandstone,20.59,24.62
VOLVE_15_9_F15,2516.3,16.16,100.5,399.2,4.91,10.48,Sandstone,20.62,21.82
VOLVE_15_9_F15,2516.94,20.52,89.0,424.5,6.11,10.29,Sandstone,20.64,22.68
VOLVE_15_9_F15,2517.6,19.23,87.3,405.7,6.81,10.27,Sandstone,20.69,21.14
VOLVE_15_9_F15,2518.48,24.84,91.2,444.2,5.85,10.29,Sandstone,20.7,24.75
VOLVE_15_9_F15,2518.81,17.16,115.4,415.1,4.35,10.27,Sandstone,20.74,21.64
VOLVE_15_9_F15,2519.5,22.57,102.3,502.9,5.84,10.32,Sandstone,20.76,24.49
VOLVE_15_9_F15,2520.37,19.21,83.7,515.6,5.68,10.28,Sandstone,20.78,20.56
VOLVE_15_9_F15,2521.31,18.99,87.2,450.6,5.35,10.42,Sandstone,20.8,22.73
VOLVE_15_9_F15,2521.65,23.9,60.3,411.3,6.33,10.45,Limestone,20.84,14.14
VOLVE_15_9_F15,2522.35,18.8,85.9,525.0,4.17,10.53,Limestone,20.88,14.59
VOLVE_15_9_F15,2522.67,17.84,93.1,421.7,4.26,10.43,Limestone,20.91,12.41
VOLVE_15_9_F15,2523.03,18.92,90.0,460.8,5.26,10.34,Limestone,20.95,12.88
VOLVE_15_9_F15,2523.8,17.57,86.9,466.7,6.27,10.45,Limestone,20.98,14.06
VOLVE_15_9_F15,2524.67,16.27,73.8,412.7,6.64,10.5,Limestone,21.03,12.73
VOLVE_15_9_F15,2525.16,18.15,97.4,435.1,5.74,10.44,Limestone,21.04,15.81
VOLVE_15_9_F15,2526.0,16.08,99.1,526.1,5.33,10.43,Limestone,21.09,14.54
VOLVE_15_9_F15,2526.75,17.95,85.0,462.9,3.76,10.76,Limestone,21.14,12.21
VOLVE_15_9_F15,2527.23,17.89,85.1,471.6,5.76,10.26,Limestone,21.19,12.67
VOLVE_15_9_F15,2527.66,20.73,83.4,484.5,3.76,10.49,Limestone,21.2,14.16
VOLVE_15_9_F15,2528.44,16.88,88.5,469.1,6.14,10.38,Limestone,21.22,14.07
VOLVE_15_9_F15,2529.31,21.6,91.7,492.3,5.53,10.1,Limestone,21.27,16.11
VOLVE_15_9_F15,2529.59,14.72,58.9,473.7,4.38,10.1,Limestone,21.3,12.05
VOLVE_15_9_F15,2530.16,17.8,76.7,446.7,6.32,10.07,Limestone,21.34,12.62
VOLVE_15_9_F15,2530.58,19.58,64.6,578.4,4.9,10.36,Limestone,21.37,13.24
VOLVE_15_9_F15,2530.87,19.11,75.5,428.5,4.42,10.11,Limestone,21.39,12.04
VOLVE_15_9_F15,2531.22,20.26,102.0,436.8,5.69,10.34,Limestone,21.41,15.64
VOLVE_15_9_F15,2532.07,16.76,68.8,507.8,3.53,10.38,Limestone,21.45,12.68
VOLVE_15_9_F15,2532.81,24.88,59.7,483.9,5.43,10.28,Limestone,21.48,10.85
VOLVE_15_9_F15,2533.79,24.18,63.7,436.1,4.94,10.32,Limestone,21.5,14.16
VOLVE_15_9_F15,2534.25,13.64,87.7,433.1,3.74,10.49,Limestone,21.55,11.84
VOLVE_15_9_F15,2535.18,21.65,94.4,452.6,8.24,10.22,Limestone,21.59,14.49
VOLVE_15_9_F15,2535.45,19.26,84.0,465.3,4.77,10.36,Limestone,21.61,13.87
VOLVE_15_9_F15,2536.35,19.83,52.3,452.9,3.87,10.02,Limestone,21.63,12.54
VOLVE_15_9_F15,2536.59,19.89,73.0,432.1,2.86,10.39,Limestone,21.64,13.53
VOLVE_15_9_F15,2536.94,18.15,108.2,480.0,4.37,10.55,Limestone,21.69,14.44
VOLVE_15_9_F15,2537.78,19.85,85.1,455.6,5.97,10.47,Limestone,21.72,14.06
VOLVE_15_9_F15,2538.73,23.96,52.3,488.3,3.1,10.32,Limestone,21.75,12.52
VOLVE_15_9_F15,2539.4,24.7,71.2,459.1,3.92,10.29,Limestone,21.77,15.09
VOLVE_15_9_F15,2540.29,19.85,52.4,392.7,5.75,10.61,Limestone,21.81,9.8
VOLVE_15_9_F15,2540.59,16.09,76.3,472.9,4.16,10.45,Limestone,21.83,12.76
VOLVE_15_9_F15,2541.48,19.51,85.3,492.5,4.47,10.37,Limestone,21.87,12.62
VOLVE_15_9_F15,2541.9,19.38,81.2,469.4,5.05,10.45,Limestone,21.9,13.32
VOLVE_15_9_F15,2542.86,23.75,77.7,390.3,6.74,10.27,Limestone,21.92,14.58
VOLVE_15_9_F15,2543.4,17.14,114.9,465.3,4.13,10.33,Limestone,21.95,13.5
VOLVE_15_9_F15,2544.22,15.45,86.9,435.1,7.04,10.25,Limestone,21.99,12.47
VOLVE_15_9_F15,2544.98,18.39,78.3,456.3,4.93,10.49,Limestone,22.02,13.78
VOLVE_15_9_F15,2545.19,21.8,95.3,473.8,5.33,10.21,Limestone,22.06,13.43
VOLVE_15_9_F15,2545.57,17.8,95.4,444.3,5.79,10.28,Limestone,22.08,14.17
VOLVE_15_9_F15,2546.22,19.52,89.8,479.4,2.5,10.42,Limestone,22.1,13.24
VOLVE_15_9_F15,2546.6,22.01,124.8,473.4,6.19,9.97,Limestone,22.13,16.95
VOLVE_15_9_F15,2547.43,16.29,72.4,468.3,4.78,10.24,Limestone,22.16,11.47
VOLVE_15_9_F15,2548.29,19.88,102.6,439.8,7.51,10.22,Limestone,22.21,15.05
VOLVE_15_9_F15,2548.5,20.75,101.1,494.1,8.14,10.38,Limestone,22.24,15.35
VOLVE_15_9_F15,2549.19,21.76,61.8,513.1,5.1,10.38,Limestone,22.27,11.54
VOLVE_15_9_F15,2550.18,19.11,91.8,453.9,5.24,10.65,Limestone,22.31,13.88
VOLVE_15_9_F15,2550.81,24.0,69.2,435.3,4.99,10.21,Limestone,22.36,14.28
VOLVE_15_9_F15,2551.68,18.93,84.8,438.5,4.93,10.12,Limestone,22.39,12.84
VOLVE_15_9_F15,2551.97,22.18,102.3,486.4,5.06,10.53,Limestone,22.42,16.0
VOLVE_15_9_F15,2552.75,22.97,85.8,458.8,6.55,10.25,Limestone,22.45,13.24
VOLVE_15_9_F15,2553.12,13.79,50.8,445.3,5.66,10.37,Limestone,22.48,9.46
VOLVE_15_9_F15,2553.55,24.02,95.5,425.3,7.07,10.27,Limestone,22.51,14.15
VOLVE_15_9_F15,2554.14,17.45,60.1,470.6,6.03,10.44,Limestone,22.53,11.27
VOLVE_15_9_F15,2555.09,19.08,76.5,479.4,5.46,10.4,Limestone,22.57,13.63
VOLVE_15_9_F15,2555.84,22.9,102.1,452.0,6.52,10.3,Limestone,22.59,15.76
VOLVE_15_9_F15,2556.78,19.09,66.1,465.9,5.57,10.36,Limestone,22.63,11.51
VOLVE_15_9_F15,2557.57,19.97,91.1,474.8,3.39,10.28,Limestone,22.65,12.97
VOLVE_15_9_F15,2558.37,22.5,72.7,491.8,4.79,10.36,Limestone,22.69,13.46
VOLVE_15_9_F15,2559.26,20.61,49.7,,3.9,10.29,Limestone,22.74,12.06
VOLVE_15_9_F15,2559.72,17.67,72.6,426.3,4.55,10.57,Limestone,22.76,10.93
VOLVE_15_9_F15,2560.55,23.17,73.6,438.8,5.0,10.31,Limestone,22.8,12.27
VOLVE_15_9_F15,2561.43,21.06,64.2,456.0,5.6,10.28,Limestone,22.82,13.06
VOLVE_15_9_F15,2562.22,16.29,83.9,436.3,4.2,10.08,Limestone,22.85,12.75
VOLVE_15_9_F15,2562.96,19.91,84.7,443.6,2.3,10.19,Limestone,22.88,14.0
VOLVE_15_9_F15,2563.31,21.05,77.1,483.6,5.44,10.44,Limestone,22.93,15.91
VOLVE_15_9_F15,2564.28,19.21,77.5,397.0,4.58,10.33,Limestone,22.96,12.01
VOLVE_15_9_F15,2564.71,16.13,93.8,423.2,5.42,10.31,Limestone,22.98,12.0
VOLVE_15_9_F15,2565.24,16.75,62.9,427.5,3.04,10.47,Limestone,23.02,11.85
VOLVE_15_9_F15,2565.5,18.54,101.8,504.8,5.73,10.55,Limestone,23.05,14.1
VOLVE_15_9_F15,2565.71,21.11,74.0,457.9,3.99,10.23,Limestone,23.09,14.33
VOLVE_15_9_F15,2566.05,23.12,78.2,463.9,3.24,10.32,Limestone,23.14,13.2
VOLVE_15_9_F15,2566.75,16.7,69.5,421.3,4.13,10.04,Limestone,23.18,11.16
VOLVE_15_9_F15,2567.18,18.76,65.7,435.1,2.58,10.5,Limestone,23.2,12.65
VOLVE_15_9_F15,2568.09,14.97,98.9,351.9,4.03,10.78,Limestone,23.21,11.74
VOLVE_15_9_F15,2568.3,20.13,71.0,456.9,5.0,10.3,Limestone,23.26,13.92
VOLVE_15_9_F15,2568.66,23.99,91.4,427.7,3.88,10.3,Limestone,23.31,14.02
VOLVE_15_9_F15,2568.92,22.77,89.7,389.9,5.76,10.34,Limestone,23.33,13.88
VOLVE_15_9_F15,2569.21,19.54,79.8,466.6,3.3,10.39,Limestone,23.36,11.38
VOLVE_15_9_F15,2569.6,19.38,100.5,417.1,4.09,10.4,Limestone,23.37,12.6
VOLVE_15_9_F15,2570.49,19.31,85.1,458.3,3.72,10.4,Limestone,23.41,13.95
VOLVE_15_9_F15,2571.37,19.47,50.6,465.8,5.23,10.15,Limestone,23.45,13.95
VOLVE_15_9_F15,2571.83,20.28,73.9,565.3,5.15,10.35,Limestone,23.47,15.31
VOLVE_15_9_F15,2572.09,19.31,125.5,438.7,5.02,10.45,Limestone,23.48,15.99
VOLVE_15_9_F15,2572.84,20.2,84.3,462.0,2.47,10.18,Limestone,23.51,12.94
VOLVE_15_9_F15,2573.6,17.4,82.3,452.4,4.69,10.15,Limestone,23.56,13.15
VOLVE_15_9_F15,2574.54,21.35,98.9,423.8,3.94,10.27,Limestone,23.57,13.99
VOLVE_15_9_F15,2575.47,21.78,105.5,462.4,4.0,10.38,Limestone,23.59,13.62
VOLVE_15_9_F15,2575.88,26.44,69.3,485.1,6.13,10.45,Limestone,23.6,14.2
VOLVE_15_9_F15,2576.79,21.48,83.8,476.1,4.13,10.48,Limestone,23.63,13.62
VOLVE_15_9_F15,2577.41,19.86,83.5,482.0,5.09,,Limestone,23.68,12.63
VOLVE_15_9_F15,2578.34,24.26,61.6,422.5,3.98,10.08,Limestone,23.73,13.29
VOLVE_15_9_F15,2579.08,23.77,80.4,457.3,6.38,10.6,Limestone,23.76,14.43
VOLVE_15_9_F15,2579.66,18.47,86.9,390.6,5.58,10.55,Limestone,23.77,11.78
VOLVE_15_9_F15,2580.32,24.62,80.5,385.3,6.61,10.29,Limestone,23.79,12.81
VOLVE_15_9_F15,2580.71,21.12,114.2,522.3,7.02,10.47,Limestone,23.81,15.0
VOLVE_15_9_F15,2581.36,16.78,95.4,458.8,3.13,10.4,Limestone,23.85,12.83
VOLVE_15_9_F15,2581.78,18.48,88.7,479.6,7.35,10.33,Limestone,23.88,12.91
VOLVE_15_9_F15,2582.33,18.75,84.0,479.7,1.97,10.63,Limestone,23.91,13.98
VOLVE_15_9_F15,2582.77,24.02,95.1,453.2,4.86,10.26,Limestone,23.96,17.23
VOLVE_15_9_F15,2583.32,20.76,80.0,507.7,4.52,10.15,Limestone,23.97,17.18
VOLVE_15_9_F15,2584.21,20.57,59.9,448.8,2.64,10.38,Limestone,24.0,11.51
VOLVE_15_9_F15,2584.87,20.18,64.8,368.1,4.16,10.27,Limestone,24.03,11.32
VOLVE_15_9_F15,2585.1,25.28,87.4,461.4,6.71,10.39,Limestone,24.07,13.65
VOLVE_15_9_F15,2585.86,19.81,103.0,491.8,5.46,10.32,Limestone,24.11,14.94
VOLVE_15_9_F15,2586.59,19.29,76.9,397.9,2.94,10.26,Limestone,24.16,11.39
VOLVE_15_9_F15,2586.86,23.3,97.4,443.1,5.15,10.33,Limestone,24.18,14.92
VOLVE_15_9_F15,2587.31,20.75,90.5,498.8,,10.13,Limestone,24.21,14.62
VOLVE_15_9_F15,2587.72,23.87,101.4,489.9,4.69,10.13,Limestone,24.22,15.97
VOLVE_15_9_F15,2588.28,19.3,66.5,449.1,4.25,10.32,Limestone,24.25,13.11
VOLVE_15_9_F15,2588.79,20.79,66.0,423.5,5.39,10.42,Limestone,24.27,12.82
VOLVE_15_9_F15,2589.65,24.84,110.6,454.0,6.81,10.11,Limestone,24.3,14.98
VOLVE_15_9_F15,2590.16,19.11,57.2,464.0,5.34,10.43,Limestone,24.34,12.71
VOLVE_15_9_F15,2590.46,22.79,89.3,484.0,4.95,10.29,Claystone,24.35,25.54
VOLVE_15_9_F15,2590.89,16.48,107.6,448.5,3.09,10.42,Claystone,24.4,22.05
VOLVE_15_9_F15,2591.2,22.2,90.0,516.4,5.65,10.4,Claystone,24.41,24.55
VOLVE_15_9_F15,2591.66,18.72,105.3,463.6,3.43,10.51,Claystone,24.46,21.38
VOLVE_15_9_F15,2592.54,22.57,103.9,440.2,5.41,10.34,Claystone,24.48,23.5
VOLVE_15_9_F15,2593.17,17.55,96.1,432.1,3.99,10.12,Claystone,24.5,21.27
VOLVE_15_9_F15,2593.65,22.91,89.2,420.0,5.16,10.67,Claystone,24.54,22.38
VOLVE_15_9_F15,2594.57,20.19,66.4,495.1,6.29,10.38,Claystone,24.56,23.6
VOLVE_15_9_F15,2595.14,21.37,61.6,446.2,5.16,10.39,Claystone,24.59,20.81
VOLVE_15_9_F15,2595.92,20.65,80.2,340.0,6.35,10.34,Claystone,24.64,21.66
VOLVE_15_9_F15,2596.28,20.09,55.4,438.6,3.72,10.58,Claystone,24.68,19.76
VOLVE_15_9_F15,2596.78,18.7,92.6,503.4,5.43,10.18,Claystone,24.72,23.9
VOLVE_15_9_F15,2597.39,17.94,120.2,435.8,4.1,10.16,Claystone,24.74,22.35
VOLVE_15_9_F15,2598.0,22.09,84.2,400.3,4.96,10.26,Claystone,24.78,20.88
VOLVE_15_9_F15,2598.84,17.51,89.1,435.2,5.5,10.43,Claystone,24.8,22.36
VOLVE_15_9_F15,2599.5,19.96,65.2,477.7,2.41,10.26,Claystone,24.83,21.26
VOLVE_15_9_F15,2600.42,17.82,81.5,444.3,4.64,10.25,Claystone,24.87,22.1
VOLVE_15_9_F15,2601.35,19.49,84.5,416.7,5.6,10.2,Claystone,24.9,23.0
VOLVE_15_9_F15,2601.9,15.65,79.8,477.4,4.03,10.5,Claystone,24.91,19.42
VOLVE_15_9_F15,2602.64,23.31,89.6,500.1,6.4,10.42,Claystone,24.96,24.6
VOLVE_15_9_F15,2603.47,22.16,73.4,512.5,4.95,10.49,Claystone,24.99,21.94
VOLVE_15_9_F15,2603.96,20.24,85.4,462.1,3.38,10.29,Claystone,25.03,19.79
VOLVE_15_9_F15,2604.39,20.82,90.7,446.9,5.58,10.36,Claystone,25.06,22.41
VOLVE_15_9_F15,2605.29,23.32,104.6,471.4,5.72,10.48,Claystone,25.09,23.72
VOLVE_15_9_F15,2605.97,19.03,84.8,504.3,4.77,10.25,Claystone,25.14,23.12
VOLVE_15_9_F15,2606.32,23.66,74.4,495.6,5.16,10.52,Claystone,25.18,22.74
VOLVE_15_9_F15,2606.98,18.62,81.2,451.1,5.76,10.43,Claystone,25.2,22.19
VOLVE_15_9_F15,2607.36,20.29,90.5,416.1,5.15,10.56,Claystone,25.22,22.63
VOLVE_15_9_F15,2607.93,16.91,69.5,463.9,5.27,10.51,Claystone,25.24,18.83
VOLVE_15_9_F15,2608.67,23.83,72.4,453.7,6.99,10.12,Claystone,25.28,22.0
VOLVE_15_9_F15,2609.54,19.68,85.4,472.4,5.9,10.28,Claystone,25.32,23.04
VOLVE_15_9_F15,2610.06,21.24,52.6,410.5,4.69,10.02,Claystone,25.35,18.5
VOLVE_15_9_F15,2610.34,18.48,81.4,427.9,4.81,10.08,Claystone,25.39,20.56
VOLVE_15_9_F15,2611.16,19.89,76.6,489.4,4.58,10.22,Claystone,25.4,22.89
VOLVE_15_9_F15,2611.89,17.89,92.2,461.7,5.05,10.57,Claystone,25.44,21.44
VOLVE_15_9_F15,2612.59,18.28,70.0,407.2,4.82,10.37,Claystone,25.46,18.09
VOLVE_15_9_F15,2613.04,16.32,76.7,506.6,3.78,10.44,Claystone,25.51,18.8
VOLVE_15_9_F15,2613.27,19.74,82.8,442.5,4.4,10.3,Claystone,25.55,22.86
VOLVE_15_9_F15,2613.95,18.62,72.6,469.5,3.69,10.32,Claystone,25.57,21.27
VOLVE_15_9_F15,2614.77,25.91,68.3,434.8,6.23,10.47,Claystone,25.62,21.82
VOLVE_15_9_F15,2615.21,17.57,73.3,465.2,4.94,10.35,Claystone,25.63,20.79
VOLVE_15_9_F15,2615.96,18.63,,506.7,4.4,10.34,Claystone,25.66,20.27
VOLVE_15_9_F15,2616.26,22.27,68.2,506.9,4.22,10.45,Claystone,25.7,20.88
VOLVE_15_9_F15,2617.05,17.87,92.2,516.2,5.7,10.21,Claystone,25.74,22.79
VOLVE_15_9_F15,2617.93,20.0,60.0,435.3,3.91,10.4,Claystone,25.78,18.87
VOLVE_15_9_F15,2618.44,22.13,66.8,480.2,4.14,10.41,Claystone,25.81,22.0
VOLVE_15_9_F15,2618.75,21.94,78.8,387.5,6.02,10.11,Claystone,25.85,23.12
VOLVE_15_9_F15,2619.34,20.43,93.7,467.4,4.75,10.21,Claystone,25.87,23.85
VOLVE_15_9_F15,2620.01,20.07,64.0,528.4,5.08,10.27,Claystone,25.92,21.1
VOLVE_15_9_F15,2620.3,22.72,73.1,406.0,4.49,10.3,Claystone,25.95,22.18
VOLVE_15_9_F15,2620.66,23.35,103.4,421.1,5.35,10.45,Claystone,25.96,23.91
VOLVE_15_9_F15,2620.91,20.47,85.5,448.7,5.06,10.23,Claystone,26.0,21.59
VOLVE_15_9_F15,2621.78,21.59,93.1,444.7,6.57,10.23,Claystone,26.03,21.99
VOLVE_15_9_F15,2622.29,19.0,67.1,487.5,5.16,10.47,Claystone,26.05,21.77
VOLVE_15_9_F15,2622.93,23.16,73.4,484.8,5.76,10.52,Claystone,26.09,22.5
VOLVE_15_9_F15,2623.69,22.23,98.3,373.2,6.05,10.52,Claystone,26.13,22.08
VOLVE_15_9_F15,2624.09,19.49,88.4,412.8,6.29,10.21,Claystone,26.14,22.27
VOLVE_15_9_F15,2624.9,18.99,91.9,448.5,7.03,10.24,Claystone,26.18,24.61
VOLVE_15_9_F15,2625.23,24.82,93.5,431.8,6.28,10.12,Claystone,26.23,22.09
VOLVE_15_9_F15,2626.23,19.04,95.9,469.2,4.05,9.98,Claystone,26.27,24.05
VOLVE_15_9_F15,2626.8,19.78,77.3,471.1,5.28,10.19,Claystone,26.29,21.53
VOLVE_15_9_F15,2627.4,,66.8,364.9,6.12,10.28,Claystone,26.34,19.01
VOLVE_15_9_F15,2628.04,22.88,72.7,442.3,3.62,10.41,Claystone,26.36,20.45
VOLVE_15_9_F15,2628.47,19.03,76.8,420.8,6.86,10.5,Claystone,26.4,19.17
VOLVE_15_9_F15,2629.04,20.38,49.3,459.6,5.42,10.36,Claystone,26.42,19.82
VOLVE_15_9_F15,2629.27,20.16,90.3,481.7,5.55,10.59,Claystone,26.47,21.88
VOLVE_15_9_F15,2630.14,26.25,96.3,446.6,5.46,10.24,Claystone,26.49,23.73
VOLVE_15_9_F15,2631.09,24.82,84.7,403.8,4.87,10.58,Claystone,26.54,21.42
VOLVE_15_9_F15,2631.59,21.17,73.1,507.9,6.22,10.25,Claystone,26.57,20.54
VOLVE_15_9_F15,2632.46,18.75,84.6,423.7,3.4,10.45,Claystone,26.6,20.27
VOLVE_15_9_F15,2633.18,20.7,57.6,434.2,7.37,10.41,Claystone,26.64,20.24
VOLVE_15_9_F15,2633.62,20.22,56.2,379.1,5.76,10.55,Claystone,26.66,19.81
VOLVE_15_9_F15,2634.0,24.37,108.5,476.5,6.47,10.6,Claystone,26.7,24.65
VOLVE_15_9_F15,2634.65,26.84,52.4,455.9,5.66,10.23,Claystone,26.72,21.45
VOLVE_15_9_F15,2635.07,21.23,95.4,474.9,4.52,10.03,Claystone,26.75,21.83
VOLVE_15_9_F15,2635.81,22.42,103.8,422.9,5.83,10.35,Claystone,26.78,24.01
VOLVE_15_9_F15,2636.22,25.33,82.6,481.3,3.77,10.44,Claystone,26.81,22.68
VOLVE_15_9_F15,2637.11,21.75,81.9,511.9,3.92,10.38,Claystone,26.85,22.48
VOLVE_15_9_F15,2638.0,18.43,85.5,363.7,3.04,10.82,Claystone,26.87,18.62
VOLVE_15_9_F15,2638.6,20.17,50.6,473.0,4.67,10.46,Claystone,26.9,20.01
VOLVE_15_9_F15,2639.26,20.45,73.4,396.7,4.41,10.46,Claystone,26.95,21.44
VOLVE_15_9_F15,2639.75,18.65,104.2,473.3,5.01,10.18,Claystone,26.98,21.6
VOLVE_15_9_F15,2640.65,20.59,84.7,498.1,5.38,10.3,Claystone,27.02,23.93
VOLVE_15_9_F15,2641.56,16.68,80.5,413.9,6.2,10.45,Claystone,27.04,20.61
VOLVE_15_9_F15,2642.26,15.54,84.0,422.9,2.84,10.43,Claystone,27.08,20.91
VOLVE_15_9_F15,2642.56,20.34,72.4,460.7,6.62,10.39,Claystone,27.13,22.55
VOLVE_15_9_F15,2643.17,19.94,64.3,454.7,4.89,10.57,Claystone,27.15,20.01
VOLVE_15_9_F15,2643.92,24.97,96.9,400.6,5.14,10.28,Claystone,27.17,21.82
VOLVE_15_9_F15,2644.87,19.33,68.8,432.6,5.08,10.44,Claystone,27.18,20.45
VOLVE_15_9_F15,2645.81,21.29,116.3,424.4,6.14,10.28,Claystone,27.22,21.7
VOLVE_15_9_F15,2646.64,19.49,78.3,446.2,6.33,10.81,Claystone,27.24,21.5
VOLVE_15_9_F15,2646.85,15.96,88.3,525.5,4.55,10.27,Sandstone,27.26,19.48
VOLVE_15_9_F15,2647.38,20.43,108.0,461.6,3.91,10.69,Sandstone,27.3,19.97
VOLVE_15_9_F15,2648.32,21.12,89.9,412.3,3.6,10.35,Sandstone,27.32,19.6
VOLVE_15_9_F15,2648.82,19.2,62.1,466.2,5.51,10.29,Sandstone,27.34,19.88
VOLVE_15_9_F15,2649.51,20.08,74.0,445.0,5.53,10.38,Sandstone,27.38,19.75
VOLVE_15_9_F15,2650.37,22.94,57.1,512.8,7.09,10.21,Sandstone,27.4,19.75
VOLVE_15_9_F15,2650.73,19.91,79.7,437.5,3.28,10.25,Sandstone,27.41,18.85
VOLVE_15_9_F15,2651.09,23.78,67.2,443.2,5.71,10.63,Sandstone,27.44,19.88
VOLVE_15_9_F15,2652.03,21.14,79.4,499.8,6.13,10.45,Sandstone,27.46,21.4
VOLVE_15_9_F15,2652.9,23.25,103.5,421.4,6.02,10.52,Sandstone,27.48,21.87
VOLVE_15_9_F15,2653.45,24.57,108.3,407.6,5.63,10.32,Sandstone,27.52,20.8
VOLVE_15_9_F15,2654.38,18.36,56.3,466.2,4.13,10.49,Sandstone,27.56,17.82
VOLVE_15_9_F15,2655.04,23.31,56.0,462.1,4.57,10.41,Sandstone,27.61,17.91
VOLVE_15_9_F15,2655.41,23.92,83.8,402.1,5.71,10.28,Sandstone,27.63,20.58
VOLVE_15_9_F15,2655.89,23.31,79.6,375.7,6.73,10.86,Sandstone,27.64,17.6
VOLVE_15_9_F15,2656.74,19.96,62.3,468.2,3.23,10.18,Sandstone,27.66,17.97
VOLVE_15_9_F15,2657.38,13.75,79.0,467.9,3.98,10.4,Sandstone,27.69,16.57
VOLVE_15_9_F15,2657.6,26.76,82.1,477.0,7.45,10.47,Sandstone,27.71,20.94
VOLVE_15_9_F15,2658.21,16.71,77.4,495.6,3.12,10.43,Sandstone,27.74,17.85
VOLVE_15_9_F15,2658.42,25.62,101.0,459.3,6.36,10.32,Sandstone,27.78,23.63
VOLVE_15_9_F15,2658.75,17.72,98.4,449.1,1.83,10.29,Sandstone,27.83,18.18
VOLVE_15_9_F15,2659.48,17.5,80.3,484.0,4.2,10.44,Sandstone,27.86,17.25
VOLVE_15_9_F15,2660.18,20.84,101.3,459.4,4.3,10.28,Sandstone,27.89,22.18
VOLVE_15_9_F15,2660.81,20.48,95.9,395.5,6.63,10.56,Sandstone,27.9,19.5
VOLVE_15_9_F15,2661.5,26.11,84.0,464.7,4.21,10.42,Sandstone,27.95,22.41
VOLVE_15_9_F15,2662.03,19.02,43.4,481.4,3.03,10.36,Sandstone,27.97,15.44
VOLVE_15_9_F15,2662.24,22.94,60.8,418.9,3.92,10.41,Sandstone,27.98,19.53
VOLVE_15_9_F15,2662.97,21.93,76.0,523.8,4.48,10.47,Sandstone,28.0,21.33
VOLVE_15_9_F15,2663.74,18.44,89.4,442.7,4.48,10.59,Sandstone,28.04,19.68
VOLVE_15_9_F15,2664.39,22.06,62.0,498.3,4.2,10.45,Sandstone,28.08,19.56
VOLVE_15_9_F15,2665.08,20.48,98.7,416.0,5.66,10.42,Sandstone,28.09,21.26
VOLVE_15_9_F15,2665.43,23.63,104.2,488.4,4.37,10.53,Sandstone,28.1,21.26
VOLVE_15_9_F15,2665.83,20.14,89.2,510.3,5.68,10.18,Sandstone,28.14,20.56
VOLVE_15_9_F15,2666.46,24.39,89.9,423.3,4.63,10.31,Sandstone,28.18,21.65
VOLVE_15_9_F15,2666.89,21.62,93.3,467.0,2.82,10.37,Sandstone,28.21,21.88
VOLVE_15_9_F15,2667.27,17.67,88.3,445.8,4.72,10.26,Sandstone,28.23,21.83
VOLVE_15_9_F15,2668.1,16.24,83.4,414.3,5.25,10.5,Sandstone,28.25,17.99
VOLVE_15_9_F15,2668.79,25.27,80.2,459.8,4.32,10.39,Sandstone,28.26,19.93
VOLVE_15_9_F15,2669.07,20.55,96.2,442.4,5.39,10.22,Sandstone,28.31,20.27
VOLVE_15_9_F15,2669.94,20.54,95.6,444.8,4.7,10.2,Sandstone,28.35,19.56
VOLVE_15_9_F15,2670.57,21.33,61.3,408.6,4.14,10.39,Sandstone,28.36,17.83
VOLVE_15_9_F15,2671.37,20.6,81.8,489.6,5.8,10.49,Sandstone,28.4,20.0
VOLVE_15_9_F15,2672.01,21.0,89.8,438.6,6.0,10.4,Sandstone,28.41,20.36
VOLVE_15_9_F15,2672.59,16.63,60.0,443.5,3.01,10.78,Sandstone,28.43,16.94
VOLVE_15_9_F15,2673.36,23.05,91.9,413.5,4.26,10.36,Sandstone,28.48,20.42
VOLVE_15_9_F15,2673.94,21.14,79.6,498.5,5.94,10.3,Sandstone,28.52,18.91
VOLVE_15_9_F15,2674.65,22.47,111.9,402.9,4.41,10.59,Sandstone,28.53,19.79
VOLVE_15_9_F15,2675.3,19.34,93.5,391.2,4.04,10.44,Sandstone,28.56,17.71
VOLVE_15_9_F15,2676.08,20.7,84.0,461.0,4.76,10.59,Sandstone,28.6,20.11
VOLVE_15_9_F15,2676.9,17.14,89.3,435.5,4.15,10.61,Sandstone,28.63,16.18
VOLVE_15_9_F15,2677.67,23.51,84.3,480.4,4.75,10.34,Sandstone,28.65,21.94
VOLVE_15_9_F15,2678.61,20.43,59.1,517.4,4.39,10.3,Sandstone,28.67,19.21
VOLVE_15_9_F15,2679.56,14.73,81.6,506.7,4.25,10.5,Sandstone,28.72,17.81
VOLVE_15_9_F15,2679.85,19.84,,493.6,4.89,10.27,Sandstone,28.74,16.91
VOLVE_15_9_F15,2680.53,21.7,77.8,418.9,5.22,10.32,Sandstone,28.77,19.31
VOLVE_15_9_F15,2681.2,24.43,84.7,497.2,7.54,10.1,Sandstone,28.79,20.15
VOLVE_15_9_F15,2681.44,17.09,64.0,437.2,5.24,10.37,Sandstone,28.83,17.89
VOLVE_15_9_F15,2681.94,24.01,81.3,409.7,5.29,10.62,Sandstone,28.87,19.82
VOLVE_15_9_F15,2682.36,22.52,104.8,477.1,7.57,10.4,Sandstone,28.9,23.34
VOLVE_15_9_F15,2682.89,19.62,74.3,438.1,3.81,10.15,Sandstone,28.91,19.98
VOLVE_15_9_F15,2683.71,22.99,68.2,449.1,7.4,10.71,Sandstone,28.95,19.48
VOLVE_15_9_F15,2684.14,21.54,99.1,482.3,8.49,10.3,Sandstone,28.98,22.38
VOLVE_15_9_F15,2685.08,19.37,85.9,486.5,6.07,10.4,Sandstone,29.01,21.37
VOLVE_15_9_F15,2685.99,23.52,82.1,443.1,5.16,10.45,Sandstone,29.04,18.32
VOLVE_15_9_F15,2686.69,24.25,90.6,460.8,6.7,10.53,Sandstone,29.06,21.06
VOLVE_15_9_F15,2687.68,17.24,85.0,492.3,6.29,10.47,Sandstone,29.07,18.64
VOLVE_15_9_F15,2687.89,21.67,71.0,426.4,3.88,10.38,Sandstone,29.1,19.28
VOLVE_15_9_F15,2688.37,20.37,65.3,391.9,5.77,10.39,Sandstone,29.11,18.05
VOLVE_15_9_F15,2688.77,21.94,109.5,435.7,5.34,10.29,Sandstone,29.15,20.88
VOLVE_15_9_F15,2689.09,19.94,89.7,442.4,4.16,10.24,Sandstone,29.16,17.87
VOLVE_15_9_F15,2689.9,24.55,106.1,450.1,6.19,10.35,Sandstone,29.21,20.93
VOLVE_15_9_F15,2690.51,16.07,79.0,545.9,4.74,10.63,Sandstone,29.23,18.77
VOLVE_15_9_F15,2691.45,21.22,101.2,426.3,3.82,10.24,Sandstone,29.24,19.87
VOLVE_15_9_F15,2691.96,19.45,70.8,448.8,6.5,10.2,Sandstone,29.27,18.37
VOLVE_15_9_F15,2692.93,20.19,58.9,420.9,4.93,10.42,Sandstone,29.31,17.17
VOLVE_15_9_F15,2693.64,15.95,89.7,464.8,5.78,10.55,Sandstone,29.33,19.17
VOLVE_15_9_F15,2694.14,23.96,96.7,476.3,6.72,10.3,Sandstone,29.35,21.94
VOLVE_15_9_F15,2694.86,17.27,98.4,485.3,4.2,10.25,Sandstone,29.37,18.59
VOLVE_15_9_F15,2695.77,21.92,89.0,465.5,7.93,10.45,Sandstone,29.4,22.5
VOLVE_15_9_F15,2696.01,19.39,72.4,459.2,7.36,10.42,Sandstone,29.43,18.82
VOLVE_15_9_F15,2696.56,20.09,88.4,358.4,3.99,10.63,Sandstone,29.44,17.32
VOLVE_15_9_F15,2696.8,22.25,88.2,484.0,5.39,10.58,Sandstone,29.49,19.5
VOLVE_15_9_F15,2697.5,23.88,81.5,510.4,5.63,10.21,Sandstone,29.51,21.36
VOLVE_15_9_F15,2697.71,17.47,75.8,424.1,3.96,10.24,Sandstone,29.53,18.51
VOLVE_15_9_F15,2698.32,19.76,65.7,420.7,4.33,9.98,Sandstone,29.56,19.32
VOLVE_15_9_F15,2698.68,21.49,85.7,411.6,8.12,10.43,Sandstone,29.58,20.53
VOLVE_15_9_F15,2699.04,20.68,86.2,480.2,4.6,10.28,Sandstone,29.6,19.98
VOLVE_15_9_F15,2699.83,22.92,60.6,410.2,7.33,10.7,Sandstone,29.63,17.3
VOLVE_15_9_F15,2700.17,24.57,111.8,450.4,7.38,10.32,Sandstone,29.64,22.98
VOLVE_15_9_F15,2700.41,19.13,61.1,395.9,5.22,10.35,Sandstone,29.67,17.29
VOLVE_15_9_F15,2700.92,18.71,72.5,472.0,6.4,10.29,Sandstone,29.71,19.13
VOLVE_15_9_F15,2701.48,22.19,86.3,438.0,6.43,10.41,Sandstone,29.75,19.99
VOLVE_15_9_F15,2701.96,17.83,88.3,463.9,5.69,10.6,Sandstone,29.79,18.51
VOLVE_15_9_F15,2702.58,22.0,70.2,421.2,6.31,10.08,Sandstone,29.8,18.9
VOLVE_15_9_F15,2703.07,20.68,68.4,426.9,4.33,10.57,Sandstone,29.83,18.02
VOLVE_15_9_F15,2703.5,20.4,81.0,432.5,4.87,10.11,Sandstone,29.87,18.74
VOLVE_15_9_F15,2704.11,22.59,82.1,421.4,3.64,10.36,Sandstone,29.9,17.51
VOLVE_15_9_F15,2704.33,19.6,104.0,419.4,6.26,10.24,Sandstone,29.92,21.77
VOLVE_15_9_F15,2704.55,29.03,66.4,404.2,4.9,10.25,Sandstone,29.93,18.86
VOLVE_15_9_F15,2705.45,20.08,83.6,474.3,3.33,10.19,Sandstone,29.94,17.08
VOLVE_15_9_F15,2706.18,18.96,80.1,467.4,5.68,10.46,Sandstone,29.95,17.99
VOLVE_15_9_F15,2706.66,26.51,88.2,438.5,5.44,10.33,Sandstone,30.0,19.49
VOLVE_15_9_F15,2707.14,20.76,78.4,485.6,7.08,10.48,Sandstone,30.03,22.46
VOLVE_15_9_F15,2707.62,18.17,98.4,514.5,6.22,10.5,Sandstone,30.06,19.43
VOLVE_15_9_F15,2708.51,,92.7,427.1,6.95,10.36,Sandstone,30.09,20.54
VOLVE_15_9_F15,2709.49,25.4,102.2,463.8,5.78,10.5,Sandstone,30.12,21.34
VOLVE_15_9_F15,2709.93,21.47,84.4,463.8,5.63,10.41,Sandstone,30.16,17.23
VOLVE_15_9_F15,2710.69,18.54,82.3,429.8,6.11,10.33,Sandstone,30.18,19.25
VOLVE_15_9_F15,2711.09,23.23,76.5,403.4,2.33,10.54,Sandstone,30.22,17.12
VOLVE_15_9_F15,2711.88,22.43,60.2,553.4,3.08,10.63,Sandstone,30.27,18.9
VOLVE_15_9_F15,2712.84,22.36,88.2,469.2,5.31,10.59,Sandstone,30.3,18.29
VOLVE_15_9_F15,2713.07,16.76,89.2,456.7,2.87,10.15,Sandstone,30.32,17.93
VOLVE_15_9_F15,2713.32,18.22,90.9,468.5,4.09,10.41,Sandstone,30.37,18.35
VOLVE_15_9_F15,2714.16,16.99,76.6,552.4,5.44,10.6,Sandstone,30.38,17.82
VOLVE_15_9_F15,2714.72,20.0,65.1,446.7,5.26,10.22,Sandstone,30.41,17.78
VOLVE_15_9_F15,2715.36,24.51,70.3,457.4,6.14,10.39,Sandstone,30.43,18.87
VOLVE_15_9_F15,2715.88,16.21,85.9,457.8,3.48,10.29,Sandstone,30.48,15.06
VOLVE_15_9_F15,2716.12,17.88,99.1,499.1,6.23,10.45,Sandstone,30.5,20.04
VOLVE_15_9_F15,2716.64,16.57,58.8,466.2,3.45,10.84,Sandstone,30.53,16.81
VOLVE_15_9_F15,2716.96,22.82,106.7,393.4,6.39,10.4,Sandstone,30.57,20.39
VOLVE_15_9_F15,2717.42,25.54,50.8,384.8,5.97,10.38,Sandstone,30.58,15.91
VOLVE_15_9_F15,2717.76,21.5,110.1,496.8,8.19,10.74,Sandstone,30.6,20.49
VOLVE_15_9_F15,2718.64,22.05,66.9,465.3,7.13,10.44,Sandstone,30.62,19.03
VOLVE_15_9_F15,2719.04,20.78,104.4,442.1,6.35,10.31,Sandstone,30.65,18.91
VOLVE_15_9_F15,2719.71,20.42,75.8,423.8,4.65,10.16,Sandstone,30.67,18.79
VOLVE_15_9_F15,2720.7,22.62,103.7,525.3,5.82,10.57,Sandstone,30.68,21.97
VOLVE_15_9_F15,2721.69,18.6,47.8,464.7,4.9,10.23,Sandstone,30.7,15.42
VOLVE_15_9_F15,2722.41,22.48,91.3,476.3,4.72,10.38,Sandstone,30.72,21.31
VOLVE_15_9_F15,2722.86,20.1,97.9,488.1,6.14,10.47,Sandstone,30.74,19.27
VOLVE_15_9_F15,2723.46,20.78,87.2,472.6,6.16,10.5,Sandstone,30.75,19.08
VOLVE_15_9_F15,2724.07,19.49,91.5,437.6,6.11,10.16,Sandstone,30.79,18.88
VOLVE_15_9_F15,2724.97,15.61,98.3,447.4,3.61,10.25,Sandstone,30.81,18.88
VOLVE_15_9_F15,2725.75,22.75,85.6,481.3,5.34,10.44,Sandstone,30.82,19.44
VOLVE_15_9_F15,2726.65,20.6,75.9,491.0,6.19,10.17,Sandstone,30.86,20.31
VOLVE_15_9_F15,2726.86,20.73,63.1,497.8,5.78,10.51,Sandstone,30.87,17.06
VOLVE_15_9_F15,2727.84,25.64,96.8,423.6,5.61,10.21,Sandstone,30.92,22.82
VOLVE_15_9_F15,2728.59,21.25,99.3,462.8,5.39,10.37,Sandstone,30.94,18.39
VOLVE_15_9_F15,2729.53,19.03,93.3,423.2,4.66,10.33,Sandstone,30.99,18.91
VOLVE_15_9_F15,2730.37,17.03,94.4,450.6,5.7,10.53,Sandstone,31.02,17.67
VOLVE_15_9_F15,2731.13,20.1,86.7,445.2,3.18,10.33,Sandstone,31.05,16.23
VOLVE_15_9_F15,2731.39,21.93,76.2,455.1,4.0,10.52,Sandstone,31.07,18.81
VOLVE_15_9_F15,2731.7,17.28,100.1,492.4,4.4,10.58,Sandstone,31.09,19.21
VOLVE_15_9_F15,2732.07,23.61,75.7,421.4,5.96,10.4,Sandstone,31.13,19.87
VOLVE_15_9_F15,2732.66,19.9,84.8,533.9,6.84,10.45,Sandstone,31.15,18.98
VOLVE_15_9_F15,2733.48,20.48,91.3,505.4,5.69,10.31,Sandstone,31.18,19.51
VOLVE_15_9_F15,2733.87,20.85,103.8,390.9,4.04,10.24,Sandstone,31.22,19.86
VOLVE_15_9_F15,2734.86,17.33,40.0,467.8,3.93,10.22,Sandstone,31.24,14.52
VOLVE_15_9_F15,2735.59,19.59,96.1,408.9,4.1,10.43,Sandstone,31.25,17.84
VOLVE_15_9_F15,2736.38,21.92,76.3,469.3,4.83,10.33,Sandstone,31.28,18.66
VOLVE_15_9_F15,2737.3,20.7,90.6,398.0,4.13,10.48,Sandstone,31.31,19.74
VOLVE_15_9_F15,2737.91,19.66,54.8,501.4,4.16,10.37,Sandstone,31.35,16.31
VOLVE_15_9_F15,2738.23,20.07,71.8,503.2,3.9,10.34,Sandstone,31.38,17.82
VOLVE_15_9_F15,2738.77,22.29,100.6,436.2,7.98,10.38,Sandstone,31.42,19.1
VOLVE_15_9_F15,2739.39,24.42,100.6,461.9,6.21,10.09,Sandstone,31.44,21.05
VOLVE_15_9_F15,2740.37,20.47,80.2,404.0,4.01,10.55,Sandstone,31.47,18.71
VOLVE_15_9_F15,2740.63,18.7,108.6,432.7,5.27,10.36,Sandstone,31.5,17.17
VOLVE_15_9_F15,2741.09,27.06,83.0,448.3,7.8,10.35,Sandstone,31.54,20.34
VOLVE_15_9_F15,2741.89,23.47,87.9,392.0,6.48,10.65,Sandstone,31.57,20.08
VOLVE_15_9_F15,2742.65,20.63,70.6,520.0,4.73,10.37,Sandstone,31.6,17.93
VOLVE_15_9_F15,2743.52,19.43,76.1,460.1,4.23,10.5,Sandstone,31.65,16.96
VOLVE_15_9_F15,2744.49,25.23,89.2,504.4,6.01,10.12,Sandstone,31.69,20.2
VOLVE_15_9_F15,2745.14,18.81,48.2,447.3,3.8,10.32,Sandstone,31.73,16.27
VOLVE_15_9_F15,2746.02,20.98,84.5,426.6,6.56,10.59,Sandstone,31.75,18.59
VOLVE_15_9_F15,2746.99,22.68,89.6,458.5,8.45,10.55,Sandstone,31.8,21.06
VOLVE_15_9_F15,2747.3,21.46,83.1,492.6,5.42,10.52,Sandstone,31.85,18.73
VOLVE_15_9_F15,2747.97,18.58,104.6,427.5,5.38,10.29,Sandstone,31.87,18.59
VOLVE_15_9_F15,2748.53,19.97,75.8,464.8,3.53,10.45,Sandstone,31.9,17.56
VOLVE_15_9_F15,2749.35,20.94,79.5,430.9,6.96,10.36,Sandstone,31.93,18.85
VOLVE_15_9_F15,2749.71,18.05,77.0,369.1,5.46,10.47,Sandstone,31.95,14.86
VOLVE_15_9_F15,2750.59,20.54,78.5,440.1,2.98,10.55,Sandstone,31.99,17.59
VOLVE_15_9_F15,2751.15,24.65,80.6,459.7,5.88,10.45,Sandstone,32.01,19.83
VOLVE_15_9_F15,2751.64,25.5,74.6,454.6,5.42,10.57,Sandstone,32.03,15.88
VOLVE_15_9_F15,2752.42,20.43,99.9,443.1,5.54,10.58,Sandstone,32.06,18.4
VOLVE_15_9_F15,2752.88,20.83,103.9,458.2,4.97,10.24,Sandstone,32.09,19.44
VOLVE_15_9_F15,2753.79,20.48,100.2,428.6,5.51,10.13,Sandstone,32.12,19.68
VOLVE_15_9_F15,2754.69,15.73,93.7,474.3,3.56,10.57,Sandstone,32.16,18.21
VOLVE_15_9_F15,2754.92,22.12,68.4,436.5,5.17,10.43,Sandstone,32.19,19.97
VOLVE_15_9_F15,2755.27,21.64,81.8,487.1,6.18,10.63,Sandstone,32.22,19.08
VOLVE_15_9_F15,2756.06,23.57,114.3,398.9,5.64,10.47,Sandstone,32.26,20.63
VOLVE_15_9_F15,2756.69,23.64,79.8,457.7,4.5,10.66,Sandstone,32.28,18.38
VOLVE_15_9_F15,2756.95,22.53,88.9,473.9,7.11,10.53,Sandstone,32.33,20.27
VOLVE_15_9_F15,2757.48,22.56,60.5,504.2,6.34,10.48,Sandstone,32.37,17.8
VOLVE_15_9_F15,2757.71,18.4,91.1,432.8,3.81,10.36,Sandstone,32.41,19.73
VOLVE_15_9_F15,2758.12,21.43,72.9,501.0,4.56,10.34,Sandstone,32.44,19.81
VOLVE_15_9_F15,2758.46,17.48,79.0,471.6,4.83,10.15,Sandstone,32.47,17.55
VOLVE_15_9_F15,2759.32,20.04,41.6,523.2,4.81,10.51,Sandstone,32.5,15.35
VOLVE_15_9_F15,2760.2,25.07,82.2,395.2,6.28,10.3,Sandstone,32.51,19.26
VOLVE_15_9_F15,2761.06,22.32,96.5,463.5,5.13,10.38,Sandstone,32.54,19.0
VOLVE_15_9_F15,2761.29,21.73,97.1,452.5,4.31,10.41,Sandstone,32.56,19.13
VOLVE_15_9_F15,2762.08,20.92,77.1,460.5,5.4,10.34,Sandstone,32.58,17.01
VOLVE_15_9_F15,2762.77,20.96,94.5,488.8,4.46,10.45,Sandstone,32.6,20.57
VOLVE_15_9_F15,2763.52,,97.4,509.7,6.13,10.05,Sandstone,32.65,19.51
VOLVE_15_9_F15,2763.76,21.23,71.5,467.1,5.68,10.42,Sandstone,32.67,18.51
VOLVE_15_9_F15,2764.12,22.67,97.5,389.7,7.69,10.52,Sandstone,32.71,16.82
VOLVE_15_9_F15,2764.49,26.1,78.0,438.8,7.16,10.15,Sandstone,32.74,18.82
VOLVE_15_9_F15,2764.82,24.64,63.1,580.1,6.03,10.32,Sandstone,32.78,21.2
VOLVE_15_9_F15,2765.48,19.94,72.5,415.7,4.49,10.63,Sandstone,32.83,17.25
VOLVE_15_9_F15,2765.94,19.5,86.3,461.1,4.09,10.41,Sandstone,32.85,19.3
VOLVE_15_9_F15,2766.51,19.73,60.4,483.0,6.01,10.31,Sandstone,32.86,16.87
VOLVE_15_9_F15,2767.29,19.46,52.1,493.8,5.07,10.54,Sandstone,32.91,15.7
VOLVE_15_9_F15,2767.92,16.7,88.9,429.7,3.93,10.25,Sandstone,32.93,17.92
VOLVE_15_9_F15,2768.49,21.34,88.3,511.6,5.47,10.26,Sandstone,32.95,19.22
VOLVE_15_9_F15,2769.41,20.04,78.9,502.7,4.83,10.28,Sandstone,32.98,18.11
VOLVE_15_9_F15,2770.12,21.0,84.3,471.4,4.83,10.63,Sandstone,32.99,20.05
VOLVE_15_9_F15,2770.87,19.82,92.8,417.2,5.38,10.26,Sandstone,33.02,19.87
VOLVE_15_9_F15,2771.22,21.22,57.3,431.4,4.05,10.41,Sandstone,33.05,17.57
VOLVE_15_9_F15,2771.9,19.43,42.6,427.2,2.99,10.6,Sandstone,33.09,13.95
VOLVE_15_9_F15,2772.51,19.48,95.1,444.0,7.46,10.27,Sandstone,33.11,15.39
VOLVE_15_9_F15,2773.47,26.08,88.5,508.8,5.47,10.15,Sandstone,33.15,19.64
VOLVE_15_9_F15,2774.26,18.03,90.8,465.4,5.74,10.75,Sandstone,33.18,17.24
VOLVE_15_9_F15,2775.13,28.89,70.4,478.5,3.83,10.44,Sandstone,33.22,18.16
VOLVE_15_9_F15,2775.86,17.7,85.7,459.9,3.3,10.33,Sandstone,33.27,16.53
VOLVE_15_9_F15,2776.32,19.02,98.8,514.6,4.12,10.4,Sandstone,33.3,19.24
VOLVE_15_9_F15,2777.05,17.95,85.9,391.1,3.81,10.54,Sandstone,33.35,15.21
VOLVE_15_9_F15,2778.02,20.13,75.0,302.6,3.76,10.19,Sandstone,33.36,15.14
VOLVE_15_9_F15,2778.48,12.64,86.1,451.6,3.33,10.35,Sandstone,33.41,14.48
VOLVE_15_9_F15,2778.82,23.57,102.9,452.6,6.63,10.55,Sandstone,33.45,19.46
VOLVE_15_9_F15,2779.27,19.05,85.2,451.4,4.12,10.65,Sandstone,33.48,19.01
VOLVE_15_9_F15,2780.09,21.91,65.8,425.5,2.37,10.65,Sandstone,33.52,15.93
VOLVE_15_9_F15,2780.36,25.43,108.6,400.9,6.08,10.44,Sandstone,33.56,21.14
VOLVE_15_9_F15,2781.3,19.82,78.2,448.8,4.39,10.66,Sandstone,33.61,17.02
VOLVE_15_9_F15,2782.07,22.1,72.4,438.4,6.91,10.17,Sandstone,33.64,18.49
VOLVE_15_9_F15,2782.76,18.84,73.5,462.5,4.72,10.45,Sandstone,33.66,17.91
VOLVE_15_9_F15,2783.1,23.2,90.3,480.8,6.96,10.02,Sandstone,33.69,21.99
VOLVE_15_9_F15,2783.74,22.0,73.7,500.1,4.79,10.65,Sandstone,33.7,17.06
VOLVE_15_9_F15,2783.95,17.99,58.2,486.1,3.77,10.5,Sandstone,33.73,16.08
VOLVE_15_9_F15,2784.6,24.53,89.5,452.3,6.27,10.7,Sandstone,33.76,19.79
VOLVE_15_9_F15,2785.04,20.87,86.0,471.5,3.68,10.34,Sandstone,33.77,16.63
VOLVE_15_9_F15,2785.67,20.72,84.2,406.4,6.48,10.22,Sandstone,33.81,16.3
VOLVE_15_9_F15,2786.16,,67.3,419.8,4.61,10.55,Sandstone,33.86,15.27
VOLVE_15_9_F15,2786.72,23.72,76.6,521.7,3.42,10.4,Sandstone,33.88,16.3
VOLVE_15_9_F15,2787.36,18.56,89.4,495.1,5.63,10.6,Sandstone,33.9,17.14
VOLVE_15_9_F15,2788.32,23.47,84.3,395.0,5.12,10.55,Sandstone,33.95,18.64
VOLVE_15_9_F15,2789.31,21.25,87.5,425.6,3.78,10.38,Sandstone,34.0,17.01
VOLVE_15_9_F15,2790.0,20.54,105.7,527.6,5.92,10.43,Sandstone,34.04,19.22
VOLVE_15_9_F15,2790.31,19.54,86.7,422.8,4.46,10.39,Sandstone,34.05,16.72
VOLVE_15_9_F15,2790.55,21.72,90.2,379.7,6.16,10.43,Sandstone,34.08,18.7
VOLVE_15_9_F15,2791.55,17.63,68.8,433.2,4.45,10.35,Sandstone,34.13,16.45
VOLVE_15_9_F15,2792.25,19.08,65.7,434.2,5.25,10.52,Sandstone,34.16,16.53
VOLVE_15_9_F15,2792.93,16.96,92.9,499.7,4.57,10.17,Sandstone,34.18,19.0
VOLVE_15_9_F15,2793.16,23.26,75.7,488.6,3.41,10.14,Sandstone,34.19,17.86
VOLVE_15_9_F15,2794.11,21.59,56.5,435.5,5.83,10.36,Sandstone,34.22,16.99
VOLVE_15_9_F15,2794.44,21.77,90.1,452.4,4.42,10.34,Sandstone,34.26,17.58
VOLVE_15_9_F15,2795.07,20.02,98.3,466.9,2.87,10.35,Sandstone,34.27,16.82
VOLVE_15_9_F15,2795.52,20.69,66.9,484.3,4.38,10.62,Sandstone,34.3,17.19
VOLVE_15_9_F15,2796.02,20.7,57.0,440.5,3.89,10.45,Sandstone,34.34,16.01
VOLVE_15_9_F15,2796.49,22.03,104.3,467.2,6.63,10.55,Sandstone,34.38,18.91
VOLVE_15_9_F15,2796.9,17.35,102.4,512.7,4.3,10.51,Sandstone,34.39,17.83
VOLVE_15_9_F15,2797.3,21.42,98.2,449.7,5.26,10.66,Sandstone,34.42,18.64
VOLVE_15_9_F15,2797.57,22.33,70.5,461.1,5.72,10.34,Sandstone,34.43,17.46
VOLVE_15_9_F15,2797.79,22.42,78.5,480.0,5.26,10.52,Sandstone,34.48,15.88
VOLVE_15_9_F15,2798.31,26.2,89.0,432.8,6.91,10.4,Sandstone,34.49,18.51
VOLVE_15_9_F15,2798.58,21.86,96.3,420.2,6.68,10.27,Sandstone,34.5,18.49
VOLVE_15_9_F15,2799.05,23.37,81.0,471.4,4.2,10.25,Sandstone,34.53,18.13
VOLVE_15_9_F15,2799.45,23.58,122.7,478.9,6.4,10.4,Sandstone,34.54,20.58
VOLVE_15_9_F15,2800.04,19.35,92.0,452.3,7.07,10.59,Sandstone,34.58,16.72
VOLVE_15_9_F15,2800.75,23.18,84.9,430.1,4.33,10.35,Sandstone,34.62,17.61
VOLVE_15_9_F15,2801.26,16.4,80.7,437.0,3.31,10.36,Sandstone,34.63,12.47
VOLVE_15_9_F15,2801.83,19.18,86.5,466.0,5.85,10.33,Sandstone,34.66,17.84
VOLVE_15_9_F15,2802.82,22.94,88.8,408.5,4.49,10.25,Sandstone,34.68,18.7
VOLVE_15_9_F15,2803.37,18.41,66.2,497.5,7.03,10.36,Sandstone,34.72,17.96
VOLVE_15_9_F15,2803.9,23.94,65.0,518.2,4.71,10.6,Sandstone,34.73,16.38
VOLVE_15_9_F15,2804.55,23.83,71.9,395.6,4.12,10.47,Sandstone,34.78,15.88
VOLVE_15_9_F15,2804.78,22.32,78.2,477.8,4.54,10.35,Sandstone,34.81,18.78
VOLVE_15_9_F15,2805.37,21.97,85.5,487.3,6.98,10.38,Sandstone,34.86,19.71
VOLVE_15_9_F15,2805.6,20.66,76.3,490.5,3.47,10.49,Sandstone,34.87,16.71
VOLVE_15_9_F15,2806.03,21.71,82.6,389.5,4.78,10.34,Sandstone,34.89,17.27
VOLVE_15_9_F15,2806.85,23.81,61.6,442.7,4.76,10.57,Sandstone,34.91,17.3
VOLVE_15_9_F15,2807.22,24.14,101.1,432.9,2.62,10.62,Sandstone,34.95,17.08
VOLVE_15_9_F15,2807.81,21.51,62.3,445.9,4.29,10.26,Sandstone,34.99,16.98
VOLVE_15_9_F15,2808.56,17.92,87.6,406.2,4.7,10.39,Sandstone,35.0,17.44
VOLVE_15_9_F15,2809.55,20.54,67.7,524.6,3.82,10.5,Sandstone,35.05,16.66
VOLVE_15_9_F15,2810.26,21.91,89.0,473.1,6.17,10.63,Sandstone,35.08,19.85
VOLVE_15_9_F15,2811.17,23.27,106.4,415.0,6.64,10.05,Sandstone,35.1,18.92
VOLVE_15_9_F15,2811.53,22.34,95.2,433.6,5.61,10.34,Sandstone,35.12,16.61
VOLVE_15_9_F15,2811.79,24.5,69.7,511.7,3.86,10.06,Sandstone,35.16,17.78
VOLVE_15_9_F15,2812.38,19.57,86.5,451.6,3.97,10.55,Sandstone,35.2,15.57
VOLVE_15_9_F15,2813.04,19.59,77.6,506.8,6.22,10.44,Sandstone,35.21,17.9
VOLVE_15_9_F15,2813.5,23.77,63.2,482.7,7.87,10.59,Sandstone,35.23,18.62
VOLVE_15_9_F15,2814.27,19.0,97.9,401.3,6.29,10.4,Sandstone,35.25,15.96
VOLVE_15_9_F15,2814.91,18.69,117.9,416.1,6.01,10.4,Sandstone,35.28,18.59
VOLVE_15_9_F15,2815.58,21.43,102.4,408.7,4.29,10.49,Sandstone,35.3,18.23
VOLVE_15_9_F15,2816.5,23.17,64.7,474.3,5.17,10.45,Sandstone,35.32,16.33
VOLVE_15_9_F15,2816.84,21.84,114.1,531.9,4.11,10.36,Sandstone,35.36,19.23
VOLVE_15_9_F15,2817.3,14.73,73.7,462.6,5.1,10.57,Sandstone,35.41,14.92
VOLVE_15_9_F15,2818.1,20.93,76.8,451.3,4.59,10.61,Sandstone,35.43,16.86
VOLVE_15_9_F15,2818.7,19.43,71.8,477.1,3.4,10.49,Sandstone,35.47,15.82
VOLVE_15_9_F15,2819.61,24.28,85.3,452.6,4.92,,Sandstone,35.5,17.3
VOLVE_15_9_F15,2819.94,17.44,52.2,442.2,4.82,10.66,Sandstone,35.53,13.04
VOLVE_15_9_F15,2820.5,22.72,68.3,463.4,5.31,10.35,Sandstone,35.55,16.13
VOLVE_15_9_F15,2821.32,21.33,100.5,486.0,5.49,10.44,Sandstone,35.6,17.82
VOLVE_15_9_F15,2822.02,21.96,121.8,435.3,6.2,10.5,Sandstone,35.62,19.78
VOLVE_15_9_F15,2822.33,23.29,49.7,415.7,3.53,10.2,Sandstone,35.67,13.63
VOLVE_15_9_F15,2823.09,20.78,98.8,493.5,4.13,10.46,Sandstone,35.71,17.84
VOLVE_15_9_F15,2823.73,21.54,64.8,366.9,3.84,10.42,Sandstone,35.75,16.97
VOLVE_15_9_F15,2824.71,25.65,76.0,402.7,3.84,10.33,Sandstone,35.77,14.86
VOLVE_15_9_F15,2825.42,23.81,64.0,456.0,5.09,10.48,Sandstone,35.8,17.11
VOLVE_15_9_F15,2825.87,23.63,98.0,491.2,3.8,10.3,Sandstone,35.84,18.2
VOLVE_15_9_F15,2826.5,23.56,91.5,463.7,5.76,10.21,Sandstone,35.89,18.54
VOLVE_15_9_F15,2826.81,26.06,84.7,432.7,3.71,10.08,Sandstone,35.91,18.13
VOLVE_15_9_F15,2827.61,22.77,94.6,487.9,6.33,10.18,Sandstone,35.94,19.95
VOLVE_15_9_F15,2828.5,21.63,92.3,424.2,5.63,10.26,Sandstone,35.95,17.18
VOLVE_15_9_F15,2829.17,22.91,65.9,482.3,3.22,10.45,Sandstone,35.99,16.28
VOLVE_15_9_F15,2829.82,19.94,87.9,437.6,5.66,10.49,Sandstone,36.03,16.54
VOLVE_15_9_F15,2830.11,23.44,73.4,408.0,5.07,10.35,Sandstone,36.07,17.14
VOLVE_15_9_F15,2830.45,23.9,71.5,484.1,6.58,10.53,Sandstone,36.09,17.39
VOLVE_15_9_F15,2831.42,20.51,90.6,518.8,5.04,10.49,Chalk,36.1,21.27
VOLVE_15_9_F15,2831.94,21.01,102.9,439.6,3.42,10.31,Chalk,36.14,21.7
VOLVE_15_9_F15,2832.76,22.22,81.8,495.4,4.69,10.3,Chalk,36.15,20.62
VOLVE_15_9_F15,2833.67,19.76,107.7,376.3,5.15,10.63,Chalk,36.18,19.24
VOLVE_15_9_F15,2833.94,18.76,78.0,400.9,4.21,10.36,Chalk,36.21,16.22
VOLVE_15_9_F15,2834.86,20.75,57.6,416.1,5.35,10.7,Chalk,36.24,19.12
VOLVE_15_9_F15,2835.19,21.53,62.7,448.6,6.1,10.25,Chalk,36.28,20.16
VOLVE_15_9_F15,2836.01,23.02,59.3,474.2,5.53,10.4,Chalk,36.32,18.64
VOLVE_15_9_F15,2836.42,22.74,89.1,406.0,4.15,10.21,Chalk,36.36,20.3
VOLVE_15_9_F15,2837.3,21.25,111.9,417.4,6.01,10.14,Chalk,36.4,23.64
VOLVE_15_9_F15,2837.87,22.8,100.5,487.2,5.46,10.34,Chalk,36.45,21.17
VOLVE_15_9_F15,2838.44,20.05,96.6,420.6,4.31,10.55,Chalk,36.47,20.9
VOLVE_15_9_F15,2839.11,17.6,107.5,509.7,6.92,10.35,Chalk,36.51,22.52
VOLVE_15_9_F15,2839.99,20.86,93.2,425.2,5.37,10.53,Chalk,36.54,19.79
VOLVE_15_9_F15,2840.43,21.99,100.1,500.7,4.51,10.31,Chalk,36.56,20.5
VOLVE_15_9_F15,2841.41,19.92,84.5,486.8,4.9,10.64,Chalk,36.57,20.36
VOLVE_15_9_F15,2842.28,17.72,69.7,457.6,4.9,10.32,Chalk,36.6,17.98
VOLVE_15_9_F15,2842.79,19.21,64.3,463.1,6.7,10.66,Chalk,36.63,18.78
VOLVE_15_9_F15,2843.01,18.37,77.1,459.4,5.43,10.45,Chalk,36.64,18.39
VOLVE_15_9_F15,2843.35,17.97,56.9,499.6,3.69,10.29,Chalk,36.68,17.16
VOLVE_15_9_F15,2843.99,21.52,77.7,367.1,5.9,10.31,Chalk,36.7,19.85
VOLVE_15_9_F15,2844.86,24.36,78.0,440.8,5.54,10.5,Chalk,36.72,18.5
VOLVE_15_9_F15,2845.81,21.49,96.2,461.9,3.51,10.27,Chalk,36.75,21.24
VOLVE_15_9_F15,2846.32,24.34,80.7,502.6,3.79,10.48,Chalk,36.77,20.25
VOLVE_15_9_F15,2846.55,14.88,102.0,431.5,3.92,10.33,Chalk,36.78,18.68
VOLVE_15_9_F15,2847.31,21.89,76.1,370.8,3.92,10.28,Chalk,36.82,17.24
VOLVE_15_9_F15,2847.76,22.81,67.8,353.7,3.76,10.32,Chalk,36.84,20.39
VOLVE_15_9_F15,2848.44,19.49,110.0,457.2,5.95,10.21,Chalk,36.88,21.37
VOLVE_15_9_F15,2848.96,19.19,100.4,401.8,6.36,10.46,Chalk,36.91,20.87
VOLVE_15_9_F15,2849.66,20.52,85.0,445.0,3.57,10.47,Chalk,36.94,18.25
VOLVE_15_9_F15,2850.06,23.64,74.1,403.3,5.06,10.33,Chalk,36.98,19.09
VOLVE_15_9_F15,2850.39,18.47,117.3,440.0,6.86,10.32,Chalk,36.99,20.82
VOLVE_15_9_F15,2850.73,19.36,83.5,532.5,6.05,10.22,Chalk,37.03,20.23
VOLVE_15_9_F15,2851.66,18.14,96.2,505.2,4.69,10.35,Chalk,37.08,20.48
VOLVE_15_9_F15,2852.55,22.92,105.6,453.7,5.07,10.51,Chalk,37.11,21.21
VOLVE_15_9_F15,2853.44,19.66,89.8,443.3,6.94,10.34,Chalk,37.14,20.1
VOLVE_15_9_F15,2854.13,21.17,65.7,418.7,6.54,10.48,Chalk,37.16,18.87
VOLVE_15_9_F15,2854.65,22.61,80.3,476.7,7.04,10.53,Chalk,37.2,20.58
VOLVE_15_9_F15,2855.03,20.18,75.4,440.0,4.69,10.26,Chalk,37.23,18.87
VOLVE_15_9_F15,2855.75,17.76,82.7,508.3,4.57,10.77,Chalk,37.26,18.39
VOLVE_15_9_F15,2856.21,22.69,87.9,459.0,4.03,10.58,Chalk,37.31,21.26
VOLVE_15_9_F15,2856.89,22.88,77.2,460.7,5.53,10.39,Chalk,37.33,19.15
VOLVE_15_9_F15,2857.37,25.44,77.6,387.5,4.94,10.18,Chalk,37.34,19.03
VOLVE_15_9_F15,2857.58,22.21,85.3,431.4,5.28,10.29,Chalk,37.35,20.22
VOLVE_15_9_F15,2858.28,21.62,60.4,529.0,2.08,10.74,Chalk,37.4,18.95
VOLVE_15_9_F15,2859.27,22.13,78.0,392.7,4.67,10.51,Chalk,37.44,22.67
VOLVE_15_9_F15,2859.85,20.99,87.2,444.2,6.78,10.36,Chalk,37.48,19.66
VOLVE_15_9_F15,2860.17,21.36,85.6,445.1,5.39,10.38,Chalk,37.52,20.1
VOLVE_15_9_F15,2860.97,19.95,71.6,464.4,1.57,10.65,Chalk,37.56,17.43
VOLVE_15_9_F15,2861.57,22.11,75.3,469.6,5.94,10.51,Chalk,37.6,19.98
VOLVE_15_9_F15,2862.34,22.16,60.3,432.2,6.4,10.39,Chalk,37.61,19.19
VOLVE_15_9_F15,2863.25,21.04,71.2,488.6,3.13,10.2,Chalk,37.63,18.37
VOLVE_15_9_F15,2863.67,19.1,54.8,428.9,4.82,10.42,Chalk,37.64,17.51
VOLVE_15_9_F15,2864.08,17.75,79.2,476.8,4.42,10.54,Chalk,37.66,17.38
VOLVE_15_9_F15,2864.65,20.13,89.7,391.6,5.74,10.52,Chalk,37.68,18.7
VOLVE_15_9_F15,2864.92,19.87,71.9,422.8,5.7,10.29,Chalk,37.72,19.44
VOLVE_15_9_F15,2865.2,20.47,48.8,392.9,4.37,10.44,Chalk,37.75,16.51
VOLVE_15_9_F15,2865.81,20.31,95.7,464.2,5.35,10.53,Chalk,37.77,20.04
VOLVE_15_9_F15,2866.32,25.75,86.0,465.9,7.77,10.66,Chalk,37.81,22.4
VOLVE_15_9_F15,2866.84,20.49,69.7,437.3,9.74,10.39,Chalk,37.84,21.65
VOLVE_15_9_F15,2867.56,18.14,69.0,464.1,5.63,10.72,Chalk,37.89,19.08
VOLVE_15_9_F15,2868.5,21.52,96.3,405.9,5.74,10.52,Chalk,37.9,19.93
VOLVE_15_9_F15,2869.45,20.52,89.4,502.8,4.53,10.36,Chalk,37.91,19.32
VOLVE_15_9_F15,2869.98,26.13,93.4,489.2,5.7,10.3,Chalk,37.96,21.3
VOLVE_15_9_F15,2870.69,22.23,60.1,415.8,5.02,10.12,Chalk,37.98,17.33
VOLVE_15_9_F15,2871.21,23.73,91.0,405.5,5.72,10.3,Chalk,38.01,19.72
VOLVE_15_9_F15,2872.01,21.56,67.0,433.7,2.37,10.68,Chalk,38.04,17.72
VOLVE_15_9_F15,2872.61,21.97,61.6,462.6,4.22,10.38,Chalk,38.08,17.99
VOLVE_15_9_F15,2872.91,20.16,82.3,458.2,4.8,10.21,Chalk,38.1,18.99
VOLVE_15_9_F15,2873.55,21.37,90.1,411.0,4.89,10.33,Chalk,38.12,19.96
VOLVE_15_9_F15,2874.55,19.24,83.3,436.5,5.47,10.46,Chalk,38.15,19.32
VOLVE_15_9_F15,2874.96,20.4,84.0,466.7,7.29,10.4,Chalk,38.2,20.15
VOLVE_15_9_F15,2875.78,22.29,65.3,437.4,5.73,10.51,Chalk,38.22,19.09
VOLVE_15_9_F15,2876.21,22.47,53.2,457.6,5.43,10.4,Chalk,38.23,20.78
VOLVE_15_9_F15,2876.99,22.05,89.5,493.2,6.29,10.36,Chalk,38.27,21.32
VOLVE_15_9_F15,2877.57,19.98,86.4,428.6,6.83,10.44,Chalk,38.29,20.33
VOLVE_15_9_F15,2878.34,27.05,75.4,489.6,9.07,10.28,Chalk,38.31,22.46
VOLVE_15_9_F15,2879.2,21.28,76.0,452.1,5.46,10.48,Chalk,38.36,18.77
VOLVE_15_9_F15,2879.42,22.12,84.2,448.9,5.63,10.3,Chalk,38.38,20.81
VOLVE_15_9_F15,2880.13,24.68,76.5,399.9,5.86,10.42,Chalk,38.42,18.78
VOLVE_15_9_F15,2880.39,19.19,93.3,485.3,5.65,10.5,Chalk,38.44,18.54
VOLVE_15_9_F15,2881.35,21.08,94.0,532.9,4.52,10.4,Chalk,38.48,21.77
VOLVE_15_9_F15,2881.96,26.12,81.4,413.1,5.75,10.45,Chalk,38.51,22.32
VOLVE_15_9_F15,2882.39,22.67,79.4,417.4,4.43,10.56,Chalk,38.55,18.82
VOLVE_15_9_F15,2883.13,23.52,,517.0,6.69,10.35,Chalk,38.59,21.68
VOLVE_15_9_F15,2883.88,20.6,40.0,481.0,8.33,10.71,Chalk,38.62,15.2
VOLVE_15_9_F15,2884.44,20.51,81.8,428.2,5.53,10.26,Chalk,38.64,20.78
VOLVE_15_9_F15,2885.37,18.85,58.6,522.8,5.69,10.64,Chalk,38.67,17.36
VOLVE_15_9_F15,2886.34,26.55,89.1,437.4,7.28,10.52,Chalk,38.68,21.62
VOLVE_15_9_F15,2886.9,20.43,96.3,456.9,4.1,10.52,Chalk,38.72,19.26
VOLVE_15_9_F15,2887.67,18.18,44.6,469.3,5.32,10.61,Chalk,38.76,15.78
VOLVE_15_9_F15,2887.88,24.49,92.9,486.2,6.18,10.46,Chalk,38.78,19.53
VOLVE_15_9_F15,2888.32,19.89,81.2,473.4,3.28,10.49,Chalk,38.81,17.58
VOLVE_15_9_F15,2889.19,23.32,90.2,538.3,5.31,10.47,Chalk,38.83,21.15
VOLVE_15_9_F15,2889.49,23.24,97.7,510.7,2.47,10.59,Chalk,38.86,20.82
VOLVE_15_9_F15,2889.72,24.15,86.1,518.6,3.44,10.61,Chalk,38.88,21.26
VOLVE_15_9_F15,2890.47,18.07,84.9,429.3,3.4,10.46,Chalk,38.9,17.82
VOLVE_15_9_F15,2890.97,22.5,65.3,468.7,3.29,10.41,Chalk,38.95,20.78
VOLVE_15_9_F15,2891.88,18.85,69.7,523.2,6.47,10.3,Chalk,38.98,19.36
VOLVE_15_9_F15,2892.85,21.72,112.8,439.9,4.23,10.49,Chalk,39.03,20.81
VOLVE_15_9_F15,2893.32,23.72,97.7,440.2,5.95,10.39,Chalk,39.06,19.91
VOLVE_15_9_F15,2894.3,17.29,89.7,492.7,4.78,10.19,Chalk,39.1,19.84
VOLVE_15_9_F15,2895.06,20.48,68.4,474.5,4.72,10.44,Chalk,39.11,18.79
VOLVE_15_9_F15,2895.61,19.22,88.1,455.0,4.5,10.47,Chalk,39.14,20.18
VOLVE_15_9_F15,2896.25,21.99,76.2,466.7,4.27,10.58,Chalk,39.17,17.3
VOLVE_15_9_F15,2897.17,18.8,116.2,382.9,6.34,10.46,Chalk,39.2,16.94
VOLVE_15_9_F15,2897.45,23.3,103.5,442.4,2.69,10.31,Chalk,39.23,20.32
VOLVE_15_9_F15,2897.93,20.97,70.3,421.8,6.18,10.61,Chalk,39.28,18.64
VOLVE_15_9_F15,2898.44,21.46,71.8,520.0,4.49,10.15,Chalk,39.31,20.18
VOLVE_15_9_F15,2898.97,22.17,79.4,448.7,5.45,10.23,Chalk,39.35,19.42
VOLVE_15_9_F15,2899.65,14.62,102.1,459.2,5.65,10.42,Chalk,39.36,19.87
VOLVE_15_9_F15,2900.01,18.93,99.3,499.9,6.76,10.41,Chalk,39.41,19.64
VOLVE_15_9_F15,2900.67,25.25,50.1,517.9,4.13,10.42,Chalk,39.42,18.05
VOLVE_15_9_F15,2901.62,18.53,89.0,466.5,4.49,10.33,Chalk,39.46,18.95
VOLVE_15_9_F15,2902.21,18.97,100.2,421.7,3.32,10.6,Chalk,39.49,17.27
VOLVE_15_9_F15,2902.74,20.71,79.5,433.9,5.52,10.43,Chalk,39.54,18.4
VOLVE_15_9_F15,2903.03,23.56,91.0,467.6,7.93,10.25,Chalk,39.56,20.28
VOLVE_15_9_F15,2903.82,18.15,111.2,468.7,4.66,10.51,Chalk,39.58,19.96
VOLVE_15_9_F15,2904.58,20.96,103.7,423.4,5.15,10.34,Chalk,39.63,19.38
VOLVE_15_9_F15,2905.3,24.67,90.1,373.4,6.14,10.31,Chalk,39.65,19.38
VOLVE_15_9_F15,2906.27,22.42,87.8,391.0,5.23,10.44,Chalk,39.69,18.49
VOLVE_15_9_F15,2906.78,19.15,82.2,408.4,5.92,10.7,Chalk,39.7,18.18
VOLVE_15_9_F15,2907.43,24.22,91.1,447.0,5.49,10.13,Chalk,39.72,21.76
VOLVE_15_9_F15,2908.36,20.8,79.8,443.1,6.25,10.21,Chalk,39.76,18.02
VOLVE_15_9_F15,2909.14,22.78,98.5,389.3,4.97,10.32,Chalk,39.77,19.57
VOLVE_15_9_F15,2909.86,19.68,67.3,446.1,4.9,10.7,Chalk,39.79,17.99
VOLVE_15_9_F15,2910.58,24.11,73.5,522.5,4.13,10.29,Chalk,39.81,20.18
VOLVE_15_9_F15,2911.0,20.82,76.7,470.1,4.25,10.61,Chalk,39.84,19.6
VOLVE_15_9_F15,2911.28,22.2,101.2,535.9,5.65,10.58,Chalk,39.87,18.72
VOLVE_15_9_F15,2911.51,17.08,94.7,456.0,4.96,10.62,Chalk,39.89,17.29
VOLVE_15_9_F15,2912.24,25.39,87.3,454.8,6.77,10.32,Chalk,39.93,20.47
VOLVE_15_9_F15,2912.83,24.92,88.0,467.1,5.97,10.47,Chalk,39.94,20.67
VOLVE_15_9_F15,2913.74,18.7,52.8,528.7,4.33,10.56,Chalk,39.96,16.44
VOLVE_15_9_F15,2913.96,25.49,92.5,518.7,5.12,10.51,Chalk,39.99,20.56
VOLVE_15_9_F15,2914.67,18.31,66.1,486.2,4.82,10.88,Chalk,0.01,28.14
VOLVE_15_9_F15,2915.01,18.5,72.5,472.9,5.88,10.74,Chalk,0.05,28.82
VOLVE_15_9_F15,2915.57,21.14,129.3,421.5,5.03,10.63,Chalk,0.09,34.96
VOLVE_15_9_F15,2916.45,22.13,89.9,402.2,8.66,10.56,Chalk,0.14,32.74
VOLVE_15_9_F15,2916.96,23.89,84.5,438.0,3.79,10.58,Chalk,0.18,31.53
VOLVE_15_9_F15,2917.57,21.45,79.0,517.1,4.15,10.62,Chalk,0.22,31.7
VOLVE_15_9_F15,2918.39,19.02,101.1,527.3,4.67,10.73,Chalk,0.24,30.79
VOLVE_15_9_F15,2918.6,24.36,66.0,391.5,6.31,10.34,Chalk,0.25,29.97
VOLVE_15_9_F15,2918.81,21.24,73.9,509.8,6.77,10.64,Chalk,0.28,30.93
VOLVE_15_9_F15,2919.63,23.28,99.6,528.9,5.19,10.5,Chalk,0.32,35.63
VOLVE_15_9_F15,2920.15,24.07,82.3,505.8,4.36,10.62,Chalk,0.33,34.14
VOLVE_15_9_F15,2921.03,20.29,88.2,437.7,4.06,10.48,Chalk,0.38,30.15
VOLVE_15_9_F15,2921.88,21.07,73.2,488.7,6.14,10.4,Chalk,0.41,32.24
VOLVE_15_9_F15,2922.68,23.32,91.1,394.2,3.99,10.4,Chalk,0.43,31.79
VOLVE_15_9_F15,2923.66,24.11,74.3,399.8,5.64,10.49,Chalk,0.47,30.56
VOLVE_15_9_F15,2924.27,20.18,58.1,555.9,5.15,10.55,Chalk,0.49,29.01
VOLVE_15_9_F15,2924.6,21.62,97.1,437.7,5.82,10.41,Chalk,0.5,32.32
VOLVE_15_9_F15,2925.1,18.24,68.7,410.3,3.73,10.25,Chalk,0.52,27.39
VOLVE_15_9_F15,2926.01,20.7,63.2,441.7,3.31,10.57,Chalk,0.56,26.82
VOLVE_15_9_F15,2926.74,25.42,67.4,530.6,5.3,10.45,Chalk,0.6,32.07
VOLVE_15_9_F15,2927.42,17.14,83.1,502.5,5.53,10.16,Chalk,0.62,30.16
VOLVE_15_9_F15,2927.66,26.26,71.0,429.4,4.98,10.23,Chalk,0.63,30.57
VOLVE_15_9_F15,2928.42,26.33,110.0,453.4,6.78,10.51,Chalk,0.66,35.25
VOLVE_15_9_F15,2929.16,18.74,98.9,476.0,4.99,10.57,Chalk,0.69,30.6
VOLVE_15_9_F15,2929.99,19.1,84.0,483.2,5.7,10.64,Chalk,0.72,28.97
VOLVE_15_9_F15,2930.8,21.77,68.4,476.6,3.73,10.4,Chalk,0.75,31.01
VOLVE_15_9_F15,2931.33,20.72,96.7,418.4,5.05,10.38,Chalk,0.78,31.39
VOLVE_15_9_F15,2931.63,24.38,87.0,447.2,7.55,10.56,Chalk,0.83,31.32
VOLVE_15_9_F15,2932.03,23.68,71.9,412.1,4.5,10.35,Chalk,0.87,31.21
VOLVE_15_9_F15,2932.46,21.55,86.0,494.6,5.66,10.35,Chalk,0.9,31.46
VOLVE_15_9_F15,2933.42,18.45,85.6,452.7,4.91,10.5,Chalk,0.93,28.24
VOLVE_15_9_F15,2933.9,21.08,71.0,469.9,4.35,10.52,Chalk,0.94,29.48
VOLVE_15_9_F15,2934.19,28.12,61.5,429.9,6.45,10.56,Chalk,0.97,33.06
VOLVE_15_9_F15,2935.17,22.34,100.5,482.1,4.71,10.49,Chalk,1.01,32.89
VOLVE_15_9_F15,2935.96,25.37,93.3,483.5,6.99,10.32,Chalk,1.04,34.13
VOLVE_15_9_F15,2936.44,22.72,80.4,399.5,6.11,10.42,Chalk,1.09,31.55
VOLVE_15_9_F15,2936.65,26.13,90.4,488.3,4.05,10.49,Chalk,1.11,33.04
VOLVE_15_9_F15,2936.85,21.63,95.8,410.3,6.35,10.67,Chalk,1.13,32.86
VOLVE_15_9_F15,2937.42,24.83,76.3,429.3,5.51,10.58,Chalk,1.17,31.22
VOLVE_15_9_F15,2938.31,24.23,77.6,493.4,4.06,10.5,Chalk,1.19,32.45
VOLVE_15_9_F15,2939.03,22.02,108.7,430.6,4.97,10.57,Chalk,1.22,30.54
VOLVE_15_9_F15,2939.26,22.03,72.7,461.4,4.09,10.67,Chalk,1.26,29.85
VOLVE_15_9_F15,2939.59,18.14,110.7,453.0,5.71,10.28,Chalk,1.28,30.45
VOLVE_15_9_F15,2940.37,20.86,132.8,399.1,8.18,10.48,Chalk,1.31,33.66
VOLVE_15_9_F15,2940.92,28.05,86.6,513.3,5.8,10.23,Chalk,1.36,35.45
VOLVE_15_9_F15,2941.69,26.31,56.8,513.8,4.57,10.48,Chalk,1.38,30.22
VOLVE_15_9_F15,2942.62,21.62,81.1,475.3,5.14,10.41,Chalk,1.42,30.79
VOLVE_15_9_F15,2943.4,19.71,83.8,444.8,4.89,10.68,Chalk,1.45,30.92
VOLVE_15_9_F15,2944.13,24.93,81.4,460.6,6.12,10.65,Chalk,1.47,30.06
VOLVE_15_9_F15,2945.0,22.57,102.2,510.3,5.04,10.79,Chalk,1.49,33.91
VOLVE_15_9_F15,2945.56,23.04,75.4,436.1,1.71,10.44,Chalk,1.52,29.51
VOLVE_15_9_F15,2946.27,21.1,89.4,439.7,5.35,10.52,Chalk,1.55,30.2
VOLVE_15_9_F15,2947.13,25.6,88.6,448.0,5.27,10.47,Chalk,1.59,32.53
VOLVE_15_9_F15,2948.02,22.51,89.1,369.6,4.04,10.68,Chalk,1.6,30.05
VOLVE_15_9_F15,2948.51,23.43,68.5,484.9,4.82,10.48,Chalk,1.63,31.09
VOLVE_15_9_F15,2948.98,19.23,96.6,464.8,6.65,10.34,Chalk,1.67,30.76
VOLVE_15_9_F15,2949.36,19.91,67.5,490.3,3.76,10.23,Chalk,1.7,29.37
VOLVE_15_9_F15,2950.25,19.0,88.5,438.2,4.89,10.67,Chalk,1.74,27.34
VOLVE_15_9_F15,2950.91,22.98,90.2,399.2,4.9,10.53,Chalk,1.75,32.18
VOLVE_15_9_F15,2951.57,22.07,67.6,462.6,3.34,10.51,Chalk,1.78,29.31
VOLVE_15_9_F15,2951.96,18.52,66.5,410.6,4.97,10.72,Chalk,1.8,25.47
VOLVE_15_9_F15,2952.44,22.64,77.3,480.0,5.12,10.51,Chalk,1.82,32.0
VOLVE_15_9_F15,2952.71,22.17,99.3,483.5,8.2,10.26,Chalk,1.85,34.0
VOLVE_15_9_F15,2953.16,17.17,89.0,542.8,5.73,10.3,Chalk,1.87,30.83
VOLVE_15_9_F15,2954.14,20.03,98.3,513.4,6.26,10.58,Chalk,1.89,31.2
VOLVE_15_9_F15,2954.83,22.45,99.5,468.2,4.51,10.59,Chalk,1.93,31.02
VOLVE_15_9_F15,2955.57,19.25,93.8,447.1,6.03,10.82,Chalk,1.97,28.98
VOLVE_15_9_F15,2956.26,21.18,82.1,492.6,5.8,10.5,Chalk,2.02,33.76
VOLVE_15_9_F15,2956.99,19.97,40.0,469.4,1.49,10.77,Chalk,2.06,23.66
VOLVE_15_9_F15,2957.91,17.88,92.9,438.5,6.36,10.32,Chalk,2.08,30.68
VOLVE_15_9_F15,2958.85,16.54,117.8,374.7,5.12,10.38,Chalk,2.1,30.01
VOLVE_15_9_F15,2959.09,18.89,71.5,549.3,3.69,10.33,Chalk,2.13,31.18
VOLVE_15_9_F15,2959.5,26.8,82.0,500.0,5.52,10.53,Chalk,2.17,33.62
VOLVE_15_9_F15,2959.84,18.74,109.3,483.1,4.58,10.68,Chalk,2.18,29.77
VOLVE_15_9_F15,2960.77,21.4,90.6,459.7,5.69,10.47,Chalk,2.22,30.85
VOLVE_15_9_F15,2961.6,21.67,89.7,533.3,4.82,10.35,Chalk,2.27,31.71
VOLVE_15_9_F15,2962.55,26.69,76.3,492.8,7.61,10.59,Chalk,2.3,33.28
VOLVE_15_9_F15,2962.78,16.67,86.8,401.6,6.87,10.48,Chalk,2.31,29.0
VOLVE_15_9_F15,2963.46,20.04,85.6,447.0,5.39,10.59,Chalk,2.34,30.55
VOLVE_15_9_F15,2963.7,22.57,88.8,487.5,6.05,10.48,Chalk,2.36,32.93
VOLVE_15_9_F15,2964.04,21.53,65.4,505.6,6.95,10.48,Chalk,2.39,32.2
VOLVE_15_9_F15,2964.89,20.77,118.8,445.5,5.26,10.8,Chalk,2.41,32.92
VOLVE_15_9_F15,2965.6,23.21,82.8,518.4,5.12,10.34,Chalk,2.42,30.65
VOLVE_15_9_F15,2966.22,16.54,67.5,404.1,5.23,10.56,Chalk,2.44,25.14
VOLVE_15_9_F15,2966.45,21.08,72.0,446.9,4.91,10.61,Chalk,2.47,30.93
VOLVE_15_9_F15,2966.87,20.38,66.0,448.6,5.14,10.66,Chalk,2.5,27.62
VOLVE_15_9_F15,2967.36,24.02,78.8,495.2,4.94,10.33,Chalk,2.54,31.91
VOLVE_15_9_F15,2967.9,16.5,77.8,509.4,3.47,10.56,Chalk,2.58,27.19
VOLVE_15_9_F15,2968.2,21.24,97.3,508.4,4.16,10.43,Chalk,2.6,30.66
VOLVE_15_9_F15,2968.59,21.35,63.4,401.6,6.3,10.49,Chalk,2.64,28.37
VOLVE_15_9_F15,2969.33,20.7,61.8,462.9,5.26,10.43,Chalk,2.69,29.27
VOLVE_15_9_F15,2970.03,20.29,52.4,395.9,5.7,10.42,Chalk,2.71,26.07
VOLVE_15_9_F15,2970.52,21.42,88.0,458.7,4.17,10.73,Chalk,2.74,27.82
VOLVE_15_9_F15,2971.0,24.5,92.7,523.9,6.16,10.65,Chalk,2.77,33.13
VOLVE_15_9_F15,2971.85,23.38,40.0,538.2,5.44,10.29,Chalk,2.79,26.97
VOLVE_15_9_F15,2972.28,19.96,88.8,476.4,4.36,10.46,Chalk,2.84,29.98
VOLVE_15_9_F15,2972.53,19.94,71.9,468.9,4.3,10.48,Chalk,2.88,28.06
VOLVE_15_9_F15,2972.99,19.02,98.1,450.3,6.94,10.7,Chalk,2.89,28.74
VOLVE_15_9_F15,2973.31,24.26,111.4,456.4,5.61,10.32,Chalk,2.92,33.26
VOLVE_15_9_F15,2973.73,20.24,56.9,515.4,5.54,10.39,Chalk,2.94,27.2
VOLVE_15_9_F15,2974.19,18.66,73.9,422.6,3.8,10.38,Chalk,2.97,28.28
VOLVE_15_9_F15,2974.55,21.94,98.0,446.4,7.18,10.2,Chalk,3.01,32.41
VOLVE_15_9_F15,2974.98,22.4,98.1,457.8,5.04,10.2,Chalk,3.04,32.75
VOLVE_15_9_F15,2975.69,21.0,80.3,428.6,4.92,10.53,Chalk,3.05,28.98
VOLVE_15_9_F15,2976.34,21.98,96.4,477.1,6.0,10.38,Chalk,3.08,31.43
VOLVE_15_9_F15,2976.59,21.27,89.6,518.9,8.63,10.53,Chalk,3.1,32.05
VOLVE_15_9_F15,2977.03,22.96,97.3,482.0,4.95,10.25,Chalk,3.12,31.77
VOLVE_15_9_F15,2977.59,22.37,98.3,428.6,5.56,10.32,Chalk,3.14,32.31
VOLVE_15_9_F15,2977.81,20.09,80.7,426.6,6.55,10.43,Chalk,3.16,27.77
VOLVE_15_9_F15,2978.78,23.32,95.1,405.6,5.71,10.27,Chalk,3.21,31.13
VOLVE_15_9_F15,2979.17,19.56,80.9,451.9,5.11,10.45,Chalk,3.24,28.71
VOLVE_15_9_F15,2979.89,19.01,95.7,423.0,7.74,10.45,Chalk,3.25,29.71
VOLVE_15_9_F15,2980.18,22.12,71.4,465.9,6.67,10.43,Chalk,3.29,30.54
VOLVE_15_9_F15,2980.68,22.65,89.2,428.1,8.08,10.29,Chalk,3.32,29.98
VOLVE_15_9_F15,2980.9,23.85,88.9,399.9,4.83,10.67,Chalk,3.35,30.81
VOLVE_15_9_F15,2981.21,26.34,96.8,378.5,6.95,10.31,Chalk,3.39,32.83
VOLVE_15_9_F15,2981.51,17.13,80.9,481.1,4.91,10.47,Chalk,3.42,28.56
VOLVE_15_9_F15,2982.21,20.25,68.4,400.4,4.81,10.47,Chalk,3.44,27.81
VOLVE_15_9_F15,2982.43,22.03,81.4,475.8,5.29,10.5,Chalk,3.49,30.09
VOLVE_15_9_F15,2982.89,25.94,60.8,429.9,6.21,10.29,Chalk,3.52,29.96
VOLVE_15_9_F15,2983.24,20.73,76.2,466.4,5.15,10.53,Chalk,3.57,30.47
VOLVE_15_9_F15,2983.98,,59.0,454.0,3.55,10.39,Chalk,3.59,23.86
VOLVE_15_9_F15,2984.21,18.99,83.7,461.9,4.07,10.57,Chalk,3.62,29.99
VOLVE_15_9_F15,2984.91,21.22,99.0,494.1,4.1,10.63,Chalk,3.65,33.25
VOLVE_15_9_F15,2985.58,22.7,96.7,427.6,5.59,10.5,Chalk,3.66,31.99
VOLVE_15_9_F15,2985.87,27.23,57.1,515.5,6.16,10.41,Chalk,3.69,30.42
VOLVE_15_9_F15,2986.62,20.09,86.3,486.5,6.53,10.74,Chalk,3.73,30.09
VOLVE_15_9_F15,2986.99,23.06,120.2,442.5,6.55,10.56,Chalk,3.76,34.13
VOLVE_15_9_F15,2987.27,24.33,74.2,446.6,5.68,10.38,Chalk,3.79,31.07
VOLVE_15_9_F15,2987.52,20.29,89.6,460.5,6.64,10.32,Chalk,3.83,30.98
VOLVE_15_9_F15,2988.5,,100.7,438.8,4.25,10.55,Chalk,3.88,31.33
VOLVE_15_9_F15,2988.92,20.27,60.1,386.3,5.44,10.45,Chalk,3.89,27.87
VOLVE_15_9_F15,2989.81,19.13,88.1,416.7,5.65,10.33,Chalk,3.94,29.53
VOLVE_15_9_F15,2990.43,25.58,96.9,416.6,4.43,10.51,Chalk,3.97,32.2
VOLVE_15_9_F15,2991.31,21.61,77.6,448.0,2.94,10.31,Chalk,3.99,29.83
VOLVE_15_9_F15,2992.15,18.92,60.5,407.2,4.61,10.51,Chalk,4.02,25.63
VOLVE_15_9_F15,2992.56,20.63,101.5,489.1,6.26,10.54,Chalk,4.05,31.77
VOLVE_15_9_F15,2993.15,19.93,55.9,461.0,3.08,10.37,Chalk,4.1,25.41
VOLVE_15_9_F15,2993.53,20.34,48.6,439.3,3.84,10.55,Chalk,4.14,25.2
VOLVE_15_9_F15,2994.02,22.17,61.1,423.1,4.9,10.38,Chalk,4.19,28.05
VOLVE_15_9_F15,2994.99,20.86,76.2,456.7,6.32,10.49,Chalk,4.21,29.42
VOLVE_15_9_F15,2995.51,26.88,58.8,493.5,5.87,10.26,Chalk,4.22,30.54
VOLVE_15_9_F15,2995.81,20.83,64.4,380.6,5.39,10.51,Chalk,4.26,26.64
VOLVE_15_9_F15,2996.43,21.35,71.9,395.8,4.72,10.66,Chalk,4.31,25.92
VOLVE_15_9_F15,2997.2,25.43,102.4,414.6,7.68,10.27,Chalk,4.35,34.44
VOLVE_15_9_F15,2997.66,24.85,89.4,403.4,6.1,10.61,Chalk,4.36,30.02
VOLVE_15_9_F15,2998.23,23.62,86.0,397.9,4.8,10.41,Chalk,4.38,30.95
VOLVE_15_9_F15,2999.09,20.74,107.4,456.2,5.0,10.63,Chalk,4.39,30.56
VOLVE_15_9_F15,2999.53,25.35,108.2,454.3,5.77,10.76,Chalk,4.42,33.37
VOLVE_15_9_F15,3000.43,20.78,68.2,440.7,4.59,10.51,Chalk,4.43,27.46
VOLVE_15_9_F15,3001.24,19.09,67.3,463.9,2.71,10.58,Chalk,4.48,26.18
VOLVE_15_9_F15,3002.05,20.26,72.8,452.7,4.3,10.55,Chalk,4.51,26.86
VOLVE_15_9_F15,3002.95,23.75,86.4,425.5,6.02,10.64,Chalk,4.53,31.72
VOLVE_15_9_F15,3003.65,21.1,103.7,438.6,4.54,10.47,Chalk,4.57,31.16
VOLVE_15_9_F15,3004.2,22.26,66.2,464.5,5.16,10.6,Chalk,4.62,28.72
VOLVE_15_9_F15,3005.09,19.31,81.3,407.3,3.64,10.4,Chalk,4.63,28.27
VOLVE_15_9_F15,3005.76,23.83,80.5,467.7,2.81,10.67,Chalk,4.67,30.03
VOLVE_15_9_F15,3006.21,19.92,104.5,327.4,5.01,10.34,Chalk,4.69,27.47
VOLVE_15_9_F15,3006.59,19.56,96.1,454.6,5.46,10.43,Chalk,4.71,30.39
VOLVE_15_9_F15,3007.08,21.24,66.5,468.6,4.29,10.41,Chalk,4.72,27.65
VOLVE_15_9_F15,3007.88,18.52,95.0,417.3,3.9,10.56,Chalk,4.76,28.64
VOLVE_15_9_F15,3008.25,19.47,78.0,498.5,5.7,10.62,Chalk,4.81,28.18
VOLVE_15_9_F15,3008.99,19.61,86.7,501.8,5.03,10.58,Chalk,4.84,27.37
VOLVE_15_9_F15,3009.53,22.36,63.0,464.4,5.73,10.42,Chalk,4.89,27.9
VOLVE_15_9_F15,3009.86,20.01,51.6,520.8,6.86,10.72,Chalk,4.91,25.99
VOLVE_15_9_F15,3010.57,22.54,77.9,424.0,5.76,10.68,Chalk,4.92,30.25
VOLVE_15_9_F15,3011.55,21.39,67.4,491.2,5.51,10.54,Chalk,4.97,29.22
VOLVE_15_9_F15,3011.78,20.61,79.5,512.5,4.19,10.41,Chalk,5.01,32.41
VOLVE_15_9_F15,3012.49,24.88,72.2,410.3,5.3,10.3,Chalk,5.04,29.43
VOLVE_15_9_F15,3012.81,17.68,83.2,459.1,3.36,10.61,Chalk,5.06,27.08
VOLVE_15_9_F15,3013.03,23.34,86.2,396.9,4.21,10.46,Chalk,5.08,29.31
VOLVE_15_9_F15,3013.39,18.96,93.6,489.4,5.46,10.65,Chalk,5.11,29.59
VOLVE_15_9_F15,3013.7,19.76,93.4,522.7,4.82,10.66,Chalk,5.15,30.15
VOLVE_15_9_F15,3014.12,20.72,102.5,434.1,4.7,10.44,Chalk,5.17,29.27
VOLVE_15_9_F15,3014.82,21.23,84.0,454.7,5.32,10.51,Chalk,5.22,29.14
VOLVE_15_9_F15,3015.73,21.67,63.5,435.6,4.24,10.5,Chalk,5.26,26.63
VOLVE_15_9_F15,3015.99,22.07,97.7,555.7,5.15,10.72,Chalk,5.3,31.59
VOLVE_15_9_F15,3016.38,20.53,86.7,419.7,5.5,10.45,Chalk,5.35,30.64
VOLVE_15_9_F15,3016.6,15.85,94.4,419.5,4.28,10.6,Chalk,5.38,27.65
VOLVE_15_9_F15,3017.2,19.97,95.0,478.3,4.09,10.52,Chalk,5.41,32.55
VOLVE_15_9_F15,3017.69,23.88,78.3,452.5,6.82,10.74,Chalk,5.43,29.97
VOLVE_15_9_F15,3018.62,23.2,78.1,556.5,7.59,10.41,Chalk,5.45,33.18
VOLVE_15_9_F15,3018.92,23.27,113.2,535.5,5.79,10.35,Chalk,5.48,33.16
VOLVE_15_9_F15,3019.51,21.17,62.5,480.7,4.64,10.22,Chalk,5.51,28.29
VOLVE_15_9_F15,3020.38,23.0,75.4,493.3,5.24,10.53,Chalk,5.56,29.4
VOLVE_15_9_F15,3021.16,20.62,95.7,485.3,4.46,10.54,Chalk,5.58,32.18
VOLVE_15_9_F15,3021.85,20.86,79.5,497.9,6.46,10.47,Chalk,5.59,29.5
VOLVE_15_9_F15,3022.6,20.33,73.8,477.0,6.07,10.64,Chalk,5.63,27.81
VOLVE_15_9_F15,3023.47,24.2,94.7,415.7,5.04,10.74,Chalk,5.65,30.46
VOLVE_15_9_F15,3024.04,15.33,103.3,423.1,4.53,10.39,Chalk,5.67,26.58
VOLVE_15_9_F15,3024.62,22.09,85.1,494.9,5.72,10.47,Chalk,5.71,32.46
VOLVE_15_9_F15,3024.92,22.09,58.8,436.0,6.28,10.25,Chalk,5.73,27.84
VOLVE_15_9_F15,3025.89,22.3,84.3,509.7,5.8,10.52,Chalk,5.76,32.61
VOLVE_15_9_F15,3026.82,21.58,88.7,485.1,5.96,10.41,Chalk,5.78,30.4
VOLVE_15_9_F15,3027.56,24.88,66.8,408.6,5.75,10.44,Chalk,5.82,28.72
VOLVE_15_9_F15,3028.18,21.89,105.7,410.1,5.81,10.49,Chalk,5.87,30.6
VOLVE_15_9_F15,3028.84,21.26,90.8,403.8,5.74,10.58,Chalk,5.88,29.25
VOLVE_15_9_F15,3029.18,23.42,67.5,487.5,6.08,10.47,Chalk,5.92,29.98
VOLVE_15_9_F15,3029.93,17.82,91.1,502.6,5.37,10.8,Chalk,5.97,28.81
VOLVE_15_9_F15,3030.71,19.98,90.8,440.5,4.92,10.49,Chalk,5.99,27.92
VOLVE_15_9_F15,3031.4,24.44,73.0,455.9,8.14,10.29,Chalk,6.01,30.46
VOLVE_15_9_F15,3031.61,22.5,63.2,468.9,3.08,10.39,Chalk,6.05,27.15
VOLVE_15_9_F15,3031.87,18.31,78.1,491.1,5.89,10.6,Chalk,6.09,27.25
VOLVE_15_9_F15,3032.18,28.37,72.8,442.1,5.08,10.6,Chalk,6.13,28.56
VOLVE_15_9_F15,3032.95,21.4,86.5,473.4,3.26,10.5,Chalk,6.18,27.44
VOLVE_15_9_F15,3033.5,19.91,78.2,453.1,2.53,10.5,Chalk,6.23,26.71
VOLVE_15_9_F15,3034.34,18.24,90.0,393.7,4.78,10.53,Chalk,6.25,26.6
VOLVE_15_9_F15,3035.32,25.21,86.0,510.8,8.02,10.6,Chalk,6.3,33.53
VOLVE_15_9_F15,3035.93,19.49,94.0,468.7,7.37,10.5,Chalk,6.31,28.97
VOLVE_15_9_F15,3036.38,20.86,91.5,448.4,4.59,10.32,Chalk,6.34,27.8
VOLVE_15_9_F15,3037.04,22.66,97.8,425.8,4.8,10.4,Chalk,6.36,28.51
VOLVE_15_9_F15,3037.5,16.82,69.1,427.7,4.09,10.42,Chalk,6.37,24.93
VOLVE_15_9_F15,3038.02,23.89,98.6,398.2,5.89,10.33,Chalk,6.42,31.3
VOLVE_15_9_F15,3038.27,19.6,112.3,411.1,7.78,10.32,Chalk,6.44,31.24
VOLVE_15_9_F15,3038.74,24.54,101.2,418.6,6.89,10.55,Chalk,6.48,31.05
VOLVE_15_9_F15,3039.72,22.56,59.7,433.9,5.73,10.5,Chalk,6.49,29.05
VOLVE_15_9_F15,3040.52,24.71,107.7,509.0,6.16,10.61,Chalk,6.54,32.39
VOLVE_15_9_F15,3041.47,22.37,94.3,479.9,3.15,10.76,Chalk,6.58,28.25
VOLVE_15_9_F15,3041.92,24.43,98.0,419.3,3.37,10.62,Chalk,6.63,29.41
VOLVE_15_9_F15,3042.3,23.01,70.1,392.3,4.21,10.6,Chalk,6.67,25.94
VOLVE_15_9_F15,3042.55,21.72,60.2,419.4,3.41,10.28,Chalk,6.68,25.7
VOLVE_15_9_F15,3043.2,22.73,105.0,513.9,3.64,10.59,Chalk,6.71,30.89
VOLVE_15_9_F15,3044.05,14.45,75.1,482.6,5.6,10.5,Chalk,6.74,26.72
VOLVE_15_9_F15,3045.03,20.52,69.6,448.9,4.62,10.68,Chalk,6.75,25.73
VOLVE_15_9_F15,3045.39,24.84,58.4,455.4,4.1,10.32,Chalk,6.78,29.64
VOLVE_15_9_F15,3045.65,18.69,55.9,501.9,2.99,10.64,Chalk,6.82,25.19
VOLVE_15_9_F15,3046.21,20.43,82.4,455.2,5.96,10.42,Chalk,6.86,30.58
VOLVE_15_9_F15,3046.72,18.1,96.3,546.7,5.01,10.35,Chalk,6.9,30.09
VOLVE_15_9_F15,3047.42,17.46,86.9,459.4,3.1,10.81,Chalk,6.92,25.61
VOLVE_15_9_F15,3048.08,20.92,80.2,418.8,4.55,10.52,Chalk,6.95,27.3
VOLVE_15_9_F15,3048.74,22.92,102.9,375.3,7.86,10.49,Chalk,7.0,30.2
VOLVE_15_9_F15,3049.71,21.18,105.0,473.8,6.72,10.43,Chalk,7.02,30.61
VOLVE_15_9_F15,3050.56,18.72,68.3,447.7,4.78,10.46,Chalk,7.04,27.58
VOLVE_15_9_F15,3051.16,18.91,85.3,418.6,5.43,10.45,Chalk,7.08,26.89
VOLVE_15_9_F15,3051.51,19.44,84.3,483.8,4.48,10.47,Chalk,7.11,26.15
VOLVE_15_9_F15,3052.38,21.11,77.7,466.9,4.74,10.49,Chalk,7.15,27.82
VOLVE_15_9_F15,3052.62,19.47,89.4,437.7,3.73,10.47,Chalk,7.17,27.42
VOLVE_15_9_F15,3053.12,24.6,104.7,468.3,4.97,10.35,Chalk,7.18,31.37
VOLVE_15_9_F15,3053.58,20.07,52.1,450.6,5.18,10.51,Chalk,7.2,25.3
VOLVE_15_9_F15,3053.81,20.64,85.9,493.1,6.86,10.55,Chalk,7.24,29.65
VOLVE_15_9_F15,3054.28,23.18,84.6,459.7,5.78,10.62,Chalk,7.26,31.0
VOLVE_15_9_F15,3054.65,16.77,78.7,440.8,5.86,10.67,Chalk,7.27,26.27
VOLVE_15_9_F15,3055.36,25.65,93.9,505.9,3.25,10.46,Chalk,7.32,29.02
VOLVE_15_9_F15,3055.79,23.93,78.4,413.4,5.91,10.56,Chalk,7.36,27.57
VOLVE_15_9_F15,3056.73,23.87,71.4,399.8,5.63,10.62,Chalk,7.4,27.36
VOLVE_15_9_F15,3057.52,20.02,94.3,432.2,4.29,10.43,Chalk,7.44,28.62
VOLVE_15_9_F15,3057.82,19.71,63.4,384.7,4.65,10.54,Chalk,7.47,25.21
VOLVE_15_9_F15,3058.64,20.35,71.9,394.7,6.51,10.56,Chalk,7.51,25.37
VOLVE_15_9_F15,3059.59,20.91,69.7,446.6,5.44,10.24,Chalk,7.52,27.91
VOLVE_15_9_F15,3059.83,25.05,107.8,458.5,5.48,10.51,Chalk,7.54,32.13
VOLVE_15_9_F15,3060.35,17.01,84.6,445.6,7.0,10.53,Chalk,7.56,28.18
VOLVE_15_9_F15,3061.27,25.15,61.6,476.3,5.22,10.41,Chalk,7.59,27.6
VOLVE_15_9_F15,3061.59,21.36,86.2,437.4,,10.65,Chalk,7.61,29.32
VOLVE_15_9_F15,3062.44,24.59,65.4,380.2,4.73,10.77,Chalk,7.63,26.87
VOLVE_15_9_F15,3062.74,22.86,86.6,486.0,5.4,10.56,Chalk,7.66,28.02
VOLVE_15_9_F15,3063.14,23.5,62.3,452.8,6.83,10.34,Chalk,7.69,28.86
VOLVE_15_9_F15,3063.87,24.29,59.4,484.0,3.9,10.48,Chalk,7.74,27.34
VOLVE_15_9_F15,3064.09,21.61,93.0,481.1,8.18,10.38,Chalk,7.78,31.0
VOLVE_15_9_F15,3064.92,19.54,72.9,499.4,3.95,10.82,Chalk,7.83,24.28
VOLVE_15_9_F15,3065.66,19.65,101.2,420.7,6.09,10.43,Chalk,7.87,28.49
VOLVE_15_9_F15,3066.62,24.33,49.2,408.6,5.57,10.54,Chalk,7.92,24.9
VOLVE_15_9_F15,3066.82,25.78,91.0,452.5,4.34,,Chalk,7.94,31.15
VOLVE_15_9_F15,3067.18,20.11,75.0,450.1,3.1,10.39,Chalk,7.98,26.2
VOLVE_15_9_F15,3067.71,24.72,93.3,506.1,4.09,10.41,Chalk,8.02,30.67
VOLVE_15_9_F15,3068.49,24.35,76.0,476.6,5.09,10.7,Chalk,8.05,28.57
VOLVE_15_9_F15,3069.08,18.17,91.5,462.1,5.83,10.7,Chalk,8.09,27.89
VOLVE_15_9_F15,3069.36,24.27,78.2,407.6,5.02,10.37,Chalk,8.12,28.38
VOLVE_15_9_F15,3069.6,20.45,83.8,427.9,4.45,10.37,Chalk,8.16,26.79
VOLVE_15_9_F15,3070.08,25.74,102.0,391.5,5.08,10.6,Chalk,8.19,30.44
VOLVE_15_9_F15,3070.41,22.58,83.2,423.4,5.03,10.6,Chalk,8.23,27.73
VOLVE_15_9_F15,3070.75,28.24,72.9,463.5,5.22,10.43,Chalk,8.27,29.49
VOLVE_15_9_F15,3071.19,21.94,68.0,474.2,4.44,10.56,Chalk,8.31,26.46
VOLVE_15_9_F15,3071.85,20.48,89.6,481.8,3.96,10.35,Chalk,8.34,29.28
VOLVE_15_9_F15,3072.68,23.38,99.2,486.8,4.6,10.6,Chalk,8.36,30.44
VOLVE_15_9_F15,3073.05,23.99,92.3,478.9,6.54,10.56,Chalk,8.39,29.22
VOLVE_15_9_F15,3073.59,23.5,108.5,432.1,4.91,10.27,Chalk,8.44,30.47
VOLVE_15_9_F15,3074.37,21.13,86.7,425.6,6.18,10.46,Chalk,8.46,29.64
VOLVE_15_9_F15,3075.26,24.03,73.9,508.2,5.41,10.47,Chalk,8.49,28.37
VOLVE_15_9_F15,3075.62,19.15,102.8,440.6,7.56,10.61,Chalk,8.52,28.67
VOLVE_15_9_F15,3076.5,16.42,62.1,442.4,4.59,10.37,Chalk,8.55,22.94
VOLVE_15_9_F15,3077.04,23.01,70.2,451.5,5.82,10.69,Chalk,8.59,26.99
VOLVE_15_9_F15,3077.76,27.69,83.5,396.5,4.48,10.53,Chalk,8.61,28.76
VOLVE_15_9_F15,3078.33,23.65,66.9,448.8,3.48,10.68,Chalk,8.66,27.41
VOLVE_15_9_F15,3079.13,20.18,90.4,393.6,7.46,10.32,Chalk,8.69,27.34
VOLVE_15_9_F15,3079.91,21.31,75.8,481.3,6.15,10.56,Chalk,8.73,29.29
VOLVE_15_9_F15,3080.52,22.13,98.2,438.5,3.92,10.55,Chalk,8.74,27.37
VOLVE_15_9_F15,3081.48,19.86,89.6,432.9,5.91,10.55,Chalk,8.79,27.77
VOLVE_15_9_F15,3082.41,19.66,110.7,379.4,6.32,10.58,Chalk,8.82,26.62
VOLVE_15_9_F15,3082.88,23.08,55.8,469.0,6.85,10.56,Chalk,8.84,26.52
VOLVE_15_9_F15,3083.17,23.21,89.4,551.9,4.4,10.19,Chalk,8.86,31.44
VOLVE_15_9_F15,3083.49,19.81,84.3,433.3,4.86,10.77,Chalk,8.9,26.87
VOLVE_15_9_F15,3083.9,18.7,84.1,454.2,4.33,10.43,Chalk,8.95,25.37
VOLVE_15_9_F15,3084.62,21.58,76.0,519.3,5.35,10.44,Chalk,8.99,30.38
VOLVE_15_9_F15,3084.97,21.04,87.2,551.0,4.73,10.54,Chalk,9.02,30.19
VOLVE_15_9_F15,3085.62,23.7,52.7,407.8,5.78,10.6,Chalk,9.06,24.85
VOLVE_15_9_F15,3086.42,20.22,52.2,504.6,2.93,10.33,Chalk,9.08,24.61
VOLVE_15_9_F15,3086.79,22.9,69.8,345.2,5.31,10.3,Chalk,9.12,26.14
VOLVE_15_9_F15,3087.23,23.11,52.1,330.2,3.18,10.75,Chalk,9.14,21.79
VOLVE_15_9_F15,3087.47,24.06,88.0,384.6,6.89,10.48,Chalk,9.17,27.74
VOLVE_15_9_F15,3087.76,21.88,67.3,441.3,4.66,10.57,Chalk,9.21,26.27
VOLVE_15_9_F15,3088.26,20.37,81.1,376.3,4.85,10.38,Chalk,9.24,27.8
VOLVE_15_9_F15,3088.68,21.33,86.5,508.6,6.21,10.77,Chalk,9.29,27.98
VOLVE_15_9_F15,3089.05,21.61,79.6,457.9,5.39,10.65,Chalk,9.32,27.22
VOLVE_15_9_F15,3089.51,27.05,91.9,480.9,5.82,10.45,Chalk,9.35,32.0
VOLVE_15_9_F15,3089.8,20.76,74.9,442.3,4.27,10.76,Chalk,9.38,26.77
VOLVE_15_9_F15,3090.58,26.81,81.0,432.5,5.38,10.63,Chalk,9.41,30.32
VOLVE_15_9_F15,3091.26,22.21,74.3,452.8,3.95,10.65,Chalk,9.43,27.46
VOLVE_15_9_F15,3091.67,21.09,95.9,534.1,4.13,10.66,Chalk,9.47,29.12
VOLVE_15_9_F15,3091.97,20.41,61.8,464.2,5.18,10.47,Chalk,9.51,25.72
VOLVE_15_9_F15,3092.21,19.39,87.5,462.7,3.45,10.8,Chalk,9.55,27.65
VOLVE_15_9_F15,3092.95,21.62,104.9,414.1,5.26,10.79,Limestone,9.58,14.3
VOLVE_15_9_F15,3093.32,21.91,89.0,416.1,5.58,10.8,Limestone,9.62,15.27
VOLVE_15_9_F15,3093.87,22.11,72.9,429.1,5.5,10.18,Limestone,9.65,13.88
VOLVE_15_9_F15,3094.54,27.61,86.9,480.8,3.03,10.54,Limestone,9.69,15.38
VOLVE_15_9_F15,3095.02,25.54,72.0,469.2,4.58,10.59,Limestone,9.73,15.05
VOLVE_15_9_F15,3095.25,22.31,98.2,377.1,6.47,10.48,Limestone,9.75,14.98
VOLVE_15_9_F15,3095.87,21.07,88.7,474.1,5.92,10.53,Limestone,9.78,14.34
VOLVE_15_9_F15,3096.82,18.56,84.3,485.0,4.99,10.53,Limestone,9.8,13.95
VOLVE_15_9_F15,3097.13,22.74,103.0,479.8,4.96,10.73,Limestone,9.82,15.5
VOLVE_15_9_F15,3097.63,24.57,82.9,479.0,5.22,10.71,Limestone,9.86,15.67
VOLVE_15_9_F15,3098.08,25.36,59.9,480.0,5.64,10.59,Limestone,9.89,14.36
VOLVE_15_9_F15,3098.47,20.69,82.8,470.9,4.66,10.6,Limestone,9.92,14.88
VOLVE_15_9_F15,3099.18,18.7,77.7,402.8,5.45,10.54,Limestone,9.96,13.84
VOLVE_15_9_F15,3099.67,22.12,81.4,494.9,6.35,10.84,Limestone,10.0,14.29
VOLVE_15_9_F15,3100.12,23.3,89.3,525.1,5.03,10.59,Limestone,10.02,15.84
VOLVE_15_9_F15,3100.46,21.27,92.3,506.8,5.97,10.8,Limestone,10.04,12.6
VOLVE_15_9_F15,3100.95,23.28,65.6,467.2,4.45,10.68,Limestone,10.07,15.91
VOLVE_15_9_F15,3101.94,21.82,82.1,453.3,4.76,10.62,Limestone,10.12,16.63
VOLVE_15_9_F15,3102.84,22.5,78.9,431.1,5.92,10.31,Limestone,10.13,14.78
VOLVE_15_9_F15,3103.12,22.7,85.0,381.2,7.65,10.72,Limestone,10.16,13.96
VOLVE_15_9_F15,3103.82,21.93,88.1,494.9,5.04,10.28,Limestone,10.17,15.69
VOLVE_15_9_F15,3104.41,18.91,80.8,396.9,7.77,10.51,Limestone,10.19,12.57
VOLVE_15_9_F15,3105.15,25.15,63.5,441.9,4.56,10.33,Limestone,10.23,15.64
VOLVE_15_9_F15,3106.1,20.64,80.4,441.0,6.33,10.68,Limestone,10.26,14.77
VOLVE_15_9_F15,3106.38,16.28,99.3,506.5,6.2,10.48,Limestone,10.3,13.59
VOLVE_15_9_F15,3107.02,21.81,65.1,482.8,6.44,10.64,Limestone,10.31,12.82
VOLVE_15_9_F15,3107.27,23.01,102.2,431.6,5.17,10.22,Limestone,10.32,13.16
VOLVE_15_9_F15,3107.77,24.44,56.5,451.7,5.67,10.67,Limestone,10.35,14.18
VOLVE_15_9_F15,3108.33,22.58,84.8,447.9,5.52,10.66,Limestone,10.39,13.11
VOLVE_15_9_F15,3108.6,22.26,72.6,481.2,4.92,10.38,Limestone,10.4,14.04
VOLVE_15_9_F15,3108.99,22.45,81.5,415.8,5.16,10.46,Limestone,10.42,14.41
VOLVE_15_9_F15,3109.65,20.31,92.7,468.0,3.57,10.74,Limestone,10.43,13.79
VOLVE_15_9_F15,3110.03,21.22,95.8,448.1,5.26,10.58,Limestone,10.47,13.48
VOLVE_15_9_F15,3110.81,24.27,101.0,554.2,5.21,10.67,Limestone,10.51,16.16
VOLVE_15_9_F15,3111.54,20.81,58.5,424.6,4.48,10.27,Limestone,10.54,13.1
VOLVE_15_9_F15,3112.14,22.44,68.5,505.2,3.59,10.51,Limestone,10.58,14.08
VOLVE_15_9_F15,3112.79,21.03,73.1,439.3,4.63,10.69,Limestone,10.61,15.44
VOLVE_15_9_F15,3113.25,20.52,70.4,452.6,5.25,10.43,Limestone,10.66,15.56
VOLVE_15_9_F15,3113.88,21.64,88.1,510.5,4.2,10.44,Limestone,10.68,14.7
VOLVE_15_9_F15,3114.34,21.68,93.6,478.2,5.74,10.54,Limestone,10.69,16.03
VOLVE_15_9_F15,3115.27,21.76,53.8,451.9,4.9,10.42,Limestone,10.74,12.76
VOLVE_15_9_F15,3115.53,22.8,65.3,442.2,4.62,10.75,Limestone,10.78,12.12
VOLVE_15_9_F15,3115.9,17.34,79.1,512.0,5.45,10.65,Limestone,10.81,14.25
VOLVE_15_9_F15,3116.3,21.07,81.5,442.0,6.28,10.54,Limestone,10.82,12.87
VOLVE_15_9_F15,3117.13,23.5,105.3,442.0,5.16,10.86,Limestone,10.85,16.42
VOLVE_15_9_F15,3117.69,25.6,63.1,429.1,4.41,10.52,Limestone,10.88,13.83
VOLVE_15_9_F15,3118.33,19.12,73.4,528.6,5.57,10.62,Limestone,10.89,13.66
VOLVE_15_9_F15,3118.77,19.38,101.1,406.0,4.54,10.4,Limestone,10.93,13.08
VOLVE_15_9_F15,3119.19,22.66,73.8,467.8,3.7,10.54,Limestone,10.96,14.11
VOLVE_15_9_F15,3119.9,24.66,92.4,469.7,6.45,10.65,Limestone,10.97,15.09
VOLVE_15_9_F15,3120.65,20.22,74.5,408.4,4.3,10.64,Limestone,10.98,11.59
VOLVE_15_9_F15,3121.27,17.59,77.5,445.4,5.36,10.41,Limestone,11.01,13.16
VOLVE_15_9_F15,3122.03,22.72,90.0,441.4,3.81,10.35,Limestone,11.05,14.68
VOLVE_15_9_F15,3122.85,19.98,77.4,432.1,5.25,10.56,Limestone,11.08,14.04
VOLVE_15_9_F15,3123.13,26.08,70.3,460.5,5.41,10.6,Limestone,11.12,14.05
VOLVE_15_9_F15,3123.52,21.83,92.0,468.8,6.32,10.25,Limestone,11.14,14.92
VOLVE_15_9_F15,3124.22,19.2,67.9,444.8,2.66,10.87,Limestone,11.16,12.13
VOLVE_15_9_F15,3125.12,19.9,92.8,536.6,3.63,10.59,Limestone,11.21,14.07
VOLVE_15_9_F15,3125.96,22.49,76.2,430.0,6.63,10.24,Limestone,11.25,14.05
VOLVE_15_9_F15,3126.63,21.29,67.7,466.7,4.81,10.61,Limestone,11.29,13.84
VOLVE_15_9_F15,3127.19,22.38,94.1,461.2,4.04,10.3,Limestone,11.33,14.45
VOLVE_15_9_F15,3127.41,29.43,74.8,480.7,6.25,10.39,Limestone,11.34,15.32
VOLVE_15_9_F15,3128.35,19.51,78.5,464.8,4.32,10.61,Limestone,11.39,14.67
VOLVE_15_9_F15,3129.14,24.02,51.7,422.8,4.08,10.36,Limestone,11.42,13.04
VOLVE_15_9_F15,3129.57,25.45,63.8,482.4,7.23,10.4,Limestone,11.44,15.58
VOLVE_15_9_F15,3130.18,25.12,98.8,457.1,5.19,10.67,Limestone,11.48,13.85
VOLVE_15_9_F15,3130.57,19.62,84.3,495.6,2.64,10.53,Limestone,11.52,15.35
VOLVE_15_9_F15,3131.5,22.4,98.6,487.7,5.08,10.48,Limestone,11.54,15.54
VOLVE_15_9_F15,3132.06,18.54,80.0,480.4,3.9,10.52,Limestone,11.57,13.29
VOLVE_15_9_F15,3132.94,24.12,82.6,493.7,2.56,10.8,Limestone,11.58,15.37
VOLVE_15_9_F15,3133.64,20.99,106.4,433.8,6.27,10.67,Limestone,11.6,16.35
VOLVE_15_9_F15,3134.26,22.98,87.8,460.1,6.88,10.34,Limestone,11.63,14.31
VOLVE_15_9_F15,3135.18,25.58,106.1,500.8,6.3,10.77,Limestone,11.67,14.13
VOLVE_15_9_F15,3135.49,22.76,74.6,465.8,4.94,10.48,Limestone,11.71,14.38
VOLVE_15_9_F15,3135.75,22.72,77.7,425.6,4.65,10.53,Limestone,11.74,12.46
VOLVE_15_9_F15,3136.48,21.61,69.9,414.9,4.74,10.4,Limestone,11.79,12.32
VOLVE_15_9_F15,3137.41,25.32,89.8,487.3,6.64,10.48,Limestone,11.83,17.76
VOLVE_15_9_F15,3137.72,20.8,68.0,434.3,2.36,10.58,Limestone,11.87,11.74
VOLVE_15_9_F15,3138.11,23.26,106.8,454.3,5.64,10.56,Limestone,11.89,14.07
VOLVE_15_9_F15,3138.63,23.64,57.1,512.7,6.22,10.81,Limestone,11.92,14.45
VOLVE_15_9_F15,3139.58,24.1,81.5,422.7,3.77,10.38,Limestone,11.96,15.05
VOLVE_15_9_F15,3140.46,23.0,72.8,503.7,6.24,10.53,Limestone,11.98,15.77
VOLVE_15_9_F15,3141.43,19.74,85.4,416.3,6.97,10.23,Limestone,12.01,12.49
VOLVE_15_9_F15,3142.25,22.24,70.2,504.3,4.34,10.46,Limestone,12.04,13.66
VOLVE_15_9_F15,3142.73,18.09,84.9,463.2,3.25,10.7,Limestone,12.09,13.73
VOLVE_15_9_F15,3142.97,21.63,87.6,388.0,4.49,10.77,Limestone,12.13,13.2
VOLVE_15_9_F15,3143.67,23.87,89.8,407.6,5.9,10.79,Limestone,12.16,15.85
VOLVE_15_9_F15,3144.58,24.75,108.1,421.9,8.81,10.49,Limestone,12.21,15.37
VOLVE_15_9_F15,3145.14,20.68,80.8,461.6,4.12,10.5,Limestone,12.25,13.5
VOLVE_15_9_F15,3145.65,27.4,77.4,501.3,4.74,10.4,Limestone,12.3,14.88
VOLVE_15_9_F15,3146.49,18.43,78.8,471.9,4.69,10.52,Limestone,12.31,14.47
VOLVE_15_9_F15,3147.01,23.46,59.8,421.9,5.15,10.73,Limestone,12.34,13.49
VOLVE_15_9_F15,3147.79,23.71,96.0,514.1,5.54,10.67,Limestone,12.38,15.03
VOLVE_15_9_F15,3148.16,23.75,67.0,453.8,3.13,10.47,Limestone,12.41,12.66
VOLVE_15_9_F15,3148.87,23.31,97.5,419.7,4.08,10.5,Limestone,12.45,14.7
VOLVE_15_9_F15,3149.52,22.53,68.4,451.7,6.02,10.51,Limestone,12.48,14.16
VOLVE_15_9_F15,3150.07,26.56,56.7,456.7,6.78,10.47,Limestone,12.49,14.18
VOLVE_15_9_F15,3150.54,19.74,45.5,422.2,2.86,10.59,Limestone,12.53,11.3
VOLVE_15_9_F15,3151.23,21.53,94.9,494.4,6.82,10.66,Limestone,12.54,15.19
VOLVE_15_9_F15,3152.19,22.64,101.0,441.8,2.76,10.9,Limestone,12.58,13.6
VOLVE_15_9_F15,3152.63,22.0,87.3,423.1,5.6,10.55,Limestone,12.59,14.25
VOLVE_15_9_F15,3152.88,20.03,66.2,480.7,4.39,10.66,Limestone,12.64,12.9
VOLVE_15_9_F15,3153.78,23.88,64.1,472.2,5.53,10.4,Limestone,12.66,12.75
VOLVE_15_9_F15,3154.0,23.0,74.8,487.8,3.55,10.57,Limestone,12.69,14.0
VOLVE_15_9_F15,3154.25,26.57,95.4,486.9,6.78,10.53,Limestone,12.74,15.85
VOLVE_15_9_F15,3154.56,24.41,77.6,429.9,4.97,10.65,Limestone,12.78,12.8
VOLVE_15_9_F15,3155.36,25.1,59.6,451.7,4.21,10.63,Limestone,12.81,14.18
VOLVE_15_9_F15,3155.61,25.0,68.4,366.4,4.71,10.66,Limestone,12.83,12.62
VOLVE_15_9_F15,3156.21,19.86,84.6,461.7,5.92,10.53,Limestone,12.86,13.77
VOLVE_15_9_F15,3156.52,21.58,99.9,465.9,5.35,10.5,Limestone,12.89,13.91
VOLVE_15_9_F15,3157.17,21.65,91.2,448.2,5.69,10.37,Limestone,12.91,14.36
VOLVE_15_9_F15,3157.76,25.24,69.0,418.0,6.12,10.58,Limestone,12.93,16.05
VOLVE_15_9_F15,3158.2,22.89,81.3,498.6,4.4,10.54,Limestone,12.97,14.89
VOLVE_15_9_F15,3158.86,22.55,97.0,407.9,4.71,10.76,Limestone,13.0,13.9
VOLVE_15_9_F15,3159.31,22.39,81.0,516.4,8.32,10.53,Limestone,13.03,13.52
VOLVE_15_9_F15,3160.18,25.23,57.6,395.5,3.51,10.47,Limestone,13.07,12.5
VOLVE_15_9_F15,3161.12,20.08,71.5,445.7,2.3,10.64,Limestone,13.11,12.16
VOLVE_15_9_F15,3161.74,22.67,40.0,365.1,3.68,10.35,Limestone,13.13,11.59
VOLVE_15_9_F15,3162.03,26.3,86.4,426.1,5.26,10.6,Limestone,13.16,13.99
VOLVE_15_9_F15,3162.49,23.86,101.5,466.0,6.53,10.46,Limestone,13.19,16.06
VOLVE_15_9_F15,3163.35,21.66,104.0,468.9,4.69,10.37,Limestone,13.23,14.39
VOLVE_15_9_F15,3163.72,23.28,80.9,446.7,6.21,10.57,Limestone,13.26,12.69
VOLVE_15_9_F15,3164.02,18.97,68.5,436.2,4.13,10.2,Limestone,13.27,13.72
VOLVE_15_9_F15,3164.99,20.93,78.6,550.7,5.65,10.64,Limestone,13.29,13.8
VOLVE_15_9_F15,3165.63,21.82,84.0,453.0,6.53,10.57,Limestone,13.33,13.36
VOLVE_15_9_F15,3166.2,19.86,100.5,569.7,4.52,10.47,Limestone,13.36,14.69
VOLVE_15_9_F15,3167.14,24.31,87.3,517.7,6.49,10.7,Limestone,13.37,15.46
VOLVE_15_9_F15,3167.77,19.68,56.7,429.6,3.21,10.63,Limestone,13.42,11.51
VOLVE_15_9_F15,3168.36,25.59,93.9,436.9,5.77,10.37,Limestone,13.46,15.67
VOLVE_15_9_F15,3168.8,23.96,53.2,521.0,5.16,10.65,Limestone,13.48,12.31
VOLVE_15_9_F15,3169.54,20.99,84.8,400.7,5.29,10.63,Limestone,13.49,14.53
VOLVE_15_9_F15,3170.31,21.35,107.1,512.4,5.8,10.49,Limestone,13.51,13.42
VOLVE_15_9_F15,3170.62,22.6,57.5,451.8,5.11,10.52,Limestone,13.52,12.27
VOLVE_15_9_F15,3171.45,24.87,80.1,357.1,1.79,10.8,Limestone,13.54,14.17
VOLVE_15_9_F15,3172.0,22.46,80.9,411.0,5.42,10.62,Limestone,13.55,12.96
VOLVE_15_9_F15,3172.54,25.13,82.0,446.8,3.47,10.37,Limestone,13.57,13.78
VOLVE_15_9_F15,3173.46,22.61,94.2,435.7,4.7,10.58,Limestone,13.59,12.59
VOLVE_15_9_F15,3173.78,24.24,71.8,427.6,6.2,10.33,Limestone,13.62,14.88
VOLVE_15_9_F15,3174.38,26.26,92.0,397.1,6.32,10.64,Limestone,13.64,14.56
VOLVE_15_9_F15,3174.94,23.18,77.9,454.9,6.98,10.47,Limestone,13.66,14.86
VOLVE_15_9_F15,3175.62,20.02,83.8,517.4,5.5,10.49,Limestone,13.67,14.29
VOLVE_15_9_F15,3176.0,22.17,60.9,516.5,3.94,10.42,Limestone,13.72,11.48
VOLVE_15_9_F15,3176.39,27.49,98.0,504.6,4.34,10.51,Limestone,13.73,13.85
VOLVE_15_9_F15,3176.63,21.38,84.4,449.3,6.58,10.59,Limestone,13.75,13.38
VOLVE_15_9_F15,3177.48,18.08,90.8,505.0,3.65,10.46,Limestone,13.77,15.13
VOLVE_15_9_F15,3177.76,20.28,98.8,393.3,3.86,10.45,Limestone,13.82,13.18
VOLVE_15_9_F15,3178.45,22.07,77.7,480.9,5.18,10.57,Limestone,13.85,15.55
VOLVE_15_9_F15,3178.67,23.87,78.2,520.1,6.71,10.51,Limestone,13.87,13.38
VOLVE_15_9_F15,3179.35,25.52,55.2,486.1,5.16,10.52,Limestone,13.89,13.88
VOLVE_15_9_F15,3179.73,20.63,84.6,391.5,4.7,10.46,Limestone,13.92,13.85
VOLVE_15_9_F15,3180.46,25.98,102.6,420.6,4.93,10.42,Limestone,13.94,13.74
VOLVE_15_9_F15,3181.27,24.46,81.2,430.3,5.83,10.54,Limestone,13.98,12.19
VOLVE_15_9_F15,3182.26,25.32,69.6,413.1,3.12,10.67,Limestone,14.01,14.63
VOLVE_15_9_F15,3183.05,25.13,95.3,443.2,3.93,10.55,Limestone,14.03,13.59
VOLVE_15_9_F15,3184.01,21.72,60.5,452.3,3.85,10.52,Limestone,14.07,13.83
VOLVE_15_9_F15,3184.96,27.18,72.9,447.1,4.56,10.35,Limestone,14.09,13.48
VOLVE_15_9_F15,3185.38,25.96,71.9,420.2,4.66,10.49,Limestone,14.12,14.82
VOLVE_15_9_F15,3185.9,22.93,95.4,500.6,6.6,10.48,Limestone,14.16,14.7
VOLVE_15_9_F15,3186.43,26.22,85.4,449.0,7.15,10.58,Limestone,14.2,15.76
VOLVE_15_9_F15,3186.91,29.28,73.2,399.3,4.57,10.57,Limestone,14.23,14.81
VOLVE_15_9_F15,3187.7,25.2,74.4,438.5,5.01,10.91,Limestone,14.26,14.96
VOLVE_15_9_F15,3188.21,17.93,84.6,433.9,3.91,10.51,Limestone,14.29,14.12
VOLVE_15_9_F15,3189.14,18.7,85.0,383.4,4.2,10.68,Limestone,14.33,13.08
VOLVE_15_9_F15,3189.79,23.49,84.3,441.0,5.97,10.69,Limestone,14.35,13.63
VOLVE_15_9_F15,3190.23,20.51,72.0,507.7,6.23,10.66,Limestone,14.37,11.62
VOLVE_15_9_F15,3191.11,20.96,98.2,446.2,6.8,10.56,Limestone,14.4,13.96
VOLVE_15_9_F15,3191.86,23.38,106.0,448.9,5.7,10.94,Limestone,14.42,14.29
VOLVE_15_9_F15,3192.31,21.85,103.3,478.3,3.28,10.44,Limestone,14.45,15.97
VOLVE_15_9_F15,3193.23,24.94,100.4,432.5,4.07,10.64,Limestone,14.46,15.66
VOLVE_15_9_F15,3193.78,25.26,117.7,412.7,3.93,10.67,Limestone,14.49,14.9
VOLVE_15_9_F15,3194.07,20.23,71.5,484.4,6.07,10.32,Limestone,14.53,13.9
VOLVE_15_9_F15,3194.92,23.51,72.5,455.5,4.4,10.35,Limestone,14.55,15.32
VOLVE_15_9_F15,3195.68,21.57,61.2,387.8,4.97,10.75,Limestone,14.57,11.29
VOLVE_15_9_F15,3195.92,24.61,78.5,472.7,7.16,10.61,Limestone,14.58,14.66
VOLVE_15_9_F15,3196.22,22.27,63.4,469.0,3.62,10.39,Limestone,14.6,12.14
VOLVE_15_9_F15,3197.14,25.15,101.9,386.4,5.38,10.75,Limestone,14.62,15.09
VOLVE_15_9_F15,3197.37,22.62,85.4,360.7,5.36,10.54,Limestone,14.66,12.81
VOLVE_15_9_F15,3198.01,26.74,77.1,429.7,3.77,10.71,Limestone,14.68,11.99
VOLVE_15_9_F15,3198.26,23.46,65.7,558.1,6.03,10.82,Limestone,14.71,14.91
VOLVE_15_9_F15,3199.12,18.98,62.9,551.4,6.05,10.54,Limestone,14.73,12.83
VOLVE_15_9_F15,3199.45,24.21,74.2,516.9,6.07,10.28,Limestone,14.77,15.67
VOLVE_15_9_F15,3200.13,22.05,106.4,426.2,6.37,10.45,Limestone,14.8,15.75
VOLVE_15_9_F15,3201.12,17.75,99.3,423.2,5.16,10.27,Limestone,14.82,13.6
VOLVE_15_9_F15,3201.85,21.99,93.4,404.4,5.77,10.43,Limestone,14.84,12.36
VOLVE_15_9_F15,3202.37,24.19,49.4,406.9,6.33,10.77,Limestone,14.86,12.55
VOLVE_15_9_F15,3202.87,24.75,80.6,481.2,6.71,10.46,Limestone,14.89,14.14
VOLVE_15_9_F15,3203.83,24.48,78.3,525.8,5.84,10.4,Limestone,14.91,16.9
VOLVE_15_9_F15,3204.5,22.77,71.6,446.3,4.06,10.8,Limestone,14.94,13.58
VOLVE_15_9_F15,3205.49,21.9,82.9,434.5,2.06,10.54,Limestone,14.98,14.63
VOLVE_15_9_F15,3205.74,20.56,68.5,419.4,6.46,10.6,Limestone,15.02,13.02
VOLVE_15_9_F15,3206.59,24.93,74.0,447.7,7.34,10.4,Limestone,15.05,15.59
VOLVE_15_9_F15,3206.94,24.58,69.0,421.9,4.51,10.75,Limestone,15.08,13.82
VOLVE_15_9_F15,3207.41,21.35,72.5,400.0,6.36,10.57,Limestone,15.12,12.33
VOLVE_15_9_F15,3208.13,26.52,40.0,463.6,2.38,10.69,Limestone,15.16,12.9
VOLVE_15_9_F15,3208.98,25.11,83.1,424.2,6.34,10.35,Limestone,15.19,12.63
VOLVE_15_9_F15,3209.63,25.14,91.4,435.4,6.1,10.76,Limestone,15.23,15.83
VOLVE_15_9_F15,3209.92,22.79,70.0,457.0,4.31,10.62,Limestone,15.24,14.51
VOLVE_15_9_F15,3210.12,27.87,98.8,373.6,8.34,10.46,Limestone,15.25,15.5
VOLVE_15_9_F15,3211.02,20.82,69.0,395.1,4.59,10.51,Limestone,15.27,11.98
VOLVE_15_9_F15,3211.44,17.53,63.7,461.7,5.64,10.49,Limestone,15.32,10.92
VOLVE_15_9_F15,3212.17,25.13,97.8,409.9,7.96,10.61,Limestone,15.35,15.5
VOLVE_15_9_F15,3212.99,25.27,74.1,458.4,5.24,10.59,Limestone,15.38,14.33
VOLVE_15_9_F15,3213.76,24.99,85.5,427.1,6.59,10.81,Limestone,15.4,11.97
VOLVE_15_9_F15,3214.04,25.97,60.0,467.6,5.18,10.27,Limestone,15.43,12.95
VOLVE_15_9_F15,3214.86,25.76,79.6,392.4,5.9,10.66,Limestone,15.47,11.98
VOLVE_15_9_F15,3215.77,25.9,77.1,423.2,4.32,10.33,Limestone,15.52,13.72
VOLVE_15_9_F15,3216.61,23.87,76.3,520.6,5.45,10.95,Limestone,15.53,13.25
VOLVE_15_9_F15,3217.21,23.87,76.6,471.2,5.5,10.8,Limestone,15.55,13.54
VOLVE_15_9_F15,3217.57,23.26,84.8,493.5,5.5,10.56,Limestone,15.58,13.03
VOLVE_15_9_F15,3218.27,25.6,83.7,456.8,6.95,10.63,Limestone,15.6,15.47
VOLVE_15_9_F15,3219.03,21.17,89.7,405.6,5.58,10.58,Limestone,15.64,11.36
VOLVE_15_9_F15,3219.45,22.57,52.2,426.8,3.58,10.48,Limestone,15.66,12.84
VOLVE_15_9_F15,3220.16,20.27,104.5,430.2,6.03,10.46,Limestone,15.7,15.02
VOLVE_15_9_F15,3221.07,24.53,78.7,430.4,4.68,10.57,Limestone,15.75,12.0
VOLVE_15_9_F15,3221.57,27.02,74.1,508.8,5.76,10.17,Limestone,15.76,14.09
VOLVE_15_9_F15,3222.2,20.88,87.1,447.3,5.34,10.77,Limestone,15.78,13.39
VOLVE_15_9_F15,3222.97,18.81,79.2,400.7,5.73,10.83,Limestone,15.82,10.34
VOLVE_15_9_F15,3223.76,22.76,83.7,429.2,5.54,10.53,Limestone,15.85,13.31
VOLVE_15_9_F15,3224.48,23.69,76.3,472.6,6.0,10.79,Limestone,15.88,12.04
VOLVE_15_9_F15,3225.1,22.52,90.5,395.8,5.56,10.5,Limestone,15.91,13.31
VOLVE_15_9_F15,3225.86,19.92,57.8,500.0,7.42,10.49,Limestone,15.96,11.94
VOLVE_15_9_F15,3226.74,25.67,85.5,514.6,5.19,10.6,Limestone,16.0,14.68
VOLVE_15_9_F15,3227.66,23.76,74.3,422.7,4.61,10.65,Limestone,16.03,12.56
VOLVE_15_9_F15,3228.2,27.43,54.7,477.5,6.03,10.45,Limestone,16.06,13.5
VOLVE_15_9_F15,3228.97,25.36,98.5,494.2,5.25,10.63,Limestone,16.11,13.94
VOLVE_15_9_F15,3229.49,20.82,76.3,415.5,5.98,10.62,Limestone,16.15,9.19
VOLVE_15_9_F15,3230.38,24.13,97.1,439.6,4.18,10.24,Limestone,16.17,13.9
VOLVE_15_9_F15,3231.25,24.42,92.8,445.4,5.79,10.53,Limestone,16.18,12.54
VOLVE_15_9_F15,3232.05,27.02,70.8,471.3,6.06,10.54,Limestone,16.22,14.94
VOLVE_15_9_F15,3232.64,21.5,99.4,514.7,4.11,10.48,Limestone,16.24,12.74
VOLVE_15_9_F15,3233.27,19.82,78.4,445.7,5.44,10.49,Limestone,16.25,13.76
VOLVE_15_9_F15,3234.11,23.03,71.8,395.1,2.82,10.65,Limestone,16.26,12.89
VOLVE_15_9_F15,3234.35,22.45,67.0,385.3,5.08,10.34,Limestone,16.31,12.7
VOLVE_15_9_F15,3235.01,22.39,69.9,425.2,6.5,10.74,Limestone,16.32,13.98
VOLVE_15_9_F15,3235.4,23.78,87.5,444.5,4.44,10.56,Limestone,16.37,11.18
VOLVE_15_9_F15,3236.08,15.93,70.9,503.7,4.43,10.76,Limestone,16.41,11.48
VOLVE_15_9_F15,3236.66,20.12,88.3,386.2,4.14,10.48,Limestone,16.44,12.59
VOLVE_15_9_F15,3237.37,23.26,74.2,448.4,6.06,10.72,Limestone,16.48,12.75
VOLVE_15_9_F15,3237.65,22.75,96.2,514.9,6.48,10.66,Limestone,16.51,14.35
VOLVE_15_9_F15,3238.59,27.96,76.1,471.5,6.32,10.31,Limestone,16.55,14.15
VOLVE_15_9_F15,3239.26,22.99,79.1,406.1,6.17,10.55,Limestone,16.56,11.73
VOLVE_15_9_F15,3239.69,19.57,79.8,462.4,4.17,10.96,Limestone,16.57,12.88
VOLVE_15_9_F15,3240.53,21.23,84.7,453.3,5.08,10.71,Limestone,16.61,12.58
VOLVE_15_9_F15,3241.27,25.45,82.4,505.0,4.15,10.41,Limestone,16.65,14.29
VOLVE_15_9_F15,3241.83,22.34,67.5,484.1,3.94,10.51,Limestone,16.69,12.56
VOLVE_15_9_F15,3242.26,17.89,110.5,465.9,5.05,10.7,Limestone,16.72,14.06
VOLVE_15_9_F15,3242.71,24.64,91.7,477.0,7.03,10.63,Limestone,16.76,16.06
VOLVE_15_9_F15,3242.95,25.84,95.8,456.2,4.74,10.35,Limestone,16.8,12.64
VOLVE_15_9_F15,3243.46,22.71,99.5,423.8,5.93,10.32,Limestone,16.82,15.02
VOLVE_15_9_F15,3244.07,21.61,78.7,483.3,4.09,10.69,Limestone,16.85,13.57
VOLVE_15_9_F15,3244.94,25.11,94.3,427.4,4.25,10.54,Limestone,16.86,14.05
VOLVE_15_9_F15,3245.66,18.0,102.1,468.8,6.82,10.74,Limestone,16.9,14.06
VOLVE_15_9_F15,3246.04,24.88,103.3,482.3,7.17,10.63,Limestone,16.93,16.53
VOLVE_15_9_F15,3247.01,23.09,95.9,404.2,4.59,10.46,Limestone,16.97,12.94
VOLVE_15_9_F15,3247.38,25.2,78.6,445.3,5.06,10.58,Limestone,17.0,16.73
VOLVE_15_9_F15,3248.08,20.16,102.1,516.5,5.57,10.52,Limestone,17.03,12.58
VOLVE_15_9_F15,3248.54,22.85,62.7,507.6,3.8,10.63,Limestone,17.07,12.24
VOLVE_15_9_F15,3248.84,25.43,72.3,471.4,5.99,10.45,Limestone,17.12,14.13
VOLVE_15_9_F15,3249.7,24.37,47.3,446.9,2.99,10.36,Limestone,17.16,11.22
VOLVE_15_9_F15,3250.37,16.77,78.2,443.2,4.06,10.56,Limestone,17.2,11.62
VOLVE_15_9_F15,3250.99,25.14,75.6,427.3,4.98,10.45,Limestone,17.22,13.97
VOLVE_15_9_F15,3251.43,25.67,74.8,451.3,5.98,10.73,Limestone,17.23,13.56
VOLVE_15_9_F15,3252.25,24.07,78.6,505.7,6.85,10.55,Limestone,17.26,15.58
VOLVE_15_9_F15,3253.13,23.19,65.4,428.9,3.8,10.62,Limestone,17.27,13.65
VOLVE_15_9_F15,3254.0,25.53,91.2,403.1,5.49,10.53,Limestone,17.32,13.14
VOLVE_15_9_F15,3254.26,23.33,78.5,493.1,5.95,10.61,Limestone,17.37,13.88
VOLVE_15_9_F15,3254.62,18.57,77.0,439.3,4.71,10.68,Limestone,17.38,12.94
VOLVE_15_9_F15,3254.92,21.18,61.8,414.5,4.58,10.62,Limestone,17.42,9.63
VOLVE_15_9_F15,3255.36,26.89,66.5,455.2,6.36,10.34,Limestone,17.46,13.75
VOLVE_15_9_F15,3255.65,22.43,67.8,440.5,2.77,10.52,Limestone,17.47,11.76
VOLVE_15_9_F15,3255.99,23.61,89.0,456.0,5.17,10.89,Limestone,17.51,13.35
VOLVE_15_9_F15,3256.76,18.85,123.3,473.5,5.58,10.64,Limestone,17.56,15.5
VOLVE_15_9_F15,3257.49,24.38,85.5,468.0,5.41,10.52,Limestone,17.58,14.53
VOLVE_15_9_F15,3257.92,24.54,93.6,471.7,4.64,10.51,Limestone,17.61,14.38
VOLVE_15_9_F15,3258.78,28.75,94.7,458.8,7.04,10.8,Limestone,17.63,14.0
VOLVE_15_9_F15,3259.51,25.06,57.4,382.1,5.44,10.67,Limestone,17.67,13.18
VOLVE_15_9_F15,3260.06,25.46,99.1,456.5,1.76,10.4,Claystone,17.7,22.38
VOLVE_15_9_F15,3260.28,18.49,85.6,401.6,5.65,10.89,Claystone,17.73,20.38
VOLVE_15_9_F15,3261.0,21.65,97.9,424.3,5.21,10.63,Claystone,17.76,22.86
VOLVE_15_9_F15,3261.83,28.34,66.4,424.9,6.58,10.63,Claystone,17.8,23.02
VOLVE_15_9_F15,3262.21,25.31,85.9,476.0,7.15,10.81,Claystone,17.82,23.63
VOLVE_15_9_F15,3262.5,24.26,92.2,381.6,5.64,10.61,Claystone,17.86,21.93
VOLVE_15_9_F15,3262.95,27.63,80.5,445.1,4.76,10.65,Dolomite,17.89,12.26
VOLVE_15_9_F15,3263.72,20.96,64.5,449.3,5.93,10.36,Dolomite,17.92,8.05
VOLVE_15_9_F15,3264.69,24.03,55.7,484.1,6.76,10.57,Dolomite,17.96,10.5
VOLVE_15_9_F15,3265.2,24.29,92.4,457.0,5.96,10.4,Dolomite,18.0,10.41
VOLVE_15_9_F15,3266.06,22.74,90.5,474.9,5.34,10.51,Dolomite,18.01,9.44
VOLVE_15_9_F15,3266.87,19.52,71.4,457.7,5.96,10.63,Dolomite,18.03,8.95
VOLVE_15_9_F15,3267.78,26.82,94.0,521.5,4.79,10.25,Dolomite,18.06,10.98
VOLVE_15_9_F15,3268.51,23.32,73.4,435.7,5.32,10.64,Dolomite,18.1,8.54
VOLVE_15_9_F15,3269.47,24.2,67.0,546.4,4.65,10.72,Dolomite,18.11,11.42
VOLVE_15_9_F15,3270.4,21.37,88.1,430.9,5.93,10.32,Dolomite,18.13,10.24
VOLVE_15_9_F15,3270.63,21.28,55.7,484.4,4.5,10.49,Dolomite,18.16,8.07
VOLVE_15_9_F15,3271.24,22.26,84.9,514.3,5.07,,Dolomite,18.2,9.63
VOLVE_15_9_F15,3271.71,22.52,56.3,445.9,5.55,10.67,Dolomite,18.23,7.14
VOLVE_15_9_F15,3272.58,25.9,64.2,450.5,6.95,10.52,Dolomite,18.27,10.37
VOLVE_15_9_F15,3273.11,24.06,76.0,399.6,6.07,10.76,Dolomite,18.3,9.35
VOLVE_15_9_F15,3274.04,20.63,92.3,589.1,6.22,10.39,Dolomite,18.31,9.15
VOLVE_15_9_F15,3274.97,19.35,51.0,445.3,5.77,10.62,Dolomite,18.33,7.45
VOLVE_15_9_F15,3275.46,25.45,92.7,510.8,5.32,10.47,Dolomite,18.36,10.24
VOLVE_15_9_F15,3276.12,25.72,99.5,425.8,6.06,10.59,Dolomite,18.4,9.73
VOLVE_15_9_F15,3276.34,22.34,85.4,398.3,5.16,10.54,Dolomite,18.44,12.14
VOLVE_15_9_F15,3276.83,21.54,79.1,429.1,5.14,10.7,Dolomite,18.47,10.45
VOLVE_15_9_F15,3277.55,23.25,81.4,461.9,4.88,10.64,Dolomite,18.49,8.7
VOLVE_15_9_F15,3277.92,23.26,60.2,459.5,4.8,10.76,Dolomite,18.5,9.71
VOLVE_15_9_F15,3278.25,23.82,81.0,428.6,5.02,10.58,Dolomite,18.53,9.67
VOLVE_15_9_F15,3279.21,25.79,86.4,436.8,4.74,10.46,Dolomite,18.54,10.47
VOLVE_15_9_F15,3279.88,25.59,136.8,460.7,3.41,10.69,Dolomite,18.57,10.8
VOLVE_15_9_F15,3280.53,25.29,101.0,423.6,5.83,10.58,Dolomite,18.59,11.21
VOLVE_15_9_F15,3281.39,20.59,79.3,436.3,6.91,10.55,Dolomite,18.63,10.97
VOLVE_15_9_F15,3282.03,24.45,66.7,411.8,5.83,10.65,Dolomite,18.66,9.54
VOLVE_15_9_F15,3282.75,23.97,86.8,486.8,5.28,10.48,Dolomite,18.7,9.39
VOLVE_15_9_F15,3283.2,19.93,80.9,402.7,3.42,10.86,Dolomite,18.74,9.02
VOLVE_15_9_F15,3283.7,22.2,87.2,443.2,4.26,10.75,Dolomite,18.77,10.46
VOLVE_15_9_F15,3284.12,24.38,66.1,476.9,3.0,10.65,Dolomite,18.81,10.41
VOLVE_15_9_F15,3284.8,19.6,56.8,480.0,5.1,10.63,Dolomite,18.83,8.51
VOLVE_15_9_F15,3285.47,21.66,87.5,410.2,4.3,10.6,Dolomite,18.84,8.07
VOLVE_15_9_F15,3285.81,23.38,74.4,487.1,6.56,10.52,Dolomite,18.89,11.22
VOLVE_15_9_F15,3286.62,22.09,81.5,474.7,2.42,10.67,Dolomite,18.91,9.31
VOLVE_15_9_F15,3286.97,25.85,65.5,482.7,4.66,10.53,Dolomite,18.95,10.11
VOLVE_15_9_F15,3287.72,25.0,98.1,451.6,6.91,10.84,Dolomite,18.97,12.63
VOLVE_15_9_F15,3287.97,19.89,62.4,474.2,3.15,10.81,Dolomite,19.0,9.26
VOLVE_15_9_F15,3288.91,21.0,94.3,480.3,3.71,10.63,Dolomite,19.04,10.53
VOLVE_15_9_F15,3289.15,26.01,80.7,555.6,4.82,10.74,Dolomite,19.08,10.36
VOLVE_15_9_F15,3289.4,,78.1,387.6,3.99,10.37,Dolomite,19.13,10.25
VOLVE_15_9_F15,3289.67,15.95,84.2,472.9,4.16,10.62,Dolomite,19.15,6.62
VOLVE_15_9_F15,3290.24,26.73,78.5,485.6,2.82,10.33,Dolomite,19.2,8.06
VOLVE_15_9_F15,3290.88,23.2,77.0,468.4,6.61,10.61,Dolomite,19.23,10.07
VOLVE_15_9_F15,3291.2,23.07,81.2,497.0,6.19,10.48,Dolomite,19.25,8.65
VOLVE_15_9_F15,3292.0,20.96,74.2,494.9,4.28,10.73,Dolomite,19.29,11.18
VOLVE_15_9_F15,3292.3,26.33,86.3,470.9,3.39,10.61,Dolomite,19.34,11.25
VOLVE_15_9_F15,3293.25,24.47,101.0,452.6,4.58,10.54,Dolomite,19.37,12.05
VOLVE_15_9_F15,3293.8,22.84,119.6,374.3,6.67,10.54,Dolomite,19.4,9.98
VOLVE_15_9_F15,3294.43,16.33,96.7,543.5,5.78,10.27,Dolomite,19.44,9.96
VOLVE_15_9_F15,3295.24,21.96,91.9,364.5,4.53,10.73,Dolomite,19.48,9.24
VOLVE_15_9_F15,3296.11,20.46,50.5,483.3,5.07,10.81,Dolomite,19.51,7.98
VOLVE_15_9_F15,3296.94,22.21,79.4,472.4,3.28,10.72,Dolomite,19.53,8.42
VOLVE_15_9_F15,3297.41,20.98,71.5,405.7,4.78,10.52,Dolomite,19.57,8.64
VOLVE_15_9_F15,3298.21,25.19,58.7,549.3,3.52,10.47,Dolomite,19.61,8.8
VOLVE_15_9_F15,3298.48,27.07,97.2,495.1,6.25,10.35,Dolomite,19.63,11.69
VOLVE_15_9_F15,3299.18,23.01,56.9,471.2,4.32,10.54,Dolomite,19.65,8.43
VOLVE_15_9_F15,3299.67,20.31,69.4,407.1,4.47,10.25,Dolomite,19.69,10.19
VOLVE_15_9_F15,3299.88,22.31,55.5,520.8,4.75,10.28,Dolomite,19.73,8.31
VOLVE_15_9_F15,3300.71,22.1,79.6,523.6,2.96,10.75,Dolomite,19.75,9.37
VOLVE_15_9_F15,3301.62,27.14,98.8,465.8,5.88,10.84,Dolomite,19.79,11.04
VOLVE_15_9_F15,3301.92,23.31,63.4,533.1,6.36,10.51,Dolomite,19.8,9.58
VOLVE_15_9_F15,3302.25,26.84,73.8,468.1,5.59,10.67,Dolomite,19.84,9.45
VOLVE_15_9_F15,3302.55,19.67,93.8,475.1,6.4,10.53,Dolomite,19.89,10.49
VOLVE_15_9_F15,3303.55,23.22,100.6,456.8,5.09,10.78,Dolomite,19.9,9.76
VOLVE_15_9_F15,3303.8,20.61,82.0,489.3,5.35,10.64,Dolomite,19.94,10.63
VOLVE_15_9_F15,3304.55,22.9,63.1,481.4,5.42,10.69,Dolomite,19.97,9.12
VOLVE_15_9_F15,3304.79,24.48,76.9,437.5,6.1,10.33,Dolomite,20.0,10.56
VOLVE_15_9_F15,3305.51,19.46,75.3,412.8,5.99,10.59,Dolomite,20.05,9.42
VOLVE_15_9_F15,3306.48,21.86,72.6,450.2,3.37,10.52,Dolomite,20.09,7.4
VOLVE_15_9_F15,3306.82,22.75,61.9,487.2,4.04,10.81,Dolomite,20.12,10.8
VOLVE_15_9_F15,3307.57,23.69,92.5,450.9,6.1,10.52,Dolomite,20.16,8.59
VOLVE_15_9_F15,3308.33,19.36,76.5,420.4,5.33,10.57,Dolomite,20.18,10.05
VOLVE_15_9_F15,3308.79,24.26,54.4,454.7,4.97,10.32,Dolomite,20.2,8.59
VOLVE_15_9_F15,3309.7,24.35,90.3,410.6,8.69,10.63,Dolomite,20.22,10.04
VOLVE_15_9_F15,3310.46,25.73,106.8,435.4,6.03,10.62,Dolomite,20.25,9.94
VOLVE_15_9_F15,3310.83,19.26,85.9,384.7,5.37,10.56,Dolomite,20.28,9.91
VOLVE_15_9_F15,3311.14,22.44,66.3,462.3,3.39,10.79,Dolomite,20.3,8.3
VOLVE_15_9_F15,3312.02,23.2,113.4,488.8,6.92,10.61,Dolomite,20.33,9.54
VOLVE_15_9_F15,3312.25,23.72,81.3,458.7,5.46,10.51,Dolomite,20.35,11.09
VOLVE_15_9_F15,3313.14,23.42,93.3,473.3,5.58,10.48,Dolomite,20.37,11.5
VOLVE_15_9_F15,3313.42,21.86,75.8,463.6,7.38,10.72,Dolomite,20.41,9.35
VOLVE_15_9_F15,3314.31,23.5,71.9,476.3,4.99,10.36,Dolomite,20.43,8.41
VOLVE_15_9_F15,3314.72,30.41,92.6,481.1,7.47,10.51,Dolomite,20.44,10.67
VOLVE_15_9_F15,3315.56,24.68,67.2,481.9,6.55,10.59,Dolomite,20.48,9.28
VOLVE_15_9_F15,3316.56,19.4,75.2,503.1,4.64,10.54,Dolomite,20.51,10.26
VOLVE_15_9_F15,3316.99,27.07,79.9,392.4,3.91,10.59,Dolomite,20.52,11.21
VOLVE_15_9_F15,3317.86,,100.7,488.1,5.21,10.78,Dolomite,20.54,11.17
VOLVE_15_9_F15,3318.69,25.34,60.6,447.9,6.52,10.57,Dolomite,20.56,9.11
VOLVE_15_9_F15,3319.52,26.51,97.6,437.6,5.38,10.46,Dolomite,20.61,9.25
VOLVE_15_9_F15,3319.99,29.12,93.3,379.3,4.52,10.84,Dolomite,20.63,10.63
VOLVE_15_9_F15,3320.85,24.0,90.5,393.2,5.69,10.57,Dolomite,20.68,10.44
VOLVE_15_9_F15,3321.8,25.93,92.2,436.5,4.43,10.67,Dolomite,20.72,8.66
VOLVE_15_9_F15,3322.01,27.09,64.7,423.4,4.29,10.83,Dolomite,20.77,9.04
VOLVE_15_9_F15,3322.86,21.37,60.6,496.5,3.62,10.5,Dolomite,20.82,9.51
VOLVE_15_9_F15,3323.13,27.06,54.4,486.1,6.43,10.88,Dolomite,20.86,8.96
VOLVE_15_9_F15,3323.49,23.8,75.8,516.8,6.78,10.88,Dolomite,20.88,9.92
VOLVE_15_9_F15,3324.0,25.72,86.2,450.5,3.97,10.5,Dolomite,20.9,10.94
VOLVE_15_9_F15,3324.99,25.6,66.8,482.8,5.55,10.52,Dolomite,20.94,9.72
VOLVE_15_9_F15,3325.77,21.62,90.2,393.7,5.91,10.72,Dolomite,20.96,7.04
VOLVE_15_9_F15,3326.76,26.72,79.1,552.3,4.75,10.83,Dolomite,20.99,11.31
VOLVE_15_9_F15,3327.27,22.23,81.6,528.5,4.25,10.73,Dolomite,21.01,10.13
VOLVE_15_9_F15,3328.05,24.01,90.7,423.5,7.49,10.6,Dolomite,21.04,8.38
VOLVE_15_9_F15,3328.79,25.4,81.7,520.7,3.99,10.69,Dolomite,21.07,10.9
VOLVE_15_9_F15,3328.99,24.75,63.7,410.7,5.9,10.72,Dolomite,21.12,8.15
VOLVE_15_9_F15,3329.27,21.9,104.9,429.7,6.07,10.66,Dolomite,21.14,10.6
VOLVE_15_9_F15,3329.48,20.11,89.7,457.0,8.02,10.54,Dolomite,21.18,8.3
VOLVE_15_9_F15,3330.05,21.26,64.8,421.6,6.24,10.73,Dolomite,21.21,9.25
VOLVE_15_9_F15,3330.71,25.13,78.3,480.9,3.54,10.57,Dolomite,21.24,9.91
VOLVE_15_9_F15,3330.95,24.67,84.1,502.2,4.0,10.33,Dolomite,21.25,9.01
VOLVE_15_9_F15,3331.35,22.83,63.6,399.9,4.17,10.41,Dolomite,21.26,8.73
VOLVE_15_9_F15,3332.17,22.75,93.2,461.4,5.53,10.81,Dolomite,21.28,11.33
VOLVE_15_9_F15,3332.47,22.56,64.7,417.1,2.9,10.45,Dolomite,21.32,10.71
VOLVE_15_9_F15,3333.22,20.61,107.0,467.7,5.88,10.63,Dolomite,21.33,9.53
VOLVE_15_9_F15,3333.78,25.63,95.5,468.6,6.05,10.8,Dolomite,21.36,11.2
VOLVE_15_9_F15,3334.05,20.57,71.3,431.2,4.39,10.64,Dolomite,21.38,7.14
VOLVE_15_9_F15,3334.84,23.65,65.5,450.1,6.5,10.96,Dolomite,21.41,10.41
VOLVE_15_9_F15,3335.71,26.53,83.6,460.8,6.34,10.6,Dolomite,21.43,11.06
VOLVE_15_9_F15,3336.34,23.25,60.5,429.3,6.43,10.49,Dolomite,21.46,10.55
VOLVE_15_9_F15,3336.98,27.31,78.9,389.7,8.78,10.4,Dolomite,21.5,9.47
VOLVE_15_9_F15,3337.22,20.68,81.2,487.7,3.98,10.34,Dolomite,21.52,8.72
VOLVE_15_9_F15,3338.18,20.03,87.1,487.4,5.73,10.84,Dolomite,21.53,10.42
VOLVE_15_9_F15,3339.08,17.6,96.2,485.6,4.33,10.45,Dolomite,21.58,9.5
VOLVE_15_9_F15,3340.08,25.25,94.2,417.0,6.54,10.37,Dolomite,21.6,10.04
VOLVE_15_9_F15,3340.87,18.43,96.0,447.4,4.61,10.56,Dolomite,21.64,9.9
VOLVE_15_9_F15,3341.57,27.34,87.2,391.5,5.33,10.53,Dolomite,21.68,10.44
VOLVE_15_9_F15,3342.47,27.7,83.9,540.1,4.49,10.51,Dolomite,21.7,10.45
VOLVE_15_9_F15,3343.42,24.04,71.6,403.5,5.86,10.81,Dolomite,21.74,9.95
VOLVE_15_9_F15,3344.35,21.35,51.9,506.8,6.75,10.65,Dolomite,21.76,9.07
VOLVE_15_9_F15,3344.58,18.74,83.6,425.6,3.7,10.75,Dolomite,21.79,8.67
VOLVE_15_9_F15,3345.4,24.38,63.3,468.8,2.7,10.96,Dolomite,21.8,7.27
VOLVE_15_9_F15,3345.9,23.34,83.2,446.4,6.17,10.5,Dolomite,21.84,9.12
VOLVE_15_9_F15,3346.75,23.97,47.6,441.3,6.42,10.65,Dolomite,21.87,8.71
VOLVE_15_9_F15,3346.99,24.73,63.3,473.0,8.28,10.41,Dolomite,21.88,8.0
VOLVE_15_9_F15,3347.61,20.65,70.1,434.6,4.76,10.85,Dolomite,21.92,7.43
VOLVE_15_9_F15,3348.6,22.85,129.0,392.2,5.84,10.59,Dolomite,21.94,8.58
VOLVE_15_9_F15,3349.28,23.77,70.3,450.1,5.92,10.15,Dolomite,21.95,9.31
VOLVE_15_9_F15,3349.52,29.1,74.9,501.3,4.7,10.42,Dolomite,21.99,10.18
VOLVE_15_9_F15,3350.49,25.36,82.4,457.4,4.66,10.84,Dolomite,22.01,8.23
VOLVE_15_9_F15,3350.92,23.78,93.3,419.1,6.63,10.34,Dolomite,22.06,8.84
VOLVE_15_9_F15,3351.86,20.88,70.6,567.3,3.3,10.6,Dolomite,22.1,10.18
VOLVE_15_9_F15,3352.24,26.61,52.2,457.0,3.97,10.69,Dolomite,22.12,9.22
VOLVE_15_9_F15,3352.84,27.64,58.1,422.7,3.59,10.7,Dolomite,22.15,9.37
VOLVE_15_9_F15,3353.14,19.65,76.4,542.6,4.04,11.0,Dolomite,22.18,7.44
VOLVE_15_9_F15,3354.04,18.8,104.3,387.4,4.84,10.61,Dolomite,22.2,9.46
VOLVE_15_9_F15,3354.77,23.57,66.4,419.4,4.8,10.47,Dolomite,22.24,8.33
VOLVE_15_9_F15,3355.06,22.94,93.1,497.6,5.19,10.49,Dolomite,22.27,8.44
VOLVE_15_9_F15,3355.94,26.97,73.9,418.8,6.45,10.79,Dolomite,22.28,8.05
VOLVE_15_9_F15,3356.93,20.6,78.5,485.9,4.83,10.25,Dolomite,22.33,10.23
VOLVE_15_9_F15,3357.89,21.07,64.2,491.0,3.89,10.65,Dolomite,22.35,6.93
VOLVE_15_9_F15,3358.13,19.61,87.2,539.5,3.65,10.87,Dolomite,22.37,11.64
VOLVE_15_9_F15,3358.96,20.93,90.1,499.2,4.79,10.63,Dolomite,22.4,7.53
VOLVE_15_9_F15,3359.9,23.85,56.2,438.4,7.3,10.82,Dolomite,22.42,9.7
VOLVE_15_9_F15,3360.9,19.64,69.0,427.3,5.11,10.3,Dolomite,22.47,8.73
VOLVE_15_9_F15,3361.85,31.54,79.7,414.5,8.08,10.81,Dolomite,22.5,10.81
VOLVE_15_9_F15,3362.75,17.15,89.3,412.1,2.39,10.65,Dolomite,22.53,8.87
VOLVE_15_9_F15,3363.68,22.09,117.1,472.5,4.61,10.54,Dolomite,22.57,11.01
VOLVE_15_9_F15,3364.05,24.03,71.6,385.6,3.05,10.54,Dolomite,22.62,8.63
VOLVE_15_9_F15,3365.01,26.66,41.2,463.2,4.86,10.88,Dolomite,22.66,8.47
VOLVE_15_9_F15,3365.83,20.92,72.7,379.6,5.53,10.5,Dolomite,22.67,8.9
VOLVE_15_9_F15,3366.27,18.85,86.7,467.0,6.11,10.5,Dolomite,22.71,9.56
VOLVE_15_9_F15,3366.84,20.9,88.7,434.8,6.1,10.86,Dolomite,22.75,9.22
VOLVE_15_9_F15,3367.29,28.05,78.4,482.1,6.85,10.67,Dolomite,22.79,10.98
VOLVE_15_9_F15,3368.05,18.36,65.3,348.7,4.36,10.7,Dolomite,22.84,6.39
VOLVE_15_9_F15,3368.35,26.08,87.0,494.6,4.98,10.47,Dolomite,22.89,10.62
VOLVE_15_9_F15,3368.79,24.19,82.9,457.2,4.3,10.47,Dolomite,22.92,8.96
VOLVE_15_9_F15,3369.57,24.48,85.1,438.0,7.35,10.89,Dolomite,22.96,9.63
VOLVE_15_9_F15,3370.4,26.48,70.5,477.7,6.38,10.67,Dolomite,22.99,11.77
VOLVE_15_9_F15,3371.0,21.62,94.2,474.6,4.89,10.62,Dolomite,23.03,10.74
VOLVE_15_9_F15,3371.69,25.93,84.4,401.6,5.66,10.57,Dolomite,23.04,7.83
VOLVE_15_9_F15,3372.49,23.88,80.0,463.0,6.58,10.6,Dolomite,23.07,9.01
VOLVE_15_9_F15,3373.07,20.2,97.1,486.0,4.43,10.51,Dolomite,23.12,8.63
VOLVE_15_9_F15,3373.77,23.26,76.2,393.0,5.56,10.68,Dolomite,23.17,9.52
VOLVE_15_9_F15,3374.07,23.39,94.8,464.9,5.3,10.52,Dolomite,23.21,10.88
VOLVE_15_9_F15,3375.03,17.37,72.9,504.9,6.18,10.56,Dolomite,23.22,7.5
VOLVE_15_9_F15,3375.41,21.05,64.4,463.6,4.49,10.69,Dolomite,23.26,8.21
VOLVE_15_9_F15,3375.97,24.72,81.3,437.9,6.28,10.84,Dolomite,23.29,9.44
VOLVE_15_9_F15,3376.89,23.87,50.7,402.0,3.73,10.81,Dolomite,23.3,7.21
VOLVE_15_9_F15,3377.4,26.14,86.7,412.8,4.33,10.53,Dolomite,23.32,9.63
VOLVE_15_9_F15,3377.77,26.73,97.0,440.6,4.39,10.59,Dolomite,23.34,10.67
VOLVE_15_9_F15,3378.65,21.28,117.8,487.8,6.86,10.37,Dolomite,23.37,10.61
VOLVE_15_9_F15,3378.94,21.67,96.9,480.5,6.18,10.72,Dolomite,23.4,9.02
VOLVE_15_9_F15,3379.79,19.58,108.6,440.7,6.99,10.73,Dolomite,23.44,10.84
VOLVE_15_9_F15,3380.1,24.8,86.0,423.7,6.28,10.63,Dolomite,23.46,7.17
VOLVE_15_9_F15,3380.32,22.15,102.5,432.3,5.69,10.81,Dolomite,23.49,7.2
VOLVE_15_9_F15,3380.69,26.44,84.4,503.0,5.32,10.53,Dolomite,23.51,9.39
VOLVE_15_9_F15,3381.15,26.12,102.8,395.7,7.13,10.64,Dolomite,23.54,10.2
VOLVE_15_9_F15,3381.68,24.76,49.1,457.4,5.72,10.45,Dolomite,23.59,7.25
VOLVE_15_9_F15,3382.52,22.43,64.8,434.9,4.03,10.6,Dolomite,23.63,10.72
VOLVE_15_9_F15,3383.41,26.26,76.0,482.2,4.83,10.55,Dolomite,23.65,9.53
VOLVE_15_9_F15,3383.9,23.53,94.8,446.9,5.74,10.71,Dolomite,23.67,9.25
VOLVE_15_9_F15,3384.23,24.14,92.4,404.8,5.58,10.57,Dolomite,23.71,10.41
VOLVE_15_9_F15,3384.75,18.7,67.4,518.3,5.65,10.8,Dolomite,23.75,6.73
VOLVE_15_9_F15,3385.56,24.49,60.3,463.7,5.92,10.37,Dolomite,23.79,10.31
VOLVE_15_9_F15,3386.53,23.65,79.6,461.4,4.41,10.71,Dolomite,23.81,7.79
VOLVE_15_9_F15,3386.97,23.26,74.5,399.0,3.91,10.21,Dolomite,23.83,7.44
VOLVE_15_9_F15,3387.2,22.08,75.4,441.8,3.14,10.61,Dolomite,23.86,8.74
VOLVE_15_9_F15,3388.1,19.69,77.4,425.4,4.93,10.8,Dolomite,23.87,7.81
VOLVE_15_9_F15,3388.57,23.4,78.0,451.2,7.45,10.61,Dolomite,23.88,10.03
VOLVE_15_9_F15,3389.28,18.14,96.0,379.6,4.82,10.81,Dolomite,23.92,7.77
VOLVE_15_9_F15,3389.59,22.97,95.0,459.8,5.47,10.48,Dolomite,23.94,10.49
VOLVE_15_9_F15,3390.16,22.14,74.9,488.0,5.43,10.65,Dolomite,23.97,9.63
VOLVE_15_9_F15,3390.7,26.84,75.7,432.8,5.57,10.5,Dolomite,24.0,9.63
VOLVE_15_9_F15,3391.39,28.24,93.5,465.6,4.48,10.85,Dolomite,24.04,9.87
VOLVE_15_9_F15,3392.08,19.76,85.6,413.2,4.24,10.5,Dolomite,24.08,8.21
VOLVE_15_9_F15,3392.64,25.52,95.5,522.1,5.43,10.48,Dolomite,24.1,10.04
VOLVE_15_9_F15,3393.63,21.9,89.0,413.9,7.2,10.82,Dolomite,24.14,9.1
VOLVE_15_9_F15,3394.6,22.38,81.1,447.2,6.67,10.44,Dolomite,24.18,9.93
VOLVE_15_9_F15,3394.97,22.34,84.6,422.6,3.91,10.5,Dolomite,24.23,8.97
VOLVE_15_9_F15,3395.53,26.82,53.1,417.4,6.82,10.71,Dolomite,24.24,7.79
VOLVE_15_9_F15,3396.09,23.29,72.1,518.4,7.27,10.66,Dolomite,24.28,10.05
VOLVE_15_9_F15,3396.62,24.63,103.6,514.0,6.3,10.52,Dolomite,24.3,9.68
VOLVE_15_9_F15,3396.84,19.4,97.1,435.4,4.48,10.61,Dolomite,24.32,10.25
VOLVE_15_9_F15,3397.53,20.72,77.7,592.4,5.11,10.9,Dolomite,24.35,9.63
VOLVE_15_9_F15,3397.95,22.2,64.8,499.9,6.85,10.48,Dolomite,24.36,10.07
VOLVE_15_9_F15,3398.16,23.59,91.4,496.5,4.14,10.63,Dolomite,24.39,9.32
VOLVE_15_9_F15,3398.9,25.27,52.5,456.2,4.57,10.58,Dolomite,24.41,8.8
VOLVE_15_9_F15,3399.79,22.13,88.7,503.6,5.81,10.78,Dolomite,24.44,9.25
VOLVE_15_9_F15,3400.02,27.1,82.2,461.0,5.25,10.44,Dolomite,24.47,8.93
VOLVE_15_9_F15,3400.88,22.91,77.4,416.6,3.2,10.53,Dolomite,24.5,9.28
VOLVE_15_9_F15,3401.57,21.87,97.3,455.2,4.04,10.58,Dolomite,24.55,8.53
VOLVE_15_9_F15,3402.04,25.75,95.1,438.3,4.1,10.53,Dolomite,24.59,8.99
VOLVE_15_9_F15,3402.71,25.37,93.1,406.8,5.15,10.69,Dolomite,24.63,7.52
VOLVE_15_9_F15,3403.32,19.11,104.9,496.6,7.46,10.73,Dolomite,24.67,10.59
VOLVE_15_9_F15,3404.03,27.57,73.2,463.2,7.24,10.69,Dolomite,24.68,8.98
VOLVE_15_9_F15,3404.65,22.25,73.5,453.5,5.15,10.37,Dolomite,24.71,8.28
VOLVE_15_9_F15,3405.19,23.07,82.5,526.4,6.09,10.58,Dolomite,24.74,8.8
VOLVE_15_9_F15,3405.41,21.41,108.6,463.2,5.77,10.59,Dolomite,24.77,9.0
VOLVE_15_9_F15,3405.9,22.53,56.8,506.0,4.65,10.46,Dolomite,24.81,7.7
VOLVE_15_9_F15,3406.35,19.32,73.5,414.5,4.89,10.5,Dolomite,24.84,6.92
VOLVE_15_9_F15,3406.71,24.34,72.2,425.1,4.89,10.9,Dolomite,24.85,9.13
VOLVE_15_9_F15,3407.14,22.02,88.9,456.8,3.79,10.75,Dolomite,24.87,8.22
VOLVE_15_9_F15,3408.12,22.83,64.3,460.6,5.06,10.45,Dolomite,24.91,9.42
VOLVE_15_9_F15,3408.49,26.07,82.5,468.7,4.62,10.73,Dolomite,24.96,9.35
VOLVE_15_9_F15,3408.77,24.74,107.2,496.9,5.21,10.72,Dolomite,25.01,7.77
VOLVE_15_9_F15,3409.67,23.59,62.9,601.6,5.62,10.51,Dolomite,25.05,9.72
VOLVE_15_9_F15,3410.28,28.52,68.5,392.3,3.68,10.71,Dolomite,25.09,8.69
VOLVE_15_9_F15,3411.21,20.68,83.4,432.3,3.78,10.56,Dolomite,25.11,8.57
VOLVE_15_9_F15,3411.44,23.77,95.2,472.8,5.55,10.36,Dolomite,25.15,10.14
VOLVE_15_9_F15,3412.08,26.78,84.3,534.9,4.25,10.57,Dolomite,25.18,8.95
VOLVE_15_9_F15,3412.53,27.42,95.8,447.7,5.13,10.47,Dolomite,25.22,10.95
VOLVE_15_9_F15,3413.01,19.91,95.6,455.9,6.25,10.54,Dolomite,25.23,8.61
VOLVE_15_9_F15,3413.81,21.78,64.5,440.3,4.59,10.71,Dolomite,25.26,9.85
VOLVE_15_9_F15,3414.6,26.46,79.3,477.9,4.66,10.71,Dolomite,25.29,7.9
VOLVE_15_9_F15,3415.18,22.45,51.4,455.6,5.73,10.69,Dolomite,25.32,6.81
VOLVE_15_9_F15,3415.41,23.77,89.4,489.4,3.4,10.68,Dolomite,25.37,9.31
VOLVE_15_9_F15,3416.36,22.41,113.4,505.7,3.97,10.48,Dolomite,25.4,10.11
VOLVE_15_9_F15,3416.56,23.6,72.6,441.5,3.56,10.52,Dolomite,25.43,8.51
VOLVE_15_9_F15,3417.19,14.98,76.7,494.9,3.68,10.81,Dolomite,25.46,7.82
VOLVE_15_9_F15,3417.55,22.68,70.9,426.7,3.21,10.91,Dolomite,25.5,9.08
VOLVE_15_9_F15,3418.14,23.49,103.8,465.5,7.88,10.64,Dolomite,25.52,9.48
VOLVE_15_9_F15,3418.41,22.52,91.1,429.8,2.27,10.68,Dolomite,25.53,7.62
VOLVE_15_9_F15,3418.62,23.94,77.0,390.3,5.8,10.96,Dolomite,25.58,9.68
VOLVE_15_9_F15,3419.5,20.35,60.9,493.5,4.25,10.58,Dolomite,25.62,9.17
VOLVE_15_9_F15,3419.87,24.35,77.2,415.7,5.42,10.66,Dolomite,25.63,9.69
VOLVE_15_9_F15,3420.28,27.8,65.5,427.1,4.79,10.54,Dolomite,25.66,7.47
VOLVE_15_9_F15,3420.49,26.91,79.9,442.3,5.34,10.32,Dolomite,25.7,8.42
VOLVE_15_9_F15,3421.34,25.44,83.6,532.8,4.35,10.55,Dolomite,25.75,10.03
VOLVE_15_9_F15,3421.99,24.34,68.5,521.8,6.64,10.7,Dolomite,25.79,10.75
VOLVE_15_9_F15,3422.84,21.91,75.6,389.6,3.52,10.4,Dolomite,25.82,9.65
VOLVE_15_9_F15,3423.39,22.45,96.2,407.3,5.27,10.72,Dolomite,25.86,8.67
VOLVE_15_9_F15,3424.11,25.86,72.0,531.9,8.27,10.45,Dolomite,25.9,8.7
VOLVE_15_9_F15,3424.73,23.34,105.2,544.3,6.62,10.55,Dolomite,25.92,8.83
VOLVE_15_9_F15,3425.55,28.99,89.3,476.0,4.46,10.61,Dolomite,25.97,9.25
VOLVE_15_9_F15,3426.02,19.34,86.7,462.3,6.57,10.5,Dolomite,25.99,11.45
VOLVE_15_9_F15,3426.32,23.18,88.6,454.4,5.79,10.65,Dolomite,26.01,7.87
VOLVE_15_9_F15,3426.7,22.3,48.0,448.1,4.18,10.62,Dolomite,26.06,7.5
VOLVE_15_9_F15,3427.35,25.65,95.5,406.9,6.7,10.65,Dolomite,26.1,8.53
VOLVE_15_9_F15,3427.77,26.18,99.0,490.0,7.43,10.86,Dolomite,26.14,10.11
VOLVE_15_9_F15,3428.1,20.49,89.7,419.2,4.3,10.52,Dolomite,26.17,6.59
VOLVE_15_9_F15,3429.01,20.36,60.6,483.0,4.18,10.71,Dolomite,26.2,6.66
VOLVE_15_9_F15,3429.47,21.78,88.3,458.2,4.68,10.53,Dolomite,26.25,7.73
VOLVE_15_9_F15,3429.7,25.09,65.9,500.7,5.92,10.64,Dolomite,26.29,7.49
VOLVE_15_9_F15,3430.36,24.81,92.1,429.4,6.67,10.79,Dolomite,26.33,8.22
VOLVE_15_9_F15,3431.15,19.65,90.6,405.8,5.89,10.79,Dolomite,26.38,8.25
VOLVE_15_9_F15,3431.49,24.46,75.9,416.4,4.18,10.57,Dolomite,26.41,9.84
VOLVE_15_9_F15,3432.09,24.12,85.2,456.0,7.72,10.78,Dolomite,26.46,8.82
VOLVE_15_9_F15,3432.37,23.58,86.0,450.7,4.42,10.69,Dolomite,26.51,7.97
VOLVE_15_9_F15,3432.73,25.2,100.6,405.6,6.1,10.66,Dolomite,26.53,9.73
VOLVE_15_9_F15,3433.13,24.3,88.8,435.5,5.3,10.69,Dolomite,26.56,9.91
VOLVE_15_9_F15,3433.97,23.94,66.9,460.0,3.89,10.64,Dolomite,26.59,7.12
VOLVE_15_9_F15,3434.32,26.65,55.1,485.1,5.52,10.51,Dolomite,26.62,7.61
VOLVE_15_9_F15,3434.59,27.56,102.2,456.0,6.1,10.62,Dolomite,26.65,8.92
VOLVE_15_9_F15,3435.09,22.72,61.8,484.9,5.81,10.86,Dolomite,26.69,7.88
VOLVE_15_9_F15,3436.07,23.58,64.1,458.6,5.04,10.55,Dolomite,26.72,8.11
VOLVE_15_9_F15,3436.7,25.43,74.6,458.8,5.69,11.13,Dolomite,26.77,8.78
VOLVE_15_9_F15,3437.33,23.28,74.9,476.9,7.39,10.53,Dolomite,26.8,8.42
VOLVE_15_9_F15,3438.16,25.49,57.9,409.2,4.94,10.78,Dolomite,26.83,8.53
VOLVE_15_9_F15,3438.74,24.08,82.4,532.4,3.43,10.43,Dolomite,26.87,8.76
VOLVE_15_9_F15,3439.51,25.7,62.8,460.0,6.37,10.71,Dolomite,26.89,6.92
VOLVE_15_9_F15,3439.77,25.44,87.3,453.4,6.64,10.4,Dolomite,26.92,9.75
VOLVE_15_9_F15,3440.19,23.55,88.8,466.8,3.77,10.78,Dolomite,26.96,7.79
VOLVE_15_9_F15,3440.73,26.0,98.0,502.5,4.34,10.65,Dolomite,27.01,8.82
VOLVE_15_9_F15,3441.19,25.54,88.3,473.5,5.02,10.8,Dolomite,27.03,9.9
VOLVE_15_9_F15,3441.42,29.56,91.1,482.4,4.92,10.47,Dolomite,27.07,10.19
VOLVE_15_9_F15,3442.02,19.18,59.3,460.4,4.19,10.68,Dolomite,27.11,6.99
VOLVE_15_9_F15,3442.43,25.43,69.1,413.6,4.96,10.74,Dolomite,27.12,9.42
VOLVE_15_9_F15,3442.99,26.38,79.1,353.1,5.44,10.74,Dolomite,27.13,9.52
VOLVE_15_9_F15,3443.88,29.34,94.3,490.1,7.58,10.51,Dolomite,27.16,8.6
VOLVE_15_9_F15,3444.17,22.49,80.7,497.3,7.75,10.67,Dolomite,27.19,5.97
VOLVE_15_9_F15,3444.77,24.06,77.3,409.0,3.82,10.57,Dolomite,27.21,8.31
VOLVE_15_9_F15,3445.27,22.63,90.2,404.2,5.52,10.68,Dolomite,27.22,8.38
VOLVE_15_9_F15,3445.72,28.23,52.6,410.1,6.64,10.4,Dolomite,27.24,9.04
VOLVE_15_9_F15,3446.23,21.86,66.0,431.2,6.44,10.87,Dolomite,27.29,9.41
VOLVE_15_9_F15,3446.53,22.56,84.1,418.7,3.55,10.56,Dolomite,27.34,9.73
VOLVE_15_9_F15,3447.18,20.15,81.9,459.9,5.04,10.72,Dolomite,27.37,10.32
VOLVE_15_9_F15,3447.74,16.8,88.5,461.3,5.94,10.48,Dolomite,27.42,6.88
VOLVE_15_9_F15,3448.65,23.81,85.4,456.4,4.42,10.4,Dolomite,27.43,10.24
VOLVE_15_9_F15,3448.89,23.54,87.3,433.3,4.68,10.75,Dolomite,27.47,6.94
VOLVE_15_9_F15,3449.65,23.22,72.7,417.8,6.3,10.75,Dolomite,27.51,5.66
VOLVE_15_9_F15,3449.88,25.33,101.4,394.8,5.23,,Dolomite,27.52,7.66
VOLVE_15_9_F15,3450.45,25.72,65.5,430.9,6.02,10.7,Dolomite,27.53,8.52
VOLVE_15_9_F15,3450.93,22.09,77.8,479.0,7.2,10.83,Dolomite,27.54,8.91
VOLVE_15_9_F15,3451.31,23.96,81.9,388.8,5.65,10.7,Dolomite,27.56,8.0
VOLVE_15_9_F15,3452.3,23.52,90.9,450.9,5.07,10.51,Dolomite,27.6,8.69
VOLVE_15_9_F15,3452.92,23.82,67.4,411.3,5.95,11.01,Dolomite,27.64,8.25
VOLVE_15_9_F15,3453.85,27.55,80.1,401.6,6.2,10.53,Dolomite,27.67,8.82
VOLVE_15_9_F15,3454.49,24.85,97.0,492.3,5.1,10.78,Dolomite,27.7,8.05
VOLVE_15_9_F15,3455.46,26.41,81.3,503.0,5.71,10.73,Dolomite,27.72,9.2
VOLVE_15_9_F15,3456.42,23.31,83.8,473.7,6.3,10.81,Dolomite,27.76,10.21
VOLVE_15_9_F15,3456.68,20.98,75.6,406.2,5.35,10.64,Dolomite,27.8,7.77
VOLVE_15_9_F15,3457.1,26.51,81.4,487.2,4.55,10.7,Dolomite,27.85,7.57
VOLVE_15_9_F15,3458.02,25.66,80.9,483.6,6.51,10.56,Dolomite,27.88,10.74
VOLVE_15_9_F15,3458.48,22.65,87.5,533.8,5.11,,Dolomite,27.91,8.92
VOLVE_15_9_F15,3459.07,23.38,62.9,432.6,4.67,10.46,Dolomite,27.93,7.72
VOLVE_15_9_F15,3459.44,25.21,79.3,469.0,3.51,10.84,Dolomite,27.97,10.17
VOLVE_15_9_F15,3460.31,24.75,83.4,418.4,7.11,11.01,Dolomite,27.99,7.79
VOLVE_15_9_F15,3460.78,23.53,93.3,378.0,6.18,10.82,Dolomite,28.01,8.77
VOLVE_15_9_F15,3461.45,21.11,91.4,380.7,4.81,10.34,Dolomite,28.03,6.48
VOLVE_15_9_F15,3462.05,28.62,102.3,456.4,6.87,10.57,Dolomite,28.07,9.03
VOLVE_15_9_F15,3462.76,23.83,81.7,424.5,6.71,10.8,Dolomite,28.1,6.94
VOLVE_15_9_F15,3463.48,26.73,61.8,475.0,6.4,10.49,Dolomite,28.12,8.28
VOLVE_15_9_F15,3463.84,17.73,80.2,480.0,4.39,10.45,Dolomite,28.15,8.34
VOLVE_15_9_F15,3464.23,20.77,57.0,454.9,3.59,10.68,Dolomite,28.19,7.27
VOLVE_15_9_F15,3464.68,26.62,56.9,392.3,4.58,10.58,Dolomite,28.2,8.34
VOLVE_15_9_F15,3465.52,23.4,71.8,414.9,5.61,10.57,Dolomite,28.25,8.08
VOLVE_15_9_F15,3466.05,26.5,84.8,463.8,4.11,10.45,Dolomite,28.27,7.94
VOLVE_15_9_F15,3466.75,22.39,65.2,467.8,7.16,10.91,Dolomite,28.3,8.92
VOLVE_15_9_F15,3467.25,23.54,101.3,468.4,6.03,10.51,Dolomite,28.31,9.77
VOLVE_15_9_F15,3467.45,21.97,84.7,489.1,6.54,10.59,Dolomite,28.36,9.39
VOLVE_15_9_F15,3468.08,26.32,99.9,444.8,4.8,10.72,Dolomite,28.37,8.48
VOLVE_15_9_F15,3468.57,23.04,107.4,462.8,5.88,10.62,Dolomite,28.41,7.46
VOLVE_15_9_F15,3469.44,25.96,96.1,476.7,5.08,10.58,Dolomite,28.43,9.23
VOLVE_15_9_F15,3470.3,27.65,74.1,493.1,3.43,10.8,Dolomite,28.46,9.74
VOLVE_15_9_F15,3471.02,23.38,65.6,453.9,5.82,10.71,Dolomite,28.5,7.61
VOLVE_15_9_F15,3471.3,23.65,67.1,452.5,6.66,10.71,Dolomite,28.55,7.52
VOLVE_15_9_F15,3472.02,22.6,83.4,466.7,8.14,10.59,Dolomite,28.57,9.15
VOLVE_15_9_F15,3472.58,28.85,74.7,456.3,6.08,10.46,Dolomite,28.61,7.19
VOLVE_15_9_F15,3473.54,23.63,65.8,443.5,4.62,10.83,Dolomite,28.63,5.96
VOLVE_15_9_F15,3474.15,23.31,90.2,429.1,6.54,10.55,Dolomite,28.64,9.49
VOLVE_15_9_F15,3474.56,21.12,89.0,385.7,4.39,10.45,Dolomite,28.68,8.26
VOLVE_15_9_F15,3475.25,22.51,67.5,475.8,4.33,10.6,Dolomite,28.71,8.34
VOLVE_15_9_F15,3475.88,22.8,72.9,473.0,5.06,10.65,Dolomite,28.75,8.32
VOLVE_15_9_F15,3476.37,26.64,59.2,465.0,4.18,10.45,Dolomite,28.8,6.73
VOLVE_15_9_F15,3477.13,23.16,82.5,470.9,4.27,10.59,Dolomite,28.83,7.67
VOLVE_15_9_F15,3477.73,23.01,74.4,447.8,7.02,10.66,Dolomite,28.85,7.95
VOLVE_15_9_F15,3478.29,25.83,96.0,529.3,4.71,10.47,Dolomite,28.87,9.72
VOLVE_15_9_F15,3479.27,23.99,81.0,489.9,6.07,10.83,Dolomite,28.89,8.13
VOLVE_15_9_F15,3479.89,21.2,69.7,532.2,3.95,10.46,Dolomite,28.92,8.69
VOLVE_15_9_F15,3480.49,27.8,81.4,428.1,5.54,10.76,Dolomite,28.95,7.9
VOLVE_15_9_F15,3481.34,22.55,76.7,452.3,5.61,10.68,Dolomite,28.99,9.72
VOLVE_15_9_F15,3482.14,24.64,69.6,452.3,5.4,11.04,Dolomite,29.0,8.15
VOLVE_15_9_F15,3482.44,25.05,78.8,512.6,4.43,10.67,Dolomite,29.02,8.96
VOLVE_15_9_F15,3483.05,18.42,61.1,371.9,5.65,10.45,Dolomite,29.04,7.52
VOLVE_15_9_F15,3483.51,23.12,83.1,479.2,5.48,10.47,Dolomite,29.09,6.05
VOLVE_15_9_F15,3484.23,22.46,84.2,463.3,3.24,10.61,Dolomite,29.11,8.57
VOLVE_15_9_F15,3484.72,20.97,96.9,498.8,6.43,10.29,Dolomite,29.12,8.59
VOLVE_15_9_F15,3485.43,23.64,83.3,434.6,5.47,10.46,Dolomite,29.13,8.08
VOLVE_15_9_F15,3486.02,24.23,66.0,387.5,4.98,10.76,Dolomite,29.16,8.09
VOLVE_15_9_F15,3486.61,25.29,40.0,532.7,5.19,10.99,Dolomite,29.17,6.89
VOLVE_15_9_F15,3487.58,24.23,64.3,456.5,3.13,10.65,Dolomite,29.2,9.13
VOLVE_15_9_F15,3488.51,23.83,85.7,495.2,4.46,10.5,Dolomite,29.23,10.48
VOLVE_15_9_F15,3489.49,27.96,99.2,444.7,6.22,10.82,Dolomite,29.24,9.22
VOLVE_15_9_F15,3490.21,23.08,82.4,502.5,4.12,10.86,Dolomite,29.27,9.22
VOLVE_15_9_F15,3490.98,19.77,68.6,488.0,5.65,10.6,Dolomite,29.31,7.28
VOLVE_15_9_F15,3491.33,21.93,84.6,505.9,3.71,10.76,Dolomite,29.35,7.2
VOLVE_15_9_F15,3491.59,26.78,44.7,443.9,4.89,10.86,Dolomite,29.37,7.84
VOLVE_15_9_F15,3491.98,23.46,81.6,511.2,6.98,10.71,Dolomite,29.39,7.51
VOLVE_15_9_F15,3492.45,21.78,90.0,478.2,4.27,10.56,Dolomite,29.43,7.77
VOLVE_15_9_F15,3492.72,25.77,69.2,384.5,5.37,10.59,Dolomite,29.47,7.96
VOLVE_15_9_F15,3493.27,27.87,95.8,511.7,4.85,10.48,Dolomite,29.5,9.19
VOLVE_15_9_F15,3493.8,23.51,102.3,480.3,3.8,10.55,Dolomite,29.54,8.75
VOLVE_15_9_F15,3494.49,25.6,89.6,445.2,6.39,10.76,Dolomite,29.55,9.81
VOLVE_15_9_F15,3495.39,27.67,86.8,451.9,5.73,10.63,Dolomite,29.57,9.82
VOLVE_15_9_F15,3496.31,29.2,40.0,416.9,5.31,10.44,Dolomite,29.61,8.32
VOLVE_15_9_F15,3497.03,25.41,85.8,463.1,5.93,10.72,Dolomite,29.64,8.84
VOLVE_15_9_F15,3497.95,23.88,95.7,479.3,4.58,10.83,Dolomite,29.68,7.29
VOLVE_15_9_F15,3498.33,23.85,79.4,461.7,3.89,10.64,Dolomite,29.71,7.9
VOLVE_15_9_F15,3498.97,18.56,93.5,466.4,5.29,10.65,Dolomite,29.74,7.3
VOLVE_15_9_F15,3499.88,20.82,83.3,435.3,6.9,10.89,Dolomite,29.76,8.08
VOLVE_15_9_F15,3500.83,25.27,81.9,420.3,5.88,10.84,Dolomite,29.79,9.39
VOLVE_15_9_F15,3501.83,30.58,88.5,458.5,4.38,10.75,Dolomite,29.84,9.21
VOLVE_15_9_F15,3502.67,22.61,78.4,467.5,8.74,10.88,Dolomite,29.87,8.16
VOLVE_15_9_F15,3502.93,23.47,69.8,440.7,3.68,10.84,Dolomite,29.88,8.46
VOLVE_15_9_F15,3503.76,25.08,77.4,476.1,3.22,10.65,Dolomite,29.92,8.26
VOLVE_15_9_F15,3504.05,27.96,75.9,491.7,7.77,10.73,Dolomite,29.95,8.78
VOLVE_15_9_F15,3504.9,21.96,86.9,496.1,4.3,10.69,Dolomite,29.97,8.96
VOLVE_15_9_F15,3505.23,22.93,67.8,437.7,4.49,10.97,Dolomite,29.98,8.07
VOLVE_15_9_F15,3506.02,24.11,98.7,390.7,7.04,10.73,Dolomite,30.03,7.8
VOLVE_15_9_F15,3506.9,24.44,86.1,474.4,7.49,10.72,Dolomite,30.07,7.28
VOLVE_15_9_F15,3507.21,24.59,99.2,445.6,5.48,10.95,Dolomite,30.11,8.67
VOLVE_15_9_F15,3507.43,25.06,77.4,458.1,6.31,10.7,Dolomite,30.14,7.97
VOLVE_15_9_F15,3508.24,25.56,61.4,437.8,7.4,10.62,Dolomite,30.17,7.46
VOLVE_15_9_F15,3508.9,24.96,62.8,522.5,3.77,10.35,Dolomite,30.2,7.58
VOLVE_15_9_F15,3509.38,24.13,71.5,440.5,5.59,10.61,Dolomite,30.22,7.92
VOLVE_15_9_F15,3509.89,20.69,65.3,532.0,4.38,10.7,Dolomite,30.26,7.66
VOLVE_15_9_F15,3510.16,20.89,57.7,488.3,3.29,10.82,Dolomite,30.3,6.61
VOLVE_15_9_F15,3510.96,22.29,84.0,499.2,6.38,10.67,Dolomite,30.34,7.57
VOLVE_15_9_F15,3511.88,26.99,86.3,451.9,7.16,10.54,Dolomite,30.39,7.08
VOLVE_15_9_F15,3512.22,27.71,77.8,423.8,6.43,10.73,Dolomite,30.43,8.41
VOLVE_15_9_F15,3512.86,20.81,102.3,485.1,6.1,10.41,Dolomite,30.47,9.25
VOLVE_15_9_F15,3513.67,26.54,80.8,470.9,5.27,10.87,Dolomite,30.48,8.61
VOLVE_15_9_F15,3514.13,20.24,76.3,437.0,5.35,10.89,Dolomite,30.49,6.15
VOLVE_15_9_F15,3515.08,25.72,76.8,485.5,6.14,10.41,Dolomite,30.51,7.68
VOLVE_15_9_F15,3515.52,23.08,92.5,480.6,8.28,10.55,Dolomite,30.53,7.61
VOLVE_15_9_F15,3516.51,18.85,60.8,388.2,2.67,10.73,Dolomite,30.55,5.72
VOLVE_15_9_F15,3516.79,21.67,53.7,481.9,4.03,10.94,Dolomite,30.56,6.29
VOLVE_15_9_F15,3517.04,22.73,84.4,495.7,5.08,10.66,Dolomite,30.61,7.55
VOLVE_15_9_F15,3517.63,25.31,84.4,396.2,6.12,10.73,Dolomite,30.65,10.52
VOLVE_15_9_F15,3517.85,24.09,90.1,535.3,7.31,10.71,Dolomite,30.67,8.24
VOLVE_15_9_F15,3518.68,23.91,80.8,513.2,6.59,10.44,Dolomite,30.68,6.54
VOLVE_15_9_F15,3519.46,23.5,107.6,388.3,5.38,10.62,Dolomite,30.72,9.34
VOLVE_15_9_F15,3519.67,26.69,93.6,442.7,6.58,10.56,Dolomite,30.74,8.88
VOLVE_15_9_F15,3519.94,21.71,46.7,421.3,4.52,10.71,Dolomite,30.78,7.68
VOLVE_15_9_F15,3520.51,25.53,60.6,409.6,5.51,10.57,Dolomite,30.83,7.51
VOLVE_15_9_F15,3521.48,30.2,53.2,469.6,6.75,10.68,Dolomite,30.87,9.35
VOLVE_15_9_F15,3522.35,25.57,82.4,463.0,2.35,10.67,Dolomite,30.89,8.21
VOLVE_15_9_F15,3522.83,25.48,84.1,420.7,5.23,10.68,Dolomite,30.94,9.22
VOLVE_15_9_F15,3523.28,22.56,106.8,425.3,4.46,10.83,Dolomite,30.96,9.16
VOLVE_15_9_F15,3524.07,29.31,70.1,457.5,4.63,10.73,Dolomite,30.99,7.81
VOLVE_15_9_F15,3524.51,22.22,67.7,473.5,4.28,10.64,Dolomite,31.0,7.76
VOLVE_15_9_F15,3525.27,24.0,85.0,424.0,3.19,10.75,Dolomite,31.03,9.09
VOLVE_15_9_F15,3525.51,18.75,65.7,459.8,6.21,10.59,Dolomite,31.05,7.84
VOLVE_15_9_F15,3526.37,22.57,77.4,479.2,8.26,10.51,Dolomite,31.09,9.23
VOLVE_15_9_F15,3526.71,26.1,95.0,493.7,6.0,10.84,Dolomite,31.13,11.23
VOLVE_15_9_F15,3527.2,23.86,92.8,468.9,7.48,10.58,Dolomite,31.16,8.13
VOLVE_15_9_F15,3527.98,26.83,97.1,463.5,5.09,10.52,Dolomite,31.19,8.57
VOLVE_15_9_F15,3528.35,,61.6,447.5,6.75,10.9,Dolomite,31.22,6.06
VOLVE_15_9_F15,3529.35,25.43,89.5,440.7,5.08,10.81,Dolomite,31.23,7.35
VOLVE_15_9_F15,3529.82,26.7,81.3,464.2,4.94,10.65,Dolomite,31.26,7.7
VOLVE_15_9_F15,3530.47,20.25,116.7,460.9,5.77,10.81,Dolomite,31.29,8.61
VOLVE_15_9_F15,3531.36,26.31,92.0,473.6,7.93,10.61,Dolomite,31.31,8.66
VOLVE_15_9_F15,3532.34,23.28,81.3,426.5,6.7,10.75,Dolomite,31.34,7.37
VOLVE_15_9_F15,3533.26,23.0,96.6,482.7,7.29,10.69,Dolomite,31.38,8.37
VOLVE_15_9_F15,3534.19,21.51,89.9,396.3,3.57,10.62,Dolomite,31.42,7.11
VOLVE_15_9_F15,3534.98,25.34,92.6,484.4,4.35,10.72,Dolomite,31.45,8.13
VOLVE_15_9_F15,3535.26,24.54,88.8,448.6,4.96,10.51,Dolomite,31.48,6.92
VOLVE_15_9_F15,3535.65,26.32,75.5,411.8,7.28,10.59,Dolomite,31.5,9.53
VOLVE_15_9_F15,3536.39,20.35,75.4,412.1,5.8,10.37,Dolomite,31.54,7.26
VOLVE_15_9_F15,3537.11,26.84,91.7,479.1,3.65,10.63,Dolomite,31.55,7.98
VOLVE_15_9_F15,3537.82,25.48,71.9,462.1,5.04,10.72,Dolomite,31.56,7.75
VOLVE_15_9_F15,3538.12,22.0,83.9,465.3,4.44,10.46,Dolomite,31.59,7.11
VOLVE_15_9_F15,3538.53,26.72,88.8,449.5,5.58,10.74,Dolomite,31.62,9.6
VOLVE_15_9_F15,3539.23,25.18,72.7,440.8,8.08,10.35,Dolomite,31.65,6.92
VOLVE_15_9_F15,3539.81,21.01,88.0,461.9,4.98,10.59,Dolomite,31.67,7.99
VOLVE_15_9_F15,3540.51,24.63,81.7,455.7,4.97,10.67,Dolomite,31.7,9.71
VOLVE_15_9_F15,3540.91,17.88,75.6,426.6,3.33,10.68,Dolomite,31.72,6.28
VOLVE_15_9_F15,3541.54,25.9,92.9,390.0,6.73,10.72,Dolomite,31.77,6.16
VOLVE_15_9_F15,3541.76,22.52,62.4,429.0,4.82,10.43,Dolomite,31.78,7.15
VOLVE_15_9_F15,3542.0,20.03,62.3,463.2,3.71,10.71,Dolomite,31.81,6.82
VOLVE_15_9_F15,3542.44,18.27,82.0,490.2,5.66,10.78,Dolomite,31.83,7.32
VOLVE_15_9_F15,3542.65,24.94,64.5,377.1,4.78,10.61,Dolomite,31.87,6.84
VOLVE_15_9_F15,3543.18,23.85,100.6,437.0,5.41,10.64,Dolomite,31.89,8.52
VOLVE_15_9_F15,3543.63,23.35,76.3,465.5,4.02,10.47,Dolomite,31.91,8.6
VOLVE_15_9_F15,3544.23,24.8,60.4,461.9,2.82,10.81,Dolomite,31.95,6.8
VOLVE_15_9_F15,3544.5,24.21,78.9,459.1,6.33,10.49,Dolomite,31.99,8.44
VOLVE_15_9_F15,3545.06,26.03,108.0,436.0,6.45,10.84,Dolomite,32.0,7.85
VOLVE_15_9_F15,3545.4,24.15,68.0,425.8,5.56,11.01,Dolomite,32.04,9.71
VOLVE_15_9_F15,3545.95,23.0,72.0,474.9,4.98,10.61,Dolomite,32.06,8.73
VOLVE_15_9_F15,3546.31,23.04,89.6,466.1,4.74,10.57,Dolomite,32.1,9.89
VOLVE_15_9_F15,3547.04,24.73,102.3,454.0,5.87,10.65,Dolomite,32.12,9.3
VOLVE_15_9_F15,3547.39,25.34,66.3,537.0,6.09,10.83,Dolomite,32.14,6.74
VOLVE_15_9_F15,3547.62,22.71,69.9,505.6,5.55,10.55,Dolomite,32.17,7.04
VOLVE_15_9_F15,3548.6,22.99,58.0,476.7,4.09,10.36,Dolomite,32.22,8.02
VOLVE_15_9_F15,3549.36,24.86,81.0,494.0,6.61,10.85,Dolomite,32.27,7.86
VOLVE_15_9_F15,3550.18,25.01,84.9,482.9,5.59,10.69,Dolomite,32.29,8.85
VOLVE_15_9_F15,3550.42,21.86,94.9,446.1,5.43,10.65,Dolomite,32.32,7.82
VOLVE_15_9_F15,3551.15,21.02,87.6,412.6,4.54,10.69,Dolomite,32.35,8.31
VOLVE_15_9_F15,3551.77,24.34,82.8,495.6,4.88,10.56,Dolomite,32.37,10.19
VOLVE_15_9_F15,3552.71,25.4,85.1,456.5,5.81,10.65,Dolomite,32.39,6.92
VOLVE_15_9_F15,3553.47,24.9,90.2,493.1,3.99,10.72,Dolomite,32.44,6.59
VOLVE_15_9_F15,3553.83,20.73,63.5,489.8,4.32,10.76,Dolomite,32.48,6.88
VOLVE_15_9_F15,3554.16,25.05,85.0,397.1,4.89,10.69,Dolomite,32.53,7.66
VOLVE_15_9_F15,3554.54,26.38,56.3,482.2,4.97,10.32,Dolomite,32.54,7.17
VOLVE_15_9_F15,3555.23,23.15,98.3,526.5,5.89,10.64,Dolomite,32.56,8.89
VOLVE_15_9_F15,3555.78,22.58,108.3,450.0,3.98,10.69,Dolomite,32.6,7.82
VOLVE_15_9_F15,3556.75,27.17,72.4,471.0,7.55,10.7,Dolomite,32.65,7.34
VOLVE_15_9_F15,3557.55,26.9,85.9,498.7,5.67,10.62,Dolomite,32.66,8.75
VOLVE_15_9_F15,3557.84,21.89,93.3,398.6,6.06,10.98,Dolomite,32.67,8.38
VOLVE_15_9_F15,3558.81,24.73,104.6,375.7,6.92,10.62,Dolomite,32.69,8.39
VOLVE_15_9_F15,3559.61,21.51,79.2,451.0,7.32,10.75,Dolomite,32.73,9.67
VOLVE_15_9_F15,3559.83,25.32,70.6,394.5,5.53,10.62,Dolomite,32.76,7.21
VOLVE_15_9_F15,3560.76,23.04,88.2,511.0,4.31,10.76,Dolomite,32.78,7.12
VOLVE_15_9_F15,3561.48,21.77,101.0,491.6,3.97,10.46,Dolomite,32.81,8.3
VOLVE_15_9_F15,3561.98,20.68,82.4,509.2,5.64,10.91,Dolomite,32.83,5.86
VOLVE_15_9_F15,3562.22,27.36,101.5,455.4,5.57,10.74,Dolomite,32.87,10.49
VOLVE_15_9_F15,3563.06,23.08,96.3,502.0,7.49,10.61,Dolomite,32.9,10.09
VOLVE_15_9_F15,3563.43,32.18,92.2,460.9,5.42,10.63,Dolomite,32.93,10.13
VOLVE_15_9_F15,3564.01,27.81,80.7,473.2,4.51,10.58,Dolomite,32.97,5.9
VOLVE_15_9_F15,3564.97,27.51,77.5,542.9,4.36,10.63,Dolomite,32.99,7.97
VOLVE_15_9_F15,3565.78,19.16,106.9,407.0,8.14,10.68,Dolomite,33.01,7.85
VOLVE_15_9_F15,3566.43,23.95,68.1,526.6,7.1,10.6,Dolomite,33.03,8.05
VOLVE_15_9_F15,3566.93,19.03,88.9,382.1,3.83,10.8,Dolomite,33.05,7.67
VOLVE_15_9_F15,3567.66,25.46,87.8,456.5,5.21,11.02,Dolomite,33.07,8.97
VOLVE_15_9_F15,3568.34,24.13,86.3,479.6,5.0,10.65,Dolomite,33.11,9.59
VOLVE_15_9_F15,3568.73,27.99,64.9,437.5,3.39,10.35,Dolomite,33.16,8.43
VOLVE_15_9_F15,3569.58,21.65,82.3,468.6,5.05,10.64,Dolomite,33.17,7.57
VOLVE_15_9_F15,3569.87,25.45,73.1,471.9,6.19,10.67,Dolomite,33.18,7.91
VOLVE_15_9_F15,3570.24,24.38,95.1,482.0,5.71,10.8,Dolomite,33.2,9.08
VOLVE_15_9_F15,3570.56,24.22,84.9,449.2,5.15,10.58,Dolomite,33.25,6.71
VOLVE_15_9_F15,3571.24,26.25,103.4,430.0,5.44,10.58,Dolomite,33.27,8.19
VOLVE_15_9_F15,3571.47,25.51,102.7,464.7,5.34,10.58,Dolomite,33.31,10.06
VOLVE_15_9_F15,3572.44,26.47,75.2,444.3,5.75,10.5,Dolomite,33.32,8.5
VOLVE_15_9_F15,3573.14,25.65,102.7,458.3,7.58,10.42,Dolomite,33.34,9.72
VOLVE_15_9_F15,3574.06,25.22,71.9,444.8,4.91,10.7,Dolomite,33.37,7.89
VOLVE_15_9_F15,3574.35,22.44,101.1,465.2,4.63,10.47,Dolomite,33.4,8.98
VOLVE_15_9_F15,3574.72,23.53,63.5,432.9,3.99,10.64,Dolomite,33.43,7.75
VOLVE_15_9_F15,3575.53,21.7,103.4,438.1,7.77,10.79,Dolomite,33.45,9.87
VOLVE_15_9_F15,3576.4,23.56,70.5,412.8,7.41,10.55,Dolomite,33.47,7.08
VOLVE_15_9_F15,3576.82,25.42,76.0,463.4,5.38,10.86,Dolomite,33.49,6.94
VOLVE_15_9_F15,3577.59,20.74,78.5,421.2,5.19,10.58,Dolomite,33.53,5.55
VOLVE_15_9_F15,3578.47,26.3,72.2,469.5,5.15,10.46,Dolomite,33.54,7.97
VOLVE_15_9_F15,3578.91,23.66,101.5,497.9,4.32,10.63,Dolomite,33.59,9.15
VOLVE_15_9_F15,3579.39,23.97,55.5,519.9,4.96,10.74,Dolomite,33.61,8.59
VOLVE_15_9_F15,3579.92,24.27,88.8,452.8,3.76,10.81,Dolomite,33.64,7.77
VOLVE_15_9_F15,3580.73,24.76,90.1,568.1,4.61,10.75,Dolomite,33.68,9.76
VOLVE_15_9_F15,3581.21,18.21,65.4,481.8,4.03,10.96,Dolomite,33.71,6.95
VOLVE_15_9_F15,3581.5,24.08,74.3,462.3,6.57,10.72,Dolomite,33.74,6.47
VOLVE_15_9_F15,3582.14,22.58,66.1,534.8,5.1,10.61,Dolomite,33.76,8.45
VOLVE_15_9_F15,3582.39,23.67,76.3,421.9,4.1,10.68,Dolomite,33.78,6.89
VOLVE_15_9_F15,3583.03,26.24,94.7,456.6,7.1,10.5,Dolomite,33.8,7.93
VOLVE_15_9_F15,3583.47,23.09,75.4,445.3,5.06,10.82,Dolomite,33.82,8.74
VOLVE_15_9_F15,3584.22,22.41,85.4,405.5,4.1,10.49,Dolomite,33.85,8.64
VOLVE_15_9_F15,3584.57,25.12,79.5,496.8,6.2,10.54,Dolomite,33.89,8.41
VOLVE_15_9_F15,3585.37,21.39,111.2,469.0,5.79,10.67,Dolomite,33.91,7.48
VOLVE_15_9_F15,3586.31,27.33,83.0,483.9,3.03,10.55,Dolomite,33.94,6.91
VOLVE_15_9_F15,3587.11,29.21,68.2,483.2,5.84,10.75,Dolomite,33.99,8.41
VOLVE_15_9_F15,3587.55,20.89,84.6,389.6,4.33,10.74,Dolomite,34.01,7.45
VOLVE_15_9_F15,3588.18,25.91,91.5,505.0,4.71,10.8,Dolomite,34.05,7.79
VOLVE_15_9_F15,3589.05,28.1,72.9,427.2,5.24,10.78,Dolomite,34.07,8.28
VOLVE_15_9_F15,3589.88,23.18,100.4,496.3,3.39,10.73,Dolomite,34.1,8.14
VOLVE_15_9_F15,3590.13,22.89,56.7,407.2,4.62,10.68,Dolomite,34.12,6.22
VOLVE_15_9_F15,3590.38,22.85,74.6,471.8,5.5,10.8,Dolomite,34.14,6.48
VOLVE_15_9_F15,3590.66,27.45,81.3,432.1,4.69,10.7,Dolomite,34.15,7.71
VOLVE_15_9_F15,3591.23,27.69,95.7,466.3,5.57,10.91,Dolomite,34.18,7.91
VOLVE_15_9_F15,3591.58,23.72,102.2,451.0,5.72,10.83,Dolomite,34.19,7.75
VOLVE_15_9_F15,3592.34,28.17,101.9,468.8,6.62,10.66,Dolomite,34.22,8.58
VOLVE_15_9_F15,3593.26,21.36,83.4,448.2,5.91,10.88,Dolomite,34.27,7.38
VOLVE_15_9_F15,3593.47,25.65,98.0,438.1,5.03,10.92,Dolomite,34.31,7.39
VOLVE_15_9_F15,3594.27,22.21,91.0,507.3,5.03,11.02,Dolomite,34.36,8.37
VOLVE_15_9_F15,3594.5,24.79,83.0,507.3,3.63,10.87,Dolomite,34.39,7.31
VOLVE_15_9_F15,3594.76,23.5,73.5,533.4,4.43,10.54,Dolomite,34.4,8.01
VOLVE_15_9_F15,3595.31,21.76,84.5,459.3,6.81,10.55,Dolomite,34.43,6.8
VOLVE_15_9_F15,3596.31,25.22,100.0,454.1,4.59,10.54,Dolomite,34.46,7.56
VOLVE_15_9_F15,3596.74,21.35,82.3,461.5,6.56,10.85,Dolomite,34.51,7.98
VOLVE_15_9_F15,3597.35,26.19,75.3,431.4,4.13,11.08,Dolomite,34.53,6.05
VOLVE_15_9_F15,3598.33,26.23,98.4,409.4,6.67,10.75,Dolomite,34.57,9.25
VOLVE_15_9_F15,3599.04,24.68,74.4,437.2,5.62,10.71,Dolomite,34.62,8.05
VOLVE_15_9_F1,3687.29,26.53,107.7,465.2,6.0,10.65,Claystone,35.3,18.38
VOLVE_15_9_F11,3953.07,25.57,72.9,411.2,5.98,10.86,Chalk,33.24,18.22
VOLVE_15_9_F11,2541.19,21.35,83.2,475.4,4.82,10.37,Limestone,2.02,18.18
VOLVE_15_9_F14,2087.87,13.09,87.0,449.4,4.12,10.16,Sandstone,4.44,25.19
VOLVE_15_9_F5,2649.38,16.82,88.3,497.5,4.04,10.47,Limestone,3.31,15.67
VOLVE_15_9_F5,3106.13,20.8,93.9,423.7,3.56,10.44,Sandstone,26.05,17.53
VOLVE_15_9_F11,2966.07,23.62,54.2,427.2,4.37,10.36,Claystone,23.18,19.68
VOLVE_15_9_F5,2419.95,19.53,94.9,424.9,4.46,10.32,Sandstone,31.56,19.28
VOLVE_15_9_F11,3542.56,22.55,89.5,429.3,6.14,10.81,Dolomite,12.27,9.31
VOLVE_15_9_F11,3317.65,24.63,87.3,473.3,6.75,10.78,Limestone,0.91,15.97
VOLVE_15_9_F14,2187.53,11.98,80.9,412.2,5.05,10.27,Sandstone,9.5,21.08
VOLVE_15_9_F5,2389.88,15.99,70.0,489.5,6.22,10.27,Sandstone,29.95,19.1
VOLVE_15_9_F11,2742.24,20.98,72.7,499.5,4.75,10.43,Sandstone,11.69,24.16
VOLVE_15_9_F15,3289.67,15.95,84.2,472.9,4.16,10.62,Dolomite,19.15,6.62
VOLVE_15_9_F5,2928.71,22.87,55.6,465.6,4.52,10.23,Sandstone,17.26,19.73
VOLVE_15_9_F14,2838.13,23.19,91.5,471.5,3.08,10.05,Limestone,2.19,17.36
VOLVE_15_9_F15,2939.59,18.14,110.7,453.0,5.71,10.28,Chalk,1.28,30.45
VOLVE_15_9_F15,2124.22,20.07,88.7,446.2,4.32,10.31,Shale,1.2,23.2
VOLVE_15_9_F1,3059.19,23.34,86.6,431.2,6.41,10.74,Claystone,3.91,26.23
VOLVE_15_9_F15,3598.33,26.23,98.4,409.4,6.67,10.75,Dolomite,34.57,9.25
VOLVE_15_9_F15,2584.21,20.57,59.9,448.8,2.64,10.38,Limestone,24.0,11.51
VOLVE_15_9_F1,2279.93,15.92,91.5,454.4,3.99,10.32,Limestone,4.07,15.6
VOLVE_15_9_F11,3113.04,22.13,75.7,482.8,2.28,10.5,Dolomite,30.36,9.08
VOLVE_15_9_F5,1975.41,18.0,91.5,441.4,4.93,10.36,Claystone,8.96,29.57
VOLVE_15_9_F15,3543.18,23.85,100.6,437.0,5.41,10.64,Dolomite,31.89,8.52
VOLVE_15_9_F11,4134.93,25.71,83.7,510.3,5.88,10.92,Chalk,2.03,27.39
VOLVE_15_9_F11,3522.03,24.77,70.0,442.6,6.6,10.67,Limestone,11.19,14.91
VOLVE_15_9_F11,4162.81,29.38,98.7,451.6,7.37,10.93,Chalk,3.36,28.18
VOLVE_15_9_F5,2423.55,19.21,94.7,497.0,5.58,10.32,Sandstone,31.73,20.19
VOLVE_15_9_F14,2291.7,19.55,90.3,452.0,5.05,10.11,Sandstone,14.99,24.32
VOLVE_15_9_F11,2625.7,19.58,67.6,390.3,4.31,10.43,Sandstone,6.13,22.65
VOLVE_15_9_F5,3079.32,24.71,67.8,454.7,4.91,10.54,Sandstone,24.89,18.7
VOLVE_15_9_F15,2436.82,18.67,90.9,450.7,3.69,10.31,Sandstone,16.56,23.31
VOLVE_15_9_F1,3361.33,21.84,80.3,388.4,2.63,10.68,Limestone,18.84,13.12
VOLVE_15_9_F14,2345.17,18.32,71.9,402.2,4.9,10.15,Sandstone,17.68,21.84
VOLVE_15_9_F1,2597.25,22.93,95.1,481.4,6.11,10.6,Limestone,19.68,14.79
VOLVE_15_9_F11,3115.46,19.97,88.2,502.4,4.85,10.45,Dolomite,30.48,8.05
VOLVE_15_9_F1,2641.06,17.99,79.9,382.6,4.19,10.31,Limestone,22.15,12.12
VOLVE_15_9_F11,2693.32,22.91,91.6,376.3,6.85,10.21,Sandstone,9.32,25.88
VOLVE_15_9_F5,2725.39,19.2,71.3,430.9,6.84,10.65,Limestone,7.02,15.19
VOLVE_15_9_F5,2110.31,18.7,85.2,498.1,5.48,10.36,Claystone,15.71,27.85
VOLVE_15_9_F1,3640.04,22.3,86.8,493.1,7.16,10.72,Claystone,32.91,18.25
VOLVE_15_9_F15,3031.87,18.31,78.1,491.1,5.89,10.6,Chalk,6.09,27.25
VOLVE_15_9_F5,2023.78,18.46,72.7,528.7,7.46,10.34,Claystone,11.51,28.06
VOLVE_15_9_F5,2717.22,23.98,56.6,398.2,6.41,10.33,Limestone,6.59,14.78
VOLVE_15_9_F5,2089.45,19.46,67.1,373.1,3.9,10.12,Claystone,14.75,24.99
VOLVE_15_9_F1,2386.02,17.85,76.9,483.1,6.0,10.22,Limestone,9.36,16.01
VOLVE_15_9_F11,4057.29,26.71,77.2,419.3,6.06,10.79,Chalk,38.2,16.39
VOLVE_15_9_F15,3533.26,23.0,96.6,482.7,7.29,10.69,Dolomite,31.38,8.37
VOLVE_15_9_F14,3360.6,22.57,80.2,464.5,3.88,10.75,Chalk,28.12,21.82
VOLVE_15_9_F14,2694.67,24.42,103.7,383.5,5.6,10.59,Limestone,35.1,12.04
VOLVE_15_9_F14,2498.61,20.38,51.0,445.1,4.47,10.21,Dolomite,24.97,7.31
VOLVE_15_9_F15,3272.58,25.9,64.2,450.5,6.95,10.52,Dolomite,18.27,10.37
VOLVE_15_9_F14,2315.84,19.26,81.1,394.8,3.52,10.31,Sandstone,16.12,22.16
VOLVE_15_9_F11,3126.77,24.47,82.3,504.0,3.36,10.39,Dolomite,30.94,9.59
VOLVE_15_9_F15,3472.58,28.85,74.7,456.3,6.08,10.46,Dolomite,28.61,7.19
VOLVE_15_9_F14,2575.34,16.3,92.7,423.4,5.49,10.17,Limestone,29.08,11.82
VOLVE_15_9_F5,3201.75,22.98,74.8,405.8,5.11,10.58,Sandstone,31.03,16.23
VOLVE_15_9_F11,3533.26,19.53,87.0,517.8,4.24,10.42,Limestone,11.74,12.57
VOLVE_15_9_F11,2679.0,18.78,86.1,428.2,5.31,10.43,Sandstone,8.61,22.72
VOLVE_15_9_F11,3890.7,24.15,73.9,474.8,4.56,10.51,Sandstone,29.98,14.29
VOLVE_15_9_F5,2876.47,26.19,83.2,356.8,2.6,10.47,Sandstone,14.83,23.41
VOLVE_15_9_F15,2722.86,20.1,97.9,488.1,6.14,10.47,Sandstone,30.74,19.27
